source1_entity_id	matched_entity_ids
S1-606480359	S2-108102880
S1-280818643	S2-115528295
S1-512634625	S2-133206567
S1-380060263	S2-232750386
S1-945115789	S2-647194298
S1-680008372	S2-207587644
S1-519482575	S2-558316262
S1-4024559	S2-102696365
S1-348647076	S2-143786511
S1-30139910	S2-175561761
S1-394340130	S2-12242446
S1-304386686	S2-173246472
S1-560224154	S2-191489552
S1-29507374	S2-367219055
S1-552544757	S2-795015372
S1-733293133	S2-290442715
S1-918838609	S2-49916609
S1-162593001	S2-180896135
S1-151277938	S2-355605765
S1-60467532	S2-37649673
S1-692905346	S2-582806586
S1-333779149	S2-277129045
S1-416600394	S2-107273451
S1-393071074	S2-114553211
S1-116975535	S2-491123229
S1-264303836	S2-975376311
S1-112773950	S2-174004564
S1-742355281	S2-173699387
S1-797713949	S2-294119952
S1-804870663	S2-417537082
S1-755395214	S2-31866960
S1-261811696	S2-183018765
S1-282277625	S2-490227947
S1-11472845	S2-117583299
S1-615226029	S2-979814430
S1-633275137	S2-113251171
S1-472216423	S2-131450264
S1-182947044	S2-127877706
S1-548612251	S2-402066306
S1-754519389	S2-240824878
S1-140605392	S2-280040617
S1-525008990	S2-535779027
S1-831523781	S2-213683381
S1-162180347	S2-55596726
S1-192226963	S2-217531596
S1-193707000	S2-138530734
S1-310249535	S2-115909402
S1-612183811	S2-144454801
S1-802288346	S2-105990795
S1-644173694	
S1-939372465	S2-206117137
S1-386923187	S2-167333090
S1-885139388	S2-173089152
S1-543240598	S2-114492417
S1-531674523	S3-374174189
S1-829924536	S2-309207219
S1-149077807	S2-129512307
S1-590727968	S2-122247289
S1-578466884	S2-421143572
S1-490889386	S2-156364865
S1-659663945	S2-237945358
S1-214690150	S2-153359409
S1-947453644	S3-319421502
S1-55655511	S2-144978780
S1-462083314	S2-128421521
S1-893649348	S2-412762122
S1-795769673	S2-151617626
S1-635068579	S2-142556020
S1-634290824	S2-138120598
S1-56378293	S2-114382043
S1-306369175	S2-114509371
S1-718541593	S2-717454982
S1-392054251	S2-411439493
S1-412539915	S2-100916746
S1-623964069	S2-178127325
S1-182016627	S2-113518639
S1-80428717	S2-133104593
S1-620562056	S2-540285805
S1-415136757	S2-16632961
S1-579483892	S2-106935557
S1-818350088	S2-242029137
S1-217508654	S2-102858565
S1-74686397	S2-135704117
S1-231773478	S2-141909861
S1-50780963	S2-122574101
S1-485267784	S2-104306760
S1-24781781	S2-440361719
S1-263299867	S2-127683781
S1-196180696	S2-177177703
S1-83365528	S2-342483372
S1-864302717	S2-106203445
S1-340746308	S2-140694999
S1-421958459	S2-307728355
S1-731003180	S2-453379375
S1-143371188	S2-133058547
S1-797682910	S2-158611538
S1-548375445	S2-221371138
S1-674762593	S2-158698723
S1-239820738	S2-117583299
S1-713896524	S2-798144522
S1-479946365	S2-103634317
S1-73715434	S3-469818823
S1-408128909	S2-140925376
S1-850143790	S2-125143820
S1-837110100	S2-175561761
S1-537389732	S2-130873595
S1-883492372	S2-200035318
S1-527195896	S2-329077990
S1-754465251	S2-195221232
S1-95060771	S2-14639286
S1-302084543	S2-232294644
S1-502213080	S2-2419415
S1-662970042	S2-20821310
S1-940210651	S2-107007007
S1-758918632	S2-469102884
S1-744422539	S2-333793984
S1-8371102	S2-832586822
S1-384548448	S2-367952847
S1-770613160	S2-175795464
S1-311488770	S2-349952473
S1-485935875	S2-114492417
S1-285477440	S2-291035200
S1-481783031	S2-181112885
S1-348482660	S2-390231428
S1-500865813	S2-164083929
S1-197283650	S2-195138622
S1-674836058	S2-104356168
S1-214725026	S2-269562139
S1-459380335	S2-151803194
S1-27574374	S2-220803266
S1-853017850	S2-657517644
S1-898675280	S2-468707228
S1-33153590	S2-120026346
S1-994595671	S2-118697175
S1-803464282	S3-314310213
S1-884840893	S2-126301426
S1-592941578	S2-477317283
S1-241081207	S2-194194941
S1-190260827	S2-389554276
S1-860552646	S2-132849902
S1-858119038	S2-153359409
S1-790213006	S2-10717394
S1-533347878	S2-154995611
S1-70808602	S2-117583299
S1-315244511	S2-155389765
S1-472439904	S2-189355957
S1-617868333	S2-108551486
S1-720741010	S2-319847897
S1-662121215	S2-20821310
S1-111968014	S2-113650278
S1-334268114	S2-583432588
S1-642256690	S2-437675824
S1-309191387	S2-196469389
S1-4167471	S2-238271854
S1-161732081	S2-363496000
S1-520401543	S2-219045638
S1-349071142	S2-220560977
S1-496548092	S3-170468821
S1-708709547	S2-541569307
S1-204205375	S2-421143572
S1-41025816	S2-210031642
S1-126754995	S2-132912353
S1-700946811	S2-136324038
S1-446818448	S2-11649584
S1-149198004	S2-95859395
S1-471328833	S2-143192546
S1-211126265	S2-327548890
S1-655091107	S2-518529047
S1-903741903	S2-263762787
S1-663307536	S2-365634419
S1-211544748	S2-108359188
S1-514117187	S2-443998244
S1-990468890	S2-762727806
S1-72194437	S2-214829228
S1-983709987	S2-603632126
S1-74341013	S2-111259348
S1-551271089	S2-208255643
S1-276277863	S2-11649584
S1-671272664	S2-136417840
S1-847630685	S2-102978598
S1-591250131	S2-313920408
S1-457909815	S2-452132822
S1-889594342	S2-149682702
S1-231107155	S2-11779319
S1-208051104	S2-949465718
S1-779986902	S2-107018805
S1-598681375	S2-185820605
S1-471758076	S2-369627783
S1-702385411	S2-620183557
S1-240159942	S2-407602256
S1-40048815	S2-106365511
S1-271672401	S2-462413860
S1-527948766	S2-13737078
S1-652167666	S2-241782821
S1-214750030	S2-183307221
S1-138675208	S2-206782156
S1-798468080	S2-201431729
S1-852122952	S2-170285770
S1-283724464	S2-122704981
S1-823547488	S2-26654762
S1-847407174	S2-27357518
S1-699093900	S2-292932387
S1-906603533	S2-72783539
S1-776197135	S2-127683781
S1-673232725	S2-117663825
S1-261145264	S2-855779497
S1-822855805	S2-201942370
S1-680470516	S2-166356033
S1-644439477	S2-810403239
S1-862861530	S2-137981508
S1-366310100	S2-964585904
S1-985774903	S2-115430182
S1-269759643	S2-19317738
S1-607052935	S2-164450094
S1-767467611	S2-110363016
S1-172125464	S2-439983333
S1-567916948	S2-124067704
S1-824458785	S2-229564364
S1-109288726	S2-240528538
S1-585977480	S2-180359297
S1-804786219	S2-159584599
S1-655348267	S3-176018102
S1-685365609	S2-382464685
S1-526909052	S2-119683936
S1-270354908	S2-272107861
S1-69080693	S2-130873595
S1-410169517	S2-124303667
S1-892776194	S2-635646043
S1-339153880	S2-170505588
S1-794112030	S2-204656889
S1-779163085	S2-183060616
S1-438824276	S2-16889326
S1-946930451	S2-255573753
S1-381107299	S2-104356168
S1-213772569	S2-201829232
S1-613792850	S2-108123292
S1-848345709	S2-450076895
S1-323013076	S2-708049832
S1-704372240	S2-216278563
S1-600872526	
S1-666788670	S2-122654743
S1-89273636	S3-331138870
S1-588771974	S2-405571163
S1-713535696	S2-125725108
S1-28378224	S2-701487239
S1-24398494	S2-307114178
S1-960794240	S2-210658728
S1-218138422	S2-3816578
S1-239396144	S3-420000790
S1-345835682	S2-498319107
S1-988639159	S2-417160362
S1-728221615	S2-298403060
S1-961779514	S2-133896495
S1-729494242	S2-125821999
S1-792836450	S2-796044551
S1-803353895	S2-598228233
S1-314458000	S2-57744846
S1-60271144	S2-108355285
S1-785844575	S2-143192546
S1-957923058	S2-233979818
S1-113947873	S2-322992571
S1-265409117	S2-178899560
S1-743621589	S2-414431871
S1-471588561	S2-534311229
S1-761215251	S2-102858565
S1-269165987	S2-140694999
S1-818481307	S2-313566598
S1-51203100	S2-107018805
S1-570351455	S2-122000047
S1-189736308	S2-119198255
S1-756893687	S2-211082490
S1-33014668	S2-210294184
S1-117154890	S2-110209548
S1-499598702	S2-113650278
S1-178688340	S2-270582709
S1-52751612	S2-735605832
S1-642452340	S2-406737473
S1-540057546	S2-890593214
S1-321728797	S2-213300231
S1-942477411	S2-155051074
S1-53665388	S2-305659951
S1-333763120	S2-227339068
S1-692250792	S2-338810442
S1-476801035	S2-110970747
S1-44393503	S2-211688974
S1-107246032	S2-427033721
S1-761252137	S2-123718395
S1-47434022	S2-111570621
S1-374962779	S2-18254105
S1-668405326	S2-280995036
S1-118789350	S2-22436301
S1-646478501	S2-144978780
S1-411394429	S2-363275319
S1-81955509	S2-95036601
S1-487807535	S2-127691185
S1-848347623	S2-450137913
S1-122147146	S2-351883177
S1-389201495	S2-366729855
S1-804564464	S2-320873079
S1-103368558	S2-132607752
S1-937132831	S2-217244962
S1-341617792	S3-494487766
S1-527066888	S2-31383853
S1-483659991	S2-599453249
S1-467854972	S2-592998290
S1-151232377	S2-100916746
S1-530155768	S2-225703870
S1-401202103	S2-112001303
S1-228916395	S2-253108313
S1-525198723	S2-112030517
S1-667435135	S2-114764951
S1-959085159	S2-152218110
S1-553463519	S2-151799689
S1-737340831	S2-189148851
S1-751462507	S2-559437391
S1-58523646	S2-827727887
S1-844448893	S2-210294184
S1-454210764	S2-132479620
S1-172500726	S2-263770679
S1-537049609	S2-131166817
S1-450758068	S2-105391429
S1-593687140	S2-288863305
S1-754906428	S2-158611538
S1-775328592	S2-804036595
S1-680868661	S2-256812510
S1-558101495	S2-275103890
S1-691433144	S2-516282598
S1-268730590	S2-101790119
S1-528813635	S2-205813606
S1-899751180	S2-100916746
S1-295310151	S2-104356168
S1-198655141	S2-197498308
S1-410404496	S2-57108192
S1-159664575	S3-431680486
S1-970052924	S2-119461241
S1-516145548	S2-182498316
S1-621283247	S2-628025461
S1-954721617	S2-117572662
S1-384596708	S2-39817857
S1-843128279	S2-110798806
S1-511620911	S2-105972355
S1-74554030	S2-126797676
S1-977711004	S2-192224352
S1-859052186	S2-206251134
S1-195464590	S2-175562680
S1-585147634	S2-148942859
S1-25998488	S2-107018805
S1-425890229	S2-105063698
S1-689670308	S2-104356168
S1-313670346	S2-210899490
S1-377587611	S2-625378899
S1-675953087	S2-591031147
S1-732199372	S2-113357164
S1-96225185	S2-224659218
S1-761437804	S2-357313500
S1-770911942	S2-231307087
S1-355246517	S2-341223421
S1-343463802	S2-223925160
S1-243614861	S2-154995241
S1-83783613	S2-158437214
S1-658827208	S2-226231135
S1-745303678	S2-152444323
S1-578175681	S2-134270292
S1-836343331	S2-119780292
S1-214964636	S2-191134990
S1-913231851	S2-244880126
S1-405976499	S3-231783029
S1-914340252	S2-367749961
S1-825784814	S2-320873079
S1-114485813	S2-453319315
S1-508749428	S2-378583587
S1-329390184	S3-705682317
S1-518704693	S2-133104593
S1-58343556	S2-750514838
S1-690771962	S2-109457220
S1-222681632	S2-143192546
S1-336949785	S2-33447592
S1-312287309	S2-133764809
S1-327289172	S2-168267675
S1-310870292	S2-231244309
S1-946790143	S2-107451990
S1-725515985	S2-331978100
S1-699024031	S2-16632961
S1-608654809	S2-377589256
S1-746983781	S2-684965999
S1-927601792	S2-16269489
S1-156872170	S2-667366035
S1-276094177	S2-186424024
S1-788702450	S2-53248645
S1-367370972	S2-591301945
S1-863555098	S2-211817483
S1-340656279	S2-115430182
S1-371364589	S2-336677868
S1-762703301	S2-115909402
S1-169202112	S2-180062407
S1-134809406	S2-706648510
S1-717013176	S2-220310492
S1-555390467	S2-173052979
S1-256261194	S2-107476517
S1-503758045	S2-650686351
S1-129117961	S2-306632562
S1-557652176	S3-281454064
S1-762636390	S2-144454801
S1-879753945	S2-148032374
S1-648512334	S2-108481160
S1-850344186	S2-135704117
S1-998640820	S2-14409920
S1-661485571	S2-130207287
S1-776209325	S2-439983333
S1-547749706	S2-644056132
S1-310842393	S2-132899138
S1-482496963	S2-146623589
S1-901544856	S2-201942370
S1-201401730	S2-279971870
S1-374702801	S2-184661309
S1-291282029	S2-377518773
S1-823328928	S2-124355274
S1-786774077	S2-129468287
S1-574428764	S2-327685637
S1-439645602	S2-196469389
S1-332861765	S2-364066454
S1-721301793	S2-270892927
S1-627264200	S2-117583299
S1-287624814	S2-154293201
S1-953955429	S2-522031880
S1-947153896	S2-212559390
S1-316297976	S2-131699506
S1-205794077	S2-268262795
S1-252363531	S2-104996780
S1-193044836	S2-170996728
S1-799338482	S2-151349957
S1-356858258	S2-194812790
S1-248117391	S2-188346406
S1-339307591	S2-186466376
S1-691010986	S2-207892993
S1-654819917	S2-101975093
S1-335292477	S2-103858682
S1-802133856	S2-104356168
S1-249140304	S2-35766959
S1-951946273	S2-151627984
S1-86049995	S2-325712482
S1-60091740	S2-228424518
S1-575493781	S2-279272697
S1-388407252	S2-280485352
S1-698602418	S2-490085739
S1-240684827	S2-199665129
S1-937734942	S2-557773656
S1-525541149	S2-241694062
S1-316783750	S2-351423404
S1-902039302	S2-143192546
S1-882329370	S2-277861868
S1-396629862	S2-554785986
S1-821930412	S2-221146707
S1-530111213	S2-107369745
S1-640530629	S2-256812510
S1-720067311	S2-203148770
S1-85358532	S2-505344076
S1-17918278	S2-314231074
S1-378263316	S2-143014682
S1-89117389	S2-291035200
S1-553901716	S2-175572036
S1-467632608	S2-137988683
S1-847603207	S2-441403966
S1-576905166	S2-185633465
S1-192893644	S2-133980290
S1-213901493	S2-214670872
S1-822492050	S2-195748220
S1-513574991	S2-198522877
S1-343970997	S2-12765191
S1-487608886	S2-14135433
S1-493766844	S2-117893898
S1-10823680	S2-105972355
S1-831760765	S2-238911192
S1-520666254	S2-627858867
S1-771813018	S2-105270266
S1-781562409	S2-208686065
S1-240083260	S2-276824564
S1-774475770	S2-127048112
S1-707030299	S2-111710980
S1-789047127	S2-865865572
S1-268847058	S2-261168826
S1-143397137	S2-149603547
S1-883946804	S2-616516833
S1-134638877	S2-180699023
S1-778108499	S2-430732912
S1-29406126	S2-163891128
S1-119267333	S2-307966042
S1-636632140	S2-119252939
S1-130678810	S2-135768742
S1-553129870	S2-402716830
S1-218859026	S2-148846006
S1-987336764	S2-144978780
S1-698469952	S2-339537251
S1-794379014	S2-116884045
S1-703690520	S2-15119690
S1-890704027	S2-104652071
S1-508987379	S2-260593296
S1-280659846	S2-226181770
S1-720483189	S2-123430600
S1-582357451	S2-129512307
S1-688653242	S2-267074756
S1-191699190	S2-347221026
S1-511224041	S2-224974645
S1-851270956	S2-176546486
S1-929625233	S2-104356168
S1-549476404	S2-103080673
S1-499684797	S2-147862376
S1-23832020	S2-736945181
S1-840841648	S2-370248508
S1-39548589	S2-151803194
S1-635192907	S2-326578940
S1-898511498	S2-435211124
S1-419364566	S2-121763153
S1-663474106	S2-151517057
S1-404194169	S2-194812790
S1-717104761	S2-551387582
S1-613719717	S2-86030491
S1-573663041	S2-188626847
S1-112512763	S2-225153978
S1-258432866	S2-171650228
S1-267531941	S2-138111200
S1-870900205	S2-291869437
S1-142629168	S2-211082490
S1-958348798	S2-140001073
S1-937973026	S2-116516518
S1-151865172	S2-102114392
S1-920645000	S2-117072906
S1-407171355	S2-282978261
S1-278875734	S2-855411421
S1-830244187	S2-140694999
S1-307845683	S2-116361955
S1-952535390	S2-175628617
S1-175378758	S2-120026346
S1-531866426	S2-357902916
S1-584712736	S2-302510576
S1-445816333	S2-152670177
S1-458046480	S2-242527895
S1-91504252	S2-185455622
S1-687773428	S2-108551486
S1-877376773	S2-29766832
S1-442323949	S2-294334973
S1-670051256	S2-102858565
S1-449408340	S2-116356521
S1-477572042	S2-498731072
S1-577103710	S2-120625390
S1-399679407	S2-176479551
S1-250829900	S2-215457909
S1-714093910	S2-117583299
S1-738409347	S3-242817528
S1-318197738	S2-735186930
S1-960615742	S2-717421413
S1-796937728	S2-101052189
S1-899706278	S2-115909402
S1-793526462	S2-109620721
S1-929490138	S2-188965366
S1-963783351	S2-135555066
S1-856055997	S2-69064563
S1-749404883	S2-149682702
S1-348872262	S2-124355274
S1-70637754	S3-211266640
S1-996757797	S2-621537834
S1-867342605	S2-294739759
S1-588116362	S2-103843026
S1-146398249	S2-244552582
S1-933598970	S2-177177703
S1-540335899	S2-138530734
S1-865712633	S2-151049
S1-497390494	S2-692688590
S1-108126041	S3-343957779
S1-485808123	S2-204534879
S1-103139047	S2-146071968
S1-67012852	S2-630296616
S1-441237210	S2-172992367
S1-889422433	S2-751104619
S1-253117448	S2-165527838
S1-895641232	S2-402565984
S1-218825920	S2-368823935
S1-836983668	S2-276858828
S1-747227006	S2-257838975
S1-390381656	S2-104628524
S1-83278602	S3-10740085
S1-595701652	S2-400519868
S1-930306127	S2-292145449
S1-245636749	S2-111259348
S1-485652477	S2-113357164
S1-914123073	S2-264888641
S1-680115739	S2-117572662
S1-543330483	S2-551469951
S1-665967992	S2-195011806
S1-483783871	S2-100405502
S1-963120061	S2-156973997
S1-799659819	S2-189627887
S1-885354995	S2-314478509
S1-272788047	S2-304616226
S1-188804926	S2-381927751
S1-498659182	S2-455526197
S1-427119187	S2-511688643
S1-682809829	S3-510540562
S1-756163326	S2-288243726
S1-306668975	S2-175561761
S1-373212072	S2-60813604
S1-902363865	S2-108055446
S1-994258638	S2-141246335
S1-676345756	S2-128761908
S1-114646531	S2-113518639
S1-616342080	S2-313056581
S1-772997598	S2-1056557
S1-931812989	S2-656725318
S1-952836136	S2-516738638
S1-441093166	S2-381571822
S1-289171298	S2-144978780
S1-16669291	S2-193141644
S1-408267886	S2-287923912
S1-380363437	S2-136264796
S1-507427539	S2-150882415
S1-301478895	S2-658505943
S1-209145917	S2-164450094
S1-55731659	S2-108398734
S1-554363693	S2-940797931
S1-855564214	S2-10050603
S1-312999811	S2-102858565
S1-171234153	S2-255781518
S1-708235373	S2-136217329
S1-492206351	S2-128534969
S1-524304580	S2-12315624
S1-627735221	S2-250512531
S1-501788015	S2-30253872
S1-560206546	S2-16246167
S1-768025445	S2-535561924
S1-340624309	S2-626330344
S1-656303388	S2-18063275
S1-109111213	S2-170861418
S1-148497145	S2-21667080
S1-932257186	S2-512912378
S1-787287750	S2-181694348
S1-476286245	S2-276795937
S1-545826295	S2-588989787
S1-900733494	S2-541297104
S1-983829105	S2-456171644
S1-864768952	S2-12364648
S1-425863422	S2-238597096
S1-256074536	S2-579654255
S1-80526934	S2-211688974
S1-325692868	S2-124089831
S1-682122086	S2-103579619
S1-188980752	S2-774964883
S1-156055753	S2-111822324
S1-687705494	S2-146001879
S1-607538262	S2-621619023
S1-863564545	S2-888140050
S1-241760805	S2-154780021
S1-182617425	S2-154546132
S1-583323178	S2-24614120
S1-383865829	S2-122665965
S1-574858013	S2-112684864
S1-431598437	S2-144100974
S1-739589833	S2-865191704
S1-518063805	S2-156801402
S1-694609288	S2-591872532
S1-236843018	S2-3745523
S1-427599160	S2-867716153
S1-396507258	S2-273276500
S1-577168084	S2-748074390
S1-638860741	S2-109102329
S1-923472377	S3-287338977
S1-886586484	S3-561578590
S1-171843690	S2-190929856
S1-306588216	S2-16522897
S1-294704799	S2-421755966
S1-804458051	S2-678845599
S1-875018154	S2-105972355
S1-144021300	S2-333638602
S1-723510622	S2-183483978
S1-976493247	S3-528471303
S1-162192746	S2-152222870
S1-388815402	S2-30834353
S1-526947765	S2-103858682
S1-537552661	S2-882037878
S1-920672844	S2-109926857
S1-787501880	S2-18161211
S1-652848337	S2-807599284
S1-281044560	S2-246406002
S1-353588629	S2-123354342
S1-692211620	S2-221154905
S1-432984139	S2-455241972
S1-921151509	S2-368687752
S1-831604613	S2-106016480
S1-444144845	S2-932854937
S1-666635292	S2-979227147
S1-173151798	S2-309309878
S1-359676167	S2-841095501
S1-647771455	S2-843398294
S1-265806021	S2-462724591
S1-479953994	S2-106612714
S1-265766131	S2-700124705
S1-540248225	S2-414297624
S1-164069769	S2-206117137
S1-366920551	S2-254274653
S1-44047574	S2-288729283
S1-484916886	S2-14375922
S1-850390736	S2-836388925
S1-608243417	S2-159249167
S1-79948518	S2-192062049
S1-642963631	S2-1056557
S1-46468324	S2-132479620
S1-331259700	S2-192431632
S1-435238048	S2-29196169
S1-748031974	S2-26773971
S1-646403784	S3-218120613
S1-921464872	S2-113650278
S1-811189233	S2-213424582
S1-91161743	S2-345570462
S1-129170234	S2-246406002
S1-934018862	S2-199680524
S1-541811342	S2-129416740
S1-312122614	S2-112282297
S1-774848541	S2-197269906
S1-543145234	S2-289775188
S1-702111297	S2-159494819
S1-424672874	S2-427533793
S1-122478572	S2-400192856
S1-272435300	S2-204527214
S1-31350967	S2-113650278
S1-446851301	S2-623421219
S1-773412766	S2-354762308
S1-621142103	S2-311231037
S1-449602338	S2-997780133
S1-113477450	S2-116516518
S1-847799629	S2-109457220
S1-616466113	S2-154463090
S1-907657051	S2-126567648
S1-384365900	S2-311231037
S1-911602225	S2-132479620
S1-112454386	S2-24536214
S1-805161134	S2-105622566
S1-341840012	S2-112282297
S1-171711514	S2-597463444
S1-329774511	S2-344171119
S1-757226664	S2-235755636
S1-206904170	S2-149418227
S1-324359239	S2-586815181
S1-518272019	S2-206117137
S1-323580136	S2-110363016
S1-774639565	S2-221926707
S1-83643470	S2-206667990
S1-55005474	S2-200762514
S1-267184990	S2-113650278
S1-380743266	S2-679324126
S1-79332677	S2-556873411
S1-20051175	S2-101777805
S1-670501562	S2-392926941
S1-431394523	S2-193027064
S1-303284714	S2-104652071
S1-327990523	S2-293583455
S1-183180605	S2-116788517
S1-552145941	S2-103579619
S1-98679701	S2-105972355
S1-102416671	S2-231780501
S1-862898267	S2-195641115
S1-985857110	S2-550471180
S1-271930735	S2-310044746
S1-309941954	S2-144100974
S1-185241999	S2-280293451
S1-164630971	S2-165527838
S1-37595721	S2-160876944
S1-319482279	S2-765423284
S1-94743021	S2-597463444
S1-673072575	S2-151486052
S1-190540254	S2-116905971
S1-565052646	S2-471839260
S1-531688033	S2-102188281
S1-8767124	S2-198522877
S1-232649412	S2-195748220
S1-241103356	S2-208410635
S1-784327096	S2-347601991
S1-944835871	S2-139430882
S1-102794122	S2-341078495
S1-348389341	S2-125388824
S1-892225394	S2-30253872
S1-564910443	S2-985500483
S1-117238618	S2-167069486
S1-504430187	S2-293262139
S1-331173107	S2-122052108
S1-896711535	S2-128721218
S1-484953186	S2-368013957
S1-504400717	S2-140667086
S1-919990895	S2-212990110
S1-156968554	S2-211011797
S1-363340711	S2-31814982
S1-119596465	S2-5762196
S1-420709278	S2-211478785
S1-763070704	S2-326946472
S1-308589506	S2-50777649
S1-808590468	S2-101052189
S1-634842371	S2-589150633
S1-720669439	S2-118852991
S1-187322819	S2-167266542
S1-489328214	S2-666447185
S1-987031903	S2-50584885
S1-612472065	S2-533967319
S1-757970505	S2-957150422
S1-910556226	S2-55420283
S1-598178757	S2-17176513
S1-860510577	S2-191112631
S1-162050200	S2-217163356
S1-694317315	S2-213310115
S1-731485319	S2-265902963
S1-340891231	S2-222174310
S1-49936219	S2-45770689
S1-722292050	S2-490123078
S1-421623632	S2-188626847
S1-97537740	S2-791217647
S1-516804627	S2-163356313
S1-912809570	S2-102114392
S1-391198299	S2-961198317
S1-692780209	S2-104408437
S1-957196421	S2-165254241
S1-938999067	S2-545730106
S1-905678947	S2-448468182
S1-642455821	S2-163077456
S1-70086687	S2-229164107
S1-273200435	S2-283227736
S1-168328407	S2-230576517
S1-646675504	S2-297150255
S1-986560760	S2-108102880
S1-704098244	S2-219054647
S1-186026957	S2-26249435
S1-296890843	S2-309797511
S1-584830761	S2-269544586
S1-571694	S2-126301426
S1-105569566	S2-156585974
S1-647625671	S2-211848997
S1-44038682	S2-119411789
S1-936615132	S2-361240776
S1-976695480	S2-404151832
S1-777279986	S2-114492417
S1-252800084	S2-651470703
S1-483784505	S2-32958569
S1-920063943	S2-27160641
S1-161191848	S2-105063698
S1-12484999	S2-242474170
S1-672573399	S2-150266252
S1-716099254	S2-144100974
S1-141369098	S2-125820797
S1-329270250	S2-137670900
S1-71862657	S2-448200441
S1-438050128	S2-533437687
S1-751467683	S2-170176382
S1-753322276	S2-598990890
S1-249434961	S2-755805786
S1-843768469	S2-273276500
S1-320439243	S2-23600506
S1-323784416	S2-207892993
S1-460281383	S2-441832401
S1-388835800	S2-277724584
S1-260430234	S2-186441316
S1-377922707	S2-323693847
S1-305987984	S2-365822846
S1-809722337	S2-766654699
S1-474277035	S2-280909497
S1-78962865	S2-305472730
S1-644777020	S2-15380070
S1-409262027	S3-315734162
S1-497838930	S2-210294184
S1-143147522	S2-348515871
S1-237743110	S2-105170780
S1-648549266	S2-632019778
S1-716389647	S2-170526924
S1-726093564	S2-966084346
S1-520822853	S2-193775005
S1-557108185	S2-923978340
S1-434592000	S2-204213208
S1-422062756	S2-12004934
S1-774034228	S2-114764951
S1-503423898	S2-110085448
S1-163296009	S2-101052189
S1-267793700	S2-269153728
S1-141789219	S2-186441316
S1-366178010	S2-550567409
S1-116861667	S2-215117286
S1-604681581	S2-267035721
S1-175822536	S2-18265113
S1-397625895	S2-178899560
S1-436967030	S2-177863520
S1-529697239	S2-607765765
S1-218098902	S2-175561761
S1-28880531	S2-23003302
S1-315340549	S2-151617626
S1-326522181	S2-11779319
S1-639224289	S2-156767973
S1-689268840	S2-499842796
S1-352409481	S2-135704117
S1-744166339	S2-926939218
S1-230173972	S2-197599313
S1-987380411	S2-261791713
S1-653367757	S2-71349446
S1-253149874	S3-424968396
S1-207289934	S2-694268189
S1-594152956	S2-682274973
S1-453278616	S2-127194924
S1-827392177	S2-655545523
S1-579400247	S2-758935959
S1-437736774	S2-125853815
S1-924943772	S2-150397090
S1-881866648	S3-52313275
S1-774139253	S2-224156400
S1-755940109	S2-153434545
S1-956979480	S2-933452109
S1-382278600	S2-150016251
S1-101489848	S2-237163420
S1-859073271	S2-170708259
S1-181512480	S2-509204682
S1-237844044	S2-365304053
S1-632611658	S2-419553856
S1-131281607	S2-160344279
S1-71712577	S2-410837406
S1-424003049	S2-100089535
S1-902483610	S2-464948269
S1-506891827	S2-317087960
S1-780999809	S2-38315540
S1-184779127	S2-102518869
S1-387162193	S2-358443381
S1-713106049	S2-18254105
S1-975607959	S2-321539331
S1-945170568	S2-47643023
S1-993368361	S2-25114193
S1-847164192	S2-134511490
S1-873506742	S2-609900706
S1-360626466	S2-298871667
S1-217128301	S2-154780021
S1-44588679	S2-284346512
S1-367022824	S2-190843713
S1-460692141	S2-113650278
S1-520848382	S2-167129496
S1-402486949	S2-18454863
S1-252951568	S2-159095254
S1-586890769	S2-671971963
S1-38372026	S2-493856664
S1-756695349	S2-509982372
S1-204221814	S2-728951304
S1-839892280	S3-191191530
S1-235415280	S2-285274807
S1-258323017	S2-144100974
S1-665159097	S2-123362002
S1-732948731	S2-202759636
S1-232537122	S2-409160151
S1-717675106	S2-544838314
S1-450554625	S2-8544539
S1-10900199	S2-55440888
S1-84773365	S2-148870882
S1-88191335	S2-106849827
S1-409392270	S2-119683936
S1-768173513	S2-123818329
S1-935947682	S2-10050603
S1-456596185	S2-409238521
S1-616769069	S2-330384776
S1-480871515	S2-161848350
S1-798825457	S2-115909402
S1-654560706	S2-435291545
S1-70076136	S2-169375637
S1-781055645	S2-146623589
S1-863678134	S2-154481844
S1-342291202	S2-23003302
S1-678991544	S2-324583027
S1-885382343	S2-17697621
S1-973156768	S2-265715720
S1-308782883	S2-93437618
S1-150796475	S2-452132822
S1-964906286	S2-144978780
S1-640722578	S2-165445503
S1-809786060	S2-101348060
S1-527297885	S3-416199843
S1-279268274	S2-892002371
S1-807597917	S2-105622566
S1-665117697	S2-23003302
S1-889467741	S2-126014498
S1-847461809	S2-152670177
S1-794455332	S2-109385680
S1-764148568	S2-197498308
S1-885742563	S2-325594310
S1-236139468	S2-169987835
S1-828588963	S2-760900008
S1-279976885	S2-140294187
S1-591780819	S2-23436754
S1-50924680	S2-185413104
S1-645290771	S2-373300803
S1-368821567	S2-23003302
S1-942997271	S2-290466572
S1-895635031	S2-120698932
S1-138401738	S2-117583299
S1-412360360	S2-417977703
S1-420157132	S2-526616540
S1-412661718	S2-635923354
S1-681410014	S2-105391429
S1-179181108	S2-2832806
S1-98868481	S2-127048112
S1-223808544	S2-160651512
S1-327769343	S2-237610558
S1-102351702	S2-562430738
S1-128521039	S2-344528396
S1-202957688	S2-408413464
S1-982984882	S3-201863009
S1-435308180	S2-226635206
S1-449486782	S2-264853012
S1-749333576	S2-302856095
S1-927950371	S2-132055670
S1-132749398	S2-105863171
S1-63695066	S2-696957134
S1-640951558	S2-220183640
S1-845536434	S2-621949528
S1-655533988	S2-301638485
S1-318653382	S2-18122572
S1-195329927	S2-164521993
S1-50905021	S2-159249167
S1-97883057	S2-559437391
S1-427295694	S2-18161211
S1-952414178	S2-14639286
S1-413114026	S2-125512879
S1-749466557	S2-128522785
S1-630301371	S2-111800241
S1-320197362	S2-216278563
S1-765200445	S2-50584885
S1-699362279	S2-106612714
S1-235372658	S2-390961392
S1-616508563	S2-338495112
S1-795244202	S2-11483371
S1-449531128	S2-169375637
S1-100232853	S2-175092710
S1-350328529	S2-443625648
S1-270277880	S2-604566060
S1-767149851	S2-294119952
S1-152725638	S2-231307087
S1-746117209	S2-386767125
S1-826394831	S2-422871652
S1-382896551	S2-110181471
S1-679039591	S2-219852669
S1-381232492	S2-217945344
S1-797606798	S2-705170705
S1-575612938	S2-503883282
S1-979982988	S2-29161705
S1-964538131	S2-263762787
S1-819220142	S2-133268219
S1-292524195	S2-151517057
S1-366623267	S2-106832566
S1-945190176	S2-133058547
S1-944969389	S2-103896655
S1-620564809	S2-820572484
S1-648290168	S2-16465643
S1-809842314	S2-102858565
S1-878279699	S2-101194469
S1-524792629	S2-655224261
S1-432518754	S2-538234142
S1-695236318	S2-100748055
S1-847232596	S2-152444323
S1-720853162	S2-31814982
S1-737944566	S2-300326778
S1-129407640	S2-108631381
S1-886649303	S2-243463157
S1-562870825	S2-193027064
S1-540183225	S2-301777281
S1-215386953	S2-659379950
S1-857589276	S2-131240862
S1-637376137	S2-312328991
S1-179389098	S2-45101551
S1-51143350	S2-105622566
S1-594604839	S2-110998405
S1-992929360	S2-344398396
S1-412309680	S2-123354342
S1-658341464	S2-15646786
S1-241851895	S2-175380583
S1-870378181	S2-265930772
S1-395061818	S2-109331436
S1-265759176	S2-187430087
S1-566455188	S2-147852121
S1-484035868	S2-105002622
S1-326026054	S2-235755636
S1-749092595	S2-233853230
S1-663141861	S2-129468287
S1-143399039	S2-231103800
S1-576632556	S2-296042840
S1-391888975	S2-125808544
S1-231734368	S2-16889326
S1-165795821	S2-100494332
S1-587134584	S2-41606567
S1-741314025	S2-201287733
S1-158168889	S2-45247195
S1-360296823	S2-163077456
S1-347678647	S2-134232072
S1-436097843	S2-478810034
S1-697608269	S2-114492417
S1-286108864	S2-231244309
S1-84691449	S2-100481130
S1-841044905	S2-418703930
S1-154554330	S2-148734095
S1-673052202	S3-761643286
S1-294198850	S2-115430182
S1-247909095	S2-253521336
S1-99527051	S2-136408326
S1-438296852	S2-126966184
S1-412784020	S2-248247377
S1-285069454	S2-164083929
S1-351027383	S2-10929835
S1-226821238	S2-120026346
S1-441597742	S2-151627984
S1-95799696	S2-123344806
S1-585797212	S2-105063698
S1-463661362	S2-126847771
S1-466871772	S3-712464575
S1-935712403	S2-320358447
S1-989034208	S2-543365274
S1-574117836	S2-182129565
S1-514122953	S2-755815307
S1-724588464	S2-32958569
S1-304128504	S2-243530734
S1-611676415	S2-142166937
S1-218392965	S2-428162477
S1-457617334	S2-100072987
S1-273813637	S2-165353330
S1-285500850	S2-160758405
S1-431727610	S2-166867192
S1-329336272	S2-237207188
S1-42128902	S2-135768742
S1-219899489	S2-228463978
S1-447646523	S2-143192546
S1-908366238	S2-377589256
S1-485955432	S2-101593535
S1-601352217	S2-225232745
S1-278318967	S2-120906972
S1-435052769	S2-105170780
S1-241878918	S2-102081269
S1-390397043	S2-10711015
S1-598186038	S2-150397090
S1-666039375	S2-111903177
S1-459433544	S2-211848997
S1-333182257	S2-25602289
S1-701113662	S3-172435774
S1-334809141	S2-204980745
S1-893070467	S2-822039419
S1-586219709	S2-264247694
S1-350384999	S2-132055670
S1-987870292	S2-16246167
S1-724666975	S2-114492417
S1-341768283	S2-424084960
S1-388452691	S2-131236029
S1-575401754	S2-203148770
S1-840085810	S2-609842215
S1-400056842	S2-2029058
S1-881870935	S2-519154940
S1-820247282	S2-151627984
S1-25071801	S2-144100974
S1-633678444	S2-143049725
S1-717141535	S2-468540788
S1-5547940	S2-333812570
S1-512268914	S2-135704117
S1-754360125	S2-392196794
S1-426320818	S2-245224928
S1-914379688	S2-219304098
S1-271323039	S2-108551486
S1-408348932	S2-25114193
S1-118756651	S2-103743352
S1-328201629	S2-250700601
S1-280086809	S2-114764951
S1-279072967	S2-390944637
S1-64655235	S2-642919246
S1-761842895	
S1-400335406	S2-105162421
S1-814239373	S2-101460561
S1-585913990	S2-316037624
S1-807242744	S2-150016251
S1-634429546	S2-180034589
S1-38148888	S2-616289741
S1-865253226	S2-100882084
S1-97187464	S2-222760433
S1-464212537	S2-217141651
S1-325800127	S2-153082143
S1-745082969	S2-623078844
S1-970895134	S2-211799985
S1-57566664	S2-159589784
S1-286289134	S3-656195893
S1-918027298	S2-352318491
S1-981353763	S2-160731758
S1-553219012	S2-292650127
S1-161570766	S2-674760997
S1-498225770	S2-126436113
S1-568663126	S2-1133675
S1-962936319	S2-333793984
S1-800879064	S2-1056557
S1-977506901	S2-113650278
S1-142468424	S2-251699235
S1-349086604	S2-330192942
S1-465085326	S2-731241903
S1-780670423	S2-168927080
S1-761158782	S2-201287733
S1-245952202	S3-167891987
S1-399430940	S2-435202421
S1-207818474	S2-270388622
S1-654284223	S2-282511615
S1-606265557	S2-115464701
S1-392019050	S2-288243765
S1-301670622	S2-271318858
S1-387328826	S2-242029137
S1-463785182	S2-104356168
S1-497242422	S2-159584599
S1-785129717	S2-1133675
S1-767821289	S2-15432787
S1-85747984	S3-177739178
S1-26478050	S2-183735443
S1-63819311	S2-169108696
S1-347024735	S2-356111724
S1-271559458	S2-159494819
S1-365121990	S2-153105296
S1-75662436	S2-28978245
S1-557594172	S2-136583345
S1-503972482	S2-237551857
S1-633455226	S2-109659492
S1-768340482	S2-131678669
S1-116462797	S2-364947089
S1-755054174	S2-134769047
S1-838598431	S2-165158930
S1-15736757	S2-515023134
S1-702179180	S2-31866960
S1-59753932	S2-167069486
S1-583636538	S2-291561214
S1-840801826	S2-104356168
S1-310252138	S3-125679745
S1-618728145	S2-33447592
S1-323417543	S2-10278030
S1-131326850	S2-778356430
S1-911474372	S2-121071048
S1-153446626	S3-195313077
S1-95641363	S2-35138550
S1-898054877	S2-194793784
S1-254790864	S2-133765209
S1-170723026	S2-194537869
S1-510354346	S2-104356168
S1-133321529	S2-108102880
S1-967029278	S2-413978202
S1-656611209	S2-924047757
S1-27944282	S2-156630890
S1-479448317	S2-111898260
S1-5086420	S2-52697676
S1-708628284	S2-226834571
S1-962591456	S2-296389879
S1-498829905	S2-107167951
S1-416222464	S2-333608203
S1-589481618	S2-154995241
S1-730652852	S2-149682702
S1-393170200	S2-137981508
S1-294537786	S3-188744744
S1-395476193	S2-191271048
S1-232636475	S2-110209548
S1-186347944	S2-384534184
S1-772684691	S2-108123292
S1-235407512	S2-266872003
S1-902027408	S2-96382338
S1-55627818	S2-181990398
S1-938293766	S2-106832566
S1-19101747	S2-122495776
S1-622654380	S2-17560452
S1-852106091	S2-210964816
S1-253651009	S2-145900572
S1-292012050	S2-135821211
S1-908041136	S2-211991969
S1-928513297	S3-65839170
S1-622892808	S2-15380070
S1-239329280	S2-397757423
S1-60289215	S2-121608485
S1-825623828	S2-768520411
S1-832905640	S2-128721218
S1-577937558	S2-261211895
S1-839573296	S2-361095793
S1-540080230	S2-389223489
S1-718926106	S2-185587993
S1-788549800	S2-12385266
S1-944705335	S2-432341031
S1-512756496	S2-171985599
S1-604174368	S2-729010002
S1-230412109	S2-183692572
S1-577836055	S2-192431632
S1-762785981	S2-115017582
S1-117954284	S2-102858565
S1-740445815	S2-164521993
S1-406538904	S2-112570163
S1-505432783	S2-254574337
S1-786249271	S2-565022668
S1-503765044	S2-232294644
S1-772454489	S2-114883810
S1-114839951	S2-189476391
S1-748027925	S2-165027713
S1-578975214	S2-213454169
S1-201754812	S2-31866960
S1-788338472	S2-260108321
S1-648204456	S2-141811727
S1-351416583	S2-249149450
S1-819830281	S2-178851453
S1-95842439	S2-148195060
S1-12887179	S2-163032663
S1-711584644	S2-135978755
S1-866437830	S2-277424958
S1-259705304	S2-168525681
S1-256471835	S2-110705666
S1-188101831	S2-106849827
S1-632522116	S2-23003302
S1-42342530	S2-100979145
S1-913795647	S2-173089152
S1-451636334	S2-11189394
S1-966136253	S2-420892515
S1-787462445	S2-122052108
S1-312356498	S2-350834364
S1-159472873	S2-277285829
S1-185034069	S2-126567648
S1-666048106	S3-445589703
S1-719263554	S2-18122572
S1-77210087	S2-110314131
S1-197662396	S2-251699235
S1-7207747	S2-158069977
S1-794106090	S2-578192669
S1-251616691	S2-176546486
S1-855985289	S2-499839893
S1-391870100	S2-157777060
S1-211745744	S2-110141430
S1-77249733	S2-796114221
S1-170488110	S2-147017767
S1-721862618	S2-100481130
S1-150700517	S2-149534873
S1-263370515	S2-150951091
S1-49926379	S2-572502221
S1-478391710	S2-246783785
S1-489963371	S2-19634884
S1-647498853	S2-153359409
S1-682073897	S2-183629104
S1-50099056	S2-426869901
S1-477084476	S2-16522897
S1-68798705	S2-113096239
S1-62959657	S2-100671428
S1-766149571	S2-138530734
S1-494065835	S2-104306760
S1-760738690	S2-228243723
S1-945869484	S2-174080461
S1-596263081	S2-129512307
S1-805487895	S2-205375150
S1-113315593	S2-235751506
S1-143464849	S2-191440863
S1-42227249	S2-135160059
S1-634888581	S2-680702725
S1-30811509	S2-633293868
S1-67692894	S3-421203952
S1-89982203	S2-397565680
S1-917221645	S2-795061277
S1-504300314	S2-512660520
S1-102529223	S2-209196709
S1-755325299	S2-459580926
S1-271852106	S2-107804129
S1-18209384	S2-578184822
S1-915453033	S2-2229471
S1-120244078	S2-429653625
S1-603888220	S2-281008905
S1-606304356	S2-110209548
S1-654066899	S2-105972355
S1-65994580	S2-846031797
S1-348157511	S2-615081941
S1-59949358	S2-270080981
S1-173013164	S2-294324804
S1-34045832	S2-157745412
S1-82696669	S2-107369745
S1-327484659	S2-199394468
S1-212870252	S2-121200729
S1-272018858	S2-436713844
S1-404322030	S2-110856341
S1-720485024	S2-155113698
S1-299326343	S2-230485685
S1-122946011	S2-166493499
S1-907968268	S2-129468287
S1-812012468	S2-173052979
S1-213677777	S2-288863305
S1-417427401	S2-459088460
S1-297273085	S2-183483978
S1-264545355	S2-211271972
S1-249769235	S2-270382095
S1-736272414	S2-246590869
S1-377186696	S2-713130991
S1-992238198	S2-355082522
S1-221955669	S2-237262391
S1-209211298	S2-290260421
S1-908036074	S2-260984348
S1-763417726	S2-679979027
S1-139437754	S2-29382874
S1-204014600	S2-115017582
S1-813646057	S2-113549547
S1-725265924	S2-100671428
S1-151619202	S2-113518639
S1-854642167	S2-122052108
S1-453915349	S2-211848997
S1-777012858	S2-197402152
S1-853675965	S2-117856623
S1-796960509	S2-303190497
S1-123474388	S2-142603048
S1-929656986	S2-11425427
S1-402656023	S2-255781518
S1-555069736	S2-305813927
S1-960510068	S2-104356168
S1-276736745	S2-321416403
S1-697737222	S2-351134174
S1-823108101	S2-171405051
S1-381598905	S2-175795464
S1-759221011	S2-717225855
S1-597550328	S2-300008117
S1-301604447	S2-121803918
S1-315233941	S2-567640301
S1-311556946	S2-29161705
S1-833648635	S2-211181795
S1-387118247	S2-181894949
S1-501382784	S2-150397090
S1-236995042	S2-189632055
S1-75898726	S2-114833864
S1-340282298	S2-158527774
S1-725531981	S2-166503856
S1-242272323	S2-269544586
S1-433293163	S2-568525501
S1-771471923	S3-106575922
S1-323216564	S2-190519266
S1-609361667	S2-126115285
S1-746739462	S2-101208311
S1-195342481	S3-382250484
S1-514784307	S3-43419871
S1-994186913	S2-16260847
S1-62039488	S2-117065476
S1-281993092	S2-101052189
S1-242290130	S2-381839189
S1-807214720	S2-396514107
S1-158599033	S2-265722838
S1-178246268	S2-456171644
S1-765050008	S2-117583299
S1-353667696	S2-113549547
S1-839528854	S2-105170780
S1-497046603	S2-36151832
S1-156998275	S2-11779319
S1-522618813	S2-164279516
S1-248213091	S2-125892254
S1-851155756	S2-167897045
S1-555303238	S2-152259295
S1-445878411	S2-119449034
S1-465948179	S2-122752051
S1-759838288	S2-120430454
S1-953862836	S2-195006103
S1-28159865	S2-124485214
S1-656272170	S2-115443163
S1-9212356	S2-135235875
S1-659050531	S2-157529073
S1-176237690	S2-717375786
S1-289636455	S2-233469814
S1-346624528	S2-495602483
S1-544307591	S2-118852991
S1-361602027	S2-179690188
S1-679059958	S2-205637002
S1-854726272	S2-971214205
S1-469582809	S2-105567957
S1-587305490	S2-937487915
S1-606533779	S2-144978780
S1-570605954	S2-119538550
S1-480412046	S2-374717733
S1-661912514	S2-459624270
S1-374979431	S2-105863171
S1-511085769	S2-133397911
S1-295613335	S2-211011797
S1-688692520	S2-158168028
S1-259630467	S2-331510689
S1-442516615	S2-109275089
S1-952007227	S2-204667743
S1-241132350	S2-179569518
S1-562376002	S2-229628212
S1-106219189	S2-199209873
S1-976066964	S3-512024683
S1-537275388	S2-288003441
S1-774520755	S2-68114565
S1-871048050	S2-125970801
S1-57345558	S2-755912672
S1-992221447	S2-193141644
S1-388233573	S2-129401397
S1-102796074	S2-122574101
S1-187851978	S2-592302276
S1-247976288	S2-108940112
S1-682317814	S2-160300735
S1-845129432	S2-347532043
S1-12644946	S2-175562680
S1-802530322	S2-112282297
S1-458621535	S2-384253564
S1-972480704	S2-182416418
S1-264626269	S2-277129045
S1-249964363	S2-435078553
S1-710226420	S2-311666062
S1-672966575	S2-326042659
S1-659450866	S2-106849827
S1-750609877	S2-108551486
S1-53027256	S2-176603767
S1-938762822	S2-143127928
S1-929259410	S2-356555411
S1-622196834	S2-113998336
S1-948129474	S3-114212710
S1-52325438	S2-762826058
S1-786268248	S2-112282297
S1-820472213	S2-116884045
S1-982451785	S2-115899772
S1-614256818	S2-112282297
S1-40340515	S2-210740161
S1-666471363	S2-175505723
S1-931577411	S2-544969030
S1-235560588	S3-256695333
S1-80117764	S2-150214345
S1-245222672	S2-811172388
S1-768015158	S2-114282129
S1-119684165	S2-714907214
S1-829278813	S2-103165595
S1-356666563	S2-152259295
S1-184681333	S2-132479620
S1-681871507	S3-502182103
S1-924305663	S2-793135567
S1-100741097	S2-105162421
S1-253078550	S2-15930456
S1-986254363	S2-527675358
S1-20423837	S2-409675301
S1-525573204	S2-191271048
S1-437345559	S2-177604620
S1-353529808	S2-71161533
S1-732890689	S3-133873036
S1-431855380	S2-250757650
S1-4979758	S2-110970747
S1-311938351	S2-422148312
S1-285035098	S2-258426829
S1-261710090	S2-145027739
S1-178090797	S2-451171848
S1-509638668	S2-283227736
S1-906896604	S3-254607074
S1-781655663	S2-740760826
S1-72494968	S2-242566014
S1-365924748	S2-739226335
S1-271204076	S2-106612714
S1-552431803	S2-125725108
S1-84804526	S2-841347095
S1-939212467	S2-985464366
S1-405649992	S2-105063698
S1-479910651	S2-210294184
S1-959741504	S2-189159652
S1-781102311	S2-14639286
S1-129427038	S2-303262090
S1-816490429	S2-497494238
S1-541561117	S2-245863333
S1-168609388	S2-464659703
S1-536437562	S2-240865084
S1-418286873	S2-176631682
S1-371635637	S2-112437988
S1-353605317	S2-11779319
S1-82328195	S2-278435952
S1-459768778	S2-365606212
S1-945806697	S2-136264796
S1-809086696	S2-184479080
S1-618700975	S2-471388894
S1-419950503	S2-163347599
S1-65706027	S2-154373458
S1-346982946	S2-805861187
S1-653247297	S2-175505723
S1-24065318	S2-196818030
S1-485781176	S2-150397090
S1-955408400	S2-134827724
S1-935733056	S2-158485960
S1-697971006	S2-110705666
S1-214265178	S2-118596726
S1-652107998	S2-10050603
S1-370987413	S2-351423404
S1-495949982	S2-207170311
S1-280061086	S2-201513072
S1-600054812	S2-183692572
S1-846111517	S2-176418685
S1-41171192	S2-246434576
S1-497512709	S2-203103591
S1-762467423	S2-107476517
S1-951741346	S2-842489508
S1-209567818	S2-787571795
S1-288124642	S2-154373458
S1-52558261	S2-371152682
S1-401860486	S2-205639791
S1-680346846	S2-151349957
S1-279205595	S2-237733799
S1-2144488	S2-105002622
S1-803231619	S2-409453876
S1-755150706	S2-144978780
S1-305467838	S2-122703170
S1-677799009	S2-368561584
S1-596306945	S2-160814343
S1-359514718	S2-117887437
S1-513582836	S2-127540102
S1-737169996	S2-109457220
S1-486849183	S2-663843620
S1-678309961	S2-111259348
S1-18422539	S2-251699235
S1-689977863	S2-117572662
S1-479832626	S2-135704117
S1-372477473	S2-110798806
S1-408856971	S2-49509600
S1-5094648	S2-839628536
S1-504633880	S2-217531596
S1-573801604	S2-109659492
S1-986269125	S2-597416499
S1-680030968	S2-153847066
S1-651461391	S2-149296254
S1-723328872	S2-113650278
S1-656030072	S3-126013779
S1-658462758	S2-935686405
S1-329895086	S2-474656445
S1-704801117	S2-156767973
S1-348352183	S2-59360997
S1-256080101	S2-354762308
S1-966769496	S2-178899560
S1-40948462	S2-181472314
S1-333065445	S2-53126075
S1-928780609	S3-321812927
S1-142613338	S3-19227950
S1-923441413	S2-145572255
S1-187143780	S2-126905852
S1-951369909	S2-179683413
S1-553435570	S2-400311867
S1-352883405	S2-212700219
S1-137245444	S2-677967443
S1-379313606	S2-109620721
S1-28873104	S2-12850155
S1-28308927	S2-315692716
S1-819996155	S2-393489046
S1-12212489	S2-108481160
S1-173917613	S2-182425827
S1-973555448	S2-133770402
S1-781474931	S2-819623125
S1-445212769	S2-199665129
S1-524116606	S2-362525659
S1-774492929	S2-143003944
S1-425117144	S2-156767973
S1-897116071	S2-181463804
S1-90597262	S2-152700641
S1-118105641	S2-433658398
S1-819075700	S3-143989232
S1-560351654	S2-10626295
S1-553438396	S2-11425427
S1-378463957	S2-353346469
S1-662595128	S2-1337938
S1-903305399	S2-503971239
S1-91095736	S2-1133675
S1-348896585	S2-877505778
S1-808789841	S2-193353409
S1-42260740	S2-187836721
S1-422305284	S2-168927080
S1-704152263	S2-414287518
S1-407274275	S2-260374666
S1-289922538	S2-20904911
S1-917217492	S2-504398566
S1-97352437	S2-100733127
S1-333297672	S2-143127928
S1-200238573	S2-732690076
S1-317653327	S2-290072463
S1-988108996	S2-277861868
S1-846117491	S2-255769848
S1-490485223	S2-135387678
S1-358799907	S2-113638438
S1-941444398	S2-249149450
S1-996342380	S2-423999022
S1-257239205	S2-137367006
S1-266077074	S3-504206966
S1-370415955	S2-476508846
S1-65401515	S2-100671428
S1-210316522	S3-609429730
S1-11249432	S2-16246167
S1-939128133	S2-109385680
S1-297566172	S2-293262139
S1-839311243	S2-218107690
S1-650605461	S2-198821697
S1-50812775	S2-199209873
S1-107923917	S2-661128287
S1-843954784	S2-187076133
S1-308155233	S2-325973785
S1-58249654	S2-167069486
S1-933898511	S2-820196164
S1-315623271	S2-122574101
S1-240773981	S2-194113883
S1-398164046	S2-153359409
S1-237396385	S2-160806235
S1-179932944	S2-108631381
S1-354471027	S2-187509909
S1-291024779	S2-187178554
S1-975416014	S2-184626259
S1-117550439	S2-112899789
S1-280487856	S2-134769047
S1-276736556	S2-440361719
S1-417856541	S2-10626295
S1-966083775	S2-26850036
S1-433592402	S2-133882523
S1-337486302	S2-290798479
S1-257470461	S3-57019748
S1-661096782	S2-841535042
S1-671185689	S2-240336337
S1-649409581	S2-178726379
S1-820454150	S2-12422418
S1-770186164	S2-830803953
S1-980255958	S2-126356943
S1-707881744	S2-183513828
S1-387007971	S2-133058547
S1-370898364	S2-113650278
S1-185691542	S2-163077456
S1-176785649	S2-533740529
S1-35872604	S2-818368053
S1-243546668	S2-141246335
S1-152836926	S2-141909861
S1-728932687	S2-108657153
S1-7199015	S2-114764951
S1-252642244	S2-117637048
S1-924996989	S2-104408437
S1-225636296	S2-167254401
S1-977172195	S2-197166788
S1-510637657	S2-237350927
S1-215256308	S2-228026249
S1-158237969	S2-151486052
S1-71524666	S2-475790076
S1-809560669	S2-201287733
S1-278055174	S2-560350941
S1-987529230	S2-124089831
S1-538554156	S2-629930265
S1-255915919	S2-265128744
S1-688832592	S2-252556217
S1-44444368	S2-712701289
S1-479661237	S2-10711015
S1-876396035	S2-141169489
S1-882595523	S2-430158233
S1-76828926	S2-115434513
S1-458768817	S2-185393569
S1-136569195	S2-101064261
S1-232165943	S2-11906012
S1-589548920	S2-104356168
S1-1989747	S2-115899772
S1-948103462	S2-154546132
S1-549080268	S2-57639801
S1-614281685	S2-289403436
S1-701729209	S2-359921483
S1-628162456	S2-3993720
S1-190279840	S2-177245961
S1-363147436	S2-151517057
S1-239958144	S2-109212012
S1-45259255	S2-251377865
S1-684442884	S2-603632126
S1-307115986	S3-326025913
S1-199826363	S2-124650962
S1-331217275	S2-128421521
S1-489118309	S3-45693159
S1-37236692	S2-183157184
S1-26140003	S2-313476171
S1-587608804	S2-201287733
S1-525427336	S2-397769216
S1-44537685	S2-907101224
S1-34895749	S2-222760433
S1-570547678	S2-363917847
S1-756051872	S2-408071722
S1-138874670	S2-127691185
S1-348464724	S2-121803918
S1-491982855	S2-620707668
S1-505746306	S2-129961329
S1-241913180	S2-16681311
S1-702451000	S2-215117286
S1-146611118	S2-133980290
S1-266079982	S2-168254353
S1-317182941	S2-15204191
S1-216163959	S2-17448784
S1-308319884	S2-223080914
S1-147175383	S2-314245888
S1-272445463	S2-467139364
S1-12774901	S2-18956144
S1-775046391	S2-337177318
S1-870567861	S2-125725108
S1-374198742	S3-123926419
S1-42687323	S2-126567648
S1-660977444	S2-61224058
S1-731127959	S2-158005518
S1-605882680	S2-196469389
S1-992397140	S2-146001879
S1-279688632	S2-112282297
S1-76175561	S2-115899772
S1-138106208	S2-140699900
S1-554271032	S2-401986319
S1-679725780	S2-118596726
S1-452794092	S2-524943370
S1-26260317	S2-123354342
S1-187510974	S2-125808544
S1-678503908	S2-181260958
S1-75955132	S2-256812510
S1-10612228	S2-866636676
S1-430009638	S2-143757132
S1-793128757	S2-591042834
S1-803944141	S2-377629642
S1-590719972	S2-814664091
S1-273018380	S2-175505723
S1-33238713	S2-108390149
S1-863645973	S2-116905971
S1-475483592	S2-53426070
S1-96736047	S2-184543191
S1-186955057	S2-16522897
S1-149107794	S2-103367354
S1-448848545	S2-320358447
S1-469091166	S2-24329085
S1-523454564	S2-193027064
S1-942433606	S3-13844224
S1-766560244	S2-18889298
S1-590829860	S2-148000160
S1-957622224	S2-105863171
S1-29956037	S2-267023053
S1-887643540	S2-224659218
S1-653816838	S2-859075480
S1-841205112	S2-147136742
S1-725722002	S2-163151041
S1-643386899	S2-110363016
S1-3079821	S2-960856122
S1-791876964	S2-423141463
S1-412082682	S2-330384776
S1-945450014	S2-143049725
S1-958098446	S2-228220571
S1-801067116	S2-140694999
S1-997739934	S2-141455395
S1-607868834	S2-118635216
S1-189218489	S2-623315738
S1-340232184	S2-320358447
S1-396005219	S2-116905971
S1-285489351	S2-153105296
S1-275031000	S2-646631709
S1-29463043	S2-110085448
S1-276799328	S2-106849827
S1-263382380	S2-251651760
S1-788683061	S2-121199950
S1-832892150	S2-210031642
S1-608695268	S2-326042659
S1-889519432	S2-144454801
S1-560111051	S2-121243054
S1-575976860	S2-181623664
S1-988018040	S2-389348200
S1-535930001	S2-136217329
S1-378408675	S2-165527838
S1-909344527	S2-160865967
S1-618324630	S2-281371908
S1-805408700	S2-22211858
S1-221965346	S2-224294125
S1-819180387	S2-311010179
S1-644902882	S2-226138199
S1-822201153	S2-134416636
S1-788714021	S2-132395007
S1-852073399	S2-140912551
S1-691977518	S2-538625542
S1-887445316	S2-112899789
S1-996965230	S2-108631381
S1-491771265	S2-333812570
S1-64383095	S2-10711015
S1-325284782	S2-833812479
S1-53017802	S2-362851287
S1-3698588	S2-104426625
S1-907900306	S2-12242446
S1-522914584	S2-246994293
S1-42186920	S2-692859482
S1-210554074	S2-151627984
S1-456729525	S2-925569039
S1-658326876	S2-334444982
S1-665736065	S2-131743630
S1-681448563	S2-107369745
S1-235672087	S2-117706079
S1-739545607	S2-858525036
S1-957865703	S2-813830394
S1-547580345	S2-117663825
S1-700479011	S2-121071048
S1-140035259	S2-163891128
S1-971749494	S2-226617344
S1-403273096	S2-237551857
S1-74007180	S2-118852991
S1-327874437	S2-33143951
S1-406576239	S2-306103079
S1-649968095	S2-160988939
S1-668816867	S2-140667086
S1-762428812	S2-622697428
S1-813300561	S2-291136877
S1-260639701	S2-127691185
S1-865445664	S2-18755574
S1-920223806	S2-296113741
S1-808956000	S2-189476391
S1-710781094	S2-150397090
S1-171554587	S2-151799689
S1-409761502	S3-360553475
S1-28412863	S2-713409081
S1-270246733	S2-834487553
S1-658388180	S2-464411965
S1-752271107	S2-393155033
S1-701139531	S2-34511362
S1-681923707	S2-418669336
S1-184999269	S2-216226762
S1-483141866	S2-135704117
S1-869916985	S2-48159184
S1-70079786	S2-727136156
S1-329062641	S2-47376683
S1-620453507	S2-184975655
S1-409687629	S2-142158561
S1-145126980	S2-108367390
S1-815794372	S2-193777815
S1-591655809	S2-134837887
S1-372861213	S2-122134131
S1-126404567	S2-378946669
S1-599327764	S2-959679830
S1-101820682	S2-205639791
S1-447680064	S3-24125197
S1-744497722	S2-358846311
S1-359772126	S2-317586090
S1-120032802	S2-732227232
S1-405352962	S2-110674747
S1-414978970	S2-341499489
S1-271553931	S2-280651988
S1-967320038	S2-580947819
S1-509810029	S2-24421081
S1-793420676	S2-166867192
S1-102816125	S2-12364648
S1-194514273	S2-253866800
S1-74408141	S2-417398818
S1-613639693	S2-214723168
S1-941772870	S2-140667086
S1-134402084	S3-592332144
S1-153299454	S2-584439096
S1-595848273	S2-317752182
S1-910403915	S2-111800241
S1-232206780	S2-110610051
S1-582475033	S2-269057857
S1-506516148	S2-496200518
S1-750632579	S2-634771999
S1-109274691	S2-332694530
S1-262177858	S3-127196113
S1-532557581	S2-700181468
S1-977170059	S2-173052979
S1-827945512	S2-50694788
S1-423287221	S2-354586524
S1-234383247	S2-392727116
S1-231082348	S2-177753196
S1-635169629	S2-591637616
S1-872945615	S2-376320160
S1-398683940	S2-32123910
S1-773865303	S2-310044746
S1-53158378	S2-186241101
S1-493924979	S2-71311274
S1-922486220	S2-100072987
S1-413985252	S2-222760433
S1-679355151	S2-10086967
S1-391298204	S2-338456959
S1-573275296	S2-15340838
S1-72728808	S2-176631682
S1-274801115	S2-271166709
S1-696552441	S2-152542963
S1-539832695	S2-373359779
S1-574393961	S2-479619099
S1-106744365	S2-110292671
S1-681006617	S2-877743213
S1-229009572	S2-570978375
S1-73920632	S2-277223389
S1-37067615	S2-171379927
S1-607935359	S2-289326201
S1-326600016	S2-111380565
S1-937596371	S2-309797787
S1-657504975	S2-100072987
S1-946403593	S2-24553444
S1-960380760	S2-444001349
S1-569284896	S2-611217004
S1-443778425	S2-233830375
S1-625802072	S2-114492417
S1-778656443	S2-156767973
S1-245919425	S2-29196169
S1-350020686	S2-284198873
S1-678278760	S2-147748792
S1-375221014	S2-10656206
S1-965455641	S2-100481130
S1-683279686	S2-244177160
S1-718892822	S2-701179775
S1-476161390	S2-704022930
S1-830029805	S2-102858565
S1-205414254	S2-200654647
S1-329958963	S2-212202425
S1-937935902	S2-265930772
S1-127638637	S2-104356168
S1-736742625	S2-79496175
S1-495821213	S2-152222870
S1-650755105	S2-937224827
S1-721815485	S2-319668243
S1-445295098	S2-182016047
S1-897776113	S2-279770889
S1-969933547	S2-219304098
S1-288071309	S2-311002479
S1-560404786	S2-15034486
S1-729589202	S2-147133096
S1-482093263	S2-143127928
S1-997068729	S2-11649584
S1-437552067	S2-246663667
S1-909935535	S2-107804129
S1-486259097	S2-805375858
S1-627800004	S2-151707964
S1-118374481	S2-667587584
S1-605530969	S2-423944142
S1-92749552	S2-480890762
S1-993151535	S2-127987287
S1-982450551	S3-132671740
S1-784905401	S2-282511615
S1-48671028	S2-136332889
S1-476434905	S2-34989248
S1-331890905	S2-264937556
S1-399053308	S2-219525887
S1-921030335	S2-112251215
S1-25338063	S2-151349957
S1-703875693	S2-422791428
S1-938816602	S2-298813326
S1-546536633	S2-276928155
S1-44882844	S2-108551486
S1-321268985	S2-129901056
S1-958239106	S2-467557716
S1-136066185	S2-45834998
S1-652183438	S2-124474593
S1-297793837	S2-466572418
S1-921719284	S2-343765063
S1-109967067	S2-111259348
S1-354021152	S2-127123447
S1-886365347	S2-140294187
S1-859913901	S2-140181452
S1-763665008	S2-249373000
S1-784958839	S2-821936651
S1-101199887	S2-1665219
S1-210803594	S2-101383634
S1-353119675	S2-25382446
S1-71167365	S2-10626295
S1-242277613	S2-142158561
S1-533689667	S2-233407786
S1-307870262	S2-141909861
S1-167353179	S2-170708259
S1-447432671	S2-594281128
S1-672863094	S2-208326230
S1-622768687	S2-158437214
S1-716098694	S2-31866960
S1-816634373	S2-10626295
S1-144960968	S2-205813606
S1-266938242	S2-240528538
S1-213714171	S2-128421521
S1-980762721	S2-173052979
S1-171598027	S2-135594826
S1-945179611	S2-182016047
S1-971697988	S2-191821644
S1-797223745	S2-129468287
S1-214577346	S2-141455395
S1-551674649	S2-670983502
S1-252666627	S2-430418625
S1-102636763	S2-626923048
S1-64473990	S2-430060027
S1-537004653	S2-450137913
S1-115352311	S2-110314131
S1-448182681	S2-280644673
S1-923084506	S2-378663146
S1-656346867	S2-229407931
S1-601903698	S2-189242998
S1-733071084	S2-23922457
S1-849931922	S2-930303232
S1-253925667	S2-503820855
S1-400066789	S3-437480429
S1-373479106	S2-125047587
S1-60232496	S2-231244309
S1-310445162	S2-508737877
S1-22178796	S2-197821563
S1-543414626	S2-399195746
S1-789570704	S2-126311139
S1-292762602	S2-272969282
S1-80994926	S2-149418227
S1-852127987	S2-385541605
S1-490948519	S2-153105296
S1-769712270	S2-113518639
S1-351883628	S2-269742599
S1-514359098	S2-101790119
S1-487468595	S2-149352211
S1-779588120	S2-134860839
S1-724594993	S2-114892277
S1-427338273	S2-487401925
S1-973593569	S2-262861457
S1-283413762	S2-205694807
S1-448940074	S2-215680911
S1-707698056	S2-160876944
S1-286705121	S2-21428070
S1-110425275	S2-471588279
S1-966785343	S2-272453289
S1-43805803	S2-628025461
S1-21793453	S2-101777805
S1-116641210	S2-317688849
S1-813634276	S2-389772376
S1-872149398	S2-309610064
S1-373971106	S2-144250547
S1-913174065	S2-160876944
S1-13803241	S2-141016104
S1-246790874	S2-224988865
S1-534769202	S2-183283900
S1-782745931	S2-148788991
S1-471824149	S2-26249435
S1-311538710	S2-149211922
S1-602781481	S2-191351546
S1-393866174	S2-335415050
S1-35425316	S2-113650278
S1-985797528	S2-210031642
S1-953427285	S2-107451990
S1-207834038	S2-237495384
S1-202389845	S2-184429874
S1-811027199	S3-50250147
S1-317690617	S2-227339068
S1-125604076	S2-105622566
S1-550762058	S3-121313801
S1-134190085	S2-300373352
S1-981419859	S2-175561761
S1-21048540	S2-283523219
S1-76282366	S2-155760595
S1-100383410	S2-121608485
S1-168660208	S2-114883810
S1-333865631	S2-152598063
S1-544907280	S2-186541201
S1-574578128	S2-383328537
S1-278505247	S2-222311814
S1-56931494	S2-226241665
S1-997348420	S2-100671428
S1-342201682	S2-156767973
S1-612728858	S2-215211883
S1-231870118	S2-159584599
S1-987070779	S2-27716460
S1-532152491	S2-295291362
S1-410345951	S2-982698798
S1-861441031	S2-12850155
S1-298606422	S2-152670177
S1-325212926	S2-659453902
S1-249531070	S2-163902385
S1-46163968	S2-107369745
S1-843434285	S2-708170484
S1-919406797	S2-21738904
S1-507253025	S2-124190201
S1-407722101	S2-170505588
S1-180574078	S2-103858682
S1-2797651	S2-604259709
S1-940359566	S2-141909861
S1-749327070	S2-136583345
S1-163478580	S3-138607024
S1-766047860	S2-105063698
S1-568182113	S2-118859950
S1-217911419	S2-259863820
S1-855097829	S2-143468743
S1-606874628	S2-293299615
S1-181472846	S2-145101931
S1-12618303	S2-133268219
S1-669176911	S2-188504872
S1-921050734	S2-167069486
S1-920919009	S2-15432787
S1-369010437	S2-203752813
S1-610536656	S2-119173004
S1-577981243	S2-117677942
S1-992173331	S2-16294734
S1-685573536	S2-737021373
S1-459095656	S2-182016047
S1-498993571	S2-130611952
S1-123188555	S2-143081706
S1-71047444	S2-670994281
S1-873200938	S2-183692572
S1-773832558	S2-300008117
S1-896889382	S3-436778993
S1-61252982	S2-574528648
S1-772044895	S2-340789871
S1-760685711	S2-198000716
S1-994518605	S2-710223973
S1-867299760	S2-25575950
S1-441096826	S2-148885093
S1-409439135	S2-286677666
S1-716588548	S2-124650962
S1-813343644	S2-116765845
S1-382745387	S2-131312099
S1-58682562	S2-620194807
S1-993210019	S2-148989605
S1-294587569	S2-343951225
S1-686409485	S2-219054647
S1-186459575	S2-15810023
S1-814589639	S2-291836924
S1-52397630	S2-988266427
S1-439875821	S2-290072463
S1-86252679	S2-148000160
S1-928921929	S2-141811727
S1-851776595	S2-406367170
S1-274285995	S2-447583586
S1-669784397	S2-1510056
S1-558694631	S2-135235875
S1-778060910	S2-163077456
S1-307872605	S2-14375922
S1-52547445	S2-381927751
S1-583192868	S2-538769931
S1-430286970	S2-375856252
S1-713699574	S3-653682732
S1-392763390	S2-156151512
S1-180291188	S2-182537287
S1-827845570	S2-120546725
S1-884334911	S2-143650046
S1-879331734	S2-11715294
S1-833531534	S2-10711015
S1-391310163	S2-501835354
S1-259791273	S2-377698924
S1-832359412	S2-175561761
S1-987019767	S2-125982502
S1-319597963	S2-196628098
S1-82493261	S2-679490535
S1-610457950	S2-183483978
S1-362525336	S2-444386813
S1-353786439	S2-406609987
S1-737822448	S2-578184822
S1-640075521	S2-15962956
S1-436436622	S2-108135998
S1-731067679	S2-115017582
S1-146948087	S2-118200134
S1-460355841	S2-140667086
S1-670114242	S2-123724161
S1-848107503	S2-166697791
S1-124162386	S2-727707224
S1-45042341	S2-193159181
S1-71836206	S2-105162421
S1-284467423	S2-107018805
S1-245807153	S2-132479620
S1-457747867	S2-942607556
S1-188461927	S2-108355285
S1-410622891	S2-158005518
S1-145856824	S2-186511220
S1-48668534	S2-398456530
S1-946342027	S2-517969288
S1-119150558	S2-132670210
S1-949596772	S2-185710864
S1-765366772	S2-114892277
S1-36562067	S2-549295880
S1-56524518	S2-411439561
S1-932718282	S2-219054647
S1-584021664	S2-137670900
S1-322066005	S2-312958535
S1-800517437	S2-138807871
S1-44875043	S2-141259193
S1-705768352	S2-40797705
S1-906382044	S2-102264262
S1-583158915	S2-20911410
S1-610247781	S2-117706079
S1-778815810	S2-454511024
S1-989566850	S2-371781144
S1-239547099	S2-160870818
S1-662953758	S2-105170780
S1-51830676	S2-201569710
S1-590224456	S2-590713196
S1-528775606	S2-107018805
S1-903683682	S2-143534246
S1-733115538	S2-101300520
S1-278533872	S2-123724161
S1-552195584	S2-136548496
S1-442175465	S2-108551486
S1-987646505	S3-357758083
S1-232901280	S2-591637616
S1-631925158	S2-16362800
S1-173364970	S2-125808544
S1-587629275	S2-138111200
S1-443083053	S2-353284657
S1-15389647	S2-105972355
S1-504714291	S2-250274394
S1-90663940	S2-545377364
S1-797774162	S2-158437214
S1-972596282	S2-50584885
S1-407265542	S2-317991983
S1-987418640	S2-139875614
S1-165439113	S2-113666660
S1-97175507	S2-267646952
S1-496452498	S2-106365511
S1-966615737	S2-115964797
S1-523188963	S2-28027459
S1-823066460	S2-400441009
S1-774974107	S2-131240862
S1-333090130	S2-246925444
S1-125346410	S2-159095254
S1-187696956	S2-712117319
S1-949675977	S2-102081269
S1-917175080	S2-303262090
S1-613556139	S2-15340838
S1-43059245	S2-258773254
S1-629117477	S2-798673359
S1-539470422	S2-182571897
S1-363085534	S2-123344806
S1-215326992	S2-12605093
S1-134712539	S2-108631381
S1-272979013	S2-361269143
S1-261467324	S2-299334138
S1-90422284	S2-120738784
S1-474340642	S2-127048112
S1-522117215	S2-158437214
S1-894229802	S2-280743598
S1-15558120	S3-345320225
S1-385990088	S2-101208311
S1-926995685	S2-175308312
S1-841427146	S2-108631381
S1-50265410	S2-105996418
S1-46706132	S2-452682725
S1-295028405	S2-656521465
S1-202019557	S2-124474593
S1-669760123	S2-126156898
S1-138739394	S2-377328096
S1-270841879	S3-192732808
S1-850472474	S2-366004622
S1-268295736	S2-100671428
S1-905567178	S2-268262795
S1-944515765	S2-259824092
S1-716148162	S2-183856870
S1-419148871	S2-156767973
S1-585874110	S2-138287716
S1-220722262	S2-196376241
S1-191580586	S2-694552062
S1-708345657	S2-153967851
S1-791039936	S2-113549547
S1-459549547	S2-249098541
S1-597137613	S2-150397090
S1-989536525	S2-197285229
S1-901259260	S2-117065476
S1-336897817	S2-349952473
S1-713545256	S2-152259295
S1-619824856	S2-241443448
S1-167107239	S2-134647828
S1-507825001	S2-378583587
S1-482576179	S2-137333456
S1-412050572	S2-942394042
S1-798771035	S2-146662938
S1-838572645	S2-723760331
S1-565611266	S2-265767794
S1-581635427	S2-194607942
S1-853111951	S2-568906913
S1-980143190	S2-113518639
S1-607946373	S2-242791098
S1-724791031	S2-177604620
S1-151890197	S2-118852991
S1-899253963	S2-838546477
S1-378518900	S2-218503537
S1-459563353	S2-220804928
S1-46427388	S2-163077456
S1-143529013	S2-186966915
S1-905911894	S2-183157184
S1-938782783	S2-130783213
S1-599131479	S2-765096867
S1-973845626	S2-82273571
S1-343605379	S2-166356033
S1-149889188	S2-422957514
S1-833258149	S3-174800416
S1-770183940	S2-115508190
S1-827331738	S2-204656889
S1-116977514	S2-23003302
S1-668026742	S2-120026346
S1-386580064	S2-194812790
S1-567992042	S2-125388824
S1-177379321	S2-120013219
S1-251133772	S2-122134131
S1-992280777	S2-927757184
S1-935283604	S2-293023412
S1-201647337	S2-726943797
S1-868473743	S2-461103844
S1-786364717	S2-213683381
S1-354905188	S2-987683373
S1-859170740	S2-704573848
S1-226248824	S2-301886669
S1-21379485	S2-142277912
S1-332374056	S2-113650278
S1-641734663	S2-133882523
S1-511658499	S2-445494636
S1-130811709	S2-133058547
S1-96061934	S2-315309113
S1-847862438	S2-149515808
S1-70188106	S2-637622997
S1-455472197	S2-127048112
S1-178720072	S2-164197459
S1-607202872	S2-393489046
S1-47309627	S2-414665416
S1-546589798	S2-11098269
S1-732673601	S2-167327742
S1-37913704	S2-126079805
S1-950216320	S2-156621268
S1-767776893	S2-932854937
S1-441745222	S2-129802394
S1-137093246	S2-598228233
S1-619846011	S2-110353012
S1-982276578	S3-689629359
S1-533890205	S2-688864449
S1-790311187	S2-182571897
S1-421615380	S2-366555301
S1-986550830	S2-174795138
S1-882543833	S2-185434730
S1-858847165	S2-696406949
S1-897741680	S2-212442600
S1-992836289	S2-306439767
S1-332225785	S2-185392286
S1-970410308	S2-139190907
S1-860514793	S2-226984999
S1-302078650	S2-105863171
S1-515603554	S2-790180414
S1-758694709	S2-254795658
S1-208029221	S2-375594577
S1-454486944	S2-590093774
S1-613934145	S2-218872764
S1-216563152	S2-141246335
S1-801579627	S2-135768742
S1-992233563	S2-103579619
S1-741717304	S2-107018805
S1-521224354	S2-121071048
S1-323704795	S2-138403931
S1-310368906	S2-137670900
S1-832733705	S2-458550325
S1-231807024	S2-211948899
S1-170239807	S2-120524438
S1-964553604	S2-122752051
S1-944966077	S2-482181265
S1-957929480	S2-149457008
S1-359929081	S2-348220956
S1-318805446	S2-108631381
S1-368096833	S2-204407891
S1-342647234	S2-226635206
S1-280033616	S2-160573432
S1-992940622	S2-159589784
S1-616745417	S2-124445115
S1-554978314	S2-100481130
S1-977477139	S2-193027064
S1-290043778	S2-108447565
S1-347769567	S2-527650131
S1-717908351	S2-343765063
S1-522145962	S2-306076792
S1-291237936	S2-132055670
S1-471641791	S2-365734460
S1-651357553	S2-276824564
S1-875123974	S2-44503522
S1-553707209	S3-270135773
S1-907315342	S2-244016412
S1-886060510	S2-394078083
S1-872617831	S2-199635520
S1-745838963	S3-509941555
S1-8996308	S2-536694366
S1-758826820	S2-255834877
S1-261606501	S2-480508382
S1-260740894	S2-226138199
S1-697787865	S2-700443628
S1-862777374	S3-500521977
S1-108695418	S2-177412168
S1-926846661	S2-104426625
S1-251419040	S2-18626039
S1-267359660	S2-32503935
S1-567155318	S2-11779319
S1-198674856	S2-159494819
S1-960926470	S2-402596656
S1-822715767	S2-149447328
S1-544522342	S2-150397090
S1-464612611	S2-241443448
S1-317724507	S2-274358495
S1-912386514	S2-536922634
S1-897902675	S2-527603993
S1-158658183	S2-148788991
S1-805840897	S2-241068367
S1-491510840	S2-50410471
S1-370517031	S2-228243723
S1-544649643	S2-217360247
S1-281419580	S2-134769047
S1-133336078	S2-692688590
S1-170627138	S2-468114766
S1-444619978	S2-574231429
S1-798969495	S2-141811727
S1-973533012	S2-543590961
S1-987271143	S2-318847940
S1-256450670	S2-145027739
S1-620125720	S2-103634317
S1-402989848	S2-169404995
S1-307227133	S2-527988411
S1-647294104	S2-129961329
S1-215719139	S2-585972405
S1-647059993	S2-865831423
S1-14899588	S2-175561761
S1-898229048	S2-268262795
S1-528472766	S2-330473850
S1-620108729	S2-156075519
S1-839136648	S2-211082490
S1-147804808	S2-100916746
S1-832023693	S2-223664561
S1-176314230	S2-115606596
S1-293631912	S2-240637123
S1-75422056	S2-281371908
S1-166693323	S2-238512749
S1-405821912	S2-252241411
S1-806248832	S2-184232434
S1-984961310	S2-141577503
S1-853326130	S2-635706437
S1-815978989	S2-258309689
S1-486104807	S2-159589784
S1-708761433	S2-102081269
S1-908947781	S2-337181011
S1-941634924	S2-620775312
S1-583712235	S2-227280708
S1-850187608	S2-11647668
S1-829963992	S2-20736596
S1-56685500	S2-105002622
S1-690880022	S2-469579906
S1-743377616	S2-111939001
S1-155083605	S2-397546106
S1-643982377	S2-122703170
S1-733047554	S2-144454801
S1-588389792	S2-146833628
S1-903532985	S2-175505723
S1-579412346	S2-724895788
S1-291740669	S2-196848265
S1-132930416	S2-136264796
S1-678086602	S2-217083957
S1-19505062	S2-110085448
S1-527807826	S2-121071048
S1-681811173	S3-437278948
S1-432799991	S2-120738784
S1-667151961	S2-187178554
S1-562117441	S2-117047722
S1-614409422	S2-166941825
S1-817664681	S2-183692572
S1-135543321	S2-497493110
S1-222920993	S3-395003967
S1-884301611	S2-504090903
S1-56566173	S2-210947837
S1-216235982	S2-136324038
S1-291623929	S2-352165183
S1-86293897	S2-10050603
S1-567579414	S2-291561214
S1-914909430	S2-759406934
S1-105412652	S2-178899560
S1-733309278	S2-148000160
S1-984177784	S2-130873595
S1-453670902	S2-301687874
S1-583730922	S2-847964077
S1-928951753	S2-132479620
S1-454580464	S2-994281715
S1-989564816	S2-411948783
S1-6260344	S2-239185126
S1-911582079	S2-231507620
S1-193201323	S2-204546840
S1-72141218	S2-233469814
S1-436048580	S2-114764951
S1-935787495	S2-325536730
S1-735047047	S2-340147771
S1-758733944	S2-114236380
S1-558965025	S2-238512749
S1-943306385	S2-193619056
S1-502551887	S2-92553318
S1-18299527	S2-188965366
S1-109054861	S2-239146177
S1-532685150	S2-100961236
S1-314768317	S2-108481160
S1-939669499	S2-170708259
S1-570236509	S2-116356521
S1-442753645	S2-10050603
S1-467839763	S2-126567648
S1-2714411	S2-564514143
S1-998818173	S2-363414016
S1-68848369	S2-220136810
S1-9840297	S2-140667086
S1-993510701	S2-12422418
S1-370721226	S2-116361955
S1-548627407	S2-206782156
S1-318309375	S2-192431632
S1-327512579	S2-18219924
S1-282486716	S2-141397
S1-26237850	S2-134769047
S1-203945169	S3-247655972
S1-139464010	S2-12315624
S1-224198284	S2-111259348
S1-646273789	S2-244160387
S1-328352371	S2-424652949
S1-336878822	S2-136332889
S1-603069307	S2-13214108
S1-664574205	S2-175572036
S1-349503803	S2-150266252
S1-300600703	S2-151627984
S1-723059953	S2-386964962
S1-652504302	S2-350642614
S1-526051889	S2-133994799
S1-956603913	S2-246841694
S1-228646122	S2-159095254
S1-965731340	S2-174761834
S1-327113965	S2-262797173
S1-927481815	S2-394669449
S1-934891908	S2-273467392
S1-738548346	S2-115528295
S1-578348052	S2-313855980
S1-791967500	S2-24553444
S1-710533290	S2-640805920
S1-353053966	S2-630291294
S1-573420505	S2-540024584
S1-436201844	S2-132211797
S1-64461483	S2-263667254
S1-303134305	S2-15438052
S1-221361581	S3-149090441
S1-317911391	S2-1005387
S1-195540290	S2-150016251
S1-85681882	S2-178899560
S1-268656652	S2-238596045
S1-995344599	S2-140397695
S1-750049425	S2-906453921
S1-357630826	S2-802800935
S1-560873588	S2-666838258
S1-88028810	S2-211838244
S1-124228121	S2-149823298
S1-595112672	S2-753108609
S1-147728193	S2-111491801
S1-936112693	S2-221146707
S1-968295061	S2-276795937
S1-516931479	S3-332774229
S1-92494629	S2-347708212
S1-683303524	S2-457580709
S1-826264639	S2-47336807
S1-32831060	S2-169216455
S1-74288388	S2-510815999
S1-120184437	S2-413398604
S1-238401628	S2-755670449
S1-545846423	S2-266686952
S1-578381029	S2-211448491
S1-48810183	S2-243693723
S1-992937955	S2-173306788
S1-499561958	S2-269057857
S1-689560434	S2-238512749
S1-116810122	S2-37992416
S1-72688058	S2-247697791
S1-479908479	S2-124392106
S1-939072300	S2-83987495
S1-444136811	S2-106612714
S1-90436825	S2-115074270
S1-200907653	S2-167895322
S1-860023823	S2-157903504
S1-300991650	S2-499313204
S1-127241580	S2-601293207
S1-528269924	S2-193820924
S1-99529451	S2-101790119
S1-102699994	S2-197417269
S1-525958954	S2-213633284
S1-984094020	S2-14135433
S1-764948767	S2-293583455
S1-951132996	S2-239146177
S1-639496966	S2-550626247
S1-859749870	S2-411610988
S1-725832412	S2-120960067
S1-570582067	S2-210740161
S1-612546969	S2-211991969
S1-896148745	S2-517234660
S1-738991795	S2-214814859
S1-482288518	S3-123731064
S1-29954390	S2-108733855
S1-673311693	S2-164521993
S1-248562301	S2-263762787
S1-836117858	S2-10711015
S1-686814878	S3-494947466
S1-57129503	S2-367431063
S1-432961361	S2-341842706
S1-937882643	S2-454511024
S1-172151019	S2-278546349
S1-132705398	S2-214723168
S1-409612242	S2-133643570
S1-780910760	S3-230490549
S1-569474460	S2-11098269
S1-478189334	S2-101052189
S1-183067373	S2-491899005
S1-112103139	S2-113998336
S1-149010402	S2-420199200
S1-610948709	S2-387521094
S1-381544775	S2-393973834
S1-393101787	S2-232817501
S1-603062584	S2-132899138
S1-474282895	S2-100916746
S1-296058870	S2-479619099
S1-38261029	S2-110081074
S1-299005696	S2-793375185
S1-79897655	S2-199209873
S1-175601260	S2-500029599
S1-161095802	S2-105063698
S1-137547275	S2-194812790
S1-38987924	S2-14639286
S1-695573346	S2-160790494
S1-676138691	S2-210740161
S1-577521687	S2-649430529
S1-697609955	S3-395941434
S1-832368951	S2-134827724
S1-836742727	S2-204213208
S1-779497977	S2-130499174
S1-809738726	S2-163481033
S1-537465770	S2-279857257
S1-742625212	S2-230726374
S1-852522855	S2-135768742
S1-207149180	S2-148824530
S1-128574087	S2-53099403
S1-427332148	S2-575165732
S1-822613425	S2-149966728
S1-281873880	S2-264888641
S1-591993000	S2-125808544
S1-617115224	S2-154481844
S1-780989434	S2-737906333
S1-21450238	S2-136264796
S1-450522842	S2-412975357
S1-143533419	S2-513069242
S1-62670908	S2-270388622
S1-727043662	S2-191294689
S1-445483337	S2-245944898
S1-72556924	S2-107369745
S1-358840137	S2-104356168
S1-118835736	S2-180630125
S1-785876059	S2-279763235
S1-310702888	S2-111259348
S1-671134623	S2-124474593
S1-372569032	S2-114382043
S1-931733266	S2-452039784
S1-420519239	S2-316378915
S1-786106501	S2-265059677
S1-181383095	S2-459015170
S1-718236653	S3-140982903
S1-698655483	S2-951135538
S1-22494499	S2-430899033
S1-525307621	S2-37221116
S1-291627646	S2-295177738
S1-998133241	S2-144454801
S1-183962595	S2-175255277
S1-689419239	S2-813830394
S1-666690457	S2-204213208
S1-114367380	S2-215117286
S1-251665283	S2-158426632
S1-729974729	S2-243927734
S1-432881680	S2-119198255
S1-112643283	S2-360959512
S1-219105250	S2-469104612
S1-7404548	S2-134899835
S1-57991397	S2-333575544
S1-401255434	S2-313566598
S1-227195130	S2-124674758
S1-990663492	S2-148195060
S1-16677079	S2-162506529
S1-571977810	S2-28547090
S1-356240998	S2-168964511
S1-984710352	S2-24735322
S1-228501883	S2-274762703
S1-287156878	S2-128534969
S1-627977250	S2-539613195
S1-55922451	S2-16522897
S1-535445837	S2-297519875
S1-308629379	S2-196611509
S1-268783008	S3-285518979
S1-270692094	S3-252549063
S1-3198104	S3-127237907
S1-766900546	S2-175944050
S1-969005256	S2-388947982
S1-631134591	S2-523334138
S1-905490180	S2-165527838
S1-959952628	S2-188626847
S1-871186638	S2-135768742
S1-718870497	S2-169076839
S1-323497889	S2-313920408
S1-164973728	S2-134827724
S1-994355470	S2-140667086
S1-393757170	S3-400641290
S1-104133123	S2-164362629
S1-330224880	S2-916305728
S1-63050809	S2-293262139
S1-208584762	S2-182437324
S1-973299816	S2-113549547
S1-485642352	S2-147852121
S1-43537477	S2-152222870
S1-924032533	S2-481948518
S1-808198078	S2-386275377
S1-5426409	S2-303692476
S1-821795048	S2-801968486
S1-548062520	S2-185393569
S1-269891432	S2-182425827
S1-276272228	S2-105170780
S1-195962477	S2-137944324
S1-209923931	S2-113650278
S1-125258138	S2-156186663
S1-3936600	S2-379098374
S1-606506354	S2-722118936
S1-738312138	S2-101777805
S1-36868365	S2-258426829
S1-955824983	S2-101207666
S1-426357698	S2-421519895
S1-195811431	S2-280743598
S1-462970756	S2-140694999
S1-605977946	S2-385165811
S1-413679790	S2-108631381
S1-431411276	S3-420469234
S1-187169905	S2-282804174
S1-968053751	S2-101207666
S1-151067338	S2-338503502
S1-510149066	S2-204213208
S1-365097970	S2-119198255
S1-691211959	S2-145503402
S1-850857261	S2-154995611
S1-249161667	S2-375594577
S1-23547697	S2-660063158
S1-218058354	S2-100671428
S1-770307975	S2-117445013
S1-164316601	S2-113079785
S1-485239773	S2-135594826
S1-873885378	S3-149246151
S1-117238848	S2-347221026
S1-760548847	S3-316198567
S1-45567241	S2-184727901
S1-206148321	S2-160573432
S1-393504791	S2-451199885
S1-366578255	S2-168753803
S1-854407024	S2-397336452
S1-886838469	S2-323042273
S1-53487928	S2-237410096
S1-761303033	S2-336738493
S1-896965782	S2-111570621
S1-119095941	S2-178899560
S1-663162268	S2-112936499
S1-366368643	S2-156151512
S1-193577629	S2-21895538
S1-97202725	S2-179705966
S1-354849485	S2-330473850
S1-60941554	S2-154293201
S1-468840568	S2-242029137
S1-718479044	S2-76324320
S1-442278489	S2-368245877
S1-566357190	S2-110798806
S1-974620421	S2-168479521
S1-906199006	S2-128256662
S1-322805186	S2-772950334
S1-78856345	S2-130383165
S1-756109017	S2-218561423
S1-364478471	S2-123818329
S1-724930643	S2-343364709
S1-610562570	S2-377346451
S1-448079271	S2-150214345
S1-731512242	S2-132211797
S1-23522279	S2-173089152
S1-601057539	S2-393924192
S1-725919408	S2-252025528
S1-116993151	S2-196535617
S1-814510304	S2-167069486
S1-638874563	S2-140694999
S1-772512636	S2-265055653
S1-104641467	S2-183459252
S1-990008985	S2-38201895
S1-373187673	S2-201287733
S1-329191780	S2-122665965
S1-317772663	
S1-245330001	S2-123589059
S1-464259408	S2-105063698
S1-645220474	S2-51415715
S1-787528372	S2-311788007
S1-108567352	S2-246881524
S1-658170554	S2-106938761
S1-213633120	S2-380339369
S1-541406134	S2-135569448
S1-205986239	S2-156519963
S1-140536298	S2-140294187
S1-342929136	S2-153847066
S1-413834494	S2-213497678
S1-846312754	S2-133249244
S1-289335483	S2-556055706
S1-327426935	S2-201513072
S1-468576615	S2-42075587
S1-826200365	S2-245382695
S1-54319406	S2-214055315
S1-580203585	S2-490346037
S1-916436599	S2-130783213
S1-747172310	S2-114492417
S1-875897953	S2-155760595
S1-806704941	S2-132479620
S1-256009548	S2-235089435
S1-788888541	S2-103183750
S1-797282279	S3-58334180
S1-146432857	S2-217531596
S1-460188331	S2-141577503
S1-322924905	S2-219195573
S1-684278658	S2-104518554
S1-33667556	S2-144250547
S1-40344161	S2-106612714
S1-452632023	S2-158698723
S1-560751367	S2-13138966
S1-285074972	S2-25738199
S1-471809422	S2-184661309
S1-475699260	S2-138287716
S1-450888267	S3-317418137
S1-613345234	S2-383653192
S1-870608695	S2-416756902
S1-119008078	S3-623106964
S1-96001129	S2-144454801
S1-88966379	S2-154047146
S1-241331688	S2-429046704
S1-937608237	S2-426922839
S1-584673081	S2-109620721
S1-398891516	S2-137944324
S1-327353791	S2-374925432
S1-918287669	S2-372575658
S1-94715003	S2-632065129
S1-836458414	S2-306076792
S1-625762114	S2-143127928
S1-952190423	S2-119252939
S1-57494871	S2-435806961
S1-470882971	S2-208525602
S1-906812446	S2-106612714
S1-176163678	S2-40346837
S1-373777470	S2-125725108
S1-594838304	S2-217163356
S1-394720533	S2-423458741
S1-969172575	S2-528862637
S1-248824862	S2-106849827
S1-801360118	S2-38711641
S1-459083930	S2-104356168
S1-733574073	S2-114301465
S1-755208042	S2-628828252
S1-334602452	S2-26773971
S1-954898523	S2-280059207
S1-152378230	S2-462670891
S1-802788889	S2-512654328
S1-630637868	S2-162058112
S1-630361185	S2-904535409
S1-160289589	S2-184975655
S1-394367833	S2-156831649
S1-584636608	S2-125892254
S1-590725037	S2-101208311
S1-668157111	S2-150397090
S1-237382987	S2-107018805
S1-333926784	S2-58466251
S1-193336347	S2-210203141
S1-353487518	S2-131236029
S1-446682430	S2-145698504
S1-310885570	S2-102718481
S1-31254855	S2-215680911
S1-195515218	S2-183566060
S1-319276766	S2-361269143
S1-555378815	S2-127987287
S1-160371085	S2-127691185
S1-459631473	S2-324126507
S1-564483847	S2-532143938
S1-639640670	S2-159689953
S1-659097171	S2-114509371
S1-768133841	S2-167301952
S1-377912796	S2-174749893
S1-166219718	S2-329698838
S1-377762810	S2-158437214
S1-999898202	S2-347708212
S1-950184273	S2-310044746
S1-385793739	S2-447336417
S1-709282993	S2-173404815
S1-104586218	S2-227182280
S1-5861447	S2-149418227
S1-236913102	S2-135594826
S1-986506279	S2-157265021
S1-535089628	S2-114508506
S1-502741365	S2-175017767
S1-345158560	S2-378581644
S1-320741722	S2-343951225
S1-40996055	S2-558019584
S1-371382998	S2-101348060
S1-540758272	S3-257903869
S1-397523608	S2-210740161
S1-722045565	S2-177604620
S1-397276597	S2-538622202
S1-820292125	S2-130873595
S1-924421919	S2-513875699
S1-623730816	S2-411439493
S1-381794601	S2-410755697
S1-805226238	S2-108359188
S1-905569871	S2-242746245
S1-640284368	S2-297890045
S1-883879647	S3-192884585
S1-800298598	S2-113650278
S1-697539255	S2-10872773
S1-587407893	S2-156973997
S1-86888227	S2-303031915
S1-156516738	S2-562513392
S1-993699509	S2-572927118
S1-955592880	S2-395161815
S1-115430564	S2-800945635
S1-260307157	S2-732690076
S1-949109853	S2-159249167
S1-32592162	S2-100671428
S1-775603925	S2-153967851
S1-61055888	S2-279272697
S1-812120331	S2-195006103
S1-115208052	S2-123818329
S1-913359961	S2-100481130
S1-255620650	S2-688580034
S1-567321737	S2-854919617
S1-425254647	S2-868431191
S1-23612930	S2-119905531
S1-364832122	S2-148000160
S1-439962104	S2-498731072
S1-548205663	S2-148000160
S1-146934300	S2-117361123
S1-988583775	S2-117583299
S1-536088082	S2-322023005
S1-407260675	S2-666641269
S1-244032085	S2-109102329
S1-24578003	S2-100072987
S1-523339668	S2-10929835
S1-930271349	S2-114492417
S1-879402499	S2-144100974
S1-318044541	S2-388509537
S1-996920746	S2-6751718
S1-154697488	S2-268152666
S1-121542148	S2-214505802
S1-231643515	S2-156100572
S1-851145954	S2-125725108
S1-975208799	S2-242941746
S1-774307266	S2-146245664
S1-710909961	S2-167897045
S1-714258980	S2-604734765
S1-354020058	S2-574442002
S1-997997504	S2-104996780
S1-870594092	S2-126797676
S1-390327505	S2-31530171
S1-138859892	S2-632246911
S1-966008370	S2-306048656
S1-865802242	S2-11414747
S1-519043782	S2-252135052
S1-228609234	S2-125725108
S1-288251673	S2-210637945
S1-154118260	S2-207014633
S1-456206546	S2-240336337
S1-291224449	S2-270412232
S1-254764959	S2-124355274
S1-837341373	S2-109385680
S1-888949854	S2-622697428
S1-474824267	S2-107417536
S1-513763536	S2-105063698
S1-194474304	S2-183060616
S1-915558520	S2-117405101
S1-225640086	S2-197285229
S1-491066592	S2-156838088
S1-264605370	S2-194890202
S1-304502804	S2-298113014
S1-211734566	S2-141909861
S1-584461012	S2-114764951
S1-641755311	S2-143127928
S1-874082863	S2-303851339
S1-85823827	S2-129416740
S1-293506329	S2-108489802
S1-800572446	S2-451087492
S1-638266733	S2-371428523
S1-458109241	S2-191112631
S1-474298816	S3-151868576
S1-888153797	S2-127116474
S1-403025365	S2-379921581
S1-297292913	S2-240528538
S1-431309936	S2-198938800
S1-976201522	S2-204943961
S1-990500501	S2-371152682
S1-212268233	S2-2229471
S1-716777399	S2-203148770
S1-414850012	S2-130783213
S1-129039548	S2-228243723
S1-416370166	S2-258426829
S1-545919136	S2-116765845
S1-166158737	S2-20056714
S1-327749617	S2-202887559
S1-980593129	S2-1056557
S1-456206043	S2-311010179
S1-645708436	S2-115430182
S1-444039572	S2-814463180
S1-889500087	S2-148846006
S1-899182679	S2-264666468
S1-832965645	S2-11033450
S1-680820568	S2-590092499
S1-587924264	S2-153105296
S1-290569114	S2-175789018
S1-641520594	S2-115443163
S1-746963211	S2-34592164
S1-521157305	S2-132479620
S1-74133991	S2-195416687
S1-105849905	S2-251536156
S1-336170939	S2-115649735
S1-365035169	S2-158611538
S1-653308659	S2-494241910
S1-215173887	S2-287921409
S1-472114996	S2-108940112
S1-303060745	S2-207497079
S1-128899840	S2-119683936
S1-897021460	S2-889250037
S1-375305239	S2-423534986
S1-326045101	S2-144559969
S1-363633018	S2-105972355
S1-136672972	S2-607716085
S1-939173645	S2-129468287
S1-290498254	S2-203634627
S1-27087469	S2-998088801
S1-797436370	S2-105423989
S1-582971678	S2-160735652
S1-911201966	
S1-377090509	S2-219195573
S1-150573572	S2-154995241
S1-954830984	S2-122704981
S1-893380324	S2-468753772
S1-959115212	S2-115899772
S1-652375499	S2-22436301
S1-822559221	S2-159584599
S1-635372379	S2-155389765
S1-515767421	S2-119252939
S1-936569207	S2-191800104
S1-774189358	S2-158611538
S1-962228316	S2-121803918
S1-739112808	S2-100916746
S1-698943727	S2-235300796
S1-436248341	S2-479619099
S1-143161767	S3-26417481
S1-567751361	S2-277223389
S1-231751912	S2-306549381
S1-325806146	S2-34669947
S1-272808438	S2-184626259
S1-360914518	S2-161448025
S1-417611445	S2-340374212
S1-95100760	S2-557181825
S1-991707877	S2-730432676
S1-996570042	S2-228514564
S1-957801076	S2-232862115
S1-999180814	S2-261211895
S1-457859907	S2-66306184
S1-587601458	S2-121529456
S1-9860121	S2-111974514
S1-73889651	S2-11013333
S1-122582568	S2-862186416
S1-393437005	S2-901877151
S1-870839608	S2-277435085
S1-175224961	S3-453680568
S1-179729839	S2-175795464
S1-230561598	S2-107273451
S1-345110290	S2-545048905
S1-173758843	S2-141885207
S1-903587025	S2-115528295
S1-413243310	S2-248374337
S1-374362412	S2-26770183
S1-783127731	S2-20104570
S1-54304844	S2-305073752
S1-85277805	S2-835602853
S1-529552092	S2-130611952
S1-617084554	S2-171405051
S1-987410715	S2-252556217
S1-275516821	S2-242752296
S1-920310093	S2-18585885
S1-917788812	S2-669683034
S1-948091289	S2-190289104
S1-227231752	S2-160569091
S1-185408254	S2-175505723
S1-866922582	S2-122451405
S1-753981349	S2-151617208
S1-677762324	S2-133058547
S1-375604834	S2-117856623
S1-561335163	S2-299687876
S1-268867234	S2-188610164
S1-709845931	S2-515580007
S1-565013196	S2-255274323
S1-926155219	S2-134827724
S1-590904591	S2-187842686
S1-845704314	S2-912459857
S1-978473245	S2-18889298
S1-600828054	S2-154463090
S1-623431640	S2-169375637
S1-112780660	S2-1133675
S1-508591421	S2-132868871
S1-424579379	S2-529568800
S1-488367875	S2-141246335
S1-366638382	S2-165975413
S1-272371632	S2-280743598
S1-913476172	S2-136548496
S1-732733672	S2-393467542
S1-606935778	S2-19766608
S1-795234488	S2-635646043
S1-33866821	S2-23922457
S1-779407214	S2-421315325
S1-943268201	S2-137944324
S1-973715197	S2-314841763
S1-678157430	S3-253220252
S1-24990806	S2-18590595
S1-659434932	S2-393655027
S1-856151385	S2-128300555
S1-91367256	S3-470304336
S1-789796639	S2-248351241
S1-744494644	S2-305790913
S1-991874365	S2-226635206
S1-43011050	S2-123354342
S1-298531032	S2-227170393
S1-289913241	S2-105039464
S1-19079462	S2-107476517
S1-726144263	S2-926244184
S1-247378937	S2-311788007
S1-398503557	S2-137367006
S1-218152229	S2-10711015
S1-882430281	S2-716654288
S1-612946475	S2-129553512
S1-132975948	S2-148825433
S1-719913311	S2-22349446
S1-322308971	S2-103723114
S1-547253093	S2-297798516
S1-984317642	S3-245954953
S1-684499553	S2-667508395
S1-739446730	S2-468202378
S1-513010430	S2-115964797
S1-39850870	S2-628606799
S1-562355896	S2-533558983
S1-768498408	S3-323431421
S1-455253959	S2-122752051
S1-256149847	S2-103858682
S1-930617339	S2-221085096
S1-737056792	S2-151707964
S1-433984315	S2-121228499
S1-781323301	S2-591307332
S1-301203315	S2-129512307
S1-441195042	S2-173107258
S1-227321312	S2-356224094
S1-347408647	S2-108790562
S1-999001691	S2-178845145
S1-133164346	S2-978542860
S1-982179195	S3-165068746
S1-984507050	S2-122704981
S1-4962145	S2-174458623
S1-213977086	S2-197089302
S1-969022982	S2-210198777
S1-450395396	S2-113357164
S1-845721889	S2-100916746
S1-321119245	S2-190416929
S1-433589568	S2-808268448
S1-543045512	S2-50777649
S1-30615762	S2-414987995
S1-151561538	S2-165782552
S1-635175466	S2-656059620
S1-213085846	S2-106612714
S1-904564870	S2-139190907
S1-237649303	S2-226299755
S1-953287896	S2-182016047
S1-212215865	S2-156151512
S1-46942082	S2-319847897
S1-455542244	S2-105170780
S1-900032831	S2-138287716
S1-249694585	S2-690226694
S1-795323127	S2-104356168
S1-489729227	S2-8169935
S1-6597451	S2-129512307
S1-855659714	S2-451564759
S1-495608820	S2-121804886
S1-989118271	S2-688580034
S1-846933398	S2-106612714
S1-170768799	S2-183483978
S1-290981244	S2-126114325
S1-288517052	S2-743814927
S1-934320606	S2-189031839
S1-808202393	S2-139245844
S1-927274415	S2-213396165
S1-399607660	S2-167129496
S1-700603878	S2-416758928
S1-724380799	S2-152259295
S1-579619629	S2-110705666
S1-605297907	S2-221431035
S1-806662165	S2-114846704
S1-865390982	S2-505371950
S1-569675287	S2-239471581
S1-633233150	S2-128421521
S1-127550104	S2-946117887
S1-789743175	S2-134511490
S1-5194820	S2-105563363
S1-772067211	S2-484247801
S1-481336830	S2-353629291
S1-922463033	S2-115074647
S1-330415495	S2-324617874
S1-563497581	S2-138932432
S1-646744330	S2-593972570
S1-843367425	S2-161831951
S1-599877972	S2-121804886
S1-609206786	S2-131166817
S1-379636419	S2-707476456
S1-977528982	S2-114236380
S1-716061730	S2-165183325
S1-903799166	S2-118200134
S1-897652201	S2-279770889
S1-936994289	S2-293574295
S1-511782642	S2-165027713
S1-163988062	S2-104356168
S1-301553091	S2-219044932
S1-743184644	S2-287879388
S1-267189572	S2-277435085
S1-422328946	S2-332917362
S1-143490468	S2-128522785
S1-51027392	S2-104628524
S1-765744520	S2-194113883
S1-51615934	S2-17176513
S1-492485106	S2-20736596
S1-507548204	S2-158328098
S1-941712240	S2-226231135
S1-475763988	S2-585450960
S1-919525425	S2-122752051
S1-218612912	S2-104356168
S1-505241537	S2-125238753
S1-860746597	S2-290883894
S1-578254778	S2-175505723
S1-876254635	S2-180896135
S1-242326988	S2-636551145
S1-668834304	S2-184079867
S1-371642228	S2-705869764
S1-730022975	S2-146833628
S1-645484427	S2-217619041
S1-798850090	S2-125725108
S1-151078992	S2-686100511
S1-262369958	S2-115606596
S1-441605213	S2-450140174
S1-183996225	S2-17176513
S1-375792027	S2-205637002
S1-117792216	S2-271131441
S1-897499599	S2-563876048
S1-554813216	S2-318729023
S1-490026783	S2-101208311
S1-352067956	S2-146224964
S1-449723034	S2-283927824
S1-940757335	S2-121199950
S1-504907553	S2-343481810
S1-312433513	S2-139190907
S1-794393140	S2-121744203
S1-925300947	S2-504469504
S1-762586547	S2-274639249
S1-499059063	S2-239821537
S1-13197430	S2-785036470
S1-271585060	S2-283563300
S1-740784899	S2-285368482
S1-883331070	S2-911859368
S1-271389826	S2-149296254
S1-426240039	S2-545187289
S1-971650864	S2-167897045
S1-577274368	S2-362240717
S1-564124135	S2-743361622
S1-729591333	S2-695422999
S1-9876410	S2-151627984
S1-509503826	S2-314209751
S1-317493575	S2-19938307
S1-336941640	S2-158005518
S1-412834278	S2-272969282
S1-842958167	S2-20373993
S1-257483604	S2-111259348
S1-519072499	S2-998610291
S1-713745808	S2-160988939
S1-789519171	S2-125970801
S1-383212312	S2-23003302
S1-628312306	S2-161434008
S1-713273234	S2-177604620
S1-217879569	S2-11425427
S1-323373493	S2-504326131
S1-854745424	S2-115344504
S1-831408117	S2-107949891
S1-175076494	S2-383472328
S1-398987861	S2-238597096
S1-226463068	S2-175497229
S1-936425484	S3-24371270
S1-188327251	S2-156831649
S1-102235953	S2-925176026
S1-189912263	S2-292744667
S1-745900582	S2-248945343
S1-123114392	S2-171150233
S1-123753497	S2-137067309
S1-80132985	S2-115060811
S1-707722195	S2-107018805
S1-694472192	S3-216771278
S1-7343069	S2-153967851
S1-433808443	S2-916822908
S1-328932876	S2-288243726
S1-983007147	S2-272582108
S1-855592389	S2-125725108
S1-657088590	S2-737683423
S1-798745383	S2-273275615
S1-882434567	S2-128421521
S1-569487406	S2-108481160
S1-585063089	S2-156585974
S1-715353504	S2-232974675
S1-197529436	S2-167027893
S1-504306892	S2-653087994
S1-94812018	S2-168927080
S1-34951959	S2-118859950
S1-14096491	S2-498177844
S1-418523901	S3-602859419
S1-841219087	S2-252025528
S1-641458521	S2-839951003
S1-90578763	S2-202521796
S1-996248719	S2-119252939
S1-154718636	S2-151627984
S1-139335003	S2-201287733
S1-820302738	S2-151517057
S1-996098685	S2-144100974
S1-939540300	S2-136450625
S1-495561039	S2-530953632
S1-719740979	S2-510225509
S1-888713625	S2-113549547
S1-961261225	S2-216767649
S1-690284599	S2-168479521
S1-390981452	S2-315667770
S1-254848465	S2-206883739
S1-590400193	S2-384063304
S1-681151249	S2-183547640
S1-606242729	S2-154995241
S1-588429221	S3-482541251
S1-716231988	S2-33447592
S1-434304838	S2-121529456
S1-994802689	S2-157330851
S1-752787069	S2-317752182
S1-437559937	S2-118596726
S1-770817908	S2-615106748
S1-709166147	S2-279971870
S1-971139582	S2-609096783
S1-169617024	S2-151349957
S1-705358951	S2-107451990
S1-289660986	S2-156767973
S1-695296745	S2-16632961
S1-685069295	S2-365403838
S1-229003060	S2-183692572
S1-133045065	S2-397142361
S1-692797446	S2-401342391
S1-623403671	S2-135298336
S1-194871527	S2-105170780
S1-210871959	S2-847528074
S1-723509122	S2-197403855
S1-895901166	S2-269742599
S1-979265032	S2-241180195
S1-420228664	S2-399923261
S1-553295585	S2-120026346
S1-41388494	S2-310472109
S1-114494495	S2-323544708
S1-299169920	S2-634925854
S1-211599525	S2-882058178
S1-909888106	S2-121455148
S1-543145670	S3-643966161
S1-569884173	S2-241180195
S1-554767975	S2-279770889
S1-149344543	S2-168817318
S1-969723964	S2-26031404
S1-224091718	S2-32958569
S1-211239669	S2-17921219
S1-506567506	S2-18590595
S1-648787389	S2-133319770
S1-172700964	S2-113518639
S1-982080093	S2-722118936
S1-492771741	S2-132912353
S1-71482533	S2-245864681
S1-278717731	S2-799600876
S1-492532185	S2-146224964
S1-296078043	S2-152444323
S1-675714320	S2-107167951
S1-417581396	S2-195832146
S1-109704933	S2-114666924
S1-847261709	S2-120741292
S1-852405404	S2-214931265
S1-347129735	S2-105333726
S1-765897563	S2-174648252
S1-166711651	S2-397896569
S1-362769624	S2-363414016
S1-293875494	S2-136264796
S1-559761383	S2-127540102
S1-592422824	S2-112251215
S1-371246982	S2-276331967
S1-162467338	S2-281215812
S1-370553766	S2-283602057
S1-587534913	S2-127301515
S1-265390105	S2-288250210
S1-720346426	S2-285212310
S1-721636350	S2-711192821
S1-58634020	S2-901717426
S1-706613210	S2-279770889
S1-133635094	S2-347584180
S1-503990997	S2-100916746
S1-124016407	S2-924126214
S1-422759127	S2-175505723
S1-178342364	S2-109212012
S1-295805309	S2-160780019
S1-686139763	S2-496209683
S1-285178500	S2-170687002
S1-957993260	S2-241068367
S1-207075370	S2-106960415
S1-531712091	S2-216694000
S1-483900947	S2-303217957
S1-907950826	S2-165527838
S1-872698126	S2-133980290
S1-444082431	S2-114883810
S1-965235875	S2-213018204
S1-316703282	S2-173089152
S1-880145809	S2-10626295
S1-801160193	S2-104987116
S1-137022787	S2-313566598
S1-540091480	S2-113251171
S1-907496870	S2-170164124
S1-72105037	S2-123489145
S1-593930425	S2-110292671
S1-375332602	S2-11647668
S1-467086998	S2-350301129
S1-102360963	S2-100748473
S1-41860815	S2-330325789
S1-365938328	S2-648571597
S1-728551637	S2-160865967
S1-232123593	S3-457700568
S1-826869272	S2-132411410
S1-98173363	S2-121803918
S1-899234038	S2-199028011
S1-425369869	S2-183483978
S1-301795110	S2-211688974
S1-127025286	S2-31191622
S1-567186816	S2-120524438
S1-312156078	S2-810403239
S1-780758227	S2-113650278
S1-112046886	S2-146623589
S1-151957128	S2-17176513
S1-248520624	S2-231433646
S1-979403179	S2-822689473
S1-102721964	S2-113549547
S1-289318914	S2-100412037
S1-877773474	S2-269674948
S1-287716781	S2-14135433
S1-367903104	S2-165445503
S1-611769482	S2-324101170
S1-912704393	S3-272812040
S1-134005237	S2-631660723
S1-439663006	S2-156831649
S1-896487813	S2-176479551
S1-897740465	S2-120013219
S1-536915008	S2-571662788
S1-472461413	S2-135594826
S1-309721097	S2-1687620
S1-321248001	S2-546068083
S1-953401751	S2-18510118
S1-884714129	S2-28547090
S1-166452798	S2-117583299
S1-403488763	S2-35766959
S1-403200746	S2-152259295
S1-28813877	S3-578538578
S1-642798644	S2-536855104
S1-729212836	S2-673906865
S1-660101133	S2-126797676
S1-448844415	S2-444453318
S1-6770507	S2-195885172
S1-944897975	S2-372850965
S1-251394770	S2-109212012
S1-454783119	S2-133319770
S1-961852454	S2-233979818
S1-793342290	S2-470123058
S1-718366676	S2-311010179
S1-422333801	S2-128583426
S1-850996344	S2-57914326
S1-205599474	S2-124724903
S1-929931101	S2-152797173
S1-674841160	S2-11645668
S1-475882988	S2-107007007
S1-73020942	S2-246690955
S1-102390799	S2-151517057
S1-808877405	S2-103858682
S1-315827396	S2-23808152
S1-793024070	S2-114492417
S1-909341166	S2-152259295
S1-954937529	S2-188504872
S1-924272601	S2-691756981
S1-749138865	S2-19438219
S1-865456029	S2-439983333
S1-141571654	S2-151486052
S1-294615245	S2-133422536
S1-753567061	S2-295223495
S1-538390392	S2-128534969
S1-669413767	S2-30538107
S1-979859164	S2-198372882
S1-524976005	S2-135235875
S1-993439913	S2-146320426
S1-576533228	S2-473813053
S1-852307794	S2-550836265
S1-902788635	S2-193027064
S1-80113561	S2-416865105
S1-245584267	S2-169375637
S1-390225356	S2-176717525
S1-571122938	S2-110610051
S1-407694679	S2-457122452
S1-587096890	S2-569305368
S1-347890799	S2-28547090
S1-202168197	S2-156863720
S1-4865657	S2-108102880
S1-704068742	S2-216737315
S1-16695803	S2-180274462
S1-173796163	S2-121071048
S1-61790999	S2-167169760
S1-692250771	S2-231053383
S1-987766858	S2-168267675
S1-588942477	S2-321294083
S1-557997870	S2-156767973
S1-195861227	S2-31866960
S1-641398987	S3-32980452
S1-698613394	S2-175029851
S1-133255879	S2-796816554
S1-988495622	S2-494817677
S1-421505377	S2-126966184
S1-97687174	S2-211011797
S1-351944053	S2-306439767
S1-268204905	S2-134475058
S1-279959184	S2-271131441
S1-401749645	S2-105063698
S1-22737755	S2-177657511
S1-549146189	S2-137960727
S1-641095065	S2-210947837
S1-17671111	S2-136324038
S1-160063866	S2-138530734
S1-859583864	S2-113549547
S1-873304569	S2-306244551
S1-872152291	S2-415064322
S1-883801193	S2-233347205
S1-677739749	S2-136469043
S1-424346094	S2-102114392
S1-760508434	S2-494837385
S1-610439288	S2-178271016
S1-102802361	S2-957378887
S1-400569017	S2-115443163
S1-884944696	S2-116884045
S1-577163053	S2-137944324
S1-749422436	S2-15204191
S1-627940706	S2-213018204
S1-72483315	S2-15721672
S1-364825847	S2-129143281
S1-483812961	S2-114282129
S1-148670932	S2-16522897
S1-751014174	S3-403237757
S1-305667466	S2-365182578
S1-886132807	S2-966710311
S1-801658194	S2-118596726
S1-974622148	S2-503727814
S1-123725507	S2-147418415
S1-406351784	S2-383407163
S1-555166300	S2-221323554
S1-161035563	S2-204527214
S1-920837495	S2-205694807
S1-503405627	S2-105170780
S1-138507891	S2-531341109
S1-600844258	S2-175505723
S1-39320823	S2-137960727
S1-247978822	S2-100481130
S1-123766986	S2-472187092
S1-878798294	S2-15432787
S1-738475979	S2-126079805
S1-591374132	S2-116866062
S1-784124789	S3-293644062
S1-862743155	S2-454548442
S1-954744794	S2-185101229
S1-898310354	S2-462097448
S1-131422959	S2-372536698
S1-450496000	S2-309600951
S1-967533918	S2-100671428
S1-553347750	S2-131166817
S1-571398865	S2-108398734
S1-622499087	S2-177883630
S1-232954227	S2-236075034
S1-49953877	S2-212412299
S1-410707443	S2-108104704
S1-709948744	S2-459015170
S1-401363228	S2-154463090
S1-244005848	S2-271579390
S1-244230473	S2-416660996
S1-855592605	S2-172677176
S1-729089151	S2-192740682
S1-466255447	S3-149159316
S1-524485821	S2-154995611
S1-173122181	S2-137765596
S1-387804477	S2-15962956
S1-616195813	S2-133896495
S1-458408500	S2-922046566
S1-149333357	S2-437037472
S1-311928770	S2-532917721
S1-439729056	S2-103497103
S1-797618831	S2-226111325
S1-84723086	S2-135704117
S1-775711216	S2-884025365
S1-358167354	S2-137858637
S1-160323127	S2-598228233
S1-217372304	S2-249797175
S1-129566709	S2-213956758
S1-769968638	S2-2832806
S1-197191775	S2-277285829
S1-687869057	S2-20395409
S1-750928502	S2-127123447
S1-913866856	S2-105063698
S1-146954736	S2-212230910
S1-811690332	S2-16632961
S1-474732644	S2-288546651
S1-893456730	S2-114492417
S1-899096003	S2-194812790
S1-893785811	S2-109457220
S1-366675134	S2-113518639
S1-466874186	S2-117361123
S1-173778136	S2-510280084
S1-584933241	S2-131236029
S1-959524738	S2-15204191
S1-758576145	S2-134511490
S1-76977534	S2-204943961
S1-933480361	S2-104356168
S1-175438018	S2-117685789
S1-614175375	S2-35104330
S1-684166348	S2-430899033
S1-123760215	S2-226241665
S1-97136767	S2-414571015
S1-903807876	S2-197673799
S1-420272219	S2-139248537
S1-928296714	S3-163772277
S1-372391297	S2-193141644
S1-920194962	S2-992389945
S1-242352336	S2-444296079
S1-616856391	S2-306868063
S1-357326518	S2-132055670
S1-759054752	S2-111259348
S1-358672445	S2-400519868
S1-832441953	S2-113518639
S1-75568266	S2-711243505
S1-782350010	S2-106612714
S1-20573503	S2-867260365
S1-614160523	S2-101207666
S1-418532567	S2-344171119
S1-741069440	S2-258491562
S1-72800115	S2-140032775
S1-824516489	S2-335485768
S1-423772818	S2-151349957
S1-156713861	S2-515624657
S1-365093030	S2-127301515
S1-909826934	S2-134860839
S1-257033709	S2-117706079
S1-881310815	S2-207927534
S1-361284962	S2-329914132
S1-707948466	S2-888619530
S1-62616369	S2-249997354
S1-514150824	S2-205637002
S1-478554403	S2-212268334
S1-994744648	S2-296911325
S1-406043973	S2-114382043
S1-253615210	S2-183692572
S1-770856071	S2-833490174
S1-860577362	S2-110846978
S1-874145231	S2-109331436
S1-293035833	S2-434511932
S1-632696749	S2-247082111
S1-390507912	S2-152670177
S1-791345132	S2-43097619
S1-51858100	S2-302510576
S1-8424814	S2-744304620
S1-46126130	S2-337347558
S1-831434941	S2-31866960
S1-767838627	S2-25575950
S1-196397534	S2-236470244
S1-439643739	S2-1687620
S1-149095269	
S1-634180238	S2-120105386
S1-817896921	S2-146738528
S1-392978306	
S1-459842947	S2-506087085
S1-816342802	S2-274358495
S1-909027340	S2-252556217
S1-298936180	S2-170285770
S1-782738304	S2-486241968
S1-19031450	S2-156585974
S1-941376430	S2-268468099
S1-888227018	S2-183060616
S1-384206170	S2-221780232
S1-530170962	S2-102719245
S1-185508259	S2-133165217
S1-841012173	S2-111491801
S1-999873480	S2-253649604
S1-728350505	S2-212063936
S1-711206890	S2-266404662
S1-254999679	S2-174648252
S1-573940472	S2-12500545
S1-406446168	S2-153359409
S1-238090791	S2-114382043
S1-317253830	S2-136417840
S1-256806583	S2-211838244
S1-403113665	S2-114492417
S1-64806261	S2-222971500
S1-459692643	S2-117470846
S1-35320707	S2-135235875
S1-129172271	S2-146352860
S1-151461567	S2-170593408
S1-518598725	S3-682236806
S1-370254365	S2-163356313
S1-616124062	S2-576273987
S1-529169571	S2-195230171
S1-762020251	S2-119683063
S1-345870202	S2-101720584
S1-810162710	S2-173052979
S1-295424411	S2-181990398
S1-323606749	S2-537941916
S1-532562247	S2-114382043
S1-96843039	S2-371197157
S1-702324451	S2-216888616
S1-248793348	S2-19864400
S1-798210682	S2-198522877
S1-708627344	S2-729212095
S1-75087502	S2-822980121
S1-676935454	S2-133643455
S1-149299582	S2-130263428
S1-239820457	S2-16554622
S1-485663673	S2-178899560
S1-731477293	S2-16632961
S1-959202154	S2-261105274
S1-86492838	S2-247381716
S1-150467159	S2-149352211
S1-73721141	S2-152218110
S1-63821326	S2-100644930
S1-5176861	S2-160988939
S1-121222699	S2-291784125
S1-668842874	S2-915374598
S1-903942090	S2-1380623
S1-405233254	S2-218362977
S1-451034027	S2-298919173
S1-945542493	S2-318407466
S1-13109896	S2-170708259
S1-352093552	S2-317471466
S1-161118366	S2-419388639
S1-869042968	S2-106849827
S1-809587897	S2-26649620
S1-659891044	S2-157974358
S1-538216273	S2-234253827
S1-486003316	S2-100916746
S1-86903706	S2-142706795
S1-291968673	S2-154546132
S1-899782820	S2-164083929
S1-387031807	S2-178312461
S1-680990	S2-227013046
S1-513030430	S2-369910583
S1-611931598	S2-193141644
S1-885161670	S2-596549682
S1-664219193	S2-262808523
S1-486105140	S2-147046526
S1-961344628	S2-192431632
S1-499961462	S2-100748473
S1-406067416	S2-10464836
S1-963497144	S2-451890701
S1-71439292	S2-174585800
S1-63336925	S2-130780959
S1-645723983	S2-138469835
S1-537872834	S2-156100572
S1-3731031	S2-275103890
S1-828933415	S2-145572255
S1-325571406	S2-946620405
S1-833335903	S2-292758632
S1-673706272	S2-486522756
S1-823736582	S2-560179287
S1-621005440	S2-125808544
S1-357798881	S2-158168028
S1-238683247	S2-103829125
S1-294997894	S2-217163356
S1-539975931	S2-996079763
S1-436422686	S3-307161884
S1-50370317	S2-107949891
S1-727200153	S2-144978780
S1-356195378	S2-384931890
S1-971156999	S2-340332712
S1-356754751	S2-58957266
S1-270123694	S2-377437973
S1-90909924	S2-121608485
S1-442933474	S2-135833658
S1-101363800	S2-1056557
S1-436257588	S2-110181471
S1-249161373	S2-278237115
S1-427885777	S2-106612714
S1-688958188	S2-101064261
S1-257516667	S2-310044746
S1-517061148	S2-508737877
S1-72428401	S2-115528295
S1-658157901	S2-189632055
S1-595784172	S2-626116982
S1-93248571	S2-411693311
S1-536806784	S2-15080094
S1-113071849	S2-230117847
S1-406265052	S2-208591459
S1-623064067	S2-235300796
S1-917883558	S2-103579619
S1-774961930	S2-110314131
S1-744155703	S2-117686910
S1-488674329	S3-457700568
S1-718211730	S2-160518943
S1-459890211	S2-104356168
S1-47921844	S2-591299177
S1-383103394	S2-143602303
S1-455097506	S2-105791757
S1-103913633	S2-352286113
S1-337669511	S2-842489508
S1-974269750	S2-201287733
S1-980580361	S2-11425427
S1-369277333	S2-432532406
S1-916027958	S2-244104923
S1-175749993	S2-22257136
S1-788080073	S2-105170780
S1-208114022	S2-260108321
S1-597396032	S2-104628524
S1-230556569	S2-915849945
S1-776131458	S2-16681311
S1-920892943	S2-149600849
S1-158876562	S2-374269694
S1-658600591	S2-149352211
S1-301319859	S2-453821747
S1-532688438	S2-106832566
S1-618450382	S2-369663211
S1-104307827	S2-18746117
S1-169293638	S2-208160492
S1-606447255	S2-11649584
S1-415262444	S2-114892277
S1-435973459	S2-201287733
S1-388098734	S2-392853279
S1-378487073	S2-147852121
S1-462512071	S2-148032374
S1-626852563	S2-246594439
S1-87152466	S2-210637945
S1-321543314	S2-11447624
S1-701826240	S2-581906357
S1-932205821	S2-251651760
S1-253175848	S2-847657009
S1-614743024	S2-140667086
S1-580322355	S2-389276561
S1-668196437	S2-123344806
S1-85335129	S2-259868370
S1-315334332	S2-183343399
S1-226773632	S2-14375922
S1-881621263	S2-15810023
S1-999864022	S2-450140174
S1-899752192	S2-219054647
S1-129551040	S2-102696365
S1-146365568	S2-140397695
S1-411393928	S2-127590156
S1-304865001	S2-190890183
S1-317164895	S2-132246004
S1-342322978	S2-104426625
S1-125862960	S2-112701837
S1-970024303	S2-108367390
S1-475054559	S2-113518639
S1-355101591	S2-228094138
S1-304471163	S2-110314131
S1-305553551	S2-206811926
S1-417940524	S2-100864319
S1-959382267	S2-750671652
S1-841887701	S2-500026393
S1-838249767	S2-151714966
S1-998896777	S2-126797676
S1-239756507	S2-224235218
S1-385414882	S2-378495352
S1-109037435	S2-794338313
S1-79065770	S2-142539430
S1-879322960	S2-211181795
S1-567171118	S2-135768742
S1-556562831	S2-231551811
S1-865414079	S2-107949891
S1-473581196	S2-417977703
S1-593265830	S2-249149450
S1-428878260	S2-253384083
S1-915997245	S2-157974358
S1-430868540	S2-48881524
S1-299851645	S2-33558725
S1-947220870	S2-661297
S1-593381341	S2-159095254
S1-704029409	S2-126156898
S1-48209572	S2-105170780
S1-558116036	S2-680285513
S1-915017639	S2-102114392
S1-70224988	S2-138807871
S1-963679853	S2-193952945
S1-346414712	S2-127551463
S1-839715682	S2-128721218
S1-666141703	S2-377012318
S1-261537087	S2-114382043
S1-701544871	S2-193777815
S1-313802927	S2-738669861
S1-208607063	S2-530347704
S1-205260027	S2-111295053
S1-864602298	S2-51403849
S1-624553978	S3-577046053
S1-962024451	S2-109137019
S1-462130733	S2-13520596
S1-290003541	S2-487640442
S1-650471435	S3-426212511
S1-177891465	S3-302750612
S1-651925385	S2-373630381
S1-314149080	S2-281392132
S1-397466835	S2-172969502
S1-315805608	S2-210947837
S1-535731460	S2-769886885
S1-258680479	S2-469882404
S1-262430684	S2-200861073
S1-1765896	S3-263316058
S1-506247695	S2-429836656
S1-345939600	S2-519360818
S1-285672609	S2-240940602
S1-108711914	S2-240824878
S1-979094494	S2-200861073
S1-410966993	S2-557787960
S1-281930551	S2-154995241
S1-952062841	S2-274037406
S1-127340073	S2-268354280
S1-638221353	S2-508215373
S1-738753562	S2-118859950
S1-940445697	S2-120741292
S1-325433013	S2-482342857
S1-258754083	S2-119683936
S1-2109489	S2-188965366
S1-55983242	S2-238364607
S1-150666601	S2-879924445
S1-230000298	S2-697584058
S1-31710288	S2-235755636
S1-902173886	S2-228243723
S1-196995108	S2-897705505
S1-758965265	S2-370622024
S1-993676670	S2-335109000
S1-855574002	S2-252025528
S1-981336904	S2-31604087
S1-786953716	S2-142706795
S1-71312215	S2-265930772
S1-167146072	S2-125853815
S1-140846849	S2-124474593
S1-734647695	S2-182016047
S1-750545262	S2-860671350
S1-912291805	S2-15340838
S1-310932236	S2-103509557
S1-149990139	S2-397154820
S1-37003003	S2-15662875
S1-410098763	S2-220573948
S1-470212756	S2-73594764
S1-421121032	S2-134010517
S1-420370812	S2-111166006
S1-435606395	S2-230902727
S1-344308771	S2-533437687
S1-475546205	S2-172547963
S1-610669151	S2-100916746
S1-487499470	S2-175572036
S1-569558	S2-182016047
S1-833733517	S2-297519875
S1-360201984	S2-105063698
S1-472570797	S2-158777919
S1-928498206	S2-173404815
S1-267550963	S2-109620721
S1-617708386	S2-100405502
S1-61186294	S2-676759531
S1-392436845	S2-330326429
S1-17886712	S2-103858682
S1-686420656	S2-430831209
S1-177306710	S2-170861418
S1-77265181	S2-243058147
S1-933507238	S2-332955755
S1-476273116	S2-136264796
S1-918146787	S2-227428953
S1-857068402	S2-235965857
S1-807330892	S2-259750912
S1-85839250	S2-231279497
S1-705130948	S2-110209548
S1-520388853	S2-153105296
S1-562278344	S2-331626457
S1-477303714	S3-350763603
S1-763127395	S2-144978780
S1-536254533	S2-75630200
S1-70182985	S2-241008529
S1-254424163	S2-173052979
S1-110276999	S2-184626259
S1-713623673	S2-115964797
S1-108379668	S2-265128744
S1-770795093	S2-416689065
S1-557345334	S2-987832468
S1-68903334	S2-548535207
S1-850675268	S2-109385680
S1-491484745	S2-114833864
S1-538301292	S2-805014166
S1-551311169	S2-317348282
S1-935570067	S2-143081706
S1-266506778	S2-163077456
S1-871821494	S2-175505723
S1-937512037	S2-105972355
S1-213893648	S2-491355884
S1-56655707	S2-113794634
S1-956013771	S2-105063698
S1-331112931	S2-268152666
S1-698566210	S2-183239476
S1-26803856	S2-105063698
S1-445496513	S2-31262554
S1-600506267	S2-235089435
S1-822064771	S2-390944637
S1-322822732	S2-103715132
S1-804861975	S2-113650278
S1-374579495	S2-356555411
S1-483881129	S2-19857513
S1-480377025	S2-126567648
S1-695461664	S2-104628524
S1-43211930	S2-333661608
S1-895692350	S2-266187717
S1-951061876	S2-276550558
S1-211213418	S2-112282297
S1-981586799	S2-274370002
S1-78643357	S2-93477714
S1-172700825	S2-144454801
S1-489516160	S2-105990795
S1-76776886	S2-323206192
S1-658242682	S2-130263428
S1-190185102	S2-221323554
S1-599683230	S2-19086786
S1-285066365	S2-270951430
S1-263845525	S3-605768915
S1-211248539	S2-175562680
S1-349932353	S2-492200140
S1-312724786	S2-490227947
S1-715054357	S2-193141644
S1-883676742	S2-22436301
S1-221493428	S2-273491761
S1-25571518	S2-549851030
S1-398846115	S2-231928290
S1-574708080	S2-524539011
S1-314817128	S2-280485352
S1-266585018	S2-115310866
S1-88322932	S2-113759962
S1-481948594	S2-104426625
S1-541292291	S2-135594826
S1-12819119	S2-135704117
S1-519562475	S2-402378347
S1-824698810	S2-256825144
S1-287798335	S2-290442715
S1-162061422	S2-155389765
S1-696142654	S2-121529456
S1-531407942	S2-306549381
S1-160340131	S2-255711572
S1-465894667	S2-213396165
S1-122826791	S2-133896495
S1-173511877	S2-983818573
S1-861755050	S2-295291362
S1-491141920	S3-317646802
S1-140378760	S2-279770889
S1-267727877	S2-51182627
S1-160503376	S2-119252939
S1-675671650	S2-210637945
S1-59247291	S2-276824564
S1-416477410	S2-21934404
S1-49394881	S2-144559969
S1-335700469	S2-252306289
S1-87964180	S2-795061277
S1-563389647	S2-648698358
S1-975680406	S2-120524438
S1-848066157	S2-302448833
S1-713854433	S2-744708654
S1-342767270	S2-170498924
S1-157773119	S2-111491801
S1-446257741	S2-333812570
S1-661988462	S2-232817501
S1-265188966	S2-206117137
S1-933143078	S2-491667492
S1-893409515	S2-111898260
S1-282640059	S2-153399240
S1-468252603	S2-444386813
S1-480165059	S2-296080848
S1-45636321	S2-427900129
S1-656476259	S2-249149450
S1-665216851	S2-694731036
S1-634613828	S2-128583426
S1-778782543	S2-213633284
S1-674725675	S2-204534879
S1-915923495	S2-180896135
S1-499763811	S2-439423049
S1-793186121	S2-211688974
S1-477442096	S2-506624827
S1-194121789	S2-175561761
S1-29638685	S3-18491818
S1-966449191	S2-707157929
S1-270604464	S2-303313812
S1-19249589	S2-129512307
S1-738475489	S2-36273141
S1-923533410	S2-741495360
S1-869717540	S2-54552373
S1-646423321	S2-116905971
S1-180737173	S2-585903111
S1-735455906	S2-802800935
S1-324509380	S2-15662875
S1-798213940	S2-119252939
S1-619487651	S2-190335365
S1-800297051	S2-602884504
S1-324401038	S2-470110029
S1-899439059	S2-517917056
S1-773019131	S2-58081461
S1-860837931	S2-831274173
S1-507726500	S2-105567957
S1-129755253	S2-128583426
S1-675037439	S2-127191165
S1-974241796	S2-320583452
S1-673538322	S2-135569448
S1-112899603	S2-66055405
S1-160131111	S2-938808173
S1-224250696	S2-154293201
S1-69681564	S2-129901056
S1-91795044	S2-142611436
S1-263094055	S2-128244446
S1-187969980	S2-179029030
S1-376084281	S2-400311867
S1-8313541	S3-137715666
S1-27748248	S2-124061228
S1-169572518	S2-552796593
S1-858478278	S2-269207648
S1-653255919	S2-126079805
S1-602183747	S2-113942391
S1-935897630	S2-195221232
S1-10429353	S2-244552582
S1-407513739	S2-617297321
S1-846127428	S2-155499683
S1-615560315	S2-338919402
S1-523795709	S2-154610339
S1-408544466	S2-100916746
S1-796508491	S2-301777281
S1-609849067	S2-397769216
S1-735503468	S2-741203647
S1-642589785	S2-170158554
S1-402948576	S2-148870882
S1-344218028	S2-17988363
S1-415755117	S2-642767743
S1-543028837	S2-238271854
S1-862596532	S2-194996270
S1-664626604	S2-209859622
S1-978021846	S2-436345181
S1-595264591	S2-105063698
S1-457195581	S2-833561692
S1-839908428	S2-225012850
S1-286264350	S2-705054557
S1-610793763	S2-149457008
S1-359853750	S2-29656414
S1-209386135	S2-107018805
S1-945654887	S2-138530734
S1-392323012	S2-10626295
S1-546788408	S2-36825747
S1-747493493	S2-246590869
S1-387626246	S2-439983333
S1-961730174	S2-201287733
S1-22866641	S2-148032374
S1-729278271	S2-390779746
S1-335480732	S2-223080914
S1-619972638	S2-370966162
S1-327539004	S2-43820231
S1-203073147	S2-286540898
S1-485346485	S2-109620721
S1-838207922	S2-100072987
S1-986377032	S2-250843827
S1-455516258	S2-508906749
S1-342733770	S2-11895238
S1-243361206	S2-116536060
S1-498123204	S2-433949839
S1-886896112	S2-322738067
S1-833355180	S2-25788171
S1-298901977	S2-119252939
S1-63397969	S2-146262552
S1-606408482	S2-37387484
S1-571144298	S2-246166655
S1-724867486	S2-183343399
S1-728296566	S2-268983395
S1-22641449	S2-365628672
S1-841037392	S2-261703898
S1-956220640	S2-147804688
S1-553647651	S2-165782552
S1-642461111	S2-22436301
S1-741105689	S2-114282129
S1-726387045	S2-493308292
S1-834194094	S2-527015455
S1-158629374	S2-12364648
S1-220286315	S2-116905971
S1-994207642	S2-151349957
S1-939998609	S2-143192085
S1-973371176	S2-132899138
S1-242748900	S2-461425675
S1-808627369	S2-114833864
S1-640247048	S2-385165811
S1-742640671	S2-963358708
S1-253461588	S2-108355285
S1-642156747	S2-139047257
S1-760038618	S2-102081269
S1-320605078	S2-296815801
S1-350722896	
S1-906998708	S2-204527214
S1-917428860	S2-367421762
S1-250457429	S2-634771999
S1-987269818	S2-208719046
S1-986152708	S2-169497377
S1-238203805	S2-33373036
S1-131387216	S2-184095445
S1-490535198	S2-138120598
S1-950150722	S2-266309090
S1-802308240	S2-214055315
S1-796763060	S2-373827806
S1-624105926	S2-104356168
S1-510628339	S2-668015529
S1-241902315	S2-211688974
S1-837383581	S2-144978780
S1-878956320	S2-180738068
S1-933904337	S2-205637002
S1-771590180	S2-110846978
S1-215760888	S2-1005387
S1-21554917	S2-174707831
S1-719714708	S2-661285541
S1-139720900	S2-128583426
S1-902877752	S2-126114325
S1-538855798	S2-209701533
S1-17428332	S2-138530734
S1-202017937	S2-380983999
S1-289713130	S2-410979631
S1-25655041	S2-16554622
S1-717959289	S2-165527838
S1-769908893	S2-552243393
S1-176873316	S2-309309878
S1-267879236	S2-703053790
S1-602156907	S2-250757650
S1-84351801	S2-135768742
S1-355564031	S3-245731671
S1-799863861	S2-198522877
S1-173738648	S2-12364648
S1-627612055	S2-877315546
S1-293656341	S2-122052108
S1-8534732	S2-100671428
S1-954428399	S2-594140957
S1-77747906	S2-246296163
S1-843466405	S2-171650228
S1-484012585	S2-579263418
S1-2665228	S2-740994296
S1-176766994	S2-140699900
S1-751924734	S2-173699387
S1-783317478	S2-109385680
S1-140302329	S2-270889792
S1-689946563	S2-327601649
S1-700557137	S2-117856623
S1-131093693	S2-108631381
S1-267915008	S2-140001073
S1-729397958	S2-29196169
S1-736252943	S2-191343599
S1-979472703	S2-288067955
S1-921003724	S2-217619041
S1-898969758	S2-151349957
S1-933738846	S2-108101105
S1-13798486	S2-197047067
S1-480783036	S2-338608531
S1-348937264	S2-2424207
S1-668249022	S2-163032663
S1-588015070	S2-370093729
S1-66211223	S2-670609487
S1-88796036	S2-535561924
S1-790956563	
S1-483932060	S2-54614998
S1-187727266	S2-391477857
S1-989710975	S2-471790835
S1-962358044	S2-321921820
S1-956987959	S2-126561582
S1-427337275	S2-614814615
S1-869931920	S2-105333726
S1-186386511	S2-268152666
S1-866291957	S2-156767973
S1-543540061	S2-315001291
S1-466042431	S2-908443796
S1-966140752	S2-206782156
S1-239174165	S2-116884045
S1-851171632	S2-217163356
S1-376659432	S2-217426194
S1-540888036	S2-186541201
S1-607985672	S2-698715677
S1-423185025	S2-223916618
S1-747175132	S2-167327742
S1-478803461	S2-139272719
S1-672627288	S2-114492417
S1-210969639	S2-1510056
S1-651960782	S2-175572036
S1-89677886	S2-237216747
S1-445305037	S2-160651512
S1-46170315	S2-114666924
S1-403654782	S2-253293261
S1-784467228	S2-148846006
S1-531909603	S2-625825249
S1-715256975	S2-159921224
S1-5848969	S2-21513819
S1-774233510	S2-16193684
S1-620145393	S3-144347972
S1-560638853	S2-114382043
S1-250056473	S2-794353827
S1-890786371	S2-184146475
S1-945904134	S2-127048112
S1-108375570	S2-295291362
S1-22379621	S2-853863617
S1-387343772	S2-15962956
S1-341026536	S2-247697791
S1-117432354	S2-533652105
S1-683402167	S2-794033817
S1-39637905	S2-269871164
S1-443558864	S2-154293201
S1-813343249	S2-225012850
S1-394491228	S2-150148943
S1-350661258	S2-184727901
S1-739484611	S2-296004803
S1-2326728	S2-114301465
S1-741482148	S2-662973019
S1-839197091	S2-166503856
S1-14127043	S2-347708212
S1-460005471	S2-764832178
S1-570633624	S2-129961329
S1-409257741	S2-11715294
S1-281236498	S2-140013755
S1-271498654	S2-114764951
S1-197042224	S2-676466327
S1-329958841	S2-137981508
S1-762946636	S2-340332712
S1-803044725	S2-13503891
S1-909039009	S2-108102880
S1-572273382	S2-908472247
S1-68255746	S2-976637842
S1-69229453	S2-116268001
S1-822815679	S2-431849009
S1-10295366	S2-613908995
S1-19238508	S2-177177703
S1-542235360	S2-292744667
S1-657296748	S2-105063698
S1-221417110	S2-446459185
S1-242305174	S2-160573432
S1-980687727	S2-100072987
S1-655688265	S2-193201819
S1-738115241	S2-113549547
S1-401553355	S2-124674758
S1-428451581	S2-158485960
S1-624433346	S2-146830318
S1-89395210	S2-144786642
S1-214347917	S2-494031683
S1-693843510	S2-58218178
S1-736923340	S2-652206170
S1-701688498	S2-110085448
S1-991057047	S2-307753420
S1-693252418	S2-822017001
S1-878082042	S2-215580235
S1-293631270	S2-751921249
S1-380100235	S2-395487063
S1-756607719	S2-101777805
S1-527288770	S2-234495967
S1-173816668	S2-135594826
S1-354444400	S2-263932673
S1-836561694	S2-232862115
S1-373663390	S2-170158554
S1-674134414	S2-631072107
S1-802354505	S2-29561328
S1-184369559	S2-128534969
S1-855856732	S2-134255993
S1-762189895	S2-136339269
S1-697401095	S2-330358973
S1-964617166	S2-226617344
S1-39924556	S2-132912353
S1-723766570	S2-737906333
S1-106178549	S2-609858478
S1-14888119	S2-180359297
S1-256438344	S2-123899032
S1-309500876	S2-138530734
S1-26821564	S2-112175770
S1-269921695	S3-168083683
S1-977818388	S2-301395698
S1-280290980	S2-628151135
S1-815866430	S2-106612714
S1-165099225	S2-143849145
S1-679923086	S2-596330197
S1-801579757	S2-133058547
S1-110510552	S2-405010588
S1-98639504	S2-283795867
S1-724744114	S2-536547377
S1-138368779	S2-15432787
S1-140852379	S2-101332592
S1-933535832	S2-110209548
S1-234442559	S2-111276707
S1-913021801	S2-24910266
S1-621404988	S2-136264796
S1-312523259	S2-166867192
S1-132952952	S2-225771763
S1-559992207	S2-122256652
S1-854166630	S2-390897436
S1-687794676	S2-469695512
S1-733454512	S2-32958569
S1-860424792	S2-157735680
S1-730337643	S2-243175249
S1-828838208	S2-239584700
S1-386132529	S2-455310129
S1-32006399	S2-219054647
S1-895727088	S2-125367768
S1-845633768	S2-126561582
S1-920132837	S2-352857127
S1-459312732	S2-535861391
S1-560440019	S2-239146177
S1-991203874	S2-101593535
S1-300743711	S2-18988700
S1-686011971	S2-175561761
S1-298414411	S2-156767973
S1-665669920	S2-104426625
S1-823248721	S2-110970747
S1-1721953	S2-201287733
S1-623517725	S2-110353012
S1-768169645	S2-196199942
S1-851202384	S2-122574101
S1-673235727	S2-12761411
S1-906237051	S2-59752300
S1-511741979	S2-390766383
S1-26238948	S2-141096860
S1-224937875	S2-183182802
S1-395261737	S2-122752051
S1-330086719	S2-205773898
S1-166103594	S2-117856623
S1-125834933	S2-322016214
S1-73316568	S3-466123886
S1-117065497	S2-237216747
S1-53959786	S2-196469389
S1-83195677	S2-815713557
S1-269876698	S2-512723401
S1-210451640	S2-153745838
S1-625116740	S2-144454801
S1-790039086	S2-113518639
S1-286120360	S2-207497079
S1-347304557	S2-367431063
S1-98460538	S2-128721218
S1-140954329	S2-393155033
S1-727538330	S2-136332889
S1-552284079	S2-510479037
S1-661954186	S2-144978780
S1-563207226	S2-448691339
S1-854257130	S2-882058178
S1-394397195	S2-359418367
S1-881153374	S2-167868220
S1-536522516	S2-108397698
S1-683246600	S2-37992416
S1-956244799	S2-1510056
S1-538885031	S2-219793554
S1-941781347	S2-185101229
S1-696415516	S2-20373993
S1-227017794	S2-112001303
S1-221231780	S2-275563132
S1-335678980	S2-216092132
S1-530659270	S2-114382043
S1-103331570	S2-160806235
S1-729258912	S2-383147248
S1-944321474	S2-169375637
S1-309215197	S2-109562216
S1-171050433	S2-238271854
S1-944685744	S3-152491040
S1-480374136	S2-104042978
S1-694473654	S2-154995241
S1-259010078	S2-520760356
S1-571834613	S2-485338198
S1-739797211	S2-10050603
S1-960199634	S2-234022870
S1-808717310	S2-161415312
S1-23058836	S2-633292793
S1-965278861	S2-241068367
S1-689601198	S2-105170780
S1-747861101	S2-154293201
S1-925924365	S2-112282297
S1-261613849	S2-371152682
S1-73660642	S2-117583299
S1-996047025	S2-10717394
S1-100122317	S2-407339207
S1-428374922	S2-167129496
S1-834618351	S3-325246353
S1-324330218	S2-138530734
S1-648295069	S2-105622566
S1-215206193	S2-10464836
S1-825351745	S2-126737699
S1-174723317	S2-907765432
S1-406289425	S2-11079141
S1-230278554	S2-108551486
S1-206207156	S2-193832440
S1-719454654	S2-433612869
S1-560325454	S2-441414857
S1-743689123	S2-177604620
S1-547872011	S2-218574521
S1-211843485	S2-492670920
S1-655688895	S2-244481255
S1-198767674	S2-865374485
S1-617165355	S2-220803266
S1-62205513	S2-114555853
S1-943789777	S2-481901528
S1-792586057	S2-149966728
S1-550367436	S2-107804129
S1-578969146	S2-180893509
S1-25350481	S2-298499742
S1-573447861	S2-252447018
S1-50773012	S2-104628524
S1-53378564	S2-180319076
S1-327034287	S2-775721928
S1-904574887	S2-479225066
S1-403875591	S2-114492417
S1-53673214	S2-114282129
S1-207852583	S2-135594826
S1-432275786	S2-511025192
S1-707708298	S2-260337113
S1-654436460	S2-366652074
S1-505488250	S2-101818836
S1-716782433	S2-345240525
S1-718098902	S2-603999099
S1-527257564	S2-263601550
S1-714329325	S2-196469389
S1-311936925	S2-202887559
S1-260951945	S2-153359409
S1-670225337	S2-205694807
S1-362063019	S2-595391932
S1-37704707	S2-278546349
S1-620085288	S2-21664409
S1-150443792	S2-179569518
S1-615013118	S2-149603547
S1-220235933	S2-218161844
S1-836906131	S2-582806586
S1-993618935	S2-229385995
S1-313494209	S2-750158401
S1-707326080	S2-23285103
S1-734505774	S2-250661375
S1-4060393	S2-27837641
S1-261137690	S2-498357469
S1-125598698	S2-158611538
S1-28782837	S2-134416636
S1-418808766	S2-13520596
S1-732980514	S2-113794634
S1-754103324	S2-21428070
S1-532989584	S2-27194860
S1-132823721	S2-263461310
S1-28702976	S2-459056395
S1-305596173	S2-115909402
S1-665555995	S2-201789889
S1-669929505	S2-102858565
S1-854879243	S2-523165374
S1-711096000	S2-149603547
S1-852571966	S2-141490268
S1-209113689	S2-14411975
S1-86629491	S2-244160387
S1-5841304	S2-109385680
S1-70518220	S2-1862508
S1-43936497	S3-215505161
S1-176626868	S2-31604087
S1-954519290	S2-640911171
S1-288479659	S2-20821310
S1-421126020	S2-107804129
S1-897439439	S2-167333090
S1-287335409	S2-10872773
S1-220385488	S2-65097397
S1-208029006	S2-127551463
S1-414612978	S2-332665662
S1-994757313	S2-14319025
S1-154888532	S2-11425427
S1-85303635	S2-106935557
S1-817783724	S2-850934098
S1-565641781	S2-681186422
S1-165857777	S2-400311867
S1-641832326	S2-260323026
S1-797080115	S2-122522807
S1-691005677	S2-153105296
S1-170780445	S2-371787572
S1-546140515	S2-115899772
S1-604262138	S2-104426625
S1-46183728	S2-118596726
S1-517620762	S2-196643238
S1-422431573	S2-11013333
S1-397445983	S2-104356168
S1-988437688	S2-391148621
S1-911012067	S2-505344076
S1-280879705	S2-100916746
S1-807628856	S2-203148770
S1-618318002	S2-265128744
S1-737233017	S2-266686952
S1-828091412	S2-100916746
S1-859470907	S2-113251171
S1-903628027	S2-280995036
S1-564642818	S2-397254399
S1-141668628	S2-15662875
S1-881484101	S2-108657153
S1-318323791	S2-114236380
S1-490395767	S2-268979010
S1-607093649	S2-579197602
S1-441101512	S2-232405291
S1-275083587	S2-365545930
S1-167045221	S3-546073884
S1-723745293	S2-203148770
S1-677797375	S2-246296163
S1-73044948	S2-124346986
S1-610113167	S2-212063936
S1-97450814	S2-318679869
S1-780594520	S2-231103800
S1-940066892	S2-104356168
S1-623144748	S2-213114870
S1-913514235	S2-500375863
S1-485312459	S2-301395698
S1-79976766	S2-577716290
S1-268285199	S2-12019204
S1-857263941	S2-125892254
S1-682249197	S2-151803194
S1-875198731	S2-136548496
S1-226643108	S2-265820620
S1-474425780	S2-113946279
S1-582378704	S2-134416636
S1-915669538	S2-450140174
S1-279555308	S2-143539554
S1-922690554	S2-105063698
S1-715727860	S2-150273276
S1-357177344	S2-134613502
S1-331088898	S2-210294184
S1-350524044	S2-455612869
S1-700447045	S2-207592078
S1-904844059	S2-140187977
S1-614219325	S2-22853487
S1-217859068	S2-111362366
S1-485567300	S2-288243726
S1-360044652	S2-550060486
S1-309602370	S3-185865351
S1-851608660	S2-141490268
S1-44228080	S2-692246855
S1-900600485	S2-312354127
S1-771855495	S2-231209187
S1-109742654	S2-718303968
S1-585355015	S2-166992002
S1-734228259	S2-108657153
S1-630561478	S2-370548900
S1-200540576	S2-99221355
S1-819625711	S2-105567957
S1-318051088	S2-109331436
S1-672753154	S2-137960727
S1-770892475	S2-286347374
S1-561921743	S2-156828664
S1-486229288	S2-218424342
S1-567591970	S2-195073131
S1-331705332	S2-139625471
S1-53878698	S2-264733396
S1-700980674	S2-156801402
S1-86165011	S2-205813606
S1-188299702	S2-854707418
S1-841009399	S2-490227947
S1-464362444	S2-125808544
S1-437479304	S2-556780749
S1-423792024	S2-224339656
S1-748033594	
S1-580103364	S2-133422536
S1-799317515	S2-106849827
S1-399491682	S2-754743646
S1-581560251	S2-686100511
S1-51474464	S2-121959116
S1-251556121	S2-523707320
S1-915348353	S2-307728355
S1-21240542	S2-18265113
S1-776753062	S2-148972452
S1-620525720	S2-210508624
S1-460822131	S2-202713214
S1-324760819	S2-115017582
S1-504998980	S3-226384329
S1-634412799	S2-230485685
S1-350930984	S2-925323993
S1-383620798	S2-586458885
S1-288451419	S2-151617208
S1-695113940	S2-204483352
S1-699833922	S2-108055446
S1-546184841	S2-288067955
S1-754440704	S2-141259193
S1-493710224	S2-643667448
S1-552396675	S2-461178481
S1-375266965	S2-340896534
S1-156143307	S2-126797676
S1-769212911	S2-211581301
S1-425496928	S3-228800235
S1-523296598	S2-326534671
S1-552878752	S2-2247527
S1-171542203	S2-24469307
S1-725420551	S2-609834475
S1-844438699	S2-238597096
S1-29738533	S2-509169675
S1-172325432	S2-186588275
S1-876965353	S2-20395409
S1-896973821	S2-631072107
S1-956877496	S3-224670014
S1-759899439	S2-313208743
S1-37091456	S2-216925225
S1-872206169	S2-102858565
S1-419492200	S2-160674235
S1-612696496	S2-129468287
S1-581095734	S2-882985026
S1-318522026	S2-151525894
S1-858950454	S2-122495776
S1-682924986	S2-175029851
S1-357540238	S2-381329794
S1-465011172	S3-105591389
S1-898887539	S2-146320426
S1-99583497	S2-368409184
S1-846071210	S2-135160059
S1-358445220	S2-193820924
S1-742121276	S2-628025461
S1-894092820	S2-48159184
S1-288112063	S2-183343399
S1-622888423	S2-193611017
S1-471254973	S3-283652340
S1-281088937	S2-764689758
S1-845272069	S2-110600062
S1-425836491	S2-155389765
S1-596530945	S2-107451990
S1-938140590	S2-180359297
S1-556637108	S2-115574984
S1-2423897	S2-332796086
S1-303286414	S2-103675807
S1-791168301	S2-173038554
S1-424574576	S2-286650001
S1-594286618	S2-284346512
S1-625484557	S2-764312004
S1-313815333	S2-180893509
S1-740383519	S2-385305736
S1-450437115	S2-3591119
S1-509435667	S2-133058547
S1-540575647	S2-21622579
S1-123344579	S2-198522877
S1-114119357	S2-155389765
S1-902088990	S2-813186458
S1-369468744	S2-440360472
S1-867470784	S2-355881306
S1-895663432	S2-126737699
S1-215548160	S3-266062243
S1-504708672	S2-229164107
S1-547872060	S2-123805906
S1-84394445	S2-127987287
S1-478180969	S2-285385322
S1-409564121	S2-535836307
S1-249290680	S2-230684526
S1-977415676	S2-109659492
S1-37275897	S2-219354680
S1-614182578	S2-223435837
S1-708400226	S2-11447624
S1-202527037	S2-243438405
S1-582203864	S2-150266252
S1-429608910	S2-592225299
S1-46925412	S2-139977195
S1-869591991	S2-211236447
S1-727088267	S3-468974907
S1-638567062	S2-16681311
S1-202542861	S3-206406326
S1-477185258	S2-288243726
S1-802366909	S2-154546132
S1-419136348	S2-217625325
S1-135063603	S2-107369745
S1-412323824	S2-606448897
S1-549662422	S2-294119952
S1-701798231	S2-23003302
S1-212055126	S3-3995940
S1-273955802	S2-380019332
S1-236607161	S2-309309878
S1-103010128	S2-400668593
S1-583709258	S2-628194240
S1-275919073	S2-191800104
S1-3158077	S2-322016214
S1-747398222	S2-142229905
S1-40239233	S2-404862650
S1-10048099	S2-231818808
S1-942393303	S2-175505723
S1-584446182	S2-155062225
S1-329444023	S2-524249612
S1-831463493	S2-110600062
S1-650693603	S2-139875614
S1-45012408	S2-355364158
S1-466333379	S2-872126182
S1-165705021	S2-258266547
S1-275074666	S2-103165595
S1-352090975	S2-151739715
S1-42158971	S2-526896477
S1-80043768	S2-141909861
S1-162794263	S2-107968674
S1-389490868	S2-6639267
S1-500605522	S2-165189544
S1-690748949	S2-177177703
S1-170356283	S2-117190522
S1-807473164	S2-108123292
S1-411941245	S2-11079141
S1-142818967	S2-203774659
S1-225111735	S2-146320426
S1-732492481	S2-129468287
S1-376723347	S2-17282572
S1-433678998	S2-180630125
S1-256362134	S2-730432676
S1-750853374	S2-894601331
S1-631865399	S2-448891898
S1-717383117	S2-771392146
S1-779127115	S2-106365511
S1-664992539	S2-49154688
S1-242398173	S2-181112885
S1-273883882	S2-808765483
S1-716389893	S2-205467189
S1-264202033	S2-191800104
S1-107858589	S2-829795207
S1-164446082	S2-625231910
S1-265466824	S2-347221026
S1-159012568	S2-10711015
S1-38173649	S2-123344806
S1-136731499	S2-452109199
S1-651386858	S2-2322601
S1-807435912	S2-150148943
S1-213483563	S2-490724985
S1-279638685	S2-151707964
S1-871707454	S2-488349979
S1-219911274	S2-381024280
S1-928671848	S2-18585885
S1-691779039	S2-204828242
S1-947349299	S2-200450444
S1-616678811	S2-175572036
S1-901272067	S2-228514564
S1-337530222	S2-380563156
S1-681980833	S2-114892277
S1-912141441	S2-178899560
S1-387429978	S2-987331425
S1-177284754	S2-107583001
S1-730727771	S2-227790043
S1-33787669	S2-132479620
S1-266098952	S2-257435864
S1-367929716	S2-144978780
S1-343731538	S2-430732912
S1-110152258	S2-468753772
S1-982428128	S2-434761676
S1-57255836	S2-698671542
S1-332443696	S3-225018402
S1-476321539	S2-105567957
S1-560567668	S2-198071369
S1-85857396	S2-270388622
S1-768681494	S2-445220264
S1-280107093	S2-455801623
S1-576746142	S2-167461920
S1-615959735	S2-372514022
S1-609496590	S2-270388622
S1-536392702	S2-108631381
S1-259942047	S2-187430087
S1-13697430	S2-144100974
S1-15929875	S2-804216892
S1-735139411	S2-231780501
S1-613863405	S2-556442668
S1-84417218	S2-195708552
S1-284644662	S2-153161854
S1-366081313	S2-291452809
S1-726104	S2-149418227
S1-58282453	S2-135594826
S1-687177743	S2-19438219
S1-56625539	S2-142964195
S1-724535077	S2-124303667
S1-266082113	S2-114508506
S1-598401367	S2-289223955
S1-571180605	S2-191971646
S1-942966329	S2-136317148
S1-301297984	S2-28259493
S1-783383219	S2-579867775
S1-145099878	S2-17345120
S1-612730118	S2-268322202
S1-655128292	S2-127691185
S1-412051377	S2-168927080
S1-322454717	S2-198598136
S1-640842641	S2-115672497
S1-56238398	S2-326946472
S1-96365631	S2-156828664
S1-691160087	S2-493495175
S1-631975528	S2-138530734
S1-412682987	S2-170770517
S1-537371810	S2-799995552
S1-517896033	S2-109620721
S1-814667807	S2-488393949
S1-503230998	S2-110209548
S1-416935653	S2-358443381
S1-548060670	S2-224433102
S1-794704796	S2-269438153
S1-652771413	S2-173522587
S1-812234407	S2-193141644
S1-30205593	S2-107018805
S1-888976448	S2-155196887
S1-490717065	S2-167129496
S1-370306090	S2-578466961
S1-780548493	S2-292526323
S1-152427237	S2-101052189
S1-575550282	S2-385401426
S1-585222759	S2-176479551
S1-786663959	S2-429654728
S1-101702764	S2-156186663
S1-236695385	S2-11447624
S1-893200601	S2-12364648
S1-603246757	S2-127191165
S1-159335785	S2-30834353
S1-513685559	S2-693120282
S1-169892730	S2-707651102
S1-204551299	S3-385685577
S1-859626905	S2-136487426
S1-552330867	S2-365654351
S1-199958563	S2-370731506
S1-741831905	S2-550089555
S1-602899934	S2-419388639
S1-668115326	S2-183483978
S1-137946304	S2-104356168
S1-942819859	S2-254777249
S1-408534236	S2-136217329
S1-914938284	S2-133896495
S1-864897771	S3-871478128
S1-479455828	S2-204546840
S1-723551560	S2-626428069
S1-150653591	S2-113942391
S1-181002478	S2-100671428
S1-16513059	S2-475584226
S1-642014059	S3-38581395
S1-320526669	S3-286154261
S1-458802615	S2-649177335
S1-2283241	S2-275103890
S1-859558429	S2-149447328
S1-812085139	S2-173052979
S1-306331822	
S1-118586307	S2-132479620
S1-801791897	S2-214723168
S1-533394176	S2-371787572
S1-748077925	S2-114492417
S1-173032789	S2-229119453
S1-247028059	S2-103858682
S1-641461831	S2-113251171
S1-435024822	S2-141909861
S1-379216834	S2-108631381
S1-353676651	S2-160176253
S1-683588165	S2-315667770
S1-224899146	S2-26249435
S1-332132299	S2-188753504
S1-710707128	S2-552969817
S1-670947050	S2-128741214
S1-784059496	S2-160518943
S1-727085121	S2-135235875
S1-868224088	S2-132479620
S1-766538524	S2-494986248
S1-304402385	S2-263770679
S1-457808243	S2-662267936
S1-348620188	S2-130873595
S1-251362977	S2-446526917
S1-723957181	S2-624512554
S1-823512738	S2-303262090
S1-210481936	S2-210783926
S1-164976937	S2-242941746
S1-166201401	S3-152459955
S1-857075312	S2-58689650
S1-462919705	S2-213018204
S1-815328259	S3-252549063
S1-92655444	S2-758344489
S1-407505482	S2-346952758
S1-824375999	S2-395161815
S1-582710895	S2-130186554
S1-315884917	S2-160573432
S1-945209691	S2-14135433
S1-685127247	S2-369887361
S1-804879965	S2-369663211
S1-766626188	S2-126115285
S1-503558391	S2-114509371
S1-763451801	S2-155499683
S1-297795901	S2-304448469
S1-720348821	S2-167327742
S1-948849280	S2-201116162
S1-349952146	S2-135768742
S1-572784392	S2-385058542
S1-837759481	S2-210317167
S1-131716925	S2-280059207
S1-546540698	S2-230443242
S1-846784423	S2-782268796
S1-265932861	S2-272047767
S1-574203832	S2-192516951
S1-233417989	S2-131166817
S1-91453329	S3-467375835
S1-253937734	S2-101300520
S1-446529225	S2-251377865
S1-410792293	S2-12547378
S1-18043593	S2-233830375
S1-162331748	S2-171150233
S1-990847455	S2-152670177
S1-309802252	S2-442944101
S1-894973810	S2-523903844
S1-753286450	S2-111259348
S1-109896279	S2-275563132
S1-352600444	S3-193726454
S1-345096817	S2-145572255
S1-980598687	S2-156767973
S1-17978771	S2-135704117
S1-282280682	S2-164268020
S1-422513213	S2-554785986
S1-774548485	S2-137988683
S1-630086202	S2-113650278
S1-797186636	S2-15340838
S1-437556076	S2-288688794
S1-640663221	S2-166941825
S1-867261538	S2-145572255
S1-393790956	S2-368966447
S1-981696723	S2-211991969
S1-433175821	S2-156621268
S1-805176547	S2-453610122
S1-968589943	S2-100916746
S1-662434483	S2-146096325
S1-300002270	S2-385466750
S1-959099513	S2-180738068
S1-997911183	S2-8794362
S1-161830777	S2-304424392
S1-922506922	S2-168082254
S1-527493370	S2-254274653
S1-66553217	S2-364188203
S1-295335510	S2-110600062
S1-166415877	S2-358362963
S1-27937396	S2-220675996
S1-931471604	S2-905019598
S1-125530710	S2-107369745
S1-982363128	S2-294324804
S1-515069235	S2-397757423
S1-163311807	S2-282846118
S1-479150319	S2-125143820
S1-575799166	S2-23078546
S1-455697639	S2-386514177
S1-71237551	S2-132479620
S1-801459518	S2-115430182
S1-250861684	S2-116356521
S1-909538752	S2-221323554
S1-60817074	S2-255372517
S1-32813840	S2-456879580
S1-356676564	S2-597309306
S1-369949748	S2-343142387
S1-516626988	S2-478099331
S1-628237799	S2-156151512
S1-515516908	S2-355605765
S1-893328595	S2-132479620
S1-64070457	S2-204894251
S1-491076767	S2-567801219
S1-891925120	S2-11425427
S1-168011257	S2-126847771
S1-258128478	S2-174446394
S1-819790813	S2-145572255
S1-733528345	S2-297890045
S1-734413140	S2-789900278
S1-483056433	S2-10050603
S1-258486001	S2-633941132
S1-397856792	S2-187178554
S1-933703122	S2-400491146
S1-341895882	S2-540962863
S1-722415	S2-629956412
S1-282719029	S2-22853487
S1-455825636	S2-494031683
S1-505161129	S2-232465708
S1-790867069	S2-294324804
S1-791795450	S2-157265021
S1-774351790	S2-102858565
S1-910946488	S2-114764951
S1-875966942	S2-165027713
S1-281005457	S2-200634536
S1-116039448	S2-149447328
S1-332825101	S2-693994961
S1-652403044	S2-109659492
S1-871164446	S2-135768742
S1-243834273	S2-195006103
S1-820854543	S2-957087877
S1-568398768	S2-384233477
S1-713057385	S2-154047146
S1-836251978	S2-174749893
S1-421655841	S2-113518639
S1-652301678	S2-114382043
S1-441701091	S2-135235875
S1-748356992	S2-161848350
S1-374788993	S2-104426625
S1-870210041	S2-154546132
S1-923717673	S2-10650395
S1-385269265	S2-119252939
S1-320612918	S2-199330446
S1-186730310	S2-384270191
S1-342376844	S2-270388622
S1-163203259	S2-708367588
S1-811697707	S2-14135433
S1-62436401	S2-125238753
S1-374135310	S2-216560915
S1-375299179	S2-329878013
S1-122963911	S2-258426829
S1-472859624	S2-3591119
S1-950448489	S2-964585904
S1-748959394	S2-500355528
S1-440571200	S2-596330197
S1-526007485	S3-126437123
S1-208173768	S2-561299073
S1-275535367	S2-143192546
S1-708520201	S2-146833628
S1-426629806	S2-834487553
S1-390118384	S2-111491801
S1-129164983	S2-2832806
S1-431296565	S2-125853815
S1-419337124	S2-369349630
S1-610541594	S2-186441316
S1-207789563	S2-198938800
S1-123686922	S2-543036458
S1-121930097	S2-191134990
S1-562608003	S2-229464341
S1-776838082	S2-290798479
S1-552842170	S2-180896135
S1-425632362	S2-890952379
S1-509535281	S2-108551486
S1-705273654	S2-253965773
S1-140239728	S2-810038674
S1-503654467	S2-156630890
S1-254260396	S2-9932317
S1-974019979	S2-681751936
S1-318713944	S2-120983453
S1-175160557	S2-200197867
S1-455001220	S2-151707964
S1-218873746	S2-189355957
S1-537236754	S2-218424342
S1-142627762	S3-268036047
S1-852646691	S2-259511716
S1-512270087	S2-155062225
S1-7769902	S2-134827724
S1-37195900	S2-455971762
S1-540840570	S2-173777491
S1-10638032	S2-235965857
S1-736084307	S2-108551486
S1-369586145	S2-368726257
S1-455795255	S2-340425329
S1-758957570	S2-60776705
S1-881905746	S2-261423504
S1-316415984	S2-124061228
S1-820129209	S2-135594826
S1-302197742	S2-815559921
S1-909320352	S2-538371940
S1-347633678	S2-244881959
S1-608460171	S2-140013755
S1-90709136	S2-144231047
S1-871898365	S2-551089416
S1-467106977	S2-134416636
S1-552201074	S2-228243723
S1-818055779	S2-170498924
S1-520760858	S2-233417861
S1-861178679	S2-161642378
S1-664348598	S2-115606596
S1-510821317	S2-36828378
S1-900619529	S2-256194411
S1-749151056	S2-492138425
S1-788553115	S2-277129045
S1-893605298	S2-134585968
S1-504602835	S2-210317167
S1-925220388	S2-2247527
S1-757106641	S2-658437984
S1-323033263	S2-271884272
S1-258610916	S2-161415312
S1-283201867	S2-140667086
S1-659211904	S2-45260036
S1-545238449	S2-119905531
S1-534046796	S2-857708828
S1-832140163	S2-127301515
S1-834330228	S2-149682702
S1-915802075	S2-332987954
S1-55961137	S2-110209548
S1-299700882	S2-210294184
S1-587390872	S2-126754549
S1-47705238	S2-536148234
S1-527217239	S2-144454801
S1-773951	S2-228569607
S1-251909906	S2-314188981
S1-533904836	S2-114666924
S1-405455933	S2-242941746
S1-571949938	S2-166948154
S1-44215517	S2-153853763
S1-668897081	S2-14639286
S1-779574258	S2-265902963
S1-250657933	S2-104356168
S1-71432438	S2-500505255
S1-446530140	S2-126737699
S1-111899955	S2-133882523
S1-989511126	S2-102264262
S1-572917374	S2-186466376
S1-461032048	S2-115964797
S1-253006551	S2-129468287
S1-571733072	S2-188965366
S1-512711253	
S1-409180858	S2-108631381
S1-208080708	S2-16889326
S1-321492395	S2-667667963
S1-211806389	S2-152598063
S1-865711133	S2-500579587
S1-172744702	S2-270388622
S1-991964764	S2-727627006
S1-385799501	S2-533206909
S1-266627136	S2-836284510
S1-839766065	S2-133771905
S1-22179214	S2-105333726
S1-392109956	S2-273880157
S1-952031042	S2-111710980
S1-487939330	S2-143049725
S1-195490298	S2-160876944
S1-634414184	S2-290466572
S1-452630927	S2-175795464
S1-26380702	S2-141016104
S1-316593757	S2-135594826
S1-443197296	S2-106926459
S1-154175170	S2-180967413
S1-896030128	S2-158437214
S1-721890820	S2-106313380
S1-735981002	S2-586617631
S1-748349485	S3-21795261
S1-247456766	S2-161415312
S1-920473795	S2-250274394
S1-312975533	S2-243175249
S1-946136758	S2-563261865
S1-552261545	S2-190416929
S1-530613939	S2-562513392
S1-479586556	S2-376872337
S1-292274491	S2-125970801
S1-798776093	S2-144100974
S1-87451333	S2-136332889
S1-858910884	S2-107167951
S1-990127600	S2-113041146
S1-994020400	S2-439456607
S1-665883062	S2-137944324
S1-607051870	S2-110674747
S1-639257726	S2-18161211
S1-752039671	S2-133896495
S1-566335682	S2-105170780
S1-443047042	S2-806729403
S1-563971244	S2-334398166
S1-410947485	S2-23184790
S1-180467247	S2-182803620
S1-486762139	S2-115060811
S1-283352366	S2-149352211
S1-145266974	S2-124061228
S1-234543016	S2-293262139
S1-36774875	S2-161831951
S1-804976090	S2-105063698
S1-342912242	S2-249296501
S1-538026150	S2-177161148
S1-182688684	S2-100916746
S1-334527544	S2-133684134
S1-776613862	S2-123123902
S1-67527827	S2-258773254
S1-978310221	S2-343481810
S1-111412935	S2-19317738
S1-641976006	S2-10650395
S1-464544032	S2-160806235
S1-273392842	S2-156100572
S1-968338601	S2-145066568
S1-278745109	S2-347962312
S1-650148844	S2-381571822
S1-41548313	S2-340935615
S1-727214097	S2-385488640
S1-982374580	S2-71302018
S1-611608380	S2-167862754
S1-619145009	S2-477372973
S1-263241272	S2-631660723
S1-466000192	S2-121803918
S1-854277047	S2-130703773
S1-114893185	S2-735504821
S1-843682049	S2-3171060
S1-894480077	S2-115964797
S1-705389260	S2-915013766
S1-477451734	S2-269002894
S1-705036661	S2-414987995
S1-61379215	S2-744769042
S1-571777763	S2-132246004
S1-644751827	S2-190862300
S1-319883370	S2-125725108
S1-118641767	S2-113636326
S1-419455169	S2-305322783
S1-750843590	S2-143192546
S1-894061244	S2-198540735
S1-539882112	S2-175561761
S1-912699933	S2-694957010
S1-858364204	S2-288863305
S1-391185105	S2-685415544
S1-567131048	S2-506050960
S1-406433308	S2-562508816
S1-192276640	S2-212987961
S1-262946176	S2-105083232
S1-60547024	S2-160573432
S1-302564709	S2-110144566
S1-703318316	S2-158437214
S1-849674294	S2-11779319
S1-523354310	S2-103858682
S1-735117932	S2-147700299
S1-144915043	S2-814954598
S1-325444054	S2-133058547
S1-368940214	S2-537107839
S1-737724866	S2-133770402
S1-589464314	S2-295291362
S1-842783891	S2-278061636
S1-790650761	S2-661297
S1-313476618	S2-207865871
S1-338163807	S2-174707831
S1-864763991	S2-33518270
S1-709996781	S2-468408600
S1-116733358	S2-186325799
S1-365466720	S2-105162421
S1-557752048	S2-144250547
S1-504895614	S2-110181471
S1-353444418	S2-53932798
S1-643877272	S2-464793524
S1-836175068	S2-189031839
S1-48050867	S2-104518554
S1-151294361	S2-196469389
S1-778554980	S2-305050034
S1-924474838	S2-986621709
S1-942327685	S2-194293131
S1-265602916	S2-11649584
S1-515596840	S2-296852124
S1-267171201	S2-133104593
S1-944403624	S2-141909861
S1-998720335	S2-237899391
S1-165197500	S2-255274323
S1-228396062	S2-373827806
S1-18473737	S2-637409794
S1-547352318	S2-259511716
S1-699926184	S2-114764951
S1-411971933	
S1-489354822	S2-421941990
S1-496750666	S2-358001011
S1-191136428	S2-279563229
S1-609255413	S2-177604620
S1-520906559	S2-300326778
S1-946429990	S2-212990110
S1-102043176	S2-235257136
S1-886524749	S2-353551699
S1-985718412	S2-144978780
S1-628444370	S2-125143820
S1-944932791	S2-664955575
S1-903238805	S2-204980745
S1-107880052	S2-117706079
S1-582984028	S2-103579619
S1-688719189	S2-116361955
S1-466997586	S2-110085448
S1-490431981	S2-279770889
S1-237835600	S2-678197746
S1-219652104	S2-119198255
S1-555112251	S2-117979972
S1-218506775	S2-113096239
S1-540763787	S2-111259348
S1-434568968	S2-409063517
S1-588635485	S2-144699479
S1-425053880	S2-707157929
S1-569090639	S2-486478440
S1-973881027	S2-160876944
S1-610509029	S2-10626295
S1-28730057	S2-405322624
S1-929265648	S2-141246335
S1-764214329	S2-185037565
S1-133993725	S2-229599796
S1-765915675	S2-127987287
S1-310233005	S2-180944348
S1-678196124	S2-100072987
S1-320756527	S2-15962956
S1-828915647	S2-333840075
S1-169518423	S2-113518639
S1-556658185	S2-119252939
S1-565889198	S3-163628945
S1-491720338	S2-128534969
S1-287739154	S2-281739132
S1-525842600	S2-110798806
S1-722235152	S2-143192546
S1-190880775	S2-488812492
S1-726534729	S2-135978755
S1-243117082	S2-106204003
S1-908930245	S2-125720968
S1-691300889	S2-143192546
S1-272928008	S2-119252939
S1-550380520	S2-13809327
S1-367179795	S2-126966184
S1-30300671	S2-225480231
S1-706492916	S2-250389580
S1-192149625	S2-231928290
S1-883589119	S2-156828664
S1-516746343	S2-183692572
S1-571915445	S2-211181795
S1-470475462	S2-177648724
S1-680267791	S2-614738025
S1-863392961	S2-883597812
S1-149445581	S2-402378347
S1-431383918	S2-145315222
S1-238485174	S2-381199509
S1-586735288	S2-293923633
S1-606674575	S2-140667086
S1-934331427	S2-146001879
S1-258998577	S2-133058547
S1-664121889	S2-167333090
S1-295219800	S2-14915012
S1-189623523	S2-479313602
S1-507845076	S2-127471056
S1-2366352	S2-158358064
S1-378556419	S2-156767973
S1-968303035	S2-524314890
S1-677859648	S2-280534767
S1-850422524	S2-386514177
S1-227826148	S2-158437214
S1-548160224	S2-125032475
S1-101401745	S2-152259295
S1-913270418	S2-734415225
S1-865840736	S2-227143970
S1-169805870	S2-61045496
S1-268174379	S2-101052189
S1-248063372	S2-154995241
S1-404448479	S2-239471581
S1-164811891	S2-133764809
S1-586809046	S2-558335596
S1-428230491	S2-347532043
S1-705884174	S2-109562216
S1-92130809	S2-108367390
S1-93806280	S2-233347205
S1-878680598	S3-334487216
S1-581347876	S2-292505958
S1-280144050	S2-211848997
S1-185314861	S2-581576868
S1-349645577	S2-141909861
S1-396266245	S2-392727116
S1-862826262	S2-210031642
S1-538473793	S2-133980290
S1-326625421	S2-153161854
S1-715952235	S2-266831155
S1-6930751	S2-117533088
S1-988364789	S2-22853487
S1-45317490	S3-268864474
S1-502302790	S2-592093475
S1-93863512	S2-134827724
S1-763615412	S2-452009345
S1-876693896	S2-343481810
S1-605307017	S2-104004667
S1-150709371	S2-11649584
S1-263051887	S2-164521993
S1-154253888	S2-171001696
S1-544345920	S2-307232293
S1-385616770	S2-178726379
S1-496283499	S2-127048112
S1-950550401	S2-152822558
S1-65988945	S2-402565984
S1-696928805	S2-872556073
S1-107828314	S2-349153584
S1-517964369	S2-135768742
S1-357824342	S2-143650046
S1-172857228	S2-161461139
S1-116176160	S2-101052189
S1-348855819	S2-117583299
S1-625257314	S2-168817318
S1-275558225	S2-31604087
S1-840853105	S2-144978780
S1-644578914	S2-233469814
S1-587797744	S2-272582108
S1-246030490	S2-23612316
S1-297994251	S2-391589696
S1-355973576	S2-15432787
S1-556917648	S2-654053782
S1-427008733	S2-202243075
S1-806883052	S2-106612714
S1-686914578	S2-577822973
S1-709131175	S2-191337983
S1-296995940	S2-538047401
S1-974486976	S2-3393266
S1-478747383	S2-182016047
S1-583947096	S2-163356313
S1-504090947	S2-210740161
S1-621920713	S2-108551486
S1-298354414	S2-758914360
S1-371286192	S2-278669569
S1-262602567	S2-338484564
S1-533853093	S2-415843236
S1-229073684	S2-139430882
S1-572681783	S2-285523669
S1-648973057	S2-578210629
S1-792220986	S2-246804859
S1-88655576	S2-141133155
S1-450261732	S2-171049609
S1-977366652	S2-533206909
S1-877961243	S2-384000833
S1-273592804	S2-277861868
S1-869406249	S2-560952215
S1-350670426	S2-119173004
S1-711465241	S2-194054062
S1-272690073	S2-111646167
S1-997831283	S2-101300520
S1-98500078	S2-144454801
S1-166380995	S2-103562490
S1-925065313	S2-114833864
S1-608093893	S2-191294689
S1-420936632	S2-355881306
S1-350809721	S2-118596726
S1-290122120	S2-193820924
S1-82991286	S2-110353012
S1-265296585	S2-494012586
S1-508771441	S2-636860953
S1-595403110	S2-11649584
S1-563103967	S2-214512107
S1-311398518	S2-723488249
S1-703222836	S2-206782156
S1-324311697	S2-112030517
S1-36736360	S2-147133096
S1-22499966	S2-182016047
S1-29710861	S2-336338725
S1-232789397	S2-153795540
S1-481495400	S2-449730410
S1-143613356	S2-100072987
S1-158464447	S2-658005912
S1-645975430	S2-110674747
S1-303201438	S2-252690653
S1-753500021	S2-127691185
S1-816419040	S2-140001073
S1-443035460	S2-123354342
S1-627130245	S2-290442715
S1-636044991	S2-105063698
S1-658537733	S2-356478966
S1-300344873	S2-271318858
S1-920725119	S2-575163483
S1-684112311	S2-199533023
S1-682572617	S2-208673470
S1-275323888	S3-160871263
S1-303623339	S2-119252939
S1-870887966	S2-105340340
S1-909831529	S2-189159652
S1-908994671	S2-124485214
S1-137517709	S2-312573896
S1-266219287	S2-366397313
S1-202457046	S2-171985599
S1-548470625	S2-221251315
S1-786608482	S2-774067451
S1-140204479	S2-638157646
S1-250157667	S2-889744472
S1-649189338	S2-203041454
S1-815888374	S2-210508624
S1-478912477	S2-3393266
S1-489268769	S2-166697791
S1-4482107	S2-141909861
S1-622189497	S2-3745523
S1-751562454	S2-368757620
S1-189258966	S2-129525678
S1-466643133	S2-105002622
S1-503926144	S2-105063698
S1-444781380	S2-113650278
S1-615043309	S2-100916746
S1-915188157	S2-154463090
S1-24627927	S2-186588275
S1-920368455	S2-141811727
S1-830760746	S2-162237555
S1-658831507	S2-969111039
S1-120698164	S2-26363215
S1-233299096	S2-457570007
S1-307731517	S2-161708936
S1-393247831	S2-344171119
S1-261092988	S2-584566361
S1-670921117	S2-220292197
S1-958111221	S2-13737078
S1-132190793	S2-127082555
S1-261664946	S2-244874960
S1-52725033	S2-136264796
S1-574204677	S2-295147107
S1-765112950	S2-293903480
S1-916405380	S2-108631381
S1-769923974	S2-100916746
S1-167878879	S2-26165268
S1-48070057	S2-199453745
S1-126793126	S2-122256652
S1-432054176	S2-135704117
S1-679403569	S2-128721218
S1-990471075	S2-102858565
S1-313794043	S3-175949014
S1-272463102	S2-556455985
S1-353186924	S2-17697621
S1-838289575	S2-156151512
S1-492698164	S2-474277400
S1-547612152	S2-695223775
S1-568623395	S2-811172388
S1-330154518	S2-127540102
S1-987407152	S2-178845145
S1-4962669	S2-125427643
S1-620918152	S2-417955724
S1-676606486	S2-143048026
S1-456116539	S2-668768806
S1-408946983	S2-189790302
S1-555078923	S2-128522785
S1-202794346	S2-116516518
S1-185850075	S2-164362629
S1-594512014	S2-149296254
S1-979052697	S2-920214401
S1-350007292	S2-657766680
S1-993367774	S2-167897045
S1-305792447	S2-631072107
S1-111516859	S2-11425427
S1-830741403	S2-220102513
S1-814123971	S2-15962956
S1-286830181	S2-581576868
S1-833864930	S2-322513272
S1-140243714	S2-193862237
S1-209089218	S2-125143820
S1-740485841	S2-118635216
S1-713589229	S2-760639944
S1-594116442	S2-384620956
S1-503866347	S2-237495384
S1-409377202	S2-191294689
S1-59670970	S2-285995717
S1-451718618	S2-107138439
S1-576007207	S2-144978780
S1-695737751	S2-327384338
S1-182797202	S2-120013219
S1-636532794	S2-149515808
S1-783726897	S2-138530734
S1-43000659	S2-119252939
S1-164696950	S2-424042459
S1-930000517	S2-786707821
S1-899474225	S2-171650228
S1-111481477	S2-150047058
S1-173653167	S2-279819469
S1-723072871	S2-770738436
S1-900034380	S2-142166937
S1-890633474	S2-126797676
S1-68739598	S2-141247051
S1-332488104	S2-596959597
S1-532472805	S2-375594577
S1-949201314	S2-167248785
S1-755442834	S2-957423116
S1-758878625	S2-141246335
S1-127074140	S2-160731758
S1-920031307	S2-137553682
S1-826177422	S2-157974358
S1-420385827	S2-199813837
S1-416512325	S2-487955074
S1-461213279	S2-152259295
S1-952243332	S2-125820797
S1-107103755	S2-723778505
S1-811460433	S2-267101413
S1-927199447	S2-576200580
S1-518845293	S2-119198255
S1-132433003	S2-119173004
S1-649463678	S2-841911691
S1-761782697	S2-19949180
S1-51170937	S2-771127871
S1-261437860	S3-413722440
S1-774780589	S2-106849827
S1-165344189	S2-294579844
S1-623610907	S2-119252939
S1-815053828	S2-362240717
S1-224972760	S2-586488263
S1-265033490	S2-298031853
S1-248681638	S2-242029137
S1-813301393	S2-232910502
S1-590802346	S2-300326778
S1-872006449	S2-604122983
S1-691613126	S2-356111724
S1-633579498	S2-117445013
S1-600386930	S2-676745491
S1-31467936	S2-231209187
S1-670354065	S2-377437973
S1-52892999	S2-171777477
S1-812763347	S2-102114392
S1-38321566	S2-117887437
S1-790283277	S2-29656414
S1-439085330	S2-179047772
S1-389798316	S2-160758405
S1-894382579	S2-1776718
S1-156800334	S2-53747396
S1-35991169	S2-148032374
S1-241597886	S2-560404471
S1-200599840	S2-140183093
S1-464857155	S2-793375185
S1-216026940	S2-201431729
S1-677925411	S2-341223421
S1-246178745	S2-86533259
S1-654626973	S2-299730698
S1-583158538	S2-245686963
S1-798934107	S2-461374764
S1-961094012	S2-162506529
S1-852984503	S2-184479080
S1-470916852	S2-155941394
S1-185740766	S2-370897669
S1-976957860	S2-52824440
S1-915581522	S2-149352211
S1-541654684	S2-105448837
S1-327620907	S2-582642570
S1-77244406	S2-129310002
S1-709818793	S2-110998405
S1-70029323	S2-669714547
S1-582282522	S2-211082490
S1-30902337	S2-605802012
S1-387632675	S2-48583685
S1-678235128	S2-898231221
S1-99622289	S2-195786809
S1-565252755	S2-486522756
S1-81232595	S2-189011069
S1-747446142	S2-125721091
S1-805087343	S2-232138511
S1-998953095	S2-610887971
S1-50580008	S2-279266239
S1-740049363	S2-197089302
S1-477518167	S2-102114392
S1-849082332	S2-114282129
S1-807454188	S2-118062
S1-343226068	S2-162853809
S1-324852738	S2-250111990
S1-148428271	S2-397546106
S1-878197816	S2-357325720
S1-283132929	S2-159546920
S1-863908542	S2-143534246
S1-568389706	S2-108631381
S1-336780188	S2-226238286
S1-226975904	S2-633941132
S1-171460186	S2-115964797
S1-991316139	S2-136376391
S1-244343186	S2-108551486
S1-762934594	S2-415843236
S1-660551852	S2-141811727
S1-695440600	S2-424230168
S1-350850435	S2-134827724
S1-768107743	S2-191351546
S1-213900398	S2-110181471
S1-454396104	S2-229599796
S1-971836891	S2-109659492
S1-298623738	S2-192572324
S1-758870297	S2-148825433
S1-637441017	S2-141492471
S1-531830313	S2-195885172
S1-939923705	S2-315865320
S1-992570098	S2-114846704
S1-708927587	S2-142556020
S1-474604022	S2-181917285
S1-693860797	S2-840279014
S1-865661225	S2-28327806
S1-921588576	S2-215211883
S1-56098342	S2-32038053
S1-959835868	S2-144454801
S1-755193450	S2-440009645
S1-117981081	S2-109212012
S1-552159394	S2-1510056
S1-534569198	S2-136332889
S1-332162258	S2-804376049
S1-254829285	S2-116334140
S1-809926404	S2-536044958
S1-444222437	S2-250196078
S1-226224906	S3-403259627
S1-767972787	S2-164521993
S1-18970636	S2-250822060
S1-616056701	S2-12396386
S1-267405332	S2-293309045
S1-985499756	S2-191569580
S1-255187292	S2-233100901
S1-158962407	S2-121071048
S1-258840575	S2-211181795
S1-340826917	S2-612928600
S1-204358397	S2-399867991
S1-655782575	S2-126208311
S1-674761616	S2-144559969
S1-781327588	S2-827293734
S1-327736320	S2-181894949
S1-968116616	S2-268305523
S1-229227283	S2-246890708
S1-99974281	S2-114236380
S1-596131258	S2-268262795
S1-639997463	S2-741043878
S1-824424830	S2-16744284
S1-693943381	S2-266823231
S1-355067553	S2-357136770
S1-63187351	S2-115310866
S1-19618602	S2-106612714
S1-623199045	S2-994525069
S1-358279494	S2-602363250
S1-362455314	S2-18894294
S1-289224173	S2-181349788
S1-491247442	S2-114307105
S1-41174862	S2-18426195
S1-394397749	S2-253382151
S1-535372299	S2-325342762
S1-856784330	S2-255337007
S1-833899170	S2-225466761
S1-650631583	S2-353747787
S1-783847111	S2-10656206
S1-876725832	S2-183459252
S1-537323983	S2-305020288
S1-897743927	S3-497012997
S1-99793531	S2-372652659
S1-816775029	S2-309211741
S1-133148183	S2-211948899
S1-103933250	S2-181472314
S1-201225886	S2-125388824
S1-84338510	S2-199394468
S1-38656638	S2-337212954
S1-19120979	S2-12315624
S1-70673891	S2-269562139
S1-192056105	S2-370951824
S1-130305056	S2-19949180
S1-987043870	S2-137988683
S1-873404901	S2-397993847
S1-745752156	S2-129152296
S1-575540220	S2-360247666
S1-97933707	S2-111491801
S1-862786703	S2-134239016
S1-371604623	S2-589150633
S1-593904830	S2-105063698
S1-583358991	S2-614132242
S1-635778929	S2-114282129
S1-314015450	S2-50584885
S1-221779260	S2-159611243
S1-264410314	S2-593285974
S1-156658301	S2-513610752
S1-553980014	S2-218152723
S1-411927281	S2-436600195
S1-751887130	S2-113650278
S1-552878571	S2-212014016
S1-26002404	S2-104356168
S1-430745939	S2-156151512
S1-192529850	S2-218574521
S1-634819801	S2-113650278
S1-606274345	S2-159342215
S1-991427597	S2-145503402
S1-336338880	S2-19438219
S1-96405175	S2-171150233
S1-101221742	S2-103665690
S1-865964830	S2-208255643
S1-858591322	S3-5879555
S1-253836082	S2-178899560
S1-288312708	S2-561617386
S1-619819077	S2-221855347
S1-613162524	S2-163077456
S1-398894299	S2-150951091
S1-866452988	S2-135704117
S1-705798484	S2-117583299
S1-566434108	S2-262894095
S1-992559131	S2-126123642
S1-837602486	S2-100882084
S1-428299809	S2-141016104
S1-402532342	S2-129468287
S1-716580632	S2-475201329
S1-529757223	S2-761218884
S1-526751262	S2-167129496
S1-142628422	S2-115767824
S1-252798436	S2-164279516
S1-305472629	S2-15962956
S1-353800906	S2-111610987
S1-177568738	S2-529638828
S1-420951387	S2-159689953
S1-188906531	S2-123821806
S1-813683821	S2-167779137
S1-72476359	S2-16443158
S1-386829677	S2-142603048
S1-421719273	S2-515691254
S1-935237875	S2-292629825
S1-874164355	S2-113112351
S1-670478496	S2-482159428
S1-706976935	S2-274882919
S1-329165625	S2-23612316
S1-384269511	S2-118200134
S1-691558058	S2-125725108
S1-475872426	S2-140751093
S1-821449305	S2-111646167
S1-456425929	S2-107476517
S1-318618823	S2-246937829
S1-80262665	S2-154704039
S1-834085959	S2-341668460
S1-602544123	S2-122703170
S1-202985008	S2-102855731
S1-248008193	S2-377559428
S1-182510656	S2-831461814
S1-642114479	S2-614738025
S1-942045664	S2-666228378
S1-294382682	S2-211688974
S1-891952540	S2-628025461
S1-440180014	S2-244160387
S1-682108569	S2-202817080
S1-570084572	S2-101348060
S1-422085599	S3-244557766
S1-981002835	S2-114492417
S1-746827082	S2-189355957
S1-163044202	S2-301870235
S1-672786082	S2-466790318
S1-795882331	S2-192833784
S1-631487075	S2-151627984
S1-827286316	S2-119683936
S1-994116119	S2-315309113
S1-351558078	S2-105972355
S1-374918541	S2-348813665
S1-772419091	S2-159584599
S1-931086821	S2-481147629
S1-56433810	S2-496376844
S1-389745588	S2-294836852
S1-863882741	S2-191800104
S1-301183323	S2-123818329
S1-182099776	S2-387825055
S1-621046323	S2-123430600
S1-748674188	S2-417711824
S1-980387439	S2-182416418
S1-350637483	S2-203735473
S1-981485521	S2-123344806
S1-728762011	S2-214670872
S1-560635103	S2-513238019
S1-547851827	S2-708931807
S1-323250057	S2-136264796
S1-906776994	S2-108390149
S1-852987200	S2-545231605
S1-393203853	S2-157974358
S1-369142277	S2-140294187
S1-504079090	S2-344165150
S1-99127018	S2-967757120
S1-87662777	S2-242647551
S1-164897037	S2-592092932
S1-965013328	S2-11189394
S1-911347482	S2-331978100
S1-920251229	S2-222971500
S1-831713745	S2-871953873
S1-193213699	S2-150951091
S1-558848019	S2-24614120
S1-909011897	S2-383846171
S1-816761694	S2-132479620
S1-554728440	S2-283414025
S1-187605928	S2-164727974
S1-116186128	S2-144454801
S1-965363587	S2-119198255
S1-804636597	S2-114147188
S1-53525892	S2-424709090
S1-848306284	S2-102696365
S1-705013195	S2-178227386
S1-205284887	S2-183483978
S1-810493482	S2-296445674
S1-778576604	S2-2187957
S1-294411001	S2-386275377
S1-779621902	S2-108420165
S1-850364492	S2-354167990
S1-88744377	S2-227143970
S1-234506888	S2-221855347
S1-675885923	S2-146602861
S1-882244781	S2-179705966
S1-957820965	S2-118635216
S1-338580877	S2-244881959
S1-909663371	S2-237551857
S1-908122479	S2-295291362
S1-952315130	S2-343142387
S1-881374107	S2-186441316
S1-698136800	S2-199453745
S1-99847941	S2-159249167
S1-399128922	S2-269207648
S1-6316406	S2-776914906
S1-246353275	S2-116074708
S1-686419773	S2-118596726
S1-196508718	S2-293262139
S1-411892463	S2-505788355
S1-771842252	S2-107417536
S1-134429954	S2-479619099
S1-10871097	S2-501204283
S1-842771273	S2-14135433
S1-635479692	S2-424084960
S1-809270651	S2-446785847
S1-395023931	S2-589693529
S1-322925832	S2-139245844
S1-103467225	S2-223414624
S1-632719426	S2-523165374
S1-357129019	S2-269742599
S1-973596814	S2-104518554
S1-250058711	S2-150951091
S1-214925161	S3-221155316
S1-320022908	S2-149418227
S1-320613494	S2-114892277
S1-325052579	S2-559115719
S1-47991468	S2-815131195
S1-263800533	S2-230384371
S1-296741794	S2-11357410
S1-542322953	S2-457868448
S1-71782227	S2-105972355
S1-559718486	S2-133628190
S1-419653660	S2-100961236
S1-263912343	S2-189632055
S1-14461237	S2-124346986
S1-428321031	S2-101052189
S1-889074912	S2-123123902
S1-83359666	S2-838161675
S1-704909620	S2-170593408
S1-571656057	S2-15861374
S1-447113325	S2-73793545
S1-417626941	S2-336738493
S1-229535895	S2-135594826
S1-31078592	S2-333144685
S1-82854503	S2-434706539
S1-988296951	S2-437104968
S1-765395310	S2-122703170
S1-118464075	S2-133882523
S1-265433783	S2-113624276
S1-567197084	S2-191800104
S1-488305564	S2-195006103
S1-510682219	S2-10464836
S1-505560235	S2-309009649
S1-672233723	S2-106849827
S1-702438300	S2-206251134
S1-722484361	S2-823488365
S1-865111408	S2-273491761
S1-843293682	S2-29210249
S1-675773914	S2-27028246
S1-769119217	S2-217430913
S1-320922557	S2-901759211
S1-178851419	S2-220325564
S1-118778574	S2-132479620
S1-548899550	S2-613750262
S1-41255876	S2-114492417
S1-907695970	S2-15432787
S1-461759863	S2-126737699
S1-475512493	S2-139190907
S1-502595450	S2-132577620
S1-186817890	S2-108551486
S1-935414487	S2-341043513
S1-958472550	S2-959641644
S1-494856616	S2-530376929
S1-866556738	S2-25570549
S1-129562432	S2-115909402
S1-177460350	S2-269508504
S1-451297790	S2-48083723
S1-667563956	S2-57929289
S1-552534721	S2-143962184
S1-610114236	S2-10461955
S1-77314400	S2-727198346
S1-382686774	S2-140181452
S1-974954285	S2-652388645
S1-411559671	S2-121071048
S1-447888179	S2-19170516
S1-550107368	S2-134827724
S1-942793421	S2-458284494
S1-385486273	S2-12315624
S1-257125640	S2-469882404
S1-284418574	S2-626973118
S1-969344755	S2-381359698
S1-614939652	S2-549236852
S1-378515115	S2-114208166
S1-707925632	S2-342082077
S1-942525109	S2-238597096
S1-96762472	S2-103715132
S1-986844228	S2-12385266
S1-507728299	S2-209501422
S1-699259801	S2-121071048
S1-519886535	S2-191055585
S1-441478907	S2-253521336
S1-526039245	S2-633691877
S1-317933030	S2-164075734
S1-376925673	S2-311666062
S1-618393832	S2-129416740
S1-859749238	S3-477286619
S1-264509377	S3-327237710
S1-122541443	S3-239790982
S1-442495184	S2-132411410
S1-869740001	S2-158286708
S1-64573046	S2-227370198
S1-751629729	S2-153818291
S1-673309399	S2-120524438
S1-11738169	S2-212442600
S1-234958095	S2-282804959
S1-393210514	S2-224999108
S1-892338344	S2-677602749
S1-605033691	S2-171687627
S1-258615917	S2-191271048
S1-966338505	S2-501926736
S1-242048271	S2-628828252
S1-354239934	S2-980074279
S1-369338611	S2-469864720
S1-996509130	S2-120649705
S1-224786018	S2-380563156
S1-515544905	S2-152222870
S1-419587038	S2-251796227
S1-920442935	S2-224433102
S1-541721112	S2-140667086
S1-443020389	S2-141246335
S1-842815251	S2-28547090
S1-389662257	S2-154995241
S1-410647948	S2-639316091
S1-186830510	S2-570992580
S1-834041722	S2-456800532
S1-179542023	S2-152857183
S1-147446882	S2-210508624
S1-571834288	S2-117856623
S1-942545192	S2-108398734
S1-237710153	S2-150327555
S1-791641097	S2-284164507
S1-604420560	S2-109385680
S1-568943919	S2-174707831
S1-969956125	S2-270582709
S1-628411590	S2-289293454
S1-410191178	S2-158069977
S1-850998527	S2-11414747
S1-489111085	S2-492228797
S1-652345902	S2-737116600
S1-759925087	S2-112437988
S1-536396456	S2-132479620
S1-416724627	S2-159249167
S1-925829928	S2-269681907
S1-982562442	S2-143014682
S1-966574868	S2-790843631
S1-98834811	S2-297682604
S1-163360144	S2-221782553
S1-642066120	S2-197673799
S1-419813523	S2-381703245
S1-863858335	S2-416660996
S1-579536848	S2-155551571
S1-277973272	S2-156151512
S1-709951250	S2-153095795
S1-690476020	S2-136332889
S1-991858974	S2-160518943
S1-596413374	S2-146320426
S1-92228801	S2-441477030
S1-129459942	S2-562636852
S1-238431737	S2-201267091
S1-455335544	S2-214670872
S1-341354451	S3-45395100
S1-92675071	S2-784458802
S1-894424387	S2-262212750
S1-415505399	S2-187947744
S1-699168959	S2-600118008
S1-82185895	S2-10086967
S1-451467424	S2-497761396
S1-418581804	S2-370427154
S1-526443402	S2-15962956
S1-366157673	S2-377097230
S1-249402931	S2-163356313
S1-137476266	S2-561617386
S1-742088687	S2-115606596
S1-446527381	S2-146567710
S1-453773903	S2-119252939
S1-234428463	S2-213396165
S1-295606619	S2-527474513
S1-553738629	S2-380337103
S1-966870421	S2-456569072
S1-734016669	S2-159952544
S1-751893495	S2-65835727
S1-686829769	S2-119252939
S1-74066322	S2-154373458
S1-962782789	S2-382287541
S1-774384413	S2-290435688
S1-204707432	S2-747834149
S1-183021493	S2-872718659
S1-711115156	S2-188898571
S1-448879688	S2-337929438
S1-867076787	S2-101720584
S1-116069218	S2-135704117
S1-619606751	S2-245944898
S1-527122075	S2-158437214
S1-555844437	S2-183091621
S1-885912584	S2-104408437
S1-251571228	S2-166503856
S1-777444556	S2-21123028
S1-5666852	S2-165782552
S1-449723287	S2-126567648
S1-159808880	S2-323780595
S1-600026794	S2-210674713
S1-713329601	S2-160460409
S1-400177964	S2-145941064
S1-866019529	S2-210031642
S1-675527974	S2-500355528
S1-139726474	S2-101300520
S1-394974288	S2-576875520
S1-867811957	S2-256812736
S1-568201342	S2-154546132
S1-241617808	S2-467531887
S1-933218952	S2-325332092
S1-491619478	S2-369349630
S1-162663257	S2-157330851
S1-701511178	S2-189100697
S1-248647333	S2-109562216
S1-152847270	S2-483754637
S1-845673380	S2-285119802
S1-905745075	S2-100916746
S1-970108845	S2-14135433
S1-388762546	S2-522200669
S1-366062498	S2-118200134
S1-394472740	S2-130873595
S1-160132992	S2-184975655
S1-563978339	S2-297519875
S1-833436524	S2-120026346
S1-244167583	S2-206481832
S1-619322180	S2-116905971
S1-738253904	S2-246783785
S1-554815890	S2-532917721
S1-121066256	S2-105170780
S1-27699725	S3-270155635
S1-395600014	S2-115344504
S1-918443678	S2-31866960
S1-534253446	S2-114492417
S1-189164998	S2-100864319
S1-233372183	S2-113357164
S1-266957295	S2-115528295
S1-744494619	S2-213683381
S1-652149991	S2-472691139
S1-681906991	S2-125808544
S1-330783098	S2-495313797
S1-905699037	S2-114666924
S1-551532451	S2-110181471
S1-98202964	S2-390524592
S1-22671571	S2-175505723
S1-319786740	S2-205162399
S1-484176277	S2-150266252
S1-308200514	S3-387582982
S1-433528766	S2-624335836
S1-552046556	S2-108359188
S1-774141509	S2-101064261
S1-153201717	S2-156973997
S1-334199750	S2-428010341
S1-876099202	S2-322184820
S1-817735184	S2-132868871
S1-640405505	S2-214723168
S1-154187036	S2-13431014
S1-927518995	S2-114492417
S1-104882831	S2-416171367
S1-995271076	S2-134837887
S1-628404716	S2-109102329
S1-723078814	S2-505344076
S1-493522318	S2-122134131
S1-833662319	S2-100671428
S1-274396809	S2-396463071
S1-972061180	S2-92077465
S1-333281364	S2-260677759
S1-315518305	S2-287881908
S1-784317120	S2-156151512
S1-867730480	S2-34961013
S1-905370595	S2-116884045
S1-777429673	S2-220804928
S1-462948387	S2-113518639
S1-167572077	S2-230684526
S1-987548083	S2-542005182
S1-173714369	S2-140667086
S1-867266149	S2-108447565
S1-467731833	S2-918930524
S1-920626296	S2-237495384
S1-230826203	S2-11425427
S1-205811254	S2-187836721
S1-259325016	S2-11058492
S1-304294192	S2-107451990
S1-914497725	S2-284587674
S1-280306358	S2-907959323
S1-245647698	S2-50801351
S1-373227584	S2-141246335
S1-594278649	S2-961083063
S1-752969897	S2-261970350
S1-417778094	S2-133643455
S1-1767056	S2-156151512
S1-163128195	S2-255781518
S1-685488899	S2-361240776
S1-202262581	S2-217141651
S1-70609124	S2-177222177
S1-344785803	S2-243693723
S1-335189198	S2-104356168
S1-621573418	S2-104356168
S1-488608278	S2-890344213
S1-599124134	S2-217141651
S1-147326391	S2-652064075
S1-610889527	S3-364702196
S1-432054254	S2-117405101
S1-266495281	S2-969524476
S1-480685595	S2-134255993
S1-858935090	S2-330532838
S1-905603318	S2-225480231
S1-634876162	S2-250274394
S1-882138267	S2-151517057
S1-590751655	S2-25007287
S1-557472364	S2-197089302
S1-193500487	S2-407495381
S1-352373696	S2-103743352
S1-275054109	S2-671727920
S1-265054548	S2-117566921
S1-178067414	S2-132479620
S1-91772201	S2-336742397
S1-161378114	S2-218107690
S1-333219769	S2-11447624
S1-442765129	S2-123706236
S1-948046108	S2-313660579
S1-155589630	S2-765960361
S1-354545800	S2-132479620
S1-592091592	S2-100481130
S1-354594989	S2-26770183
S1-311347653	S2-365872567
S1-622622377	S2-661138687
S1-371240682	S2-135594826
S1-531700347	S2-381071992
S1-183804717	S2-105622566
S1-554172749	S2-173699387
S1-242789690	S2-279974872
S1-727929034	S2-164450094
S1-552319784	S2-18755574
S1-406389543	S2-244160387
S1-794320782	S2-15432787
S1-857810697	S2-46759325
S1-849325975	S2-238512749
S1-690401533	S2-280651988
S1-382826514	S2-140032775
S1-654756365	S2-108055446
S1-98505338	S2-23003302
S1-562380958	S2-154995241
S1-299982735	S2-456408785
S1-594122074	S2-207587644
S1-85309112	S2-630291294
S1-99933827	S2-93437618
S1-135412972	S2-794456636
S1-680058241	S2-111303650
S1-899739967	S2-373462748
S1-891547969	S2-150397090
S1-54112712	S2-405617716
S1-488668325	S2-666611611
S1-5789226	S2-114301465
S1-89080114	S2-119198255
S1-18992526	S2-104356168
S1-754803449	S2-3081048
S1-508987582	S2-101300520
S1-154701028	S2-26155887
S1-219462878	S2-114764951
S1-438484136	S2-339940129
S1-358364716	S2-32817640
S1-588893489	S2-479619099
S1-897513060	S2-17176513
S1-778641857	S2-174712908
S1-304251672	S2-124485214
S1-363820410	S2-106114962
S1-575028924	S2-112251215
S1-195672308	S2-108447565
S1-946403704	S2-128583426
S1-765971824	S2-956168054
S1-929668788	S2-325712482
S1-646356728	S2-130556470
S1-575262178	S2-135704117
S1-290852995	S2-259939339
S1-439992677	S2-631493298
S1-262247316	S2-123589059
S1-942273766	S2-415843236
S1-458967090	S2-194934476
S1-953363131	S2-108551486
S1-280616059	S2-170708259
S1-452514442	S2-205639791
S1-130570772	S2-105063698
S1-65502030	S2-726524693
S1-740026965	S2-133268219
S1-77481418	S2-114764951
S1-537858736	S2-271477230
S1-148133966	S2-387406344
S1-699509074	S3-325400791
S1-502255768	S2-19857513
S1-170480195	S2-214829228
S1-675540448	S2-493150777
S1-461619423	S2-110181471
S1-341891735	S2-164279516
S1-609261611	S2-120625390
S1-551288634	S2-114892277
S1-825807682	S2-269849663
S1-438557784	S2-231209187
S1-320230025	S2-232374583
S1-737420039	S2-226201472
S1-619446705	S2-176717525
S1-287502890	S2-109275089
S1-340806927	S2-497398791
S1-230215409	S2-217430913
S1-48238622	S2-107369745
S1-6129820	S2-309211741
S1-295787512	S2-116905971
S1-438766767	S2-104356168
S1-903030861	S2-139248537
S1-275888088	S2-10656206
S1-249561749	S2-143127928
S1-928466155	S3-513016330
S1-753950871	S2-175505723
S1-83014583	S2-23184790
S1-853987230	S2-247241508
S1-975341470	S2-163481033
S1-43907020	S2-131236029
S1-184528552	S2-373930724
S1-148319479	S3-129901706
S1-993102109	S2-158437214
S1-893820185	S2-145572255
S1-851548100	S2-110798806
S1-667533802	S2-271040653
S1-150923073	S2-451171848
S1-186720300	S2-213114870
S1-170891047	S2-126079805
S1-670141647	S2-192625611
S1-368321848	S2-23084236
S1-127366173	S2-12315624
S1-699712626	S2-129468287
S1-25670089	S2-118596726
S1-174767489	S2-12315624
S1-595256636	S2-229164107
S1-416403348	S2-183018765
S1-699198964	S2-114492417
S1-577862375	S2-515604800
S1-5446151	S2-521453411
S1-694945671	S2-298275189
S1-443251748	S2-179683413
S1-849716741	S2-175505723
S1-387438468	S2-132899138
S1-759106472	S2-629074739
S1-608392888	S2-24323908
S1-163768405	S2-218424342
S1-332315898	S2-151627984
S1-431562569	S2-901002140
S1-280179195	S2-125032475
S1-184235936	S2-377774331
S1-951571841	S2-126797676
S1-601937740	S2-144454801
S1-773933758	S2-42746813
S1-163499463	S2-114492417
S1-560340881	S2-353513215
S1-468809950	S2-114509371
S1-28646145	S2-13222420
S1-528154954	S2-121527264
S1-28266820	S2-151627984
S1-49112489	S2-134613502
S1-186868770	S2-807488614
S1-211225066	S2-114377583
S1-365244459	S2-117583299
S1-864822710	S2-120906972
S1-433445154	S2-615530526
S1-981231766	S2-632772661
S1-889489985	S2-141627631
S1-22462619	S2-419360869
S1-524312576	S3-483977766
S1-276503571	S2-105972355
S1-762735098	S2-152259295
S1-930984126	S2-101052189
S1-882345970	S2-536705597
S1-833246077	S2-223080914
S1-122515930	S2-26753448
S1-973618114	S2-222971500
S1-107661537	S2-265070756
S1-993569954	S2-11033450
S1-223031090	S2-16522897
S1-76366715	S2-125486894
S1-738352243	S2-130207287
S1-475974172	S2-516669833
S1-108838402	S2-20821310
S1-160344566	S2-138167129
S1-349282392	S2-16632961
S1-463413558	S2-241632935
S1-550426702	S2-163481033
S1-623629030	S2-259875879
S1-724681849	S2-107804129
S1-167589196	S2-424785687
S1-480506549	S2-181260958
S1-491980624	S2-38355881
S1-626513958	S2-175505723
S1-810031087	S2-202115336
S1-304249429	S2-110363016
S1-622811440	S2-384764674
S1-512015959	S2-20104570
S1-371758379	S2-242320090
S1-467586194	S2-177825696
S1-760000733	S2-320358447
S1-710157192	S2-203735473
S1-816223382	S2-143539554
S1-385015252	S2-133206567
S1-825104319	S2-480832066
S1-198951564	S2-113549547
S1-215201660	S2-210294184
S1-88432828	S2-768520411
S1-462490789	S2-185413104
S1-558623934	S2-181007406
S1-848986710	S2-39267590
S1-589425248	S2-121608485
S1-529741859	S2-200450444
S1-752637019	S2-31604087
S1-261899496	S2-121803918
S1-499157054	S2-130873595
S1-7124004	S2-108123292
S1-862158855	S2-975822784
S1-981778121	S2-115649735
S1-943403207	S2-204527214
S1-636154729	S2-11286828
S1-720358459	S2-116356521
S1-374209056	S2-593670085
S1-508909385	S2-77867350
S1-697382201	S2-146135664
S1-694011711	S2-151349957
S1-530350244	
S1-288156117	S2-110209548
S1-198636573	S2-116765845
S1-313367739	S2-152940120
S1-600756576	S2-963326834
S1-987138163	S2-130873595
S1-371599993	S2-101300520
S1-375126019	S2-416756902
S1-810446236	S3-384482500
S1-341404382	S2-649746530
S1-860867480	S2-350062168
S1-961844088	S2-303807430
S1-784894621	S2-211581301
S1-867726624	S2-124089831
S1-83020048	S2-212063936
S1-617949405	S2-228526686
S1-666045687	S2-143534246
S1-995074486	S2-690662686
S1-845552339	S2-15380070
S1-258825374	S2-333812570
S1-283553226	S2-41105427
S1-737136935	S2-156767973
S1-899388109	S2-114382043
S1-176284272	S2-158437214
S1-790324041	S2-200035318
S1-436521550	S2-227370198
S1-400227721	S2-156585974
S1-192917220	S2-101348060
S1-45232973	S2-311010179
S1-243225250	S2-116175869
S1-741498608	S2-328471479
S1-165348612	S2-484570255
S1-554085409	S2-186466376
S1-305626746	S2-115443163
S1-194588813	S2-219785021
S1-430370266	S2-148942859
S1-290228899	S2-155941394
S1-365355849	S2-206308788
S1-865141815	S2-717699470
S1-917392763	S2-107949891
S1-525049739	S2-238485263
S1-249417294	S2-114764951
S1-415332902	S2-191134990
S1-755662139	S2-580479906
S1-694067176	S2-114764951
S1-500123319	S2-637465174
S1-128403543	S2-321581571
S1-611592963	S2-186325799
S1-198983908	S2-165879901
S1-596105615	S2-211510035
S1-418311009	S2-431737694
S1-858388455	S2-184136488
S1-644846774	S2-104628524
S1-671280711	S2-137419549
S1-891777387	S2-115997981
S1-758180164	S2-595409925
S1-1263265	S2-150454518
S1-892425758	S2-668342024
S1-12978837	S2-183547640
S1-534289235	S2-117706079
S1-892714301	S2-814365060
S1-101616699	S2-109137019
S1-910830033	S2-135569448
S1-274916479	S2-219173342
S1-397358718	S2-697168104
S1-988766059	S2-369663211
S1-801625616	S2-681430083
S1-288796942	S2-119411789
S1-840505234	S2-105333726
S1-74233400	S2-109457220
S1-956478428	S2-341124595
S1-168230618	S2-144454801
S1-411872145	S2-499031278
S1-978366852	S2-208315343
S1-498743968	S2-549788048
S1-571284093	S2-106156012
S1-651589528	S2-126561582
S1-142126127	S2-129103141
S1-561618154	S2-426366452
S1-457143712	S2-435219108
S1-229101904	S2-607765765
S1-628943954	S2-140848022
S1-69567013	S2-798453394
S1-350069867	S2-520219032
S1-327630626	S2-133312721
S1-716669540	S2-267035721
S1-566398188	S2-100733127
S1-146028829	S2-105863171
S1-404675357	S2-698803913
S1-586636031	S2-268815578
S1-550060708	S2-11649584
S1-429623265	S2-535561924
S1-364999488	S2-381405311
S1-145534465	S2-563753438
S1-354672395	S2-184727901
S1-896464695	S2-232856160
S1-980036602	S2-720316648
S1-35498262	S2-320199124
S1-669112604	S3-379193555
S1-211152214	S2-534932018
S1-801922134	S2-136324038
S1-812979201	S2-104426625
S1-495707566	S2-183936133
S1-331636833	S2-244160387
S1-900303360	S2-452729352
S1-106937387	S2-901759211
S1-326809846	S2-10656206
S1-1243787	S2-213683381
S1-120709284	S2-348515871
S1-512948760	S2-186325799
S1-926534241	S2-194653412
S1-481397234	S2-110314131
S1-830958913	S2-106612714
S1-147007999	S2-211817483
S1-542372123	S2-218574521
S1-764304176	S2-243254329
S1-621093146	S2-107476517
S1-69285384	S2-160674235
S1-531905937	S2-119173004
S1-694518410	S2-214670872
S1-861340043	S3-534668411
S1-291219769	S2-433659427
S1-209654919	S2-105563363
S1-119113024	S2-392727116
S1-693853133	S2-1688849
S1-681253731	S2-393489046
S1-707474106	S2-131166817
S1-437626186	S2-977518753
S1-608718227	S2-213633284
S1-829480757	S2-129802394
S1-513102340	S2-770402553
S1-72579645	S2-154995241
S1-166442171	S2-945938423
S1-534435182	S2-132411410
S1-137682193	S2-238271854
S1-424266152	S2-293399632
S1-513177648	S2-115194233
S1-248970598	S2-14366444
S1-387714181	S2-171478910
S1-850768748	S2-143192085
S1-182419089	S2-433658398
S1-240676985	S2-864531797
S1-315131017	S2-244098555
S1-935567464	S2-384000833
S1-241960552	S2-10656206
S1-825641425	S2-16246167
S1-170590615	S2-137380471
S1-150019148	S2-645329164
S1-161339557	S2-263479860
S1-351886406	S2-122703170
S1-296734562	S2-167897045
S1-76421708	S2-186541201
S1-312700448	S2-246590869
S1-753643313	S2-125047587
S1-275610297	S2-160625529
S1-910457378	S2-13737078
S1-205281464	S2-40513672
S1-929165048	S2-704659576
S1-203797556	S2-195761480
S1-319231277	S3-1232026
S1-963905164	S2-119905531
S1-727031795	S2-957081785
S1-60805786	S2-133058547
S1-706185582	S2-222363083
S1-974972046	S2-132246004
S1-188169807	S3-248189133
S1-93078046	S2-616516833
S1-292101476	S2-109385680
S1-103227797	S2-146036929
S1-392909174	S2-325342762
S1-77445049	S2-228152103
S1-64208086	S2-991638578
S1-166332333	S2-199394468
S1-907084274	S2-120105386
S1-162907896	S2-171371340
S1-770183293	S2-47435706
S1-330038470	S2-185037565
S1-161566212	S2-174585747
S1-673684962	S2-528237639
S1-696438928	S2-153105296
S1-926322329	S2-196628098
S1-739381690	S2-142923561
S1-347887297	S2-129732231
S1-770294668	S2-512660520
S1-337375160	S2-855801508
S1-301483183	S2-307476864
S1-181590862	S2-197047067
S1-548784274	S2-116361955
S1-25966460	S2-190416929
S1-614812800	S2-202115336
S1-812617986	S2-107018805
S1-759530673	S2-456800532
S1-788798902	S2-154995611
S1-498441856	S2-252135052
S1-48291245	S2-477376213
S1-263388520	S2-258688054
S1-480870203	S2-120013219
S1-658628280	S2-178127325
S1-453881945	S2-107431390
S1-844483520	S2-31866960
S1-315589624	S2-117677942
S1-907253761	S2-159095254
S1-614927528	S2-118793892
S1-337287232	S2-390766383
S1-551953031	S2-173052979
S1-929024771	S2-146421812
S1-952168821	S2-19317738
S1-111408316	S2-123041296
S1-381682451	S2-257969872
S1-303295227	S2-358443381
S1-949155377	S2-145798349
S1-509704039	S2-149726270
S1-526242095	S2-65835727
S1-675325406	S2-154373458
S1-351551082	S2-138530734
S1-569675845	S2-479095012
S1-156472601	S2-120546725
S1-566378242	S2-381571822
S1-426390539	S2-671670859
S1-532464914	S2-144786642
S1-922564396	S2-103858682
S1-256938375	S2-143014682
S1-460396318	S2-375357687
S1-365184329	S2-164279516
S1-448463184	S2-311010179
S1-123694778	S2-810238256
S1-603715769	S2-189710889
S1-752478863	S2-417658447
S1-217986633	S2-554358031
S1-305490311	S2-189476391
S1-169883317	S2-111362366
S1-931561288	S2-398061256
S1-55390691	S2-11058492
S1-808394266	S2-181472314
S1-29533220	S2-111303650
S1-918805873	S2-833808450
S1-941420199	S2-105063698
S1-746969306	S2-16522897
S1-394538402	S2-155941394
S1-617119105	S2-149352211
S1-374561866	S2-139255939
S1-808850994	S2-188868324
S1-355449951	S2-286763795
S1-203326824	S2-491837874
S1-486566626	S2-312573896
S1-117914436	S2-330512572
S1-905863792	S2-105170780
S1-343579510	S3-512140001
S1-203111983	S2-197615517
S1-577462583	S2-180944348
S1-602622989	S2-104408437
S1-280710259	S2-310396723
S1-729764483	S2-836897276
S1-519787016	S2-462413860
S1-577008638	S2-109457220
S1-23945797	S2-110085448
S1-355872585	S2-280943757
S1-47591345	
S1-332491813	S2-409213379
S1-274746664	S2-551382461
S1-137955518	S2-1510056
S1-969848937	S2-458912516
S1-521697855	S2-82679458
S1-556643763	S2-222760433
S1-535785118	S2-321713652
S1-719374161	S2-110209548
S1-831203785	S2-173089152
S1-318896814	S2-125970801
S1-306341609	S2-115909402
S1-274993080	S2-535328941
S1-578593159	S2-357010181
S1-577618172	S2-178899560
S1-926497628	S2-101777805
S1-115276053	S2-114492417
S1-489205577	S2-162440034
S1-826141291	S2-266872003
S1-107229576	S2-781786496
S1-232610378	S2-213633284
S1-194870861	S2-20104570
S1-759439382	S2-196027968
S1-343872277	S2-11649584
S1-240925944	S2-156767973
S1-837980010	S2-639302837
S1-769930896	S2-195006103
S1-976832908	S2-160806235
S1-955323532	S2-20104570
S1-101321904	S2-111491801
S1-527595885	S2-142158561
S1-943830807	S2-170042564
S1-578534617	S2-107018805
S1-149175796	S2-857192838
S1-511194350	S2-146833628
S1-776858948	S2-170466691
S1-305312374	S2-546650753
S1-202851839	S2-276824564
S1-812508500	S2-428530148
S1-812722109	S2-57412494
S1-724615522	S2-115430182
S1-774760330	S2-284401025
S1-492016280	S3-292218531
S1-737255108	S2-140069970
S1-923919339	S2-453218133
S1-596950208	S2-2187957
S1-396724739	S2-133312721
S1-635810071	S2-263667254
S1-737101358	S2-113650278
S1-296266321	S2-218336438
S1-951435339	S2-316195171
S1-219623773	S2-110846978
S1-383261626	S2-107369745
S1-696784676	S2-17560452
S1-551886033	S2-341561270
S1-388057119	S2-473753299
S1-396063133	S2-165445503
S1-787544524	S2-206251134
S1-924527658	S2-125820797
S1-219743351	S2-609691870
S1-616782011	S2-324583027
S1-600912403	S2-514093301
S1-514243214	S2-416865105
S1-877849375	S2-125238753
S1-97293861	S2-270582709
S1-562614473	S2-11068430
S1-239319256	S2-121675387
S1-403549289	S2-378663146
S1-798993430	S2-159589784
S1-957912822	S2-353780526
S1-174720952	S2-142603048
S1-427923930	S2-143048026
S1-272756727	S2-490688651
S1-642060521	S2-101201347
S1-818543567	S2-30870742
S1-934965286	S2-227632587
S1-470690309	S2-214202381
S1-618576763	S2-29656414
S1-548513266	S2-102858565
S1-114651560	S2-108101105
S1-202388137	S2-814954598
S1-530050243	S2-140667086
S1-910489053	S2-108355285
S1-153350852	S2-562508816
S1-53828916	S2-594134098
S1-437129142	S2-101777805
S1-520951064	S2-159584599
S1-273127182	S2-136450625
S1-937787998	S2-23842154
S1-279547520	S2-284905762
S1-625252828	S2-138530734
S1-505128283	S2-19949180
S1-284499065	S2-363571561
S1-505806111	S2-133319770
S1-34724084	S2-653034366
S1-940599333	S2-151052710
S1-131421921	S2-105002622
S1-182599619	S2-108101105
S1-910006999	S2-201287733
S1-570656789	S2-115909402
S1-936994606	S2-10464836
S1-190416547	S2-160876944
S1-22175547	S2-419024891
S1-677991264	S2-130611952
S1-971203900	S2-101790119
S1-551641213	S2-176359559
S1-764929533	S2-100676994
S1-41221495	S2-318350015
S1-255170809	S2-152670177
S1-570742040	S2-137988683
S1-386029399	S2-775550600
S1-205312028	S2-552208622
S1-501507591	S2-132395007
S1-385411953	S2-24536214
S1-875462359	S2-325516724
S1-682326917	S2-59447476
S1-429228549	S2-135704117
S1-695927623	S2-205637002
S1-452164552	S2-167254401
S1-313523541	S2-175505723
S1-806510977	S2-134749070
S1-421546900	S2-134827724
S1-653692752	S2-136324038
S1-497150579	S2-263208894
S1-91756265	S2-380983999
S1-3081322	S2-690402117
S1-116217745	S2-151093435
S1-111910680	S2-268262795
S1-602446510	S2-297890045
S1-448708179	S2-228635186
S1-860849153	S2-242210654
S1-270246921	S2-129553512
S1-595814160	S2-103842933
S1-901605073	S2-110970747
S1-63103062	S2-203537332
S1-311537206	S2-386484462
S1-320943743	S2-661410397
S1-480940719	S2-233051321
S1-719024981	S2-95404464
S1-526975757	S2-141016104
S1-105505873	S2-119198255
S1-852395128	S2-343025493
S1-585720140	S2-257830541
S1-892869955	S2-135768742
S1-870544520	S2-106156012
S1-568804558	S2-223771953
S1-359393459	S2-194655572
S1-331178571	S2-110292671
S1-627513026	S2-23003302
S1-770392003	S2-111939001
S1-703206922	S2-133882523
S1-802151825	S2-103579619
S1-968954990	S2-133529707
S1-986621306	S2-122574101
S1-938849951	S2-113946279
S1-858320379	S2-164258343
S1-567507332	S3-164138478
S1-57993591	S2-590713196
S1-335981579	S2-457305981
S1-222375254	S2-76199328
S1-175784776	S2-216694000
S1-802821998	S2-10717394
S1-165265018	S2-353517215
S1-135124524	S2-105333726
S1-137391517	S2-221024254
S1-558216755	S2-160835691
S1-251597997	S2-23834754
S1-709868803	S2-114764951
S1-765790058	S2-110970747
S1-805248939	S3-295648408
S1-59294492	S2-126115285
S1-94544920	S2-42608945
S1-715409565	S2-239323795
S1-31672637	S2-192833784
S1-760435468	S2-42003727
S1-385272418	S2-706648510
S1-599536103	S2-604616487
S1-877241542	S2-175572036
S1-554454024	S2-189355957
S1-172563617	S2-107902899
S1-545894832	S2-795357989
S1-452674848	S2-144981532
S1-768031629	S2-133104593
S1-481561073	S2-203658754
S1-835924565	S2-449072316
S1-596396935	S2-54736310
S1-116567161	S2-215013748
S1-101344015	S2-191800104
S1-621897245	S2-459088460
S1-470827913	S2-121863531
S1-675391722	S2-101790119
S1-395959007	S2-318757507
S1-870050391	S2-125853815
S1-205082267	S2-303851339
S1-63584068	S2-123344806
S1-246741004	S2-123718395
S1-965517408	S2-242746245
S1-851763533	S2-217531596
S1-520780365	S2-143534246
S1-97078638	S2-168927080
S1-245188948	S2-356972646
S1-953824275	S2-286368752
S1-42812092	S2-148788991
S1-323868164	S2-156630896
S1-589367326	S2-242167079
S1-91703751	S2-173594504
S1-51012186	S2-502773589
S1-730286469	S2-262894095
S1-609556162	S2-63297782
S1-561449964	S2-182416418
S1-747889137	S2-165782552
S1-587144129	S2-119905531
S1-953239179	S2-202115336
S1-533976097	S2-629439465
S1-235356597	S2-131240862
S1-963754634	S2-313056581
S1-584420930	S2-111939001
S1-708857779	S2-193505116
S1-185168795	S2-363213843
S1-677049666	S2-115909402
S1-230073782	S2-136324038
S1-934817845	S2-101348060
S1-527914389	S2-670218983
S1-267760191	S2-371245419
S1-630077580	S2-226279010
S1-108966079	S2-362089070
S1-441571416	S2-116074708
S1-297425676	S2-153105296
S1-771091453	S2-117765760
S1-641547477	S2-128256662
S1-468160746	S3-455690510
S1-887495356	S2-384000833
S1-701477202	S2-150397090
S1-478415556	S2-136332889
S1-900544442	S2-126114325
S1-25648771	S2-797126682
S1-950293301	S2-122703170
S1-414266243	S2-154277874
S1-403960370	S2-182416418
S1-779373633	S2-920685013
S1-656196892	S2-393524349
S1-788897468	S2-5811473
S1-767531745	S2-150397090
S1-979046028	S2-1056557
S1-126571827	S2-785705579
S1-689197654	S2-520762202
S1-448137263	S2-160674235
S1-72181872	S2-642947098
S1-455472733	S2-605602551
S1-919907175	S2-124067704
S1-528571864	S2-281371908
S1-405977855	S2-289375443
S1-963887597	S3-18756157
S1-416782854	S2-211817483
S1-2569643	S2-114382043
S1-378377248	S2-405617716
S1-246115442	S2-114764951
S1-454553980	S2-314544757
S1-292741559	S2-876780802
S1-405157769	S2-141909861
S1-771717314	S2-781378341
S1-117361298	S2-499700336
S1-976572122	S2-114330765
S1-323674665	S2-14217513
S1-305459626	S2-214469026
S1-202987696	S2-149211922
S1-609177693	S2-117047722
S1-363937767	S2-963712871
S1-78380369	S2-203752813
S1-736900711	S2-183453829
S1-14374867	S2-542155345
S1-123388857	S2-123899032
S1-140138353	S3-31269670
S1-297626335	S2-210637945
S1-564456230	S2-764896002
S1-228426403	S2-150397090
S1-465953654	S2-111491801
S1-757358394	S2-1056557
S1-649425485	S2-184079867
S1-902501622	S2-164080855
S1-41889538	S2-407227690
S1-540909807	S2-153105296
S1-965502653	S2-180896135
S1-34574391	S2-113650278
S1-40055452	S2-237262391
S1-825011569	S2-116905971
S1-375888648	S2-332407119
S1-940675977	S2-107476517
S1-255137887	S2-102188281
S1-979198770	S2-778372022
S1-646909698	S2-524456075
S1-251399841	S2-181472314
S1-255695231	S2-140751093
S1-779447311	S2-280534767
S1-169673012	S2-161831951
S1-17189768	S2-144978780
S1-606925008	S2-16744284
S1-759774941	S2-233100901
S1-77774644	S2-111491801
S1-810398431	S2-299864563
S1-847068000	S2-137944324
S1-651024984	S2-285527647
S1-27796491	S2-104356168
S1-154435012	S3-391768100
S1-290598545	S2-139977195
S1-364686014	S2-105415440
S1-71521162	S2-15962956
S1-672285868	S2-219304098
S1-967625750	S2-10872773
S1-203807873	S2-119683936
S1-747727548	S2-22853487
S1-931996493	S2-387683301
S1-31540653	S2-291561214
S1-623115427	S2-897291862
S1-876140897	S2-109385680
S1-156337024	S2-296408669
S1-67400493	S2-125808544
S1-788184465	S2-143192085
S1-60035939	S2-778210305
S1-556554201	S2-102228434
S1-190983436	S2-249464454
S1-385500689	S2-191440863
S1-843107679	S2-837382191
S1-620850468	S2-327337087
S1-146175725	S2-221967678
S1-610807582	S2-184661309
S1-418803407	S2-362999179
S1-236873587	S2-380913126
S1-790799461	S2-344528396
S1-541089569	S2-103829125
S1-338130407	S2-578944076
S1-216761478	S2-334986374
S1-115906408	S2-120625390
S1-171396957	S2-144231047
S1-512114726	S2-311330575
S1-527572064	S2-378663146
S1-378879114	S2-109385680
S1-140252190	S2-153359409
S1-605959981	S2-402378347
S1-457606582	S2-183298471
S1-308850031	S2-150454518
S1-80491970	S2-114301465
S1-536336078	S2-84688331
S1-673221498	S2-190843713
S1-613554429	S2-565341086
S1-274107378	S2-24458528
S1-244703154	S2-158691122
S1-433424399	S2-105415440
S1-140080099	S2-568906913
S1-434302343	S2-122654743
S1-831522641	S2-149515808
S1-985568866	S2-132479620
S1-763179636	S2-114382043
S1-298936396	S2-154463090
S1-173631614	S2-252608867
S1-457175849	S2-870057148
S1-823818952	S2-152259295
S1-946864769	S2-144341481
S1-237677845	S2-183692572
S1-820004652	S2-126754549
S1-100594700	S2-868431191
S1-889670019	S2-544391782
S1-442300218	S2-185101229
S1-748369080	S2-108940112
S1-509798276	S2-268424192
S1-367137970	S2-144699479
S1-690274150	S2-319494462
S1-726423447	S2-120524438
S1-285861162	S2-15662875
S1-196088436	S2-238271854
S1-813058744	S2-179921948
S1-983913039	S2-135704117
S1-654727667	S2-311231037
S1-737574809	S2-863596875
S1-818939300	S2-31262554
S1-327433572	S3-167886932
S1-243302778	S2-211848997
S1-608422023	S2-344781788
S1-382573641	S2-16522897
S1-953222403	S2-161925841
S1-596934712	S2-126908582
S1-570675522	S2-229695542
S1-230569531	S2-191293434
S1-705151737	S2-413853158
S1-219680907	S2-829574531
S1-819246115	S2-105063698
S1-352622050	S2-250757650
S1-78548581	S2-28078294
S1-998866264	S2-538547755
S1-59164081	S2-353771299
S1-251367868	S2-154995241
S1-176784705	S2-962978269
S1-371751673	S2-471955835
S1-74065179	S2-197848508
S1-606615098	S2-309797511
S1-306551551	S2-142556020
S1-5811085	S2-512723401
S1-97556767	S2-135768742
S1-876017153	S2-18590595
S1-603803992	S2-210317167
S1-46840949	S2-125725108
S1-523312943	S2-27544629
S1-230444667	S2-138530734
S1-271196213	S3-130768331
S1-866508747	S2-624348757
S1-182878732	S2-231209187
S1-852407284	S2-175921585
S1-306932563	S2-237216747
S1-37349402	S3-398004061
S1-929672914	S2-253521336
S1-31917148	S2-244160387
S1-779269199	S2-13094604
S1-664844174	S2-217379507
S1-454767096	S2-536922634
S1-389672273	S2-11098269
S1-968780704	S2-411768567
S1-368269036	S2-383818939
S1-597924885	S2-10086967
S1-512017388	S2-388388653
S1-388901360	S2-247596760
S1-896353325	S2-147418415
S1-191454705	S2-287921409
S1-536594070	S2-148195060
S1-613644585	S2-211280491
S1-529169532	S2-3222095
S1-244608832	S2-222171730
S1-720547746	S2-259414380
S1-946481692	S2-195748220
S1-702887098	S2-18020626
S1-573019867	S2-831274173
S1-31286462	S2-150397090
S1-923036111	S2-932733299
S1-274020651	S2-135594826
S1-741782796	S2-147133096
S1-715011574	S2-285769874
S1-429021656	S2-106612714
S1-938213288	S2-268262795
S1-98823296	S2-1793994
S1-499278133	S2-43820231
S1-227092581	S2-150120701
S1-25739822	S2-461103844
S1-75224712	S2-165183325
S1-198369098	S2-130783213
S1-713936444	S2-226023759
S1-453637981	S2-21244541
S1-750654471	S2-197673799
S1-206628703	S2-15432787
S1-502056981	S2-178593207
S1-888879520	S2-290738994
S1-273593933	S2-126966184
S1-899539345	S2-231209187
S1-687999058	S2-130703773
S1-755884690	S2-244004027
S1-113741486	S2-684910796
S1-922640541	S2-227370198
S1-731068520	S2-524645287
S1-801314914	S2-621754416
S1-41699584	S2-591273668
S1-797409354	S2-105972355
S1-910984734	S2-248634581
S1-756837915	S2-166211513
S1-213072191	S2-259939339
S1-97567781	S2-32038053
S1-982143868	S2-39376365
S1-884932402	S2-383537526
S1-663780534	S2-398715484
S1-592417780	S2-188965366
S1-855543548	S2-122704981
S1-414981791	S2-247697791
S1-959554176	S2-1056557
S1-168120776	S2-472510063
S1-454430453	S2-469019655
S1-404421905	S2-542005182
S1-28471899	S2-397137442
S1-964496523	S2-30160971
S1-191834871	S2-227370198
S1-950597221	S2-161085777
S1-653834426	S2-888490815
S1-516399914	S2-416689065
S1-815950207	S2-260984348
S1-478476963	S2-807801387
S1-18753975	S2-573584442
S1-430758921	S2-615225384
S1-616940758	S2-502393035
S1-793864512	S2-149296254
S1-814747825	S2-488393949
S1-532421765	S2-130263428
S1-967941390	S2-136332889
S1-343163253	S2-169076839
S1-781644722	S2-143720600
S1-87269273	S2-164521993
S1-810596238	S2-235755636
S1-232821768	S2-191271048
S1-728001210	S2-290729337
S1-57783184	S2-116765845
S1-216530079	S2-22853487
S1-144403338	S2-141246335
S1-850799298	S2-150397090
S1-219112924	S2-154373458
S1-940107686	S2-217141651
S1-275466731	S3-498653670
S1-397155013	S2-174648252
S1-426345127	S2-193952945
S1-396746181	S2-121675387
S1-255522787	S2-276795937
S1-323839951	S2-205639791
S1-91253851	S2-140875808
S1-764334277	S2-276395756
S1-834570378	S2-177412168
S1-449790412	S2-496495003
S1-178917994	S2-213683381
S1-539200156	S2-779210890
S1-274298822	S2-125808544
S1-853209518	S2-996418454
S1-500292021	S2-147852121
S1-289668854	S2-852656035
S1-518444247	S2-154373458
S1-266768456	S2-104347064
S1-413568355	S2-112967562
S1-796284383	S2-412054112
S1-996909451	S2-303692476
S1-45176074	S2-829927917
S1-936626437	S2-302263758
S1-406389966	S2-105463985
S1-949590524	S2-115767824
S1-464942584	S2-496127093
S1-621472033	S2-815314325
S1-534522583	S2-110846978
S1-609170577	S2-315667770
S1-375602259	S2-190519266
S1-100517908	S2-972590030
S1-443773107	S2-141455395
S1-647387736	S2-630882803
S1-515418325	S2-138618182
S1-64530042	S2-142706795
S1-492999950	S2-898998902
S1-734343607	S2-150015481
S1-56870873	S2-536903296
S1-600282889	S2-35872530
S1-670359909	S2-10717394
S1-161393085	S2-176479551
S1-267455678	S2-10650395
S1-332076088	S2-145572255
S1-533229779	S2-400495291
S1-678651113	S2-214931265
S1-193742229	S2-206811926
S1-402905764	S2-135768742
S1-567805803	S2-364708249
S1-424018065	S2-115430182
S1-92586149	S2-277492757
S1-874179258	S2-54116399
S1-245896083	S2-309797787
S1-90854291	S2-202713214
S1-388734693	S2-504412885
S1-381499329	S2-231053383
S1-755536018	S2-501129147
S1-86324565	S2-62987114
S1-156442579	S2-158328098
S1-995377656	S2-155760595
S1-328197724	S2-11649584
S1-182564973	S2-249797175
S1-221697546	S2-204656889
S1-283750600	S2-175561761
S1-180664699	S2-102641958
S1-814205837	S2-133319770
S1-462469758	S2-205375150
S1-666685179	S2-1005387
S1-205134456	S2-161353541
S1-68378234	S2-41606567
S1-323803886	S2-622697428
S1-237417820	S2-160573432
S1-354393570	S2-204828242
S1-152764624	S2-132479620
S1-781558693	S2-140032775
S1-507701598	S2-124828212
S1-362643545	S2-365254029
S1-853733912	S2-979846821
S1-533736022	S2-708931807
S1-229845490	S2-217141651
S1-958174154	S2-105622566
S1-904897003	S2-309207219
S1-579829755	S2-340624567
S1-525093400	S2-103858682
S1-629706394	S2-170770517
S1-265183716	S2-13520596
S1-653276230	S2-291035200
S1-615480241	S2-128583426
S1-457353999	S2-18988700
S1-982327720	S3-211682163
S1-291648029	S2-111710980
S1-609612010	S2-129961329
S1-702546625	S2-148000160
S1-113396426	S3-315427381
S1-938318753	S2-171388267
S1-872013262	S2-106849827
S1-990794637	S2-610977398
S1-204377040	S2-120912022
S1-6059829	S2-116361955
S1-824880975	S2-171777477
S1-307288511	S2-539713591
S1-170508520	S2-331760211
S1-654842852	S2-108444620
S1-907645993	S2-123344806
S1-52981854	S2-829805615
S1-186198378	S2-196199942
S1-677553251	S2-120546725
S1-629952902	S2-210740161
S1-23070454	S2-135387678
S1-275689766	S2-191271048
S1-190428785	S3-190407786
S1-389734533	S2-162085427
S1-956259519	S2-114492417
S1-110993427	S2-190440407
S1-256509555	S2-194194941
S1-859134734	S2-115909402
S1-960606759	S2-973225636
S1-616696346	S2-109562216
S1-99760362	S2-204656889
S1-405614921	S2-15810023
S1-159805606	S2-129152296
S1-413848773	S2-141909861
S1-787034428	S2-115060811
S1-43917678	S2-317184443
S1-696143956	S2-136264796
S1-917098005	S2-268070959
S1-481712912	S2-151517057
S1-36250699	S2-175505723
S1-183353579	S2-227170393
S1-467513242	S2-143962184
S1-124883140	S2-119252939
S1-497711468	S2-820284564
S1-969434708	S2-115899772
S1-91047245	S2-13138966
S1-663776366	S2-108551486
S1-291876994	S2-633691877
S1-136971972	S2-151486052
S1-878930563	S2-662636800
S1-667500849	S2-607716085
S1-630370206	S2-133058547
S1-457133621	S2-559345422
S1-67711394	S2-417086555
S1-423298944	S2-104356168
S1-441825838	S2-371955042
S1-606263086	S2-476889663
S1-251486896	S2-795545637
S1-335978766	S2-141271072
S1-887863367	S2-439425445
S1-253393715	S2-271893360
S1-804608201	S2-121071048
S1-41164282	S2-11068430
S1-468203787	S2-317688849
S1-180751389	S2-353702375
S1-368435155	S2-192327934
S1-151306656	S2-166950608
S1-633649497	S2-220560977
S1-331423041	S2-347390029
S1-300447600	S2-114492417
S1-846977766	S2-224214881
S1-74168468	S2-2832806
S1-490550710	S2-379929368
S1-102617246	S3-279203221
S1-568326116	S2-347343407
S1-623146530	S2-206782156
S1-226747019	S2-135594826
S1-967241148	S2-11033450
S1-798306645	S2-378581644
S1-167471961	S2-125725108
S1-825312149	S2-213396165
S1-206756603	S2-135235875
S1-560136767	S2-130780959
S1-724107394	S2-287331798
S1-656885262	S2-130783213
S1-985598598	S2-285410524
S1-783143100	S2-197285229
S1-742935791	S2-53964847
S1-638971037	S2-753108609
S1-961807399	S3-215418222
S1-627639966	S2-44208727
S1-957753894	S2-416202988
S1-980146752	S2-109457220
S1-718569568	S2-24910266
S1-458583814	S2-337843289
S1-827620198	S2-124089831
S1-938698633	S2-83987495
S1-436449037	S2-119538550
S1-248763227	S2-148870882
S1-826445454	S2-120906972
S1-842874780	S2-300027675
S1-544516943	S3-355700473
S1-18355317	S2-10464836
S1-35889831	S2-144978780
S1-225610361	S2-115017582
S1-751935049	S2-109385680
S1-230875509	S2-295346895
S1-243178390	S2-101777805
S1-851784109	S2-101383634
S1-818777138	S2-997201610
S1-79074999	S2-819296224
S1-405318995	S2-145900572
S1-450864455	S2-1133675
S1-384118258	S2-115964797
S1-386812013	S2-121290737
S1-47159174	S2-217304568
S1-941534019	S2-333894576
S1-47572009	S2-156151512
S1-143300098	S2-177405502
S1-422277846	S2-197066314
S1-767856448	S2-143081706
S1-524169202	S2-140313935
S1-748344423	S2-112282297
S1-379837934	S2-15756854
S1-77842920	S2-30834353
S1-674360431	S2-29208209
S1-476074822	S2-153161854
S1-695038789	S2-183091621
S1-311350930	S2-251459882
S1-177494306	S2-123041296
S1-538325418	S2-127048112
S1-837260058	S2-472662607
S1-815502491	S2-113650278
S1-22452658	S2-400814594
S1-989306197	S2-178851453
S1-492811435	S2-35766959
S1-609779971	S2-121200729
S1-21011304	S2-135768742
S1-636692912	S3-110466286
S1-685763490	S2-131312099
S1-763337374	S2-510964974
S1-686982504	S2-199665129
S1-161016343	S2-102114392
S1-65799258	S2-165527838
S1-290449013	S2-127048112
S1-620523992	S2-136317148
S1-181463059	S2-859288597
S1-730115741	S2-926947832
S1-159668461	S2-31604087
S1-274487315	S2-164083929
S1-442052638	S2-340806238
S1-336282177	S2-538371940
S1-96027844	S2-135569448
S1-51098371	S2-111646167
S1-401842431	S2-283563300
S1-208320245	S2-227734194
S1-766157142	S2-255711572
S1-589700697	S2-253866800
S1-317882852	S2-351841342
S1-551749613	S2-10872773
S1-260310792	S2-264398365
S1-831111852	S2-228514564
S1-598497685	S2-573737725
S1-63739854	S2-160573432
S1-300146049	S2-139190907
S1-66751363	S2-165183325
S1-995659962	S2-114492417
S1-990896560	S2-265142770
S1-845659270	S2-118596726
S1-843781496	S2-129961329
S1-213488520	S2-36378868
S1-21053834	S2-100072987
S1-561573664	S2-108447565
S1-770569504	S2-112437988
S1-954030748	S2-193027064
S1-51255900	S2-25575950
S1-316711179	S2-143192546
S1-20553283	S2-124067704
S1-124421307	S2-117047722
S1-607751617	S2-470873301
S1-866737119	S2-231209187
S1-284894770	S2-409878715
S1-470332411	S2-151049
S1-740107942	S2-179705966
S1-517560769	S2-128479645
S1-402317506	S2-44425050
S1-766640964	S2-748554330
S1-588175564	S2-139245844
S1-559943054	S2-4481299
S1-459807353	S2-49760606
S1-454203667	S2-284358634
S1-422312162	S2-738919743
S1-858515114	S2-907612994
S1-21190040	S2-187294721
S1-573829377	S2-108102880
S1-213523576	S2-593551414
S1-211927204	S2-327374394
S1-525313185	S2-447289070
S1-51876386	S2-240141982
S1-99841165	S2-812300282
S1-696545513	S2-152763705
S1-4483144	S2-43813750
S1-518467656	S2-264888641
S1-952539877	S2-554531699
S1-173820184	S2-567801219
S1-283343892	S2-50584885
S1-856251589	S2-819296224
S1-475443566	S2-37387484
S1-929572923	S2-101348060
S1-902928025	S2-326895092
S1-982130635	S2-183513828
S1-385021705	S2-231780501
S1-151983158	S2-112282297
S1-875321876	S2-323544708
S1-101382761	S2-135704117
S1-544043978	S2-12364648
S1-135298072	S2-174648252
S1-638007580	S2-437662519
S1-235974925	S2-316903752
S1-296121800	S2-577427742
S1-273292776	S2-113666660
S1-71554719	S2-184975655
S1-656768331	S2-179690188
S1-713392535	S2-100481130
S1-114633710	S2-379705318
S1-970037701	S2-230080835
S1-625287720	S2-499349692
S1-781728357	S2-15962956
S1-810884307	S2-132868871
S1-360669254	S2-140699900
S1-303795974	S2-173107258
S1-255331971	S2-111646167
S1-463215765	S2-624160189
S1-379449555	S2-192572324
S1-857266932	S2-235755636
S1-811562691	S2-285995717
S1-798080845	S2-160595293
S1-720462525	S2-113650278
S1-34603324	S2-350642614
S1-491352053	S2-205694807
S1-229553935	S2-259304578
S1-23100503	S2-160758405
S1-865153868	S2-176717525
S1-497003562	S2-21460269
S1-790084587	S2-470912458
S1-490867547	S2-157210262
S1-349668969	S2-113650278
S1-387037261	S2-886647938
S1-546862587	S2-220453071
S1-794749384	S2-100072987
S1-340365789	S2-588671497
S1-554430768	S2-101348060
S1-792176615	S2-114382043
S1-800637719	S2-114735577
S1-749770460	S2-766330604
S1-998015708	S2-173699387
S1-583559580	S2-162689920
S1-700788460	S2-223771953
S1-271758783	S2-216278563
S1-756039361	S2-335253839
S1-875699848	S2-115964797
S1-148690895	S2-508092569
S1-564370700	S2-337882254
S1-604469145	S2-31866960
S1-75604659	S2-110314131
S1-218747690	S2-191351861
S1-495122008	S2-553899911
S1-565951856	S2-162440034
S1-323036542	S2-956553917
S1-954389505	S2-11068430
S1-52728041	S2-147748792
S1-538371981	S2-170861418
S1-293173899	S2-498080124
S1-654463210	S2-131678669
S1-65619892	S2-10278030
S1-810500349	S2-224214881
S1-333515567	S2-441017933
S1-136232778	S2-226984999
S1-315469650	S2-168900165
S1-725511090	S2-255147485
S1-101316565	S2-201698713
S1-511326937	S2-330413700
S1-448382605	S2-111898260
S1-739032732	S2-144978780
S1-142146773	S2-238512749
S1-187876868	S2-140925376
S1-294479670	S2-73046686
S1-617890093	S2-194812790
S1-757490580	S2-387321070
S1-102777198	S2-175505723
S1-497463209	S2-111953500
S1-338943987	S2-350849015
S1-947408152	S2-151739715
S1-628860129	S2-396458319
S1-100625031	S2-296110133
S1-963282896	S2-16632961
S1-536472082	S2-103165595
S1-307662681	S2-873027639
S1-523199754	S2-309211741
S1-249613692	S2-170526924
S1-552256071	S2-136264796
S1-119314581	S2-219992759
S1-458319390	S2-227632587
S1-126616805	S2-210031642
S1-739030750	S2-408413464
S1-609503509	S2-491355884
S1-788903092	S2-168817318
S1-985958920	S2-544147954
S1-740434662	S2-695213452
S1-553980165	S2-10086967
S1-252594261	S2-471790835
S1-532546423	S2-105563363
S1-409497215	S2-191134990
S1-695248320	S2-10872773
S1-613657965	S2-48469421
S1-122777126	S2-178899560
S1-935484939	S2-596672820
S1-487966731	S2-114892277
S1-534469544	S2-680248900
S1-920238983	S2-265930772
S1-664438613	S2-697254631
S1-729309540	S2-108447565
S1-91143121	S2-245944898
S1-59134611	S2-20373993
S1-38027401	S2-340043357
S1-614492029	S2-137988683
S1-727152318	S2-909434657
S1-855744350	S2-293023412
S1-52128037	S2-141246335
S1-664255640	S2-283069369
S1-603464916	S2-188965366
S1-133991896	S2-221154905
S1-791769023	S2-107902899
S1-310468943	S2-214673772
S1-115239174	S2-195221232
S1-4303279	S2-219741409
S1-156897566	S2-16744284
S1-617920866	S2-158437214
S1-82369635	S2-114915270
S1-52698576	S2-107369745
S1-816361888	S2-167333090
S1-640566596	S2-105567957
S1-527077921	S2-24655163
S1-694647687	S2-362980770
S1-420911744	S2-251377865
S1-387788087	S2-20736596
S1-7268807	S2-206782156
S1-172949341	S2-154293201
S1-42544839	S2-471959614
S1-190817222	S2-11715294
S1-604121640	S2-1510056
S1-294357190	S2-303229190
S1-959135712	S2-331978100
S1-131480550	S2-852398239
S1-850365143	S2-288546651
S1-973961478	S2-148032374
S1-38573339	S2-496073781
S1-297196767	S2-113650278
S1-16815808	S2-107451990
S1-381390805	S2-107018805
S1-925537771	S2-379921581
S1-973397807	S2-116765845
S1-668629913	S2-371779262
S1-460359317	S2-227143970
S1-152629056	S2-231244309
S1-816352211	S2-109463738
S1-826746760	S2-676759531
S1-333374527	S2-100481130
S1-238939633	S2-446526917
S1-928830231	S2-132479620
S1-591868511	S2-570738306
S1-17642152	S2-109620721
S1-767513500	S2-508367478
S1-435421636	S2-557938385
S1-64446299	S3-259284543
S1-620979859	S2-181472314
S1-217388835	S2-618221564
S1-21510300	S2-15034486
S1-18375608	S2-164075734
S1-858123443	S2-154293201
S1-175146896	S2-113666660
S1-394684257	S2-448762424
S1-871438805	S2-184626259
S1-240483393	S2-144551548
S1-334331207	S2-544274039
S1-285360271	S2-135768742
S1-599562761	S2-149544542
S1-45512837	S2-951387534
S1-378980909	S2-231507620
S1-201583073	S2-280743598
S1-966645253	S2-566412666
S1-577518233	S2-195011806
S1-393117441	S2-969690402
S1-439242722	S2-128583426
S1-818610319	S2-206296624
S1-603328416	S2-117677942
S1-254031256	S2-356111724
S1-209465308	S2-813085507
S1-999731757	S2-174249756
S1-333537863	S2-11098269
S1-709075685	S2-628496142
S1-117089500	S2-16465643
S1-543692413	S2-246296163
S1-358954532	S2-125970994
S1-721261623	S2-150951091
S1-4942139	S2-792196063
S1-866398930	S2-125970994
S1-721917940	S2-411387245
S1-817492488	S2-322016214
S1-879095301	S2-133770402
S1-373729992	S2-11357410
S1-956159401	S2-121529456
S1-557824592	S2-292886185
S1-593544703	S2-163481033
S1-542489487	S2-31866960
S1-28707455	S2-15186993
S1-872182593	S2-192062049
S1-182653240	S2-198522877
S1-114638959	S2-114382043
S1-776283021	S2-214807013
S1-224228982	S2-11649584
S1-304183995	S2-416014147
S1-517813890	S2-125032475
S1-287144171	S3-323316453
S1-270866020	S2-744374337
S1-299345317	S2-198938800
S1-272511072	S2-166127338
S1-990815945	S2-546791972
S1-645164312	S2-303807430
S1-446381067	S2-291229552
S1-393447163	S2-100481130
S1-912274176	S2-408138290
S1-854491548	S2-294648266
S1-803555394	S2-286429155
S1-387087019	S2-377559428
S1-953118851	S2-249600249
S1-492219268	S2-496003285
S1-450375940	S2-107451990
S1-581220967	S2-159584599
S1-210370667	S2-210508624
S1-113170366	S2-274713379
S1-259008157	S2-106612714
S1-310863018	S2-102188281
S1-553056304	S2-177657511
S1-796414280	S2-986989332
S1-387104046	S2-221146707
S1-158871572	S2-169375637
S1-94790401	S2-15432787
S1-276669591	S2-39636828
S1-657810501	S2-314921477
S1-924058278	S2-195663651
S1-192116742	S2-117583299
S1-526371318	S2-90188801
S1-641514684	S2-894649950
S1-98771610	S2-226635206
S1-549307880	S2-133764809
S1-254241487	S3-143989232
S1-932915735	S2-260943257
S1-766358011	S2-178899560
S1-245140455	S2-119683936
S1-184939694	S2-439983333
S1-679509341	S2-268979010
S1-187634864	S2-141247051
S1-17572808	S2-129579666
S1-489857550	S2-16246167
S1-331087301	S2-829438573
S1-524853804	S2-402378347
S1-893161143	S2-259477480
S1-386378436	S2-166356033
S1-260410083	S2-166697791
S1-286867610	S2-400997086
S1-686100928	S2-142689391
S1-603410624	S2-11649584
S1-276542910	S2-125047587
S1-177450365	S2-137981508
S1-966193716	S2-16889326
S1-522454002	S2-229628212
S1-326580755	S2-12225132
S1-50224681	S2-288250210
S1-387920894	S2-18212015
S1-251971053	S2-411948783
S1-794762701	S2-528849622
S1-807398678	S2-145698504
S1-15499000	S2-238485263
S1-234838390	S2-16642889
S1-360852406	S2-262317215
S1-958675414	S2-2237523
S1-278657322	S2-142603048
S1-753222045	S2-583357242
S1-938878263	S2-531752892
S1-528608535	S2-778210305
S1-469570478	S2-216892787
S1-451863687	S2-178899560
S1-990224175	S2-529226722
S1-636542229	S2-112282297
S1-752278816	S2-241180195
S1-970122992	S2-384000833
S1-101965355	S2-179705966
S1-926635389	S2-115767824
S1-831824604	S2-10387439
S1-174578193	S2-226299755
S1-11512951	S2-121071048
S1-570615060	S2-102409215
S1-307014189	S2-156066234
S1-626659752	S2-19766608
S1-108062699	S2-114833864
S1-558414780	S2-185954198
S1-243094632	S2-428530148
S1-719926013	S2-201431729
S1-77655921	S2-568906913
S1-447862549	S2-200260692
S1-112224808	S2-115194233
S1-877883823	S2-103665690
S1-931194248	S2-112251215
S1-204673227	S2-729641141
S1-597554037	S2-367927402
S1-876270600	S2-114382043
S1-951485777	S3-329781402
S1-757655047	S2-127691185
S1-529103679	S2-193505116
S1-367113067	S2-148179442
S1-974203163	S2-233469814
S1-151529167	S2-144978780
S1-601798128	S2-283572298
S1-334532143	S2-115194233
S1-19646994	S2-196628098
S1-986723656	S2-144231047
S1-941270062	
S1-894354858	S2-147033770
S1-153282443	S2-147224719
S1-252721685	S2-159589784
S1-366560720	S2-147133096
S1-325907878	S2-167069486
S1-245741844	S2-139900336
S1-571154778	S2-426062817
S1-479473984	S2-339940129
S1-166710161	S2-139977195
S1-880264430	S2-477372973
S1-329858759	S2-122703170
S1-25301706	S2-114492417
S1-151963642	S2-204213208
S1-5300269	S2-126797676
S1-46847868	S2-985488652
S1-406545790	S2-426284721
S1-517357558	S2-329497984
S1-322990538	S2-353593844
S1-767903908	S2-149966728
S1-934321504	S2-262797173
S1-698965240	S2-105039464
S1-814115028	S2-188477409
S1-685670497	S2-225232745
S1-206439171	S2-263479860
S1-607479914	S2-259909905
S1-819373507	S2-197285229
S1-833492147	S2-535755938
S1-761063726	S2-14639286
S1-485381469	S2-118596726
S1-318204814	S2-207255557
S1-268195297	S2-29542150
S1-476586495	S2-484904712
S1-731286723	S2-228526686
S1-951574848	S2-214727119
S1-641504966	S2-117583299
S1-297871294	S2-319452429
S1-993893530	S2-148870882
S1-563462430	S2-105170780
S1-18661705	S2-901811772
S1-471842925	S2-107902899
S1-303793850	S2-140013755
S1-619349944	S2-910911060
S1-637315714	S2-374652112
S1-434993324	S2-163356313
S1-550665321	S2-144652953
S1-909241512	S2-15662875
S1-920943504	S2-100916746
S1-348470951	S2-156767973
S1-758321657	S2-18988700
S1-954106727	S2-117047722
S1-111022878	S3-351053771
S1-253705153	S2-454024800
S1-77420932	S2-3130364
S1-993547632	S2-469437450
S1-2504663	S2-101052189
S1-417249246	S2-219793554
S1-942514353	S2-143866343
S1-547610001	S2-134769047
S1-108945605	S2-108367390
S1-656697983	S2-52209314
S1-595923397	S2-167897045
S1-573620079	S2-139245844
S1-23744517	S2-144100974
S1-994666685	S2-123430600
S1-36449354	S2-258491562
S1-853233323	S2-15380070
S1-961660285	S2-353146445
S1-34199188	S2-160035187
S1-900911947	S2-208719046
S1-878140918	S2-227632587
S1-938577079	S2-143650046
S1-762302121	S2-506148756
S1-191201377	S2-143712621
S1-768612134	S2-135615022
S1-329403233	S2-179705966
S1-524046847	S2-840308486
S1-453028925	S2-238271854
S1-665124170	S2-317530390
S1-264764963	S2-352366855
S1-641779989	S2-108631381
S1-261785622	S2-274762703
S1-592054873	S2-183547640
S1-841985617	S3-88093298
S1-875161493	S2-229385995
S1-959584857	S2-156974758
S1-211540192	S2-203774659
S1-177935630	S2-139430882
S1-539156207	S2-132670210
S1-720795370	S2-188965366
S1-88851929	S2-157212403
S1-7740191	S2-114492417
S1-480299344	S2-29436415
S1-397399956	S3-107256807
S1-877612429	S2-108102880
S1-276331389	S2-196076129
S1-593637832	S2-122752051
S1-464893807	S3-44263260
S1-919925336	S2-127389082
S1-983604699	S2-101790119
S1-156761907	S3-659952782
S1-598916156	S2-101052189
S1-2506251	S2-243448056
S1-74255467	S2-255372517
S1-321363078	S2-257966109
S1-70302602	S2-11647668
S1-524155212	S2-138287716
S1-775662485	S2-109620721
S1-485747521	S2-15140408
S1-316455239	S2-137888232
S1-399312601	S2-144064023
S1-377559236	S2-220804928
S1-894229994	S2-107902899
S1-198388492	S2-173324424
S1-16287489	S2-272547854
S1-417325540	S2-303003106
S1-300458704	S2-121455148
S1-648190935	S2-117583299
S1-141277353	S2-113650278
S1-983227298	S2-141259193
S1-392593207	S2-129553512
S1-70466117	S2-108551486
S1-941367837	S2-199129131
S1-561790265	S2-309485889
S1-73645427	S2-173246472
S1-492497653	S2-133882523
S1-3697724	S2-214723168
S1-520603414	S2-644011425
S1-810059317	S2-213101073
S1-391175893	S2-455310129
S1-285456116	S2-105063698
S1-239714763	S2-358001011
S1-603546113	S2-297735284
S1-177001121	S2-684694898
S1-149531052	S2-102858565
S1-995956858	S2-160835691
S1-165934084	S2-165527838
S1-620678354	S2-242616146
S1-663634807	S2-10650395
S1-71095493	S2-836764492
S1-25085578	S2-235472314
S1-367810831	S2-267647628
S1-331654343	S2-238512749
S1-18573707	S2-22853487
S1-565256950	S2-16246167
S1-469471398	S2-440542250
S1-359477150	S2-159494819
S1-471830296	S2-225480231
S1-400552333	S2-494570169
S1-338799385	S2-745294265
S1-301977987	S2-597279332
S1-818248361	S2-116074708
S1-103197047	S2-133422536
S1-591754048	S2-125047587
S1-441100629	S2-103183750
S1-533565137	S2-263770679
S1-988103132	S2-142706795
S1-864148735	S2-110314131
S1-811945582	S2-160806235
S1-806767046	S2-154293201
S1-591545615	S2-265840493
S1-645512058	S2-103858682
S1-266886524	S2-344171119
S1-798644882	S2-373624156
S1-642406641	S2-131236029
S1-773694076	S2-134827724
S1-729926568	S2-133980290
S1-568261869	S2-225466761
S1-399684344	S2-116361955
S1-726876	S2-106612714
S1-91973545	S2-140694999
S1-858304105	S2-358413952
S1-802041304	S2-461178481
S1-991274072	S2-258434033
S1-200923250	S2-108631381
S1-975510516	S2-304169360
S1-768507571	S2-107018805
S1-130299768	S2-109620721
S1-231032686	S2-193952945
S1-530833472	S2-113518639
S1-929222141	S2-208356495
S1-305273872	S2-439983333
S1-856040263	S2-242752296
S1-204148555	S2-220546859
S1-351007182	S2-13504283
S1-261787025	S2-406126743
S1-60506259	S2-218979023
S1-755984649	S2-269562139
S1-788918107	S2-25575950
S1-232318121	S2-19766608
S1-242513218	S2-117686910
S1-346954751	S2-213396165
S1-11463188	S2-390524592
S1-917085075	S2-621151556
S1-970860111	S2-214267449
S1-36246604	S2-12364648
S1-189351891	S2-116905971
S1-860405512	S2-116905971
S1-383769509	S2-119461241
S1-438859506	S2-20821310
S1-189939664	S2-15810023
S1-968522968	S2-263667254
S1-443676791	S3-435781290
S1-83191815	S2-151349957
S1-37470060	S2-768520411
S1-357379595	S2-628123536
S1-37337822	S2-406231720
S1-679953114	S3-192579363
S1-385468358	S2-297798516
S1-943946564	S2-358000609
S1-157851037	S2-107949891
S1-167700166	S2-114892277
S1-175987310	S2-151517057
S1-499893677	S2-210508624
S1-974778782	S3-227678581
S1-62798981	S2-142401082
S1-648385603	S2-269544586
S1-5821078	S2-238867190
S1-143248675	S2-220310492
S1-683804255	S2-243175249
S1-351063187	S2-340806238
S1-982910397	S2-184647045
S1-15629137	S2-538682212
S1-762721069	S2-193820924
S1-879793496	S2-1133675
S1-973361251	S2-653962404
S1-231227819	S2-583432588
S1-934547015	S2-212442600
S1-271449739	S2-371152682
S1-247387785	S2-114764951
S1-765821173	S2-137858637
S1-399750025	S2-778555579
S1-624984457	S2-281193291
S1-541576983	S2-326240084
S1-346834425	S2-119683063
S1-528621340	S2-327572484
S1-470707565	S2-34611121
S1-557887046	S2-261423504
S1-666014936	S2-238485263
S1-484717995	S2-222971500
S1-119204111	S2-132293344
S1-595597172	S2-103715132
S1-8731937	S2-765668781
S1-212022227	S2-396514107
S1-114782937	S2-817531966
S1-873545920	S2-14639286
S1-18287734	S2-371331354
S1-580158544	S2-106612714
S1-195716874	S2-33949673
S1-123954374	S2-289775188
S1-367040159	S2-105270266
S1-390017311	S2-145572255
S1-827313041	S2-456599260
S1-737024038	S2-210027687
S1-466918733	S2-138753844
S1-377638765	S2-210185272
S1-539719914	S2-165527838
S1-850473881	S2-141220589
S1-427144885	S2-105170780
S1-826775620	S2-332407119
S1-134493001	S2-210658728
S1-138434350	S2-101300520
S1-790217794	S2-191337983
S1-755236935	S2-424446899
S1-829370853	S2-360037828
S1-395357024	S2-160211676
S1-269070202	S2-363398706
S1-598267972	S2-105063698
S1-410059814	S2-114382043
S1-33893492	S2-243927734
S1-705274672	S2-12364648
S1-677984591	S2-133552043
S1-602572800	S2-344452345
S1-287531531	S2-105270266
S1-788432495	S2-60742044
S1-361845233	S2-661667043
S1-266339582	S2-192934635
S1-236662863	S2-499842796
S1-872614542	S2-145066568
S1-528627690	S2-154913981
S1-531390324	S2-567772410
S1-729805553	S2-156801402
S1-411563151	S2-501204283
S1-194997826	S2-149352211
S1-463868982	S2-319668243
S1-387170157	S2-679078004
S1-958240025	S2-117533088
S1-742524206	S2-241443448
S1-123488861	S2-144100974
S1-277693213	S2-539335971
S1-969168219	S2-168900165
S1-200499649	S2-754528146
S1-615701283	S2-261168826
S1-764803860	S2-167897045
S1-607890727	S2-120741292
S1-111597660	S2-464456023
S1-561064692	S2-447583586
S1-380569288	S2-480832066
S1-838548427	S2-617712131
S1-569302208	S2-142277912
S1-230837480	S2-446736542
S1-689745404	S2-834108706
S1-48013718	S2-746785423
S1-751276114	S2-167327742
S1-202895631	S2-109457220
S1-118485065	S2-125388824
S1-550789274	S2-103165595
S1-860598287	S2-356111724
S1-23704128	S2-506467091
S1-614039477	S2-216694000
S1-940193322	S2-790614150
S1-488351374	S2-24536214
S1-82418670	S2-193379029
S1-171844639	S2-270024250
S1-979384800	S2-140616377
S1-360687013	S2-297798516
S1-733932041	S3-317191468
S1-63177195	S2-813451987
S1-949166195	S2-747219646
S1-524411483	S2-139625471
S1-206731834	S2-189710889
S1-343841886	S2-138287716
S1-11470273	S2-345701336
S1-287110128	S2-311666062
S1-776142282	S2-13987732
S1-594652780	S2-2029058
S1-302832745	S2-18755574
S1-260728309	S2-113518639
S1-23489196	S2-106612714
S1-53443944	S2-405722060
S1-954910510	S2-221431035
S1-867788479	S2-126966184
S1-782001358	S2-106832566
S1-478321749	S2-31866960
S1-603070127	S2-116905971
S1-487766994	S2-267023053
S1-288614813	S2-105039464
S1-623966299	S2-113518639
S1-590014508	S2-307232293
S1-650084066	S2-101348060
S1-809287857	S2-27454559
S1-297941603	S2-686100511
S1-634553515	S2-1687620
S1-773160627	S2-142096179
S1-672223609	S2-576225639
S1-278033134	S2-105063698
S1-93593265	S2-470433069
S1-235380084	S2-269544586
S1-218510015	S2-355489153
S1-829677470	S2-123344806
S1-133078084	S2-750158401
S1-825828402	S2-335249423
S1-498046757	S2-398977284
S1-302565676	S2-146833628
S1-95676979	S2-149715050
S1-939155693	S2-171371340
S1-176323280	S2-844302493
S1-456291858	S2-200450444
S1-971641613	S2-18894294
S1-904511485	S2-343485413
S1-618757995	S2-882660118
S1-871964934	S2-123724161
S1-285396131	S2-289198935
S1-907337205	S2-104671737
S1-328367600	S2-114236380
S1-478299292	S2-10656206
S1-766453197	S2-113650278
S1-876811160	S2-227903346
S1-879888992	S2-133550461
S1-836307970	S2-435010536
S1-153786283	S2-607458059
S1-199248277	S2-110864550
S1-779520890	S2-638490257
S1-204344443	S2-100916746
S1-106469060	S2-28879653
S1-562712708	S2-144786642
S1-478184485	S2-100916746
S1-84702736	S2-105170780
S1-824031067	S2-829574531
S1-712097023	S2-512568151
S1-703246363	S2-622543329
S1-822278965	S2-140032775
S1-298348848	S2-220804928
S1-878939806	S2-257172687
S1-666953118	S2-101300520
S1-464781439	S2-183692572
S1-473987230	S2-11425427
S1-538062914	S2-125143820
S1-842727718	S2-16632961
S1-788633538	S2-292744667
S1-26063231	S2-202499312
S1-864446727	S2-105170780
S1-958415844	S2-141246335
S1-221158676	S2-158698723
S1-44784468	S2-14366444
S1-355575722	S2-410999679
S1-490842253	S2-555844105
S1-955339059	S2-160720184
S1-991910626	S2-149352211
S1-566715938	S2-163204847
S1-195746738	S2-228424518
S1-184525837	S2-445113925
S1-524838951	S2-102858565
S1-344189783	S2-107878046
S1-531341510	S2-358064079
S1-539677935	S2-969427765
S1-666533699	S2-381785440
S1-814206079	S2-232966355
S1-94570835	S2-601961700
S1-989617060	S2-261211895
S1-700258597	S2-229119453
S1-263380597	S3-177739178
S1-173793175	S2-239085747
S1-375332948	S2-114802684
S1-531290450	S2-111646167
S1-798584986	S2-178227386
S1-334070982	S2-114492417
S1-657795700	S2-452682725
S1-257951123	S2-186541201
S1-870330454	S2-280122680
S1-86409640	S2-267074756
S1-975749649	S2-344165150
S1-60721009	S2-133980290
S1-169206053	S2-319452429
S1-810208822	S2-538625542
S1-395981812	S2-371152682
S1-955881860	S2-109331436
S1-780940778	S2-21810078
S1-928256860	S2-115060811
S1-847686663	S2-499000878
S1-303033991	S2-186597491
S1-663157146	S2-114301465
S1-313742849	S2-409447110
S1-527926163	S2-101480002
S1-326109420	S2-297150255
S1-184645812	S2-701219630
S1-760539197	S2-122256652
S1-436903277	S2-221146707
S1-766249125	S2-119252939
S1-873201051	S2-119683936
S1-473214983	S2-173324424
S1-107472133	S2-19317738
S1-766380851	S2-217053416
S1-105626556	S2-210637945
S1-764569116	S2-498613330
S1-532141592	S2-173001243
S1-438670909	S2-136317148
S1-283792349	S2-105063698
S1-622661924	S2-258426829
S1-320209096	S2-448762424
S1-438025687	S3-188517392
S1-57515887	S2-20373993
S1-304194032	S2-106612714
S1-198037894	S2-456839428
S1-717406989	S2-160758405
S1-208402612	S2-533013476
S1-736442413	S2-799995552
S1-634758628	S2-11779319
S1-470636031	S2-664081353
S1-914160038	S3-575973500
S1-303484483	S2-183283900
S1-590402586	S2-100671428
S1-956722768	S2-211948899
S1-572317651	S2-166992002
S1-630320074	S2-274713379
S1-211713597	S2-113650278
S1-892029216	S2-52122412
S1-381973086	S2-100916746
S1-801485671	S2-272730362
S1-837171129	S2-424609103
S1-477382536	S2-151349957
S1-467910444	S2-137988683
S1-878277381	S2-108733855
S1-57183802	S2-100089535
S1-72998982	S2-26269179
S1-124414515	S2-265559260
S1-731213726	S2-196376241
S1-209371599	S2-157265021
S1-117228768	S2-294324804
S1-208861708	S2-159546920
S1-944700436	S2-183692572
S1-302711439	S2-103858682
S1-991124924	S2-32388898
S1-884065294	S2-196076129
S1-951030139	S2-159095254
S1-444501559	S2-126114325
S1-430457846	S2-160865967
S1-377391397	S2-427886853
S1-199211762	S2-112899789
S1-993952289	S2-566886992
S1-578337437	S2-302352335
S1-547379194	S2-165445503
S1-821108100	S2-400491146
S1-297953656	S2-410999679
S1-153639095	S2-132899138
S1-944867205	S2-353780526
S1-438718645	S2-130703773
S1-931072217	S3-232645798
S1-260770404	S2-238783962
S1-917521143	S2-140397695
S1-994041202	S2-612017822
S1-205870267	S2-118635216
S1-642112998	S2-15930456
S1-357849893	S2-138530734
S1-197785735	S2-413758141
S1-338037451	S2-298499742
S1-78400924	S2-343485413
S1-388400515	S2-179705966
S1-87204113	S2-322359719
S1-959906141	S2-662361879
S1-712581722	S2-138904185
S1-229955426	S2-175561761
S1-275527684	S2-271455212
S1-489764205	S2-206962165
S1-11841032	S3-478631660
S1-276975190	S2-682037532
S1-531878697	S2-138530734
S1-971577255	S2-655579421
S1-392607588	S2-135767546
S1-442554509	S2-160674235
S1-213545418	S2-478743965
S1-524427228	S2-614443416
S1-799039185	S2-308279677
S1-513896966	S2-103665690
S1-545918835	S2-125808544
S1-592841686	S2-416786049
S1-314372795	S2-106935557
S1-285918410	S2-272631286
S1-167552846	S2-230169403
S1-87187224	S2-153105296
S1-357346844	S2-197926471
S1-759720352	S2-270545574
S1-924391383	S2-141490268
S1-984116449	S2-268070959
S1-538057169	S2-22853487
S1-742229306	S2-19949180
S1-297520632	S2-325332092
S1-958071328	S2-760639944
S1-441521575	S2-373827806
S1-748967505	S2-621949528
S1-350459752	S2-259165946
S1-300758044	S2-217163356
S1-277490403	S2-214469026
S1-218957022	S2-10656206
S1-237445211	S2-111939001
S1-813382408	S2-173324424
S1-196977837	S2-160674235
S1-879838577	S2-136264796
S1-578613432	S2-140007565
S1-242447686	S2-121675387
S1-778278899	S2-103715132
S1-105958414	S2-609900706
S1-558409262	S2-12364648
S1-285087396	S2-239243773
S1-73475336	S2-141246335
S1-220164531	S2-128421521
S1-822014589	S2-170526924
S1-454168448	S2-132479620
S1-594999953	S2-100961236
S1-991290175	S2-294362395
S1-988127291	S2-124346986
S1-441514134	S2-114802684
S1-109560763	S2-3627404
S1-61811126	S2-152259295
S1-387049521	S2-508580738
S1-847038393	S2-377774331
S1-27871599	S2-15320929
S1-139817607	S2-102264262
S1-609903747	S2-25616551
S1-820615748	S2-714219910
S1-242664024	S2-973225636
S1-907835803	S2-471757833
S1-824139626	S2-108398734
S1-212087390	S2-296327537
S1-960425020	S2-114892277
S1-444691867	S2-348149523
S1-204049623	S2-267407394
S1-515132185	S2-173089152
S1-88435677	S2-136217329
S1-435586809	S2-105063698
S1-273527412	S2-122000047
S1-728798639	S2-10929835
S1-919292782	S2-690650828
S1-957493170	S2-165353330
S1-904561101	S2-158476840
S1-767026446	S2-583357242
S1-174155637	S2-149036323
S1-112320877	S2-100671428
S1-961446119	S2-352366855
S1-563747573	S2-412579281
S1-147366576	S2-269544586
S1-937746014	S2-746073521
S1-713909072	S2-148000160
S1-537152845	S2-386767125
S1-750565241	S2-214673772
S1-104414348	S2-1056557
S1-858892790	S2-574981737
S1-16425668	S2-182803620
S1-139628630	S2-195860941
S1-78877321	S2-252591046
S1-368054496	S2-220347666
S1-622135617	S2-909434657
S1-901643357	S2-163204847
S1-140932375	S2-711640904
S1-495551725	S2-173087298
S1-156698580	S2-119198255
S1-368196401	S2-104356168
S1-62512869	S2-24910266
S1-199664637	S2-10872773
S1-678308610	S2-113518639
S1-778073187	S2-626657281
S1-667385988	S2-132479620
S1-286045557	S2-27837641
S1-238482525	S2-106612714
S1-462306979	S2-103634317
S1-620640790	S2-20067738
S1-256795908	S2-104426625
S1-906104172	S2-153639889
S1-430057110	S2-14409920
S1-754958959	S2-199453745
S1-779613849	S3-612742923
S1-22357419	S2-1510056
S1-909768153	S3-466086642
S1-46700578	S2-232313282
S1-650874837	S2-125032475
S1-777734812	S2-329878013
S1-524485223	S2-191294689
S1-260995205	S2-145572255
S1-814559532	S2-315667770
S1-159883264	S2-240141982
S1-42291252	S2-210203141
S1-232748585	S2-144250547
S1-747983682	S2-257838975
S1-543559036	S2-186241101
S1-526423842	S2-606045941
S1-177076845	S2-107949891
S1-42116714	S2-506385073
S1-420408739	S2-31866960
S1-626803493	S2-382179265
S1-68709155	S2-224214881
S1-842883551	S2-265715720
S1-708602210	S2-246590869
S1-766888418	S2-67982631
S1-386307566	S2-128447227
S1-365544061	S2-159589784
S1-845551087	S2-451574342
S1-75647835	S2-298031853
S1-606893547	S2-13105558
S1-618262627	S2-143192085
S1-197041126	S2-358196739
S1-671226031	S2-343234937
S1-302072651	S2-137944324
S1-869941869	S2-353617146
S1-103929370	S2-1793994
S1-37556368	S2-104426625
S1-675255594	S2-104408437
S1-12946271	S2-529638828
S1-485157353	S2-220310492
S1-526158174	S2-847102847
S1-118626031	S2-796685141
S1-228106064	S2-494837385
S1-494682035	S2-795545637
S1-894440997	S2-298275189
S1-709878547	S3-111138733
S1-362395784	S2-163356313
S1-99107529	S2-461317845
S1-197465200	S2-252482171
S1-872057552	S2-151349957
S1-648317754	S2-108489802
S1-763967319	S2-126156898
S1-991953857	S2-274114931
S1-475896747	S2-153818291
S1-109664616	S2-433216108
S1-6791500	S2-170526924
S1-359776624	S2-291404359
S1-915642112	S2-210294184
S1-857456784	S2-196099250
S1-189331644	S2-942976342
S1-923899410	S2-570992580
S1-351208166	S2-288243726
S1-329933408	S2-13138966
S1-602198715	S2-758847976
S1-257910702	S2-290146000
S1-809924303	S2-159589784
S1-265250966	S2-469102884
S1-172779705	S2-64575466
S1-303505038	S2-260593296
S1-145691158	S2-105063698
S1-521767287	S2-318679869
S1-584231782	S2-165158930
S1-752812924	S2-102081269
S1-681502679	S2-189031839
S1-479630628	S2-286744523
S1-648276603	S2-344973993
S1-499347161	S2-255781518
S1-141442814	S2-506187968
S1-499565413	S2-178227386
S1-69139258	S2-136324038
S1-918817797	S2-153399240
S1-664507780	S2-113096239
S1-9941366	S2-479980436
S1-908880478	S2-1056557
S1-361139890	S2-16681311
S1-224400237	S2-359952741
S1-544845213	S2-433892683
S1-879927695	S2-27544629
S1-789798713	S2-219304098
S1-59554911	S2-25142627
S1-414009940	S2-219982984
S1-741971857	S2-295833910
S1-623803418	S2-127048112
S1-145825023	S2-969976991
S1-441461980	S2-337212954
S1-482044152	S2-131743630
S1-263458896	S2-101052189
S1-180483721	S2-67909487
S1-742266783	S2-362525659
S1-100453337	S2-776711709
S1-379956776	S2-144454801
S1-708305901	S2-397339831
S1-303651856	S2-221251315
S1-611245415	S2-534750099
S1-818345083	S2-135594826
S1-348574096	S2-969183081
S1-535549992	S2-312835238
S1-609045887	S3-510773172
S1-303795572	S2-101348060
S1-538254644	S2-107018805
S1-607899120	S2-119252939
S1-421016697	S2-152670177
S1-363913511	S2-621784442
S1-539871759	S2-321713652
S1-530154484	S2-166697791
S1-722843165	S2-370666321
S1-948413763	S2-738924232
S1-160078480	S2-160067991
S1-624821654	S2-196244192
S1-614330722	S2-202759636
S1-261242558	S2-192602507
S1-35690144	S2-207587644
S1-21773158	S2-152444323
S1-40187356	S2-103743352
S1-99869437	S2-189031839
S1-601370392	S2-186466376
S1-266317849	S2-131166817
S1-738137474	S2-519295063
S1-278711622	S3-127519793
S1-222212786	S2-176479551
S1-416925646	S2-191294689
S1-437131005	S2-133980290
S1-877135387	S2-744484976
S1-724479673	S2-332407119
S1-318593995	S2-113518639
S1-290277386	S2-484904712
S1-588656072	S2-862041677
S1-148167667	S2-119905531
S1-466977430	S3-338854929
S1-329957261	S2-151627984
S1-281355056	S2-947466181
S1-573576602	S2-20373993
S1-696671009	S2-105063698
S1-746203303	S2-205639791
S1-595375282	S2-272167393
S1-856806979	S3-100133026
S1-753336278	S2-104426625
S1-595170238	S2-135569448
S1-536970408	S2-157026195
S1-870162951	S2-322184820
S1-44026366	S2-154913981
S1-772731810	S2-193027064
S1-801618850	S2-226241665
S1-830809719	S2-107804129
S1-155892131	S2-572561560
S1-694675038	S2-129579666
S1-850588277	S2-160344279
S1-509877409	S2-408813502
S1-648840612	S2-143539554
S1-30452865	S2-731455420
S1-709732843	S3-104788816
S1-652301796	S2-149418227
S1-377844951	S2-667255194
S1-489240195	S2-101208311
S1-603281884	S2-406235084
S1-823088793	S2-114883810
S1-863265612	S2-621177130
S1-162888222	S2-141811727
S1-26426762	S2-155734682
S1-947952903	S2-129468287
S1-602293943	S2-413635758
S1-215771155	S2-19949180
S1-598607654	S2-149544542
S1-64057956	S2-215211883
S1-537991498	S2-588708552
S1-757841514	S2-14577228
S1-694249434	S2-841640337
S1-34893574	S2-101348060
S1-528814232	S2-155389765
S1-114705086	S2-151627984
S1-893251338	S2-163347599
S1-395761542	S2-386373896
S1-535765317	S2-363649915
S1-166127477	S3-250785149
S1-742952830	S2-870700044
S1-104611154	S2-20104570
S1-355129493	S2-443754599
S1-785492530	S2-672714870
S1-556849680	S2-269057857
S1-992005879	S2-102858565
S1-415895619	S2-398032124
S1-61257951	S2-511276447
S1-786040494	S2-179818525
S1-822032945	S2-247241508
S1-404175154	S2-313056581
S1-73457130	S2-886936371
S1-52226726	S2-660406110
S1-585020455	S2-256725495
S1-866118843	S2-334398166
S1-151534168	S2-393446160
S1-523031081	S2-293923633
S1-601413126	S2-229407931
S1-361485968	S2-776067446
S1-871771668	S2-108447565
S1-711190165	S2-29301077
S1-437775399	S2-100916746
S1-259394597	S2-112822811
S1-196520712	S2-417454494
S1-467488501	S2-101790119
S1-701630055	S2-278951028
S1-238518143	S2-232862115
S1-396310460	S2-273217164
S1-570074208	S2-100916746
S1-358637900	S2-140875808
S1-521683395	S2-193624241
S1-507946941	S2-501087304
S1-595862585	S2-114833864
S1-561668047	S2-136324038
S1-746337822	S2-403663052
S1-327168433	S2-712706086
S1-417245219	S2-211271972
S1-929910487	S2-321577483
S1-745652645	S2-182425827
S1-17521423	S2-497892127
S1-572156370	S2-51103257
S1-399565740	S2-997780133
S1-108423934	S2-755191633
S1-228738311	S2-288250210
S1-463681009	S2-274358495
S1-990970976	S2-201431729
S1-832378203	S2-748128112
S1-616058847	S2-136324038
S1-353536955	S2-135978755
S1-359608082	S2-203110160
S1-651148895	S2-514112143
S1-168092338	S2-778356430
S1-692417037	S2-25016750
S1-522818896	S2-107451990
S1-164038328	S2-581795836
S1-195550298	S2-305167783
S1-155876632	S3-437278948
S1-928698393	S2-207892993
S1-175635026	S2-1486884
S1-84193198	S2-978447114
S1-679226353	S2-379921581
S1-801584571	S2-386581894
S1-375669228	S2-659786185
S1-888641369	S2-150148943
S1-617725959	S2-261308376
S1-968846106	S2-135934076
S1-981239310	S2-238512749
S1-165863837	S2-270582709
S1-902374612	S2-796300576
S1-905822488	S2-133262974
S1-818899161	S2-535561924
S1-945071719	S2-269544586
S1-988708850	S2-167248785
S1-209762159	S2-292440715
S1-963800417	S2-165189544
S1-243048578	S2-117445013
S1-990504880	S2-303003106
S1-74927620	S2-847559289
S1-249199267	S2-562740261
S1-966382524	S2-22257136
S1-548363006	S2-135190738
S1-498625470	S2-122703170
S1-91385509	S3-178853522
S1-633204369	S2-238597096
S1-581116306	S2-136548496
S1-60361358	S2-274762703
S1-974864553	S2-138469835
S1-317680041	S2-173052979
S1-330589411	S2-196076129
S1-172157434	S2-135235875
S1-756637307	S2-16874234
S1-429025867	S2-139255939
S1-353673213	S2-199533023
S1-32183433	S2-158328098
S1-307839859	S2-616230346
S1-9666989	S2-595657676
S1-878024117	S2-123204980
S1-511347881	S2-163347599
S1-53130436	S2-133896495
S1-952317911	S3-343015117
S1-664377214	S2-132479620
S1-550667393	S2-163077456
S1-874443308	S2-1862508
S1-214808027	S2-561299073
S1-434259493	S2-210508624
S1-474899817	S2-139900336
S1-340931146	S2-557938385
S1-172093064	S2-107417536
S1-104568986	S2-116788517
S1-791992140	S2-105972355
S1-439076140	S2-380275256
S1-477891510	S2-135555066
S1-531115343	S2-184975655
S1-819463805	S2-158088509
S1-85750483	S2-104356168
S1-534062912	S2-735799909
S1-92079713	S2-151486052
S1-255541210	S2-196848265
S1-146307317	S2-125808544
S1-359703251	S2-990853665
S1-862407630	S2-270388622
S1-812725792	S2-119198255
S1-85959578	S2-180684355
S1-779898481	S2-318350015
S1-219756486	S2-489049282
S1-470604383	S2-271716460
S1-827225942	S2-172365345
S1-128942667	S2-101052189
S1-522168617	S2-219044932
S1-687219016	S2-108397698
S1-447836352	S2-641813259
S1-960571607	S2-251962306
S1-916164634	S2-162637704
S1-503829236	S2-117190522
S1-780156657	S2-127683781
S1-135212886	S2-233110604
S1-374349170	S2-130703773
S1-680987291	S2-35468484
S1-700519352	S2-433949839
S1-942917387	S2-184975655
S1-614877751	S2-123805906
S1-557532479	S2-262808523
S1-743993070	S2-102114392
S1-438136256	S2-150951091
S1-885573839	S2-175572036
S1-189399027	S2-183453829
S1-358160244	S2-359917270
S1-318669031	S2-456599260
S1-962751610	S2-103183750
S1-685164807	S2-398585005
S1-247769802	S2-161448025
S1-841389563	S2-158328098
S1-191593325	S2-219772557
S1-813010246	S2-211688974
S1-683016492	S2-477272774
S1-729639152	S2-283227736
S1-687674	S3-71622090
S1-734257738	S2-280995036
S1-184782898	S2-184661309
S1-552305114	S2-351423404
S1-961185762	S3-258642768
S1-40309814	S2-270889792
S1-698180786	S2-214670872
S1-604341008	S2-184661309
S1-715248323	S2-129141444
S1-995020697	S2-567814214
S1-658507914	S2-204407891
S1-394394067	S2-141999319
S1-131705824	S2-100072987
S1-466378732	S2-119252939
S1-457648869	S2-128447227
S1-8850707	S3-311660254
S1-267899625	S2-375594577
S1-559164504	S2-160876944
S1-545917897	S2-248399710
S1-168972670	S2-106926459
S1-846983407	S2-144250547
S1-577376232	S2-683348025
S1-241402776	S2-591841410
S1-64156496	S2-846370888
S1-283191230	S2-348454246
S1-771996357	S2-20736596
S1-729209950	S3-352634113
S1-201167353	S2-120541071
S1-154572127	S2-154546132
S1-729954317	S2-11098269
S1-637719981	S2-907959323
S1-641242715	S3-111400871
S1-955237566	S2-958271407
S1-858963380	S2-13214108
S1-828252114	S2-151567916
S1-182163668	S2-589150633
S1-10692999	S2-151517057
S1-611273107	S2-313999085
S1-483230895	S2-16522897
S1-795230134	S2-298616092
S1-465189995	S2-113650278
S1-75409236	S2-171001696
S1-740770159	S2-115344504
S1-298152867	S2-479862026
S1-783219746	S2-104996780
S1-81457541	S2-117663825
S1-874783294	S2-114282129
S1-189311415	S2-34328250
S1-326561957	S2-189159652
S1-98695713	S2-840792154
S1-201895874	S2-35925170
S1-53717727	S2-44503522
S1-230566347	S2-123216432
S1-618696105	S2-135569448
S1-499445735	S2-159484973
S1-233149758	S2-329470053
S1-504874828	S2-707476456
S1-714773760	S2-963860118
S1-92184233	S2-204213208
S1-252706605	S2-336308134
S1-727826889	S2-234023180
S1-303096687	S2-182803620
S1-277144771	S2-892695994
S1-34047276	S2-345996288
S1-496151213	S2-487401925
S1-816434997	S2-180601422
S1-451027809	S2-407354325
S1-505019093	S2-841535042
S1-741220729	S2-223080914
S1-865549728	S2-409883935
S1-820508300	S2-235472314
S1-120141172	S2-105063698
S1-793065382	S2-115964797
S1-617495693	S2-439180662
S1-737478629	S2-557938385
S1-751051919	S2-841576683
S1-296559779	S2-498357469
S1-536213280	S2-151627984
S1-11600872	S2-163989541
S1-393882605	S2-109212012
S1-476057900	S2-50165659
S1-863899943	S2-260593296
S1-527413846	S2-123718395
S1-180893583	S2-370622024
S1-621698823	S2-750671652
S1-815310047	S2-187430087
S1-322586677	S2-258426829
S1-789491226	S2-167129496
S1-533900982	S2-204022639
S1-449276830	S2-111939001
S1-869045430	S2-116765845
S1-779597575	S2-498731072
S1-701145884	S2-125892254
S1-82107237	S2-146217729
S1-784180122	S2-346952758
S1-644543081	S2-238597096
S1-876601645	S2-153359409
S1-591575477	S2-144250547
S1-971502635	S2-716017035
S1-794446853	S2-10584256
S1-920083555	S2-88528393
S1-545849613	S2-406474308
S1-384462835	S2-351134174
S1-827961430	S2-230117847
S1-592464747	S2-105170780
S1-281828617	S2-196735519
S1-531384131	S2-764942187
S1-63593131	S2-145698504
S1-278875395	S2-135978755
S1-175540732	S2-164603653
S1-103064780	S2-817544223
S1-636010419	S2-110314131
S1-956517053	S2-10711015
S1-989138989	S2-127048112
S1-527717351	S2-146001879
S1-983453901	S2-27920820
S1-151791046	S2-1056557
S1-347162415	S2-168927080
S1-853507931	S2-175255277
S1-565923626	S2-135555066
S1-445235378	S2-125265671
S1-768156489	S2-232313282
S1-83352129	S2-519154940
S1-764586323	S2-462543237
S1-32442889	S2-131166817
S1-883596074	S2-123344806
S1-222293573	S2-218424342
S1-881069298	S2-416827867
S1-590939092	S2-112966033
S1-980398469	S2-355108209
S1-391252906	S2-614345181
S1-612267125	S2-650572918
S1-378780213	S2-186541201
S1-746546614	S2-245268415
S1-845450939	S2-123344806
S1-779729186	S2-510604533
S1-462929847	S2-209291493
S1-298643383	S2-10711015
S1-793099516	S2-186424024
S1-621074895	S2-376179005
S1-981824874	S2-128206101
S1-928429279	S2-104356168
S1-671681544	S2-169509803
S1-588985931	S2-143081706
S1-955325539	S2-114492417
S1-275993959	S2-231103800
S1-315060587	S2-107431390
S1-834244507	S2-14135433
S1-238489726	S2-112282297
S1-49927023	S2-241180195
S1-49501682	S2-257172687
S1-805516151	S2-107583001
S1-989756915	S2-357396248
S1-86988712	S2-476748669
S1-712527171	S2-142277912
S1-930039950	S2-246890708
S1-489354516	S2-9307366
S1-878196116	S2-182571897
S1-131394065	S2-454894861
S1-746860166	S2-369910583
S1-504540607	S2-144100974
S1-401356599	S2-159494819
S1-327708727	S2-227428953
S1-923794442	S2-11098269
S1-941712312	S2-582932642
S1-814122624	S2-483094703
S1-921944870	S3-15347383
S1-305345110	S2-117677942
S1-753854019	S2-13138966
S1-97524785	S2-136324038
S1-631411036	S2-145066568
S1-179278568	S2-227823166
S1-287616845	S2-282458263
S1-456932079	S2-13138966
S1-736505375	
S1-154393046	S2-289294743
S1-429733976	
S1-768491169	S3-584753436
S1-826063405	S2-513213395
S1-704270289	S2-135704117
S1-786801896	S2-738556120
S1-631853805	S2-100072987
S1-140082482	S2-129468287
S1-652418219	S2-378857881
S1-227320716	S2-340842872
S1-795753517	S2-187178554
S1-361734106	S2-460688203
S1-669185467	S2-101348060
S1-207458433	S2-153639889
S1-394547188	S2-304076394
S1-98614433	S2-128421521
S1-12288403	S2-145458868
S1-137183865	S2-196849318
S1-308480961	S2-12364648
S1-599410212	S2-31262554
S1-758371316	S2-175561761
S1-247597291	S2-985852726
S1-449052082	S2-118793892
S1-389051060	S2-105063698
S1-917629245	S2-213454169
S1-456986509	S2-403986658
S1-388766738	S2-313527062
S1-126012158	S2-413103296
S1-152086798	S2-150699179
S1-616700030	S2-114764951
S1-230703687	S2-110674747
S1-446443538	S2-129901056
S1-270098919	S2-165782552
S1-741074528	S2-174080461
S1-485270562	S2-104408437
S1-658482127	S2-350308010
S1-627624963	S2-289775188
S1-173177958	S2-279142344
S1-826930455	S2-517599718
S1-30461340	S2-639864710
S1-807558213	S2-196027968
S1-657004191	S2-359921483
S1-530089066	S2-115017582
S1-945876204	S2-135235875
S1-583762499	S2-133104593
S1-200952670	S2-141577503
S1-199323388	S2-112472872
S1-589436096	S2-398715484
S1-115838603	S2-223962336
S1-522991887	S2-106612714
S1-542423709	S2-329920613
S1-746085161	S2-151517057
S1-397067105	S2-522918511
S1-324631567	S2-26135903
S1-940340013	S2-175572036
S1-800009333	S2-181260958
S1-898640469	S2-886936371
S1-476566531	S2-145572255
S1-889457684	S2-115194233
S1-920267667	S2-882719949
S1-729635778	S2-469301541
S1-769464764	S2-183343399
S1-209431198	S2-119683936
S1-103358659	S2-144916211
S1-959142567	S2-160460409
S1-669260154	S2-108355285
S1-722337929	S2-122574101
S1-506186865	S2-151486052
S1-212847532	S2-104356168
S1-881686606	S2-154995611
S1-517362643	S2-703595108
S1-898699979	S2-20373993
S1-77899382	S2-546124965
S1-552281013	S2-312279994
S1-741827739	S2-295311387
S1-576978585	S2-158437214
S1-472866527	S2-124190201
S1-47792919	S2-472051045
S1-126205248	S2-198372882
S1-680010179	S2-198918102
S1-570270301	S2-101300520
S1-807841834	S2-175505723
S1-933883925	S2-148032374
S1-397364097	S2-15810023
S1-534236424	S2-31947959
S1-526210867	S2-494031683
S1-960370717	S2-487829649
S1-134322441	S2-613908995
S1-372731152	S2-133552043
S1-818895977	S2-134837887
S1-974678365	S2-237497049
S1-390309206	S2-167897045
S1-709893861	S3-171650453
S1-435112568	S2-119683936
S1-529461136	S2-163481033
S1-168985128	S2-27160641
S1-113257644	S2-116905971
S1-193056291	S2-578192635
S1-811063192	S2-105972355
S1-532789446	S2-151349957
S1-553408496	S2-196628098
S1-734417971	S2-155526179
S1-805363766	S2-233347205
S1-889198679	S2-191337983
S1-304865704	S2-158437214
S1-175696341	S2-306868063
S1-47649824	S2-295291362
S1-706462457	S2-105423989
S1-752555419	S2-130873595
S1-910054907	S3-21377274
S1-616143668	S2-155446765
S1-911104282	S2-105002622
S1-574147615	S3-357131410
S1-50691906	S2-148846006
S1-44492169	S2-467278171
S1-905185841	S2-143014682
S1-234158770	S2-113518639
S1-742558340	S2-37018534
S1-802813134	S2-204213208
S1-231459789	S2-143192085
S1-899121341	S2-274370002
S1-568563859	S2-201765185
S1-779852999	S2-117677942
S1-875952665	S2-15340838
S1-978680182	S2-638291196
S1-389537625	S2-173052979
S1-428528735	S2-538622202
S1-4087034	S2-144454801
S1-182330177	S2-434511932
S1-644746307	S2-164083929
S1-373806820	S2-454511024
S1-316856197	S2-133643455
S1-360644673	S2-445517464
S1-811577821	S2-10086967
S1-114960379	S2-118596726
S1-16285115	S2-133206567
S1-883684537	S2-574001359
S1-909732930	S2-114330765
S1-523127177	S2-907422367
S1-580732281	S2-322682142
S1-953951659	S2-197402152
S1-983875967	S3-572940767
S1-206709711	S2-10177192
S1-177056500	S2-226635206
S1-697976164	S2-516738638
S1-877044195	S2-449840702
S1-894062525	S2-150397090
S1-761118402	S2-114382043
S1-224736120	S2-259304578
S1-948975956	S2-382706465
S1-944085652	S2-43861485
S1-355523251	S2-162506529
S1-621123888	S2-104652071
S1-811434462	S2-841535042
S1-136933292	S2-121804886
S1-333480301	S2-363849129
S1-286877513	S2-151517057
S1-685460772	S2-122704981
S1-708091797	S2-624985599
S1-956022059	S2-119461241
S1-413557357	S2-557056112
S1-450394361	S2-107583001
S1-387733236	S2-154217875
S1-265923392	S2-179705966
S1-734090218	S2-216737315
S1-90756569	S3-336077742
S1-778420784	S2-46126118
S1-896868963	S2-106204003
S1-579588658	S2-141492471
S1-576291191	S2-180319076
S1-194845331	S2-104408437
S1-68818318	S2-142706795
S1-771300410	S2-299842453
S1-646622482	S2-538371940
S1-247852574	S2-108055446
S1-143179429	S2-133980290
S1-166240861	S2-719059185
S1-744156268	S2-117361123
S1-699268663	S2-103970071
S1-747946568	S2-197089302
S1-562730281	S2-269438153
S1-723706929	S2-140905879
S1-109214689	S2-12094114
S1-269411998	S2-244160387
S1-794700522	S3-137715666
S1-12088447	S2-156767973
S1-248457933	S2-120270569
S1-69819411	S2-202530941
S1-372991672	S2-166941825
S1-607171826	S2-605136759
S1-337187355	S2-135768742
S1-741139560	S2-185455622
S1-175998159	S2-114846704
S1-217180838	S2-253382151
S1-324178568	S2-11649584
S1-628235761	S2-634925854
S1-215501318	S2-327685637
S1-558531705	S2-46706995
S1-405122693	S2-786236260
S1-679724719	S2-159546920
S1-744853582	S2-135594826
S1-860162860	S2-224214881
S1-697551278	S2-204527214
S1-389997652	S3-305087980
S1-148881846	S2-110144566
S1-293481989	S2-115909402
S1-286439524	S2-288521065
S1-115695265	S2-109137019
S1-483945109	S2-147133096
S1-836846914	S2-121803918
S1-202133334	S2-228463978
S1-910645412	S2-101348060
S1-409380708	S2-173107258
S1-869931275	S2-119252939
S1-326719579	S2-28259493
S1-635617318	S2-130186554
S1-722967941	S2-157723661
S1-377421761	S2-135768742
S1-886623283	S2-421716177
S1-310416338	S2-15340838
S1-594181249	S2-539550891
S1-123691587	S2-759359232
S1-305899785	S2-136264796
S1-671137125	S2-290442715
S1-958424145	S2-571497282
S1-54504156	S2-100671428
S1-255582075	S2-38201895
S1-793769723	S2-15432787
S1-101437976	S2-430831209
S1-585418028	S2-198522877
S1-86481632	S2-204534879
S1-745651125	S2-109620721
S1-517897157	S2-783789749
S1-935756441	S2-117779233
S1-401092478	S2-696900826
S1-434741610	S2-829881603
S1-531162787	S2-82662507
S1-933461810	S2-527988411
S1-652395932	S2-114764951
S1-152857195	S2-189011069
S1-133245310	S2-111259348
S1-711066186	S2-372453503
S1-829758775	S2-184543191
S1-561295600	S2-173368920
S1-865240769	S2-149515808
S1-483489716	S2-348191667
S1-993177630	S2-183483978
S1-518589679	S2-159494819
S1-804310168	S2-330326429
S1-953445907	S2-105063698
S1-960545720	S2-314841763
S1-335575292	S2-132479620
S1-630639387	S2-350301129
S1-496373917	S2-59569726
S1-329540993	S2-115344504
S1-417066690	S2-128583426
S1-395878686	S2-33558725
S1-714478673	S2-21810078
S1-341745578	S2-134270292
S1-131917065	S2-136332889
S1-214852530	S2-244552582
S1-377944448	S2-246663667
S1-465949353	S2-289123443
S1-893237041	S2-135387678
S1-874841318	S2-109620721
S1-801131412	S2-140397695
S1-607219642	S2-157473763
S1-977298524	S2-320358447
S1-681530659	S2-152259295
S1-315309947	S2-152940120
S1-387149770	S2-11802812
S1-981452352	S2-157974358
S1-239742150	S2-100671428
S1-607076889	S2-499842796
S1-753801295	S2-271165858
S1-494666278	S2-113650278
S1-824847205	S2-484820099
S1-101115920	S3-318680180
S1-70208696	S2-193353409
S1-565927721	S2-170708259
S1-630226528	S2-146830318
S1-65204101	S2-195221232
S1-314680097	S2-559067232
S1-790626837	S2-31453806
S1-784764279	S2-198461592
S1-196191101	S2-175561761
S1-653663675	S2-116765845
S1-599831022	S2-102978598
S1-283969432	S2-23003302
S1-668350315	S2-391200554
S1-460861084	S2-123818329
S1-165720093	S2-736060668
S1-902801157	S2-325802132
S1-227680854	S2-107902899
S1-42465550	S2-234495967
S1-768281037	S2-132481870
S1-510872976	S2-160876944
S1-825400759	S2-221154905
S1-771878820	S2-351423404
S1-253118694	S2-292505958
S1-137800863	S2-310335536
S1-95685053	S2-254633308
S1-108752515	S3-189274144
S1-686415781	S2-488732237
S1-187744993	S2-116074708
S1-49703693	S2-285830845
S1-315579261	S2-176695291
S1-829546598	S2-122704981
S1-922910994	S2-12364648
S1-48161342	S2-237899391
S1-174302735	S2-144699479
S1-519931137	S2-133268219
S1-565112323	S2-269207648
S1-586115606	S2-260108321
S1-12538925	S2-131743630
S1-965355675	S2-187840721
S1-538763364	S2-136339269
S1-910426010	S2-158691122
S1-903880704	S2-371781144
S1-377721237	S3-385685577
S1-652218758	S2-459088460
S1-149485408	S2-13987732
S1-386105141	S2-142229905
S1-402208511	S2-111822324
S1-819601887	S2-186325799
S1-753924643	S2-167897045
S1-976202534	S2-144231047
S1-429751213	S2-114846704
S1-188292843	S2-822724756
S1-730686316	S2-103743352
S1-636298906	S2-15340838
S1-693179307	S2-108104704
S1-889267121	S2-554781827
S1-957395766	S2-249149450
S1-449426909	S2-120649705
S1-964601334	S2-959080730
S1-5328624	S2-356434303
S1-888368218	S2-298932703
S1-604604018	S2-227823166
S1-825579487	S2-104306760
S1-865995942	S2-159589784
S1-172949905	S2-580360739
S1-515367842	S2-113650278
S1-681683029	S2-250700601
S1-420060533	S2-586815181
S1-949435702	S2-203041454
S1-288432445	S2-185813614
S1-96064197	S2-335484418
S1-907882719	S2-210740161
S1-400730794	S2-122704981
S1-841772591	S2-238911192
S1-397230675	S2-102858565
S1-756682078	S2-830049414
S1-976237185	S2-221085096
S1-813227265	S2-315667770
S1-13001360	S2-243902581
S1-46074207	S2-186466376
S1-886060021	S2-283602057
S1-124160802	S2-15810023
S1-870229767	S2-121608485
S1-683507775	S3-917366964
S1-469472373	S2-431743872
S1-537053133	S2-264867301
S1-633330113	S2-836428745
S1-99116064	S2-301687874
S1-430651017	S2-29436415
S1-134024162	S2-322932939
S1-518226741	S2-430500691
S1-827547918	S2-125892254
S1-644697144	S2-165445503
S1-717684100	S2-219054647
S1-200415696	S2-31866960
S1-199707464	S2-240906980
S1-534114390	S2-527430315
S1-199065071	S2-97647771
S1-22231399	S2-18161211
S1-528023245	S2-405362815
S1-388581390	S2-169216455
S1-107642505	S2-101460561
S1-800027019	S2-228220571
S1-360680402	S2-192431632
S1-383164864	S2-131601288
S1-13590300	S2-277285829
S1-685647817	S2-193775005
S1-626866483	S2-175505723
S1-106127000	S2-141271072
S1-599776422	S2-178899560
S1-424852501	S2-56853061
S1-295003632	S2-16522897
S1-887261488	S2-277940726
S1-263835660	S2-105002622
S1-186263829	S2-169987835
S1-838686325	S2-43861485
S1-695505881	S2-118332850
S1-627228881	S2-146425310
S1-874120460	S2-952091548
S1-923483887	S2-210947837
S1-407881693	S2-31262554
S1-336637379	S2-716835305
S1-260463912	S2-130783213
S1-111215258	S2-17250912
S1-266007573	S2-176479551
S1-348657766	S2-311666062
S1-47530671	S2-130186554
S1-771387992	S2-245109481
S1-879788640	S2-100671428
S1-437472440	S2-589681143
S1-350395575	S2-127301515
S1-94801500	S2-145457465
S1-433158565	S2-114492417
S1-823852858	S2-126797676
S1-357440944	S2-286327125
S1-154181309	S2-228006996
S1-855773295	S2-281633989
S1-614279847	S2-204894251
S1-576031857	S2-202713214
S1-389134779	S2-233469814
S1-388883923	S2-175633675
S1-134646882	S2-107902899
S1-3149958	S2-118587895
S1-503602908	S2-271158818
S1-124738579	S2-238597096
S1-215454039	S2-324902915
S1-517570100	S2-884368642
S1-640751067	S2-104426625
S1-840015134	S2-130263428
S1-673627043	S2-753748120
S1-186291589	S2-141247051
S1-269532156	S2-101818836
S1-212389796	S2-283428528
S1-887593545	S2-306823673
S1-297392219	S2-290146000
S1-279437971	S2-47166571
S1-345495124	S2-531341109
S1-985511693	S2-579676602
S1-149756894	S2-970012791
S1-435009157	S2-332161889
S1-191857038	S2-430732912
S1-543758228	S2-143003944
S1-758389375	S2-224974645
S1-122110258	S2-333158498
S1-171489233	S2-343481810
S1-499736656	S2-47245509
S1-754824741	S2-743763269
S1-739322975	S2-158168028
S1-136330836	S2-127191165
S1-586877520	S2-277724584
S1-651350749	S2-151407439
S1-28037258	S2-281392132
S1-466161010	S2-276331967
S1-101147510	S2-202713214
S1-832281946	S2-101207666
S1-977617024	S2-186541201
S1-703803209	S2-448699634
S1-408457402	S2-684965999
S1-817722141	S3-421151607
S1-935117085	S2-745654989
S1-957868435	S2-639217465
S1-549910019	S2-117065476
S1-904155211	S2-612250061
S1-156877424	S2-634044396
S1-63709994	S2-102081269
S1-237105046	S2-199665129
S1-721095326	S2-114382043
S1-353847188	S2-273880157
S1-700127661	S3-175092992
S1-614616808	S2-43820231
S1-838304190	S2-126561582
S1-143424275	S2-18755574
S1-509796998	S2-11013333
S1-380142312	S2-135235875
S1-968278805	S2-4031782
S1-374232325	S2-182571897
S1-181431616	S2-111491801
S1-392664769	S2-108631381
S1-547349909	S2-162511154
S1-977240546	S2-10656206
S1-974717590	S2-339897048
S1-943159017	S2-175561761
S1-668276877	S2-194812790
S1-75414891	S2-142706795
S1-623964800	S2-21810078
S1-529251527	S2-228338336
S1-972175487	S2-161496685
S1-665712472	S2-173368920
S1-349404715	S2-128244446
S1-119098104	S2-102114392
S1-792595283	S2-601422672
S1-391278136	S2-213424582
S1-139409335	S2-278209366
S1-933228710	S2-108193143
S1-996685603	S2-118200134
S1-243514646	S2-100412037
S1-4820274	S2-299722790
S1-844572813	S2-222365082
S1-955836730	S2-129579666
S1-329526320	S2-406367170
S1-889462673	S2-243927734
S1-134762784	S2-220691954
S1-88388419	S2-462413860
S1-945299780	S2-211838244
S1-637758417	S2-171777477
S1-92320641	S2-503096973
S1-546084178	S2-128480640
S1-738157767	S2-241694062
S1-353938908	S2-504644642
S1-899469792	S2-122000047
S1-712271613	S2-171697637
S1-197294398	S2-18626039
S1-920469929	S2-203735473
S1-106318472	S2-115606596
S1-22860435	S2-296113741
S1-713728012	S2-108790562
S1-621685978	S2-217379507
S1-793605614	S2-164083929
S1-952454336	S2-14428322
S1-270731517	S2-135768742
S1-238562893	S2-16320922
S1-765250180	S2-227268966
S1-473208131	S2-338503502
S1-937738313	S2-114492417
S1-964736623	S2-133021786
S1-790065339	S2-961114339
S1-733176614	S2-154463090
S1-174018912	S2-296113741
S1-865737862	S2-758252945
S1-710881257	S2-105972355
S1-163646518	S2-191134990
S1-865855745	S2-233695384
S1-933361224	S2-631156764
S1-466005074	S2-281392132
S1-969849472	S2-175628617
S1-380214981	S2-244177160
S1-869638500	S2-273880157
S1-364486837	S2-400519868
S1-377758010	S2-181841193
S1-407406376	S2-136324038
S1-493786912	S2-252068778
S1-642449816	S2-224677485
S1-423156254	S2-513640613
S1-369645535	S2-148032374
S1-667148460	S2-15662875
S1-804823270	S2-122574101
S1-326180508	S2-89878028
S1-726907354	S2-268325913
S1-73792302	S2-105039464
S1-852182971	S2-156186663
S1-599220101	S2-105391429
S1-718352213	S2-829038990
S1-852621129	S2-108403350
S1-955910744	S2-283773340
S1-832020723	S2-252135052
S1-701077411	S2-130186554
S1-130058396	S2-139047257
S1-201888637	S2-693667255
S1-632933406	S2-139255939
S1-474901765	S2-343765063
S1-237946935	S2-133552043
S1-228985375	S2-398016044
S1-865081196	S2-11357410
S1-592877712	S2-226299755
S1-473572147	S2-496376844
S1-218332494	S3-157369103
S1-994382593	S2-14366444
S1-915430211	S2-516448067
S1-518752247	S2-154610339
S1-386612459	S2-414858417
S1-464598355	S2-153105296
S1-36771319	S2-32038053
S1-660274803	S2-114892277
S1-726923436	S2-298171120
S1-99511956	S2-311666062
S1-17916002	S2-17834616
S1-24425539	S2-104306760
S1-608094444	S2-240528538
S1-123916067	S2-100671428
S1-13501775	S2-115574984
S1-705799753	S2-149211922
S1-135243965	S2-123899032
S1-471059066	S2-552208622
S1-879785408	S2-132395007
S1-988930211	S2-115909402
S1-421753713	S2-950678706
S1-775299451	S3-62387301
S1-635722690	S2-228514564
S1-549747081	S2-101481351
S1-194705252	S2-561891306
S1-200882022	S2-111822324
S1-83681892	S2-119198255
S1-704471830	S3-598347856
S1-625713812	S2-107902899
S1-649620158	S2-135768742
S1-172108771	S2-321581571
S1-393566242	S2-802800935
S1-690867707	S2-124061228
S1-180582408	S2-118852991
S1-86329437	S2-118200134
S1-232021525	S2-173594504
S1-958500479	S2-16642889
S1-385108889	S2-173608051
S1-327378283	S2-124061228
S1-268791800	S2-346424895
S1-667863120	S2-130703773
S1-389329694	S2-661128287
S1-681493746	S2-486522756
S1-888162331	S2-324967567
S1-368091146	S2-165445503
S1-20308291	S2-315309113
S1-273769514	S2-106612714
S1-557424082	S2-146096325
S1-460862310	S2-766489827
S1-487470374	S2-799693931
S1-260457967	S2-389670465
S1-635580339	S2-120752361
S1-662283104	S2-214593578
S1-717902964	S2-587351612
S1-192894395	S2-112701837
S1-952573445	S2-505240225
S1-612413766	S2-477376213
S1-369487946	S2-953676500
S1-141041764	S2-211137277
S1-271919278	S2-283428528
S1-117645737	S2-639525599
S1-653604318	S2-178227386
S1-138753083	S2-100916746
S1-281463651	S2-13737078
S1-928412769	S2-355881306
S1-647303277	S2-240528538
S1-856968532	S2-620298377
S1-8534718	S2-134255993
S1-202580743	S2-141016104
S1-660606065	S2-85929809
S1-142302332	S2-120906972
S1-195302687	S2-10165115
S1-749577284	S2-545464360
S1-885384570	S2-187392714
S1-611269712	S2-289223955
S1-596818927	S2-185392286
S1-411327872	S2-235300796
S1-565577535	S2-229164107
S1-572815107	S2-109385680
S1-861530625	S2-126156898
S1-43891697	S2-143081706
S1-114262560	S2-11649584
S1-630629787	S2-173788881
S1-637442746	S2-115017582
S1-804107991	S2-74358864
S1-175845794	S2-160876944
S1-667181339	S2-304269465
S1-475267007	S2-265715720
S1-341797989	S2-444558928
S1-577467966	S2-32038053
S1-877930638	S2-105622566
S1-951864974	S2-340806238
S1-65206828	S2-22436301
S1-279971164	S2-306632562
S1-654634127	S2-154995241
S1-46866686	S2-856301598
S1-147760108	S2-117065476
S1-215087813	S2-183566060
S1-124476379	S2-597526318
S1-211906138	S2-505453167
S1-619723332	S2-24910266
S1-977569667	S2-146001879
S1-590411363	S2-768520411
S1-176314229	S2-450156584
S1-160219268	S2-216888616
S1-738674502	S2-100916746
S1-617543326	S2-574442293
S1-605033406	S2-110363016
S1-310923502	S2-108102880
S1-184063428	S2-119683936
S1-685134234	S2-151093435
S1-952369489	S2-357846762
S1-560327591	S2-117706079
S1-558380452	S2-154293201
S1-606715285	S2-246166655
S1-277428803	S2-104356168
S1-418668916	S2-168927080
S1-153299769	S2-662718830
S1-410823874	S2-102264262
S1-120731500	S2-401471395
S1-436869045	S2-214670872
S1-100494146	
S1-827199926	S2-799841198
S1-677694603	S2-100494332
S1-944434480	S2-181472314
S1-246636474	S2-227461379
S1-7193030	S2-100916746
S1-798255035	S2-258426829
S1-994944091	
S1-427694289	S2-357847649
S1-755749101	S2-669337284
S1-991230559	S2-612567552
S1-277274283	S2-10626295
S1-742892235	S2-370650917
S1-607204571	S2-144231047
S1-805975740	S2-399775881
S1-934557723	S2-173608051
S1-543315978	S2-184479080
S1-546883951	S2-20742355
S1-984883896	S2-253289290
S1-588723400	S2-151066607
S1-288275475	S2-814954598
S1-957340511	S2-326291497
S1-606582338	S2-330384776
S1-434351134	S2-398715484
S1-576557349	S2-352640486
S1-921062735	S2-134255993
S1-925734623	S2-329497984
S1-764672471	S2-121691019
S1-287377897	S2-183513828
S1-92701951	S2-100916746
S1-336235117	S2-138287716
S1-948566232	S2-154610339
S1-948791878	S2-26649620
S1-202525701	S2-132479620
S1-313504509	S2-215476053
S1-788717727	S2-11779319
S1-546362229	S2-203148770
S1-386789709	S2-838179831
S1-583197607	S2-202243075
S1-407846991	S2-203991201
S1-765850304	S2-132479620
S1-734692295	S2-183157184
S1-164409720	S2-279511040
S1-924897637	S2-102858565
S1-405526554	S2-100916746
S1-778846839	S2-117583299
S1-832703299	S2-264733396
S1-541834014	S2-143127928
S1-850163725	S2-409878715
S1-268443578	S2-198372882
S1-919445291	S2-415027464
S1-884620395	S2-222101201
S1-478911483	S2-194054062
S1-373313227	S2-11647668
S1-622002666	S3-194931821
S1-561233443	S2-763426170
S1-559312863	S2-586122107
S1-261619158	S2-149296254
S1-881427472	S2-137988683
S1-550495226	S2-98906388
S1-629644717	S2-514237838
S1-20584859	S2-122654743
S1-354088494	S2-531489636
S1-156380173	S2-755422053
S1-978447761	S2-344171119
S1-95910329	S2-139625471
S1-222104402	S2-205694807
S1-38956705	S2-277724584
S1-598451893	S2-218574521
S1-191445719	S2-147852121
S1-68230327	S2-879412459
S1-938655105	S2-176479551
S1-170355510	S2-276810189
S1-746187051	S2-27544629
S1-696917368	S2-268918007
S1-170520985	S2-219982984
S1-910239489	S2-14366444
S1-700838509	S2-230117847
S1-953403869	S2-270388622
S1-345773661	S2-220310492
S1-277662094	S2-434686163
S1-661382871	S2-171665572
S1-270650980	S2-100661717
S1-321920450	S2-858366595
S1-583927747	S2-226299755
S1-155619181	S2-107018805
S1-324140445	S2-103858682
S1-781489698	S2-894105710
S1-874602513	S2-431344038
S1-593897359	S2-125725108
S1-681983201	S2-231928290
S1-828302951	S2-115443163
S1-695776300	S2-108733855
S1-845325293	S2-132293344
S1-498497018	S2-105170780
S1-424318744	S2-299864563
S1-726497254	S2-144231047
S1-443155658	S2-368411240
S1-589537754	S2-105162421
S1-591801930	S3-11184648
S1-948403355	S3-517388172
S1-473045144	S3-683624176
S1-325524214	S2-15662875
S1-521473479	S2-453889215
S1-697687494	S2-115455380
S1-971988808	S2-44663006
S1-623408965	S2-28753006
S1-632035754	S2-283847823
S1-736385683	S2-196608011
S1-969686513	S2-151759892
S1-631364489	S2-12605093
S1-572761799	S2-163746925
S1-939195325	S2-180062407
S1-920899589	S2-418620161
S1-742868551	S2-132868871
S1-604259902	S2-105002622
S1-326678390	S2-589150633
S1-568068726	S2-356166382
S1-720197943	S2-301395698
S1-482966617	S2-196469389
S1-464925453	S2-120430454
S1-258983614	S2-173404815
S1-643936269	S2-171150233
S1-492047760	S2-115194233
S1-918504950	S2-624438429
S1-887702558	S2-338593736
S1-707809382	S3-456462976
S1-972582313	S2-134860839
S1-593904121	S2-10278030
S1-857577779	S2-364816950
S1-976868440	S3-104334511
S1-848399263	S2-193027064
S1-98978659	S2-171336371
S1-916171009	S2-480783347
S1-784983003	S2-173608051
S1-10107530	S2-173052979
S1-210773510	S2-250822060
S1-778811767	S3-570040056
S1-7207222	S2-293399632
S1-192804485	S2-197599313
S1-98944752	S2-120741292
S1-75854432	S2-112634741
S1-410493101	
S1-492880979	S2-396514107
S1-875208253	S2-15432787
S1-416500893	S2-15962956
S1-435672924	S2-159584599
S1-892498993	S2-175562680
S1-462273259	S2-702104128
S1-937014649	S2-109385680
S1-895515669	S2-143049725
S1-409374576	S3-491219263
S1-894333060	S2-311666062
S1-92619703	S2-493855377
S1-287032802	S2-117405101
S1-868969063	S2-180034589
S1-510447009	S2-210947837
S1-8347794	S2-233979818
S1-817627463	S2-42086122
S1-730324654	S2-160067991
S1-641471546	S2-305020288
S1-645803770	S2-363858246
S1-639718961	S2-327219838
S1-81662223	S2-294674421
S1-457832402	S2-33088638
S1-222636511	S2-648483065
S1-30376764	S2-180063240
S1-167124167	S2-231973099
S1-362873720	S2-184298848
S1-832720721	S3-341778602
S1-568025190	S2-117065476
S1-946773687	S2-153210166
S1-453075676	S2-259417395
S1-17726756	S2-339542019
S1-146460064	S2-114764951
S1-635593555	S2-120741292
S1-352631083	S2-864187124
S1-579973038	S2-27875266
S1-110675912	S2-159584599
S1-830977304	S2-204407891
S1-62513565	S2-717953106
S1-340338236	S2-303904757
S1-299553003	S2-181463804
S1-401323822	S2-132418505
S1-874941171	S2-145900572
S1-448778938	S2-16889326
S1-434285217	S2-141627631
S1-304464835	S2-186466376
S1-423826098	S2-12315624
S1-955098415	S2-196244192
S1-229225022	S2-14639286
S1-727131296	S2-122574101
S1-421754255	S2-644519857
S1-148508964	S2-192825727
S1-325864782	S2-142229905
S1-754372527	S2-116536060
S1-116441265	S2-155499683
S1-311512417	S2-121071048
S1-509573032	S2-100481130
S1-773166887	S2-148989605
S1-64961608	S3-191191530
S1-506749944	S2-43993933
S1-494083846	S2-111259348
S1-951218101	S2-102858565
S1-579487875	S2-142706795
S1-725013701	S2-288086111
S1-269826793	S2-143192085
S1-478669893	S2-19086786
S1-369589826	S2-268658617
S1-153805723	S2-253521336
S1-230358974	S2-420477388
S1-770415030	S2-21810078
S1-828544464	S2-394078083
S1-68455663	S2-152940120
S1-603875890	S2-57943665
S1-951538177	S2-822244632
S1-585058123	S2-451691276
S1-820440578	S2-657517644
S1-576994241	S2-728242338
S1-481775047	S2-46291609
S1-608923173	S2-155456721
S1-621183886	S2-333661608
S1-99077495	S2-250389580
S1-376415072	S2-175795464
S1-810486358	S2-34155687
S1-698489417	S2-145941064
S1-412545395	S2-291452809
S1-463909384	S3-229980568
S1-604005682	S2-314124327
S1-513180877	S2-140925376
S1-28521657	S2-115649735
S1-696937964	S2-239146177
S1-310572694	S2-471588279
S1-249136170	S2-197599313
S1-931630718	S2-115217166
S1-826196413	S2-681430083
S1-472225538	S2-527988411
S1-601508239	S2-191800104
S1-696784315	S2-379705318
S1-184018400	S2-11447624
S1-759884609	S2-167897045
S1-478485563	S2-51893835
S1-936316725	S2-233469814
S1-800158134	S2-372125704
S1-142392584	S2-152430274
S1-686278204	S2-225077
S1-753828617	S2-448218293
S1-649002589	S2-306439767
S1-111721340	S2-193027064
S1-831919172	S2-151093435
S1-259387651	S2-143534246
S1-660526261	S2-102188281
S1-574395751	S2-194653412
S1-556484079	S2-150047058
S1-544854099	S2-130263428
S1-570045829	S2-138530734
S1-46080170	S2-113650278
S1-540809374	S2-507039359
S1-760078796	S2-168900165
S1-797753144	S2-812684717
S1-301628639	S2-139430882
S1-405126562	S2-370548900
S1-862063547	
S1-984396335	S2-501671294
S1-65679469	S2-138932432
S1-776940048	S2-15432787
S1-296170403	S3-274724497
S1-395118974	S2-367956721
S1-650150184	S2-444302978
S1-661761756	S3-227681150
S1-159580915	S2-115964797
S1-419887692	S2-320358447
S1-266609937	S2-211838244
S1-312188150	S2-134255993
S1-929378362	S2-23084236
S1-242611734	S2-470873301
S1-86169666	S2-155499683
S1-860810984	S2-461642225
S1-295615816	S2-293028663
S1-971511835	S2-325342762
S1-450890324	S2-135768742
S1-863315534	S2-229119453
S1-555308719	S2-357832819
S1-233319159	S2-226635206
S1-434857307	S2-141811727
S1-197274849	S2-141246335
S1-399610017	S2-133980290
S1-791955392	S2-163260922
