entity_id	business_name	business_address	country
S1-606480359	Creative Services Private Limited	H.No.8-3-214/1/A-1, Plot No.B2Madhura Nagar, Hyderabad., Andhra Pradesh, Telangana	India
S1-280818643	Torgerson & Perry	445 Broadway, Unit Apartment 3B, Hastings-on-hudson, NY	US
S1-512634625	Ironclad Lending LLC	OH, Hamilton, 736 East Avenue	US
S1-380060263	Devashish Plaza Private Limited	B-3 Horning Stars T Road Mahim, Mumbai, Maharashtra	India
S1-945115789	Volt Traders LLP	S. No. 464, Gouri Kirana Store, Tukaram Nagar, Shivaji School Road, Talwade, Pune, Maharashtra	India
S1-680008372	Solar Solutions Private Limited	8124, Sector - C, Pocket - 8 Vasant Kunj, New Delhi, South West Delhi, Delhi	India
S1-519482575	Eurasia Foods	Apsara Villa 17 D Crossindira Nagar Ii Stage, Bangalore, Karnataka, Bangalore	India
S1-4024559	Clyeon Box LLC	123 2nd Avenue, Unit T4, Salt Lake City, UT	US
S1-348647076	Ironclad Finance PLLC	3227 Redding Road, Columbus, OH	US
S1-30139910	Angarika Memorial Trust	7, Bihar Popular Saintifik High School, Nachha New Purandarpur, Anchal- Patna Sadar, Patna, Bihar	India
S1-394340130	Shivam Enterprises Private Limited	46D, Rafi Ahmed Kidwai Road, Kolkata, Howrah, West Bengal	India
S1-304386686	Coastal Prairie Noble LLC	940 Nowlan Road, Fenton, Unit Lot 11, NY	US
S1-560224154	Disoft Management Inc	220 Holiday Lane, Unit 12, Talent, OR	US
S1-29507374	Eye Anchor Center LLC	Waterford, NY, 106 Midway Court	US
S1-552544757	N 5 Apex Rail Inc	1017 Dogwood Lane, Milwaukie, OR	US
S1-733293133	Orsa's Healthcare	72 Conkey Avenue, Rochester, NY	US
S1-918838609	Patriot Lifesciences LLC	502 York Street, Newport, KY	US
S1-162593001	Primary Care Group	8190 Tr 73, Old Fort, OH	US
S1-151277938	Big Hypnosis	6324 Blackhawk Drive, North Little Rock, AR	US
S1-60467532	Arroyo Mercator PC	2623 Wayside Court, Warsaw, IN	US
S1-692905346	Cardiology Grand Clinic, LLC	7350 Oliver Street, Kansas City, KS	US
S1-333779149	Campbell Corporation	Portsmouth, 923 Findlay Street, OH	US
S1-416600394	Au Textiles Private Limited	H.No.5, Aab Building, 2Nd Floor, Mig Sy No.36 Pr Nagar, Upparpally, Attapur, Hyderabad, Telangana	India
S1-393071074	Dyana Johnson Kpet	Arlington, 6021 Cooper Street, TX	US
S1-116975535	VS Eaton LLC	1014 Paradise Lane, Phoenix, AZ	US
S1-264303836	Cascade Care	2856 Rd 15, Marengo, OH	US
S1-112773950	Kay Quartzsea Inc.	775 2078, Olive Hill, KY	US
S1-742355281	Southern Builders Private Limited	46/89-10 Bhudhawar Pet, Kurnool, Andhra Pradesh	India
S1-797713949	Projects Shakti Solution Ltd	Regal Paradise, Ph-I, Awadhpuri, Khajuri, Huzur, Madhya Pradesh, Bhopal, Mig-802	India
S1-804870663	Dynamic Frontier Truist Inc.	8201 79th Terrace, Kansas City, MO	US
S1-755395214	Meyers, Dent & Holder Hair Studio LLC	220 Luna Valley Drive, Luna, NM	US
S1-261811696	Seven Construction Pvt Ltd	Door No. 5/490-L, First Floor Grand Plaza, Guruvayoor Road, Kanjani P O, Thrissur, Kerala	India
S1-282277625	Unified Robotics Partners Co	1117 Flannigan Creek Road, Viola, ID	US
S1-11472845	KLH Corporate Private Limited	1/69 Vipul Khand, Gomti Nagar, Lucknow, Uttar Pradesh	India
S1-615226029	Jacobs Williams	2349 Co Rd A, Edgerton, OH	US
S1-633275137	G & S Fortunex Inc	New Albany, 615 Lincoln Street, IN	US
S1-472216423	IW Internet LLC	277 Pine Street, MA, Lowell	US
S1-182947044	Apurva Support Private Limited	T-501 5Th Floor Amrapali Silicon City, Noida, Gautam Buddha Nagar, Uttar Pradesh	India
S1-548612251	Analytics & Sons LLP	Room No 4/271-I, J, K, L Kadungathukund, P.O, Valavannur, Malappuram, Kerala, Malappuram, Ain Plaza, Malapuram	India
S1-754519389	Consistent Bio Private Limited	B-304Sai Aiswarya Apartents Vidyangar, Hyderabd, Hyderabad, Telangana	India
S1-140605392	Rosetta A. Lyke, CPA	150 Johnston Circle, Sidney, NY	US
S1-525008990	Eye Center Inc	1633 Broadmoor Drive, Seattle, WA	US
S1-831523781	Latur College Private Limited	67 S/F, Sewak Park Uttam Nagar, New Delhi, South West Delhi, Delhi	India
S1-162180347	Creative Media Solutions LP	2750 Spaulding Avenue, IL, Chicago	US
S1-192226963	Great Care Pvt Ltd	Nalgonda, H No 2-163 Main Road, Huzurnagar, Telangana, Yathavakilla	India
S1-193707000	Sritech Vidyalaya	(W), 7Th Floor, Prakriti Apartment, Raghunath Nagar, Mittal Park, Wagale Estate, Thane, Maharashtra, Thane, A-703	India
S1-310249535	White Foundation Pvt Ltd	4Th Street, Subbalakshmi Nagar Korattur, Chennai, 42, Tamil Nadu	India
S1-612183811	Aditya Agro Private Limited	F-256, New Rajinder Nagar, New Delhi, Delhi	India
S1-802288346	Little Pub	1546 18th Avenue, New Brighton, MN	US
S1-644173694	Vantance Trading LLC	40 Wilcox Lane, Unit Suite 207, Canandaigua, NY	US
S1-939372465	Lena Leister Mines, Corp	3720 Allston Paseo, Unit UNIT 4, Ontario, CA	US
S1-386923187	Fields Complete Bancorporation LLC	Vermilion, OH, 661 Dogwood Lane	US
S1-885139388	Goldie Montessori School of Canby	585 Douglas Lane, OR, Canby	US
S1-543240598	Big Technology Private Limited	A-3, Landmark Society, Opp Gaondevi Mandir Sector 14, Vashi, Navi Mumbai, Thane, Maharashtra	India
S1-531674523	Reliable Analytics Global LLC	2113 Wilawana Road, Chemung, NY	US
S1-829924536	ZTH Insurance Limited	A-116 Urbtech Trade Centre Sec-132, Noida, Gautam Buddha Nagar, Uttar Pradesh	India
S1-149077807	Gold Foods Private Limited	Office No 912 & 912/A Shreeji Signature, Sargasan, Opp.Ashka Hospital, Shree Ji Infracon Gandhinagar, Gujarat, Gandhinagar, Gandhi Nagar, Gujarat	India
S1-590727968	First Technical LLC	130 Wild Phlox Drive, Bellville, TX	US
S1-578466884	Desert Coastal LLC	2936 Stanley Avenue, Indianapolis, IN	US
S1-490889386	Cote's Liberty Grading	143 Mountain Avenue, Malden, MA	US
S1-659663945	CN Global Shore PC	300 Bakertown Road, Unit H, Nashville, TN	US
S1-214690150	JDV Sciences Corporation	Snp Towers, P.No 112, 3Rd Floor, Janardhan Hills, Diamond Hills, Gachibow, Li, Hyderabad, Rangareddy, Telangana	India
S1-947453644	HFN Horizon Dogecoin Inc	2031 50th Street, North Canton, OH	US
S1-55655511	Lucille W. Austin, D.C., DDS PC	471728 1090 Road, Muldrow, OK	US
S1-462083314	KAN Impex Pvt. Ltd.	Plot No 58, Khasra No 10/16 Nandvihar Dwarka Sec-16A, New Delhi, Delhi	India
S1-893649348	Olaniq Aktiengesellschaft	228 Niagara Avenue, Dayton, OH	US
S1-795769673	Only Memorial Trust	Plot No.2, Jaipur, Sain Colony, Malviya Nagar, Jaipur, Jaipur, Rajasthan	India
S1-635068579	Mccarthy Supreme Nano	6601 Chickahauk Trail, City Of Middleton, WI	US
S1-634290824	India Vertex Transport Private Limited	Kolkata, Calcutta, 6/3/B Lindsay St, West Bengal	India
S1-56378293	Pipal Energy Private Limited	22 Samrat Layout A 1St Main, Arakere, Bangalore, Karnataka	India
S1-306369175	Powell Classic Cleaning Service, LLC	4472 1806, Watford City, ND	US
S1-718541593	Fleming Coastal Pan LLC	3118 Twilight Drive, Topeka, KS	US
S1-392054251	Bright Learning Consultants	Felton, 10550 Zayante Road, CA	US
S1-412539915	Elemental Brothers Private Limited	T G Shah Buildingsecond Floor Pydhonie Chowk, Mumbai, Maharashtra	India
S1-623964069	Polaris	9409 Founders Lane, Perry Hall, MD	US
S1-182016627	Raviesh Engineers Private Limited	20, Saiprabha, Padmadarshan Society, Pune-Satara Road., Pune, Maharashtra	India
S1-80428717	Krishna (India) Amenity Private Limited	101, Raj Sun Flower Tower, A Wing Royal Complex, Eksar Road, Borivali (Wes, T), Mumbai, Maharashtra	India
S1-620562056	AA Forex Private Limited	Sabarkantha, Gujarat, Gidc Estate, Motipura, Himatnagar, Plot No. 94-95	India
S1-415136757	Micro Tech Private Limited	Plot No 44, Telangana, Sy No 134 Tata Nagar, Mailrdev Pally, Hyderabad	India
S1-579483892	Verrus Roofing	400 Eva Mae Jones Road, Pink Hill, NC	US
S1-818350088	United Solutions Private Limited	801, Crystal Plaza, Opp Solitaire Corporate Park Andheri-Ghatkopar Link Road, Chakala, An, Dheri (E), Mumbai, Mumbai City, Maharashtra	India
S1-217508654	Clifford (India) (india) LLP	Dno.287/3, Standerd Towers, Avinashi Road, Coimbatore South, Coimbatore, Tamil Nadu	India
S1-74686397	Plumbers Local 307	197 Mcrae Circle, Mount Gilead, NC	US
S1-231773478	PFO Hr Private Limited	Flat No. 701 Vardhaman Nagar Chs Ltd R. P. Road, Mulund West, Mumbai, Mumbai City, Maharashtra	India
S1-50780963	Super Constructions Private Limited	Sr No.81/1B Chaitraban, Society, New Sangvi, Pune City, Pune, Maharashtra	India
S1-485267784	Sosa & Munoz Partners	100 Fairgreen Drive, Bldg Right, Amherst, NY	US
S1-24781781	Vision Express Group	4740 Cirrus Cloud Court, Prescott, AZ	US
S1-263299867	Scholarship Foundation V	344 Second Street, Madison, WV	US
S1-196180696	XW (india) Associates	Pt No 186 Sy No 118, Nandigama, Patancheru, Medak, Telangana	India
S1-83365528	Vaa Bright Pipeline	280 Acushnet Avenue, Unit 3E, New Bedford, MA	US
S1-864302717	Norridge Baptist Clean Services LLC	4336 Oriole Avenue, Norridge, IL	US
S1-340746308	Shilpi Consultancy Company	C/O Amshya Fulji Padvi At Post Koyalivihir, Tal-Akkalkuwa, Dist-Nandurbar, Nandurbar, Maharashtra	India
S1-421958459	Solutions Consultants Pvt Ltd	Vellore, 236, Tamil Nadu, Asiriyar Nagar Tirupattur	India
S1-731003180	Culbertson Better LLC	6360 Cottage Hill Road, Mobile, AL	US
S1-143371188	Anish Ventures Private Limited	Mumbai, Maharashtra, Off No. 2419 Bldg No 51, The Bandra Nishigandha Chs Opp. M.I.G. Club, Gandhi Nagar, Bandra (, East), Mumbai City	India
S1-797682910	Tripura Hospital	C/O Ravindra Singh, Vill And Post Nagla Jula, Mainpuri, Uttar Pradesh	India
S1-548375445	Hunger Charities	94 Hayward Street, Unit 2, Milford, MA	US
S1-674762593	Roopika Farms Private Limited	Aipl Business Club (Tower A) Medawas, Sector-62, Gurugram, Gurgaon, Haryana	India
S1-239820738	Akhila Consultants	1/278, Vibhav Khand Gomti Nagar, Lucknow, Uttar Pradesh	India
S1-713896524	South Table PLLC	623 Fergus Ave, Erhard, MN	US
S1-479946365	Clean Better Power, Inc	IN, Chandler, 939 Birkshire Avenue	US
S1-73715434	Brown Legacy Music	14 Breakheart Road, Saugus, MA	US
S1-408128909	Best Infrastructure Private Limited	No.99, 3Rd Floor, 2Nd Main Road Shivanagar, Rajajinagar, Bangalore, Karnataka	India
S1-850143790	Al Housekeeping Private Limited	2Nd Floor, Xii/172, Kaipattor Road, Mattoor, Kalady Village, Ernakulam, Kerala	India
S1-837110100	Binary Memorial Trust Company	1 Flr, 101B 104A, Supreme, Business, Park Hiranandan, Mumbai, Maharashtra	India
S1-537389732	Judd & King Fortune	2056 Mccrea Road, Thousand Oaks, CA	US
S1-883492372	Liao Gores	Maricopa, 43837 Sagebrush Trail, AZ	US
S1-527195896	Cascade Inc	180 Autumn Maple, Rogersville, MO	US
S1-754465251	II Labs Private Limited	15, Miranpur Sakka, Bikapur, Ghazipur, Uttar Pradesh	India
S1-95060771	Red Healthcare Private Limited	1-8-229/2 &1-8-229 P.G.Road, Secunderabad, Hyderabad, Telangana	India
S1-302084543	Star Liberty Vornado Inc.	243 Lear Road, Avon Lake, OH	US
S1-502213080	Drayent Bitcoin LLC	1305 New Hope Road, Unit Apt A1, Rogers, AR	US
S1-662970042	United Estate Pvt Ltd	Sitapur, Shastri Nagar Bateshwar, Pd Loniyanpurwa, 56, Sitapur, Uttar Pradesh	India
S1-940210651	Lynch and Bamberg Hall LLC	15922 Holmes Avenue, Cleveland, OH	US
S1-758918632	Jajpur Developers	C/O. Biswaprakash Samal, At/Po- Palai Ps-Balichandrapur, Jajpur, Orissa	India
S1-744422539	Teva Legacy Plumbing LLC	KY, 7023 Greenwood Rd, Louisville	US
S1-8371102	A Dynamic Fisheries	53 Palmer Street, Plattsburgh, NY	US
S1-384548448	Strategic Alliance	7697 Desert Cactus Way, Marana, AZ	US
S1-770613160	Commission on Motor Vehicles	24044 Bethel Road, Babbie, AL	US
S1-311488770	Brett Weimer, DMD, PC	1485 Fm 115, Mount Vernon, TX	US
S1-485935875	Sivani Institute of Technology	901/902, Maharashtra, Mumbai City, Floor-9, Plot No. 212 East Wing Tulsiani Chambers, Nariman Point, Mumbai	India
S1-285477440	Shivam Food Private Limited	Vill- Kaleyanpur, Tola-Kaleyanpurpanch Block- Kalyanpur, East Champaran, Bihar	India
S1-481783031	Sub India Private Limited	624V/028C, Vijayeepur, Vishesh Khand, Gomti Nagar, Lucknow, Uttar Pradesh	India
S1-348482660	Ankur Trading Private Limited	B-903, Nest Orchid, F.P-17, Surat City, Surat, Gujarat	India
S1-500865813	Cardiology Metro Care Associates LLC	4882 Covered Bridge Road, Unit APT A, Indianapolis, IN	US
S1-197283650	Benetta's Analytics	VA, Fairfax County, 3206 Miller Heights Road	US
S1-674836058	Green Enterprises Private Limited	739/34-3, 12Th Main, 3Rd Block Rajaji Nagar, Bangalore, Karnataka	India
S1-214725026	Manda Banuelos Centers LLC	TX, 5822 Oakmoss Trail, Spring	US
S1-459380335	Fortune Constructions	Kanpur Nagar, Uttar Pradesh, 16/80, Civil Lines, Bara Chauraha	India
S1-27574374	Rivalee Zavala, D.D.S., M.D., P.C.	15735 Rock Creek Road, Redding, CA	US
S1-853017850	Charmine Amador Platinum Pinnacle LLC	4878 Merrit, Clayton, WA	US
S1-898675280	Miller Works of Wood River Center	Wood River, 307 Picker Avenue, IL	US
S1-33153590	Dart (India) Estate Private Limited	H No 12/85, Gali No. 2, Dayanand Nagar, Bahadurgarh, Jhajjar, Haryana	India
S1-994595671	Asheville Youth Association	Asheville, 3 John Walker Avenue, Unit 527, NC	US
S1-803464282	Wildlife Fellowship	108 Shearer Street, Palmer, MA	US
S1-884840893	Susanna Thomas Chs Inc	25117 120th Place, Kent, WA	US
S1-592941578	Youth Ministries	Billerica, Unit 173, 216 Rangeway Road, MA	US
S1-241081207	Red Bakery	OH, 3628 Drexel Drive, Toledo	US
S1-190260827	Certified Metropolitan Calisa LLC	725 11 1/2 Street, Anniston, AL	US
S1-860552646	Brahma Memorial Trust	239, Khalapar Muzaffarnaga, Near Jamil Advocate, Muzaffarnagar, Uttar Pradesh	India
S1-858119038	KDI Services Co	8-3-833/225 Kamalapuri Colony, Hyderabad, Telangana	India
S1-790213006	Woodruff Pampa	439 Mccain Drive, TX, Tyler	US
S1-533347878	Bright Colombier LLC	303 Cabin Court, Stafford County, VA	US
S1-70808602	Services Chetanya Products Limited	Agra, Uttar Pradesh, Shop No. 9, Agra, First Floor, 20/4 Maruti Tower, Sanjay Place	India
S1-315244511	Anderson Global	4631 Northwest Boulevard, Spokane, WA	US
S1-472439904	Anchor Star Salon	3506 New Windsor Court, Nashville, TN	US
S1-617868333	Pioneer Consultancy Private Limited	J-2/12A 1St Floor Block J, Gupta Colony Khirki Ext, New Delhi, South Delhi, Delhi	India
S1-720741010	Tucker Innovative Malt LLC	119 Van Buren Street, Elmhurst, IL	US
S1-662121215	Royal Estate Private Limited	69/458, Jay Stambh Ward, Burhanpur, Khandwa, East Nimar, Madhya Pradesh	India
S1-111968014	Hitech Business Private Limited	P- 88, Sector - B Metropolitan Co-Operative Housing Societ, Y Limited, Kolkata, Kolkata, Howrah, West Bengal	India
S1-334268114	Jones Unified Airport Inc	Lake Stevens, WA, 2326 121st Avenue	US
S1-642256690	Advanced Cornerstone Navios LLC	AZ, Casa Grande, 1469 10th Place	US
S1-309191387	Family Desert Care	9020 Saratoga Road, Keller, TX	US
S1-4167471	Temple Baptist Church	2510 Hillsboro Avenue, Golden Valley, MN	US
S1-161732081	Total Broadcast Digital LLC	Arcadia, WI, Fl 12517, W28491 Jercezek Lane	US
S1-520401543	Halcon Cayson	8215 Oconner Crescent, Norfolk City, VA	US
S1-349071142	Jd Finance Private Limited	Bangalore, Karnataka, Bangalore South, 5Th Main Road, Situated At Jaynagar Housing Board Co-Operative Society, 1St Stage, Gubbalala, Thurahalli (V) Uttarahalli, No. 244C	India
S1-496548092	Mersey's United Tattoo Inc.	8261 Free Short Pike, Camden, OH	US
S1-708709547	Heartland Charities	4043 Elkins Branch Road, Buchanan County, VA	US
S1-204205375	Desert Committee	2155 Redfern Drive, Indianapolis, IN	US
S1-41025816	Integrated Rapid General LLC	3165 Write Place, Memphis, TN	US
S1-126754995	Housing Guild	4109 Gardner Ridge Drive, Unit H, Gastonia, NC	US
S1-700946811	Urology Bright Specialists LLC	7519 Greenfield Place, Crestwood, KY	US
S1-446818448	Pocahontas Economic Development Initiative Ltd	305 12th Street, Pocahontas, IA	US
S1-149198004	Better Wilco LLP	101 Hamilton Avenue, Watertown, CT	US
S1-471328833	Super 9 Book Store	3488 Upton Drive, Kempner, TX	US
S1-211126265	G & E Sunstone LLC	16 Pooley Place, Buffalo, NY	US
S1-655091107	Orbium Boral Inc	Baton Rouge City, 759 Spanish Town Road, LA	US
S1-903741903	Safety (India) Ayyappa Private Limited	E2-303 Rohan Abhilasha, Lohegaon Road, Wagholi, Haveli, Pune, Maharashtra	India
S1-663307536	Sikes Classic Odyssey LLC	4110 Bayard Road, South Euclid, OH	US
S1-211544748	Aitken Holding Company LLC	3306 Terrace Greene Circle, Greene County, VA	US
S1-514117187	Chandransh Enterprises Limited	S/O Mukesh Chand, Radha Raman Road, Hans Nagar, Mainpuri, Uttar Pradesh	India
S1-990468890	JR Farmers, LLC	1211 Fox Court, Bozeman, MT	US
S1-72194437	Concettina Stirling Apollo	23-40 92 Street, East Elmhurst, NY	US
S1-983709987	H D Hatfield Range PLLC	25 Rim Lane, Oyster Bay, NY	US
S1-74341013	Kayastha Industries Pvt Ltd	Office No.101, 1St Floor, Platinum Arcade, Plot No. 96/98, Jagannath Shankarsheth Road, Center Plaza Cinema, Charni Road, Mumbai, Maharashtra	India
S1-551271089	Federal Bancorporation of Saratoga Springs, LLC	377 Broadway, Unit Apartment 3, Saratoga Springs, NY	US
S1-276277863	Manlius Economic Development Alliance	5555 Golden Heights Drive, Manlius, NY	US
S1-671272664	Cherry Park (India) Private Limited	H.No : 9-12, Jaya Nilayam, Ground Floor Venkateshwara Nagar, Malkajgiri, Hyderabad, Telangana	India
S1-847630685	Halcyon P.C.	274 Ginger Place, Saratoga Springs, UT	US
S1-591250131	RRZ Technologies Ltd	57 Raja Basanta Roy Road, Kolkata, Calcutta, West Bengal	India
S1-457909815	Sidyne LLC	23215 40th Avenue, Spanaway, WA	US
S1-889594342	Global House Inc	2325 15th Street, Unit 414, Washington, DC	US
S1-231107155	South Projects Pvt Ltd	Shop 110, B Wing, 2Nd Flr, Express Zone Mall, Goregaon East, Mumbai, Maharashtra	India
S1-208051104	Sia Associates	3764 Columbus Drive, Baltimore, MD	US
S1-779986902	Euro & Co	No.7, Iv Seward Roadvalmikinagar, Thiruvaniyur Madras, Madras, Tamil Nadu	India
S1-598681375	Walker Star Advertising LP	3360 Shadow Tree Drive, Unit 426, Sacramento, CA	US
S1-471758076	Zeigler Bridge of Asheville	55 Vandalia Avenue, Asheville, NC	US
S1-702385411	Precision Fund Inc	OH, Newark, 203 Locust Street	US
S1-240159942	Zasoft	1035 42nd Street, Birmingham, AL	US
S1-40048815	Tradyne Titan LLC	5013 Oak Crest Courtyard, Unit Apartment 2, Camillus, NY	US
S1-271672401	Royal Creative Healthcare	Railway Station Road Siswa Bazar, Maharajganj, Uttar Pradesh	India
S1-527948766	Marketa Davidson Futurewave Inc	71 Frankie Lane, Babylon, NY	US
S1-652167666	Saify Industries Inc	144 Main Street, Unit R, Franklin, MA	US
S1-214750030	Smart Transit Corporation	8053 Newberry Drive, Findlay, OH	US
S1-138675208	Om Projects Pvt Ltd	No 103, Karnataka, Maria Residency, 101 Wheeler Road, Bangalore	India
S1-798468080	Gandhinagar Foundation Co	Unit 501, 5Th Floor Wing 'A', Building No. 1 Aqualine It/Ites-Sez, Koba, Gandhinagar, Gandhi Nagar, Gujarat	India
S1-852122952	Bose Solutions Pvt Ltd	Flat No 113, Block 1, Nirmala Residency, 400, Jheel Par Road, Mahamayatala, Kolkata, Parganas South, West Bengal	India
S1-283724464	Genvieve Young Muzero	3728 Ballahack Road, Chesapeake City, VA	US
S1-823547488	Sharon, City Of	Sharon, MA, 9 Larason Farm Road	US
S1-847407174	Shruti & Sons Private Limited	E-29 Amar Colonylajpat Nagar Iv New Dldehi, New Dldehi, South Delhi, Delhi	India
S1-699093900	Karita Frisby Golden Fortis	138 4th Street, MT, Columbus	US
S1-906603533	Holland Silver Associates Inc	Portland, Unit #80, 12425 Barnes Road, OR	US
S1-776197135	Scholarship Foundation IV LLC	72 Shady Lake Road, Tarboro, NC	US
S1-673232725	Real Provider Pvt Ltd	Talapula, Andhra Pradesh, Anantapur, 12-73-A T Reddyvari Palli Talapila Anatapur	India
S1-261145264	Drayos Strategies	21 New River Court, Angier, NC	US
S1-822855805	India Janak Spaces Private Limited	Flat No 103 Bldg No 33Mahada Complex, Malwani Malad (W), Mumbai, Maharashtra	India
S1-680470516	Gaba Roshni Public Limited	Karnataka, Bangalore, Changhatta, Dno-62 2Nd Mn 4Th Cross Annapurneshwari Layout Kothnur Road Chun	India
S1-644439477	Oncology Green Associates, LLC	Lindon, 715 400, UT	US
S1-862861530	I 7 I Starlink L.L.C.	2009 31st Avenue, Birmingham, AL	US
S1-366310100	Oona Decker Keystone Developments	923 Tanyard Road, Webbtown, TN	US
S1-985774903	Meadows, Lopez and Sluss LLC	1633 Harrisburg Lane, Suisun City, CA	US
S1-269759643	Richardson Animal Hospital, LLC	201 Grissom Way, Oxnard, CA	US
S1-607052935	QRV Aluminum Inc	5699 Ware Point Road, Gloucester County, VA	US
S1-767467611	Impartial Consultancy	1Stflr, Sudhasadan, Nowroji Roadeast-Westnno55/21, Ono.61/21, Mcnicholsroad, Chetpet, Chennai, Tamil Nadu	India
S1-172125464	Pediatric Dental Physicians Corp	1312 Raintree Road, West Tawakoni, TX	US
S1-567916948	Shuler's Tavern	Hendersonville, TN, 1026 Anderson Road	US
S1-824458785	Prime One LLC	13545 203rd Court, Woodinville, WA	US
S1-109288726	Harris Opportunities Inc	400 Brookside Lane, Margaret, AL	US
S1-585977480	Harshal Polytechnic	West Bengal, 57 Weston St, Calcutta, Kolkata	India
S1-804786219	Royal Energy Private Limited	East Delhi, New Delhi, J-264 Sarita Vihar, Delhi	India
S1-655348267	West Precision Constellation LLC	6002 87th Avenue, Hyattsville, MD	US
S1-685365609	Tori Hester First Flex Inc	107 Sumner Boulevard, Unit A, Collinsville, IL	US
S1-526909052	Ajay Through Pvt Ltd	3/602, 1St Floor, Pananchery Village, Thrissur, Kerala	India
S1-270354908	LLG India Private Limited	Sf 181/2, B S Nagar, Mettupalayam, Coimbatore, Tamil Nadu	India
S1-69080693	King Dime Associates	Unit SUITE 201, Nottingham, 7939 Honeygo Boulevard, MD	US
S1-410169517	Riggins Greenfire, Inc	149 Moriah Avenue, Lewisburg, TN	US
S1-892776194	Liberty Solutions Co	Ksum Building, Government, Cyberpark Kozhikode Park Road Palazhi, Kozhikode, Kozhikode, Kerala	India
S1-339153880	Vanguard Learning Innovations	11476 Georgia Road, Eclectic, AL	US
S1-794112030	Fuels Hospital	Patel Chawl R N Heh-380 E 1 1 Jaihind Ngr Service Rd Ex Highway, Mumbai, Mumbai City, Maharashtra	India
S1-779163085	Platinum Smart Boutique LLC	1114 Twenty-ninth Street, Winston-salem, NC	US
S1-438824276	Future It Private Limited	Telangana, Flat No G04 Tirumala, K.V.Rangareddy, Residency, Gangasthan, Rangareddy	India
S1-946930451	Albert Midwest Premier	1502 Clinton Street, Ottawa, IL	US
S1-381107299	Great Shiva Logistics Private Limited	815 10Th Main Road, 3Rd Block Koramangala, Bangalore South, Bangalore, Karnataka	India
S1-213772569	Direct Era Inc	5307 Rambling Range, Austin, TX	US
S1-613792850	Glyphyn Crest Company	431 Cobblestone Way, Mt Juliet, TN	US
S1-848345709	Dental American Health Inc	Hot Springs National Park, 239 Ranchester Terrace, AR	US
S1-323013076	Williams & Martinson Tavia Inc	1200 Orchard Avenue, Muscatine, IA	US
S1-704372240	ULV Fund Private Limited	House No. 13/229-G, Okkal Panchayath, Okkal, Ernakulam, Kerala	India
S1-600872526	Lovoo Global LLC	4219 Sheridan Avenue, Minneapolis, MN	US
S1-666788670	Orbola Life	4183 Rockledge Street, Grove City, OH	US
S1-89273636	Zelaya Federal Associated LLC	9911 Dayton Pike, Soddy-daisy, TN	US
S1-588771974	Federal Investments LLC	143 Parkview Drive, Wintersville, OH	US
S1-713535696	Relief College	Uttar Pradesh, Gautam Buddha Nagar, Noida, Sector 74, Gh-01/A	India
S1-28378224	Lucky Pizza LLC	16695 Bristlecone Avenue, Chino, CA	US
S1-24398494	Cherise M. Dickens, MD, P.C. LLC	20906 Cianna Crescent Trail, Tomball, TX	US
S1-960794240	Matrix Realty Private Limited	25, Mangalya, New Rly Colony Hindi Nagar, Wardha, Maharashtra	India
S1-218138422	Bns Online Pvt Ltd	A-302, Ashwini Palace Kedari Nagar Survey No 65/1-5 Opp Raheja Garden, Wanawadi Pune, Pune, Maharashtra	India
S1-239396144	Summit Academy	1207 Lynn Lane, Humble, TX	US
S1-345835682	United Platinum Sumitomo	610 Decatur Street, Bowie, TX	US
S1-988639159	Williams & Salas Consultants, Inc	206 3rd Street, San Juan, TX	US
S1-728221615	Merci C. Miller, CPA	104 Gingergate Drive, Cary, NC	US
S1-961779514	Etter Resources LLC	48394 Roaring Rapids Way, Oakridge, OR	US
S1-729494242	Annapurna Traders Public Limited	C/O Sumeet Gupta, V Dal, Singh Wala Baja Road, Jaitu, Faridkot, Punjab	India
S1-792836450	Patriot Grand Comstock Inc	Somerville, MA, 11 Vinal Avenue	US
S1-803353895	Sebastian, Garcia & Luong Group	328 96 Street, New York, NY	US
S1-314458000	UV Highland Brewing Inc.	8786 Stemmons Freeway, Dallas, TX	US
S1-60271144	Kanpur Steel Pvt. Ltd.	Plot No 70, P.N.T. Block, Gadarianpurwa, Kanpur, Uttar Pradesh	India
S1-785844575	Twisted Book Store!	1025 Oak Avenue, Unit Unit A37, City Of Onalaska, WI	US
S1-957923058	Urgent Care Gulf Health Clinic	6820 Lamp Post Lane, Fairfax County, VA	US
S1-113947873	Sterling Supply Enterprises	8964 35th Circle, Tucson, AZ	US
S1-265409117	Pahwa Nursing Home Corp	4-9-63, Flat No.301, Privik Residency, Street No. 4, Hmt Nagar, Nacharam, Hyderabad, Telangana	India
S1-743621589	Diamond Business Corporation	46-30 Marathon Parkway, Little Neck, NY	US
S1-471588561	Dermatology Associates	ND, Richardton, 9110 42nd Street	US
S1-761215251	Bentley Resorts Private Limited	Door No 3, Tamil Nadu, Yadaval Nagar, Mogappair, Chennai	India
S1-269165987	Consultancy United Therapies Private Limited	Mumbai City, Shabir Niwas Blk No 1 Mahakali Rd, Near Shashikant Hotel, Andh, Eri (E), Mumbai, Maharashtra	India
S1-818481307	Karissa Barnhart Diagnostics LLC	5 Meade Court, Unit SUITE C, Fox Lake, IL	US
S1-51203100	Silk Tours Private Limited	No.7, O Block, Anna Nagar East, Perambur Purasawalkam, Perambur Purasawalkam, Chennai, Tamil Nadu	India
S1-570351455	I/K Block Inc	MA, Webster, 21 Maple Street	US
S1-189736308	Krishna Hospitality	204, 2Nd Floor Minerva Complex, Sarojini Devi Road, Secunderabad, Hyderabad, Telangana	India
S1-756893687	Chef Brothers Private Limited	C-22/10, Tnhb Colony, Bangalore Road, Hosur, Dharmapuri, Tamil Nadu	India
S1-33014668	Great Infra Private Limited	Gat No.80, A/P, Ekathpur, Saswad, Pune, Maharashtra	India
S1-117154890	Citizen Group of Companies	605- Kahan, B/S Girivar Pride, Ring Road, Odhav, Ahmedabad, Gujarat	India
S1-499598702	Konark Limted Private Limited	7, Grant Ln (Land Mark-Beside Lift, 1St Floor, R.No., 111), Kolkata, Kolkata, Howrah, West Bengal	India
S1-178688340	Orion Inc	1661 Rembrandt Drive, Dardenne Prairie, MO	US
S1-52751612	Twisted Massage!	4878 Dill Road, Bellville, OH	US
S1-642452340	Hruby, Rudick & Brennan Dbdr	13661 Hugh Fort Road, Grand Bay, AL	US
S1-540057546	Tiffy Williams Clear Egh	KY, 5406 Clearwater Farm Blvd, Louisville, Unit 101	US
S1-321728797	Evergreen India	Kanpur, Uttar Pradesh, C/O Ram Manohar Degree College Kalyanpur, Kanpur	India
S1-942477411	Johns, Wagner & Feliciano Inc	22 Dogwood Drive, Staten Island, NY	US
S1-53665388	Pevatech Inc	19113 Lavish Cove, Leander, TX	US
S1-333763120	Vision Infrastructure Private Limited	E Block, South Delhi, Delhi, E - 125 2Nd Floor, New Delhi	India
S1-692250792	Shelton Community Superior Association LLC	7 Longfellow Road, Shelton, CT	US
S1-476801035	Tdi Promoters Limited	A-21, Radhakrishna Society, Manjalpur, Vadodara, Vadodara, Gujarat	India
S1-44393503	Tirupati Products	House No -110, Sector -4 Mansa Devi Complex, Panchkula, Haryana	India
S1-107246032	22 6 Arcelormittal	5495 760, Unit 27, Orland, IN	US
S1-761252137	Kelsi's Law Group	2112 17, Grand Saline, TX	US
S1-47434022	Prairie Project	11254 Leachman Circle, Dallas, TX	US
S1-374962779	Cascade Cardiology	1010 Oyster Bay Drive, Sugar Land, TX	US
S1-668405326	New Systems Private Limited	House No. 709, Block-E Dsidc Industrial Area, Narela, New Delhi, Delhi	India
S1-118789350	Ramirez Horizon Nevada Associates	1300 Wilson Avenue, Unit Apartment 710, Saint Paul, MN	US
S1-646478501	Nikki W. Robinson, L.C.S.W., DDS PC	410 A Street, Unit REAR, Carlisle Borough, PA	US
S1-411394429	One Investments Limited	House No.Xiv/239Thenarikulangara House Ollukara Po, Malappuram, Thrissur, Kerala	India
S1-81955509	LBY Delta Nippon	5323 Meek Road, Centerville, IN	US
S1-487807535	Agro Pam Transfer Ltd	C/O. Gurudatt Developers, Shop 4Thf-1(4Thfloorshop1, Udhna, Surat, Gujarat	India
S1-848347623	QFB Buildcon Corp	259 / 2060, Motilal Nagar No.1, Road No. 6, Goregaon West, Goregaon West, Mumbai, Maharashtra	India
S1-122147146	Sanjay India Corporation	House No. 697, Shastrinag, Akbarpur, Ambedkarnagar, Akbarpur, Ambedkar Nagar, Uttar Pradesh	India
S1-389201495	Orthopedic Safe Group	104 Webster Street, Anamosa, IA	US
S1-804564464	Orthopedic Medicine	73369 Yucca Avenue, Twentynine Palms, CA	US
S1-103368558	Reba Kelly Wellness LLC	516 Windy Reed Road, TX, Hutto	US
S1-937132831	KW Charitable Private Limited	51/52 Sai Dwar Oberoi Complex, Opp. Laxmi Industrial Estate, Sab Tv Lane, Andheri, West, Mumbai, Mumbai City, Maharashtra	India
S1-341617792	Coastal Committee	1430 Shaker Hills Road, Gunter, TX	US
S1-527066888	Britteny Schreiber Frequency LLC	2545 Iron Point Road, Folsom, CA	US
S1-483659991	Ynez N. English, P.A., P.C.	18816 Kerill Road, Prince William County, VA	US
S1-467854972	Dgk Trading Private Limited	Sf/68, Earth Eon, Royal, Palm Residency, Sama, Vadodara, Gujarat	India
S1-151232377	Natural Brothers Private Limited	Office 3, Vikas Bhawan 26 Cawasji Patel Street, Fort, Mumbai, Mumbai City, Maharashtra	India
S1-530155768	Harlingen Pediatric Medicine	Harlingen, TX, 8625 Bellagio Circle	US
S1-401202103	Caldola Presidio LLC	118 Prairie Street, Batavia, IL	US
S1-228916395	Matarani Crescent Pvt. Ltd.	Lc A3 Pradhikaran Nigdi, Maharashtra, Shyam Lila App Fno02 Pl N, Pune, Pune City	India
S1-525198723	Baba Trading Private Limited	Plot No. 47, Maruti Nagar Thatti Annaram, Gsi Post, Hyderabad, Telangana	India
S1-667435135	Hyderabad Andtechnology Private Limited	401 & 402, Mytri Apartments Opp. Ecil Bus Stand, Ecil, Hyderabad, Telangana	India
S1-959085159	Pana Iris Pvt Ltd	C/Oshafique Ahmed N.Nagar, Darjeeling, West Bengal, Behind Piyara Singh Hotal, Siliguri, Darjiling	India
S1-553463519	Surya Infrastructure Private Limited	Sr 158/A Mal/29/00192, Shiv-Chaya Bld Kharlwadi, Pune, Maharashtra	India
S1-737340831	Lucila Whiting Signature Ligand LLC	1999 Nottingham Place, Allen, TX	US
S1-751462507	Ahmadabad City Engineering Private Limited	217/B, Sindhi Colony, Sardarnagar, Ahmadabad City, Ahmedabad, Gujarat	India
S1-58523646	Ana Solutions Private Limited	Grace Garden, Fathima Nagar (Via) Edamalaipattipudur, Tiruchirapalli, Tiruchirappalli, Tamil Nadu	India
S1-844448893	IK Infra Ltd	720/9 Prathmesh Chs Ltdsector-7 Charkop Kandivali (W), Mumbai, Maharashtra	India
S1-454210764	Alpha Investments Private Limited	No 396, 2Nd Cross, Rmv 2Nd Stage, 2Nd Block, Bangalore North, Bangalore, Karnataka	India
S1-172500726	Gurgaon Biofertilizer Private Limited	Lth3-Ph3, The Laburnum, Sushant Lok I Sector 28, Gurgaon, Gurgaon, Haryana	India
S1-537049609	Ott, Robinson and Vo LLC	5 Marion Road, Bedford, MA	US
S1-450758068	Vance Sui Inc.	1001 5th Avenue, Safford, AZ	US
S1-593687140	Ascent Traders	#0905, Villa Verde At Quarkcity, Phase-8-B Sector-74, Sahibzada Ajit Singh Nagar, Mohali, Punjab	India
S1-754906428	Scenic Hospital Pvt Ltd	C/O Arvind Manikrao Patil At. Jajnur Post. Lambota, Tq. Nilanga, Latur, Maharashtra	India
S1-775328592	Pioneer Trailblazer	Tigard, Unit #41, 7582 Hunziker Road, OR	US
S1-680868661	Wise Armour Inc.	4583 Ridge Road, Gorham, NY	US
S1-558101495	Espejo Beyond LLC	N9772 Highland Park Road, Town Of Calumet, WI	US
S1-691433144	JD Atlantic Wilco LLC	Canton, 1420 Colonial Boulevard, OH	US
S1-268730590	Services Orion Fuels Private Limited	Sector-15 Part -Ii, Gurugram, H. No. 1026, Gurgaon, Haryana	India
S1-528813635	Haight Banking PLLC	Bridgeport, CT, 1008 State Street	US
S1-899751180	Vasavi & Brothers Limited	Flat 1604, Bldg 5, Rosa, Oasis, Kavesar, G B Road, Thane, Maharashtra	India
S1-295310151	Indo Software Private Limited	No 292, 2Nd Floor, 11Th Block, 2Nd Stage, Nagarabhavi, Bangalore, Karnataka	India
S1-198655141	Winchester Rail Inc	302 Fern Court, Winchester, KY	US
S1-410404496	Complete Commercial Ventures Inc	316 Montevallo Court, Mobile, AL	US
S1-159664575	United Virtus Inc	397 Chapman Village Lane, Lafollette, TN	US
S1-970052924	Behavioral Health Heartland Specialists Inc	Haslet, TX, 2142 Sicily Lane	US
S1-516145548	Dream Exports Pvt Ltd	Bairathi Colony Bairathi Colony, Indore, Madhya Pradesh	India
S1-621283247	Nix Worldwide LLC	1309 Bobarn Drive, Lower Merion Township, PA	US
S1-954721617	Ultimate Trading Private Limited	H-30C, First Floor, Near Aruna Park, Shakarpur, East Delhi, Delhi	India
S1-384596708	Va Blr Private Limited	B-566, G.T.B Nagar, Allahabad, Uttar Pradesh	India
S1-843128279	S E & T Transportation LLC	1019 Albemarle Avenue, Waynesboro City, VA	US
S1-511620911	Black Exports	Shop No. 4, 5 Dev Appt. In Front Of Kohinoor Mangal Karyalay, Ahmednagar, Maharashtra	India
S1-74554030	Shree Holidays	A-1 / 101, Vajreshwari, Complex, Virar East, Vasai, Thane, Vasai, Thane, Maharashtra	India
S1-977711004	Royal Chemical International Inc	487 900, Lehi, UT	US
S1-859052186	Olander Allstate Corp	100 Atkinson Street, Unit 12E, Asheville, NC	US
S1-195464590	Stark Solutions Clinic	14, Main Road, Komakkambedu, Thiruvallur, Tamil Nadu	India
S1-585147634	Bridgette T. Rios, CPA, PC	4723 Santa Fe Court, Stillwater, OK	US
S1-25998488	Good Software Limited	Villa-C, No.54, Anna Enclave, Kancheepuram, Kanchipuram, Tamil Nadu	India
S1-425890229	Golden Sun Management Private Limited	2 Circus Market Place 2Nd Floor, Kolkata, Calcutta, West Bengal	India
S1-689670308	Khalifa Foundation	9/12 Lal Bazar Street3Rd Floor B Block, Kolkata, Calcutta, West Bengal	India
S1-313670346	Metro & Co	Arihant Vtn Square, Ii Floor 58, G N Chetty Road, T Nagar Chennai, Tamil Nadu	India
S1-377587611	Zera Institute Private Limited	47 Nirupama Niwas, Soubhagya Nagar, Khordha, Orissa	India
S1-675953087	Dermatology Vanguard Partners LLC	2478 Mccorkle Road, Lincolnton, NC	US
S1-732199372	Valliere, Shaffer & Raposa	2996 Century Lane, Avon, OH	US
S1-96225185	Thompson Reliable Santander LLC	N6848 Mistwood Drive, Town Of Rock Falls, WI	US
S1-761437804	Avee (India) India Ltd	4, Clive Row, Mukti Chamber Suite No.212 & 214, Kolkata, Howrah, West Bengal	India
S1-770911942	Lyrara Value LLC	S Irv-wagersville, KY, 2281 Wagersville Road	US
S1-355246517	Advanced Mobility Networks L.L.C.	5345 Latrobe Avenue, Chicago, IL	US
S1-343463802	Atharva Institute Pvt. Ltd.	C/O Manoj Kumar Arora Aai, Tee Aai Ke Pichhe Gadwada, Jhabua, Madhya Pradesh	India
S1-243614861	Smart Technologies Private Limited	H.No-204 F/F Old No-27 Kh.No-821/464, Gali No.4 Durgapuri Extn, Near Gurudwara, Delhi, East Delhi, Delhi	India
S1-83783613	Good Constructions Private Limited	689/6/2Jai Vardhaman Soc Bibwewadi, Pune, Maharashtra	India
S1-658827208	X & C Tidewater Inc	7051 Emile Zola Avenue, Peoria, AZ	US
S1-745303678	Granite Inc	564 230th Avenue, Buckeye, AZ	US
S1-578175681	Hernandez Global One	182 Old Bridge Road, Newport News City, VA	US
S1-836343331	Albino Dudh Pvt Ltd	Uttar Pradesh, Ghaziabad, 277 Indraprastha Colony, Loni Gzb Loni	India
S1-214964636	Pediatric Dentistry Partners of Enfield	21 Betty Road, Enfield, CT	US
S1-913231851	Chandresh Beauty Private Limited	C/O Sumita Devi, Hospital Road, Kishanganj, Bihar	India
S1-405976499	Conner, Mao & Cochran Inc.	443 Fm 911, Avery, TX	US
S1-914340252	Robinson, Mowdy and Perez Inc	1047 Grandview Avenue, Lockport, IL	US
S1-825784814	Orthopedic Frontier Medicine Inc	Washington, DC, 838 Oglethorpe Street	US
S1-114485813	Haripriya & Co	16/486 D, Sreevalsam Building, Parammal, Ernad, Malappuram, Malapuram, Kerala	India
S1-508749428	Sheahan's Classic Barbershop, LLC	6590 Levee Road, Jeffersonville, KY	US
S1-329390184	Interstate Clean Citigroup of Painesville City L.L.C.	609 Walnut Avenue, Painesville City, OH	US
S1-518704693	Ability Co(india) Private Limited	A-101 Dosti Nepturnesheikh Misry Road Antop Hill Wadala East, Mumbai, Mumbai City, Maharashtra	India
S1-58343556	Us & Brothers Pvt Ltd	D-60, Extension B.T. Market, Bhilwara, Rajasthan	India
S1-690771962	Internal Medicine Physicians, LLC	14 Twp Rd 1025, South Point, OH	US
S1-222681632	Lucky Book Store	4925 Utah Dr, Ames, IA	US
S1-336949785	Womens Health Care	100 Komo Lane, Unit UNIT B, Lampe, MO	US
S1-312287309	Graham Realty Inc.	2701 Kowis Street, Houston, TX	US
S1-327289172	Vilma Simon, D.O.	607 High Street, Dresden, OH	US
S1-310870292	Fast Tissue (India) Private Limited	Bangalore, Room No. 1 And 2, First Floor No.163, Sheshadripuram, Nagesh Building, Banglore, Karnataka	India
S1-946790143	Ankita Automation	1St Floor, Mhatre Niwas, P.S Marg Datta Mandir Road, Dhanukar, Kandiwali W, Est, Mumbai, Mumbai City, Maharashtra	India
S1-725515985	American Committee	3064 Stanton Road, Unit 204, Washington, DC	US
S1-699024031	Fortune Tech Private Limited	Uttar Pradesh, Varanasi, 4Th Floor Kamalkunj, Chandpur Industrial Estate, Near Bank Of Baroda, 413- Churamanpur, Varanasi	India
S1-608654809	Legacy Creative Exchange	521 Green Boulevard, Unit 2, Aurora, IN	US
S1-746983781	Superior Cascade Laboratories	1694 727, Jefferson, TX	US
S1-927601792	Avani India Limited	R. No -6, S.No -740/1/2 Gat No 741, Taluka Haveli, Wagholi, Pune, Maharashtra	India
S1-156872170	Eazy Projects Ltd	Pno 162A, H No 162/A, Raghavendra Colony, Serilingampally, Hyderabad, Telangana	India
S1-276094177	Niex Source, Inc	1425 Cardinal Lane, KY, Owenton	US
S1-788702450	Highland Fund	2415 76th Court, Elmwood Park, IL	US
S1-367370972	Pediatric Dentistry Fresh Associates	75 Powerhouse Road, Genesee, NY	US
S1-863555098	O+ Wells LLC	280 Ridge Brook Drive, Felton, DE	US
S1-340656279	Lopez Sachem LLC	Oyster Bay, NY, 38 Ivy Drive	US
S1-371364589	Kirk and Hoffmann, LLC	5275 Stazenski Road, Prescott, AZ	US
S1-762703301	Rst Print Private Limited	No B11, Subham Flats, Old No 4, New No 7, Patel Street, West Mambalam, Chennai, Tamil Nadu	India
S1-169202112	Sks (India) Infra Private Limited	93/6, Poonamalle Road, Ekkaduthangal, Chennai, Tamil Nadu	India
S1-134809406	Twisted Deli Center	221 Countryside Drive, Williamson County, TN	US
S1-717013176	Audie Swanson, Esq.	3026 Mistie Lane, Ozark, AR	US
S1-555390467	My Foundation Limited	Delhi, G/F F/P Ring Road Lajpat Nagar Iii, Delhi, South Delhi, 53B	India
S1-256261194	Deep (India) Trade Partners	32, Vvip Assets Raj Nagar Extension Village Noor Nagar, Ghaziabad, Uttar Pradesh	India
S1-503758045	Larsen Intelligent	31 Lillian Road, Malden, MA	US
S1-129117961	Rivas Hyperliquid LLC	175 N Street, Unit 4B, Salt Lake City, UT	US
S1-557652176	Asquare Industries Private Limited	C/O Late Jagnarayan Singh Ashirwad Engicon ( Pvt) Ltd, R.K Puram, Danapur, Patna, Bihar	India
S1-762636390	New Agro Private Limited	From Flat No. 201, Fortune Nest, Door No. 3981/22 S.S. Layout, A Block, Davanagere, Karnataka	India
S1-879753945	High Constructions Private Limited	Nr Towers No 14 1St Floor Stage 2 Btm Layout, Bangalore, Karnataka	India
S1-648512334	Jewel India Private Limited	New No.11, Old No.6, Ammani Ammal Street Mandavelli, Chennai, Tamil Nadu	India
S1-850344186	Electricians Union Local No 602	KY, Baxter, 717 Little Shepherd Trail	US
S1-998640820	Emmi Mcmahon Ultra	AL, 369 Pershing Street, Prichard	US
S1-661485571	Spurt Engineering (India)	Cts.No 14/2, Plot No 6, 20-30, Kataraki Road, Kalamma Temple Cross, Near Sai Temple, Mudhol, Bagalkot, Karnataka	India
S1-776209325	Pediatric Physicians LLC	8105 Ainsworth Drive, Knoxville, TN	US
S1-547749706	Pasari Infra Private Limited	101, Green Castle Apts, 40 St Johns Road, Ulsoor, Bangalore North, Bangalore, Karnataka	India
S1-310842393	Christ Emanuel	17088 182nd Avenue, Goodyear, AZ	US
S1-482496963	Jog Export Private Limited	15/70 A-1, Civil Lines, Bara Chauraha, Kanpur Nagar, Uttar Pradesh	India
S1-901544856	Dream Management Private Limited	38-A/1 1St Floor Johri Farm Noor Nagar Ext. Nizamia Appartment Jamia Nagar, Okhla New Delhi, South Delhi, Delhi	India
S1-201401730	My Estate Private Limited	Office No. 3G, 3Rd Floor, Vantage Plaza Door No. 1, Lb Road, Mg Road, Thiruvanmi, Yur, Chennai, Tamil Nadu	India
S1-374702801	Urgent Care Partners	1429 Pitkin Avenue, Brooklyn, NY	US
S1-291282029	Erena W. Preiss, L.C.S.W., M.D., P.C.	2877 Einstein Drive, Virginia Beach City, VA	US
S1-823328928	Santiago Family Office Corp	1311 407 Jefferson Street, Plymouth, IN	US
S1-786774077	Hail and Stanley Exploration LLC	1109 Dogwood Park, Concord, NC	US
S1-574428764	Davis Rush LLC	735 Park Street, Middleport, OH	US
S1-439645602	Family Care Associates, LLC	45 Cottonwood Lane, Canyon, TX	US
S1-332861765	Bijnor India Private Limited	Dhanaurabye Pass Road Chandpur, Uttar Pradesh, Bijnor, Bijnore, Uttar Pradesh	India
S1-721301793	Lawson Harbor Calamos LLC	360 Eclipse Street, Ranson, WV	US
S1-627264200	All Solutions Private Limited	12 Vasundhara Enclave, Phase 1 Indra Nagar, Lucknow, Uttar Pradesh	India
S1-287624814	Silver Investment Private Limited	602/B, Polaris, Off Marol Maroshi Road, Near Manglya Complex, Andheri (E), Mumbai, Mumbai City, Maharashtra	India
S1-953955429	Shaver Heartland Nippon Inc.	242 Haviland Park, Greece, NY	US
S1-947153896	Gulf Heartland Urban Inc	4900 Winnett Road, Burleson, TX	US
S1-316297976	Lookline Flat Care	A6, Nr. Mothers, International Dholabhata, Ajmer, Rajasthan	India
S1-205794077	Lytle Capital Partners LLC	4848 Massachusetts Street, Gary, IN	US
S1-252363531	Holden Unified Debt	3016 92nd Street, Chicago, IL	US
S1-193044836	Horizon Management LLC	188 State Street, Gorham, ME	US
S1-799338482	Gulf Family Practice LLC	Garfield Heights, OH, 6074 Turney Road	US
S1-356858258	Shivam Lotus Foods Private Limited	A106 Maruti Prakruti Dham, Manjarli Ambernath, Ambarnath, Thane, Maharashtra	India
S1-248117391	Glenda Leyva Flex LLC	339 Lookout Drive, Village Of Pewaukee, WI	US
S1-339307591	East Engineering Private Limited	H. N. C85 Up/F Fort Side Blk-C Vishwas Park Uttam Nagar, Delhi, West Delhi, Delhi	India
S1-691010986	Evelyn's Royal Towing	106 Van Buren Street, Newton, IL	US
S1-654819917	Internal Medicine Preferred Group	609 Hobbs Street, Athens, AL	US
S1-335292477	Vintage Sports Private Limited	2, Madhav, 119, J P Road, Andheri (West), Mumbai, Mumbai City, Maharashtra	India
S1-802133856	Sree Constructions Pvt Ltd	Shop No. G-4, Ground Floor, Shivakrupa Complex, Neeligin Road, Hubli, Dharwad, Dharwar, Karnataka	India
S1-249140304	Balaji Investment Private Limited	75, Gopal Pura Maxi Road, Ujjain, Madhya Pradesh	India
S1-951946273	Ace Finance Private Limited	No.2/240, Middle Street Oduvankuppam Village, Melvalai Post, Kandachipuramtaluk, Villupuram, Tamil Nadu	India
S1-86049995	Boger & Lawrence Algonquin Inc	2100 Whitehall Street, Unit Apartment 63, Watervliet, NY	US
S1-60091740	Rcl (India) Technologies Private Limited	R/2/4, Soudamini Complex, S No 101/1B/9A, Bhusari Col, Pune City, Pune, Maharashtra	India
S1-575493781	Unified Apparel Collective	2338 Waverly Hill Drive, Greenville, NC	US
S1-388407252	Martinez, Gilchrist & Allen	4181 Moser Lane, Bldg 3, Perrysburg, OH	US
S1-698602418	Helios	Kyle, TX, 299 Paddle Wheel Path	US
S1-240684827	Congregation Chapel	2926 Chennault Street, Austin, TX	US
S1-937734942	Apex Montreal LLC	1814 Dalehaven Drive, Evansville, IN	US
S1-525541149	Pierce and Dvorak Alussa LLC	1826 Clover Lane, Lebanon, IN	US
S1-316783750	Womens Health Physicians	4003 Neewana Beach Road, Alexandria, MN	US
S1-902039302	Cozy Book Store!	5115 620th St SE, Lone Tree, IA	US
S1-882329370	Bertrand Partnership Ltd	2264 Plata Avenue, Mesa, AZ	US
S1-396629862	Community Rocky Center	13805 15th Street, Afton, MN	US
S1-821930412	Watson & Geno	8920 Westmoreland Lane, Saint Louis Park, MN	US
S1-530111213	Srivastava Hospital Associates	No: 50, Poonathamalli Highway Road, Balaji Complex, 1St Floor, Manavala Nagar, Thiruvallur, Tamil Nadu	India
S1-640530629	Vana Armour LLC	915 19th Street, Cedar Falls, IA	US
S1-720067311	My Infotech Private Limited	Flat C-501, Rainbow Palm, Nr. Bharat College, Chand Nagar, Kausa, Mumbra, Thane, Maharashtra	India
S1-85358532	Heritage Design Alliance Corp	11 Sweetclover Circle, Bellingham, WA	US
S1-17918278	Tirupati Marketing Pvt Ltd	Prakash Bhuvanb S Marg Dadar West, Mumbai, Maharashtra	India
S1-378263316	Harsh Smart Ltd	Vasanthanarasapura Industrial Area 1St Phase Plot No 142 And 143 Nagenahalli Village, Kora Hobli, Karnataka, Tumkur	India
S1-89117389	Shivam Care Limited	103 A, Ii Floor, Navins Presedium, A Block, Nelson Manickam Road, Aminjikarai, Egmore Nungambakkam, Chennai, Tamil Nadu	India
S1-553901716	Best Traders LLP	B-201, Rockcastle Apts, Mithagar Road Kandarpada, Off New Link Road, Dahisar W, Mumbai, Mumbai City, Maharashtra	India
S1-467632608	Village Of	134 Laurel Lake Drive, Marion, AR	US
S1-847603207	Martin's Heartland Appliance	4 Garfield Avenue, Adams, MA	US
S1-576905166	Bright Education Holdings	37 Crossway, Bethlehem, NY	US
S1-192893644	Rkb Developers Private Limited	Plot No.3992, Pandara, Rout Market Complex, Bhubaneswar, Khordha, Orissa	India
S1-213901493	Womens Health Partners LLC	Kila, 247 Highland Meadow Road, MT	US
S1-822492050	One Impex	Dlf Qe, H No 25, Haryana, Gurgaon, Road No B 9, Dlf City, Phase 1	India
S1-513574991	Spearhead Multipurpose Pvt Ltd	Shop No.6, 1St Floor, No. 46, Swathi, 3Rd Main Chandra Layout Main Rd, Attiguppe, Chang, Ra Layout, Bangalore, Karnataka	India
S1-343970997	Blankenship & Mccutcheon Inc	4400 1606, Snyder, TX	US
S1-487608886	Main Street Yoga	227 Oxford Street, Hartford, CT	US
S1-493766844	Imr Trading Private Limited	Hno-433-L-15, G/F, Kh No-686, Mahipalpur Ext, New Delhi, South West Delhi, Delhi	India
S1-10823680	Black Enterprises Private Limited	31, Shri Nanand Apart, B/H Ayodhya Park Mahadev Nagar, Vastral, Ahmedabad, Gujarat	India
S1-831760765	North Exports	Plot No.4506 Vill- Sakardih, Tola- Parbalpur Panch- Shankardih, Parbalpur, Nalanda, Bihar	India
S1-520666254	Advanced Automation Systems LLC	1027 Lockbourne Road, Columbus, OH	US
S1-771813018	Bambi Thomas Atlanta Inc	351 Cullen Boulevard, Buda, TX	US
S1-781562409	Cardiology Clinic LLC	6263 Jacinto Avenue, Unit 119, Sacramento, CA	US
S1-240083260	Watts Anchor Estate Inc.	205 Airport Ridge Drive, Henry County, VA	US
S1-774475770	Meridian LP	1614 Orange Chapel Clover Garden Road, Chapel Hill, NC	US
S1-707030299	Brenner and Scott LLC	2041 125th Avenue, Unit Apartment 211, Watford City, ND	US
S1-789047127	Valley League	83 Cedar Street, Framingham, MA	US
S1-268847058	Monterroso Rush	4023 Mount Vernon Road, Fl 0, Wichita, KS	US
S1-143397137	Riley Land, LLC	3904 6631, AL, Banks	US
S1-883946804	Molina Alussa	4207 4th Avenue, San Bernardino, CA	US
S1-134638877	Lilac Solutions Limited	Panch Mahals, Godhara, Water Work Faliyu Village-Kankanpur Taluka-Godhra Dis. Panchmahal, Gujarat	India
S1-778108499	Sianna's Classic Design	15912 Canoe Pointe Loop, Chesterfield County, VA	US
S1-29406126	Interstate Genomic Technologies Inc.	14 Chestnut Place, Unit 2, Ludlow, MA	US
S1-119267333	Howarth Evolution Inc	44365 Premier Plaza, Loudoun County, VA	US
S1-636632140	Bhudev Softwares Pvt Ltd	Unit No. 2, 2Nd Floor, Gift Tower One Building, Gandhi Nagar, Gujarat	India
S1-130678810	Sai Logistics	A No 1260 Baraipur, Varanasi, Uttar Pradesh	India
S1-553129870	Zinet Group	337 Maple Avenue, Unit # 33, Oak Park, IL	US
S1-218859026	Global Infotech LLP	379/B, Sasane Lane, 1St Floor Sadhan Sadan Building Near Pmc School, Hadapsar, Pune, Maharashtra	India
S1-987336764	Cesya L. Alexander, Esq., DDS PC	8012 Oso Escondido Drive, Albuquerque, NM	US
S1-698469952	Dental Associates	NC, 224 Firefly Hill Drive, Marshall	US
S1-794379014	Syndion Equity Partners LLC	TX, 2301 Ross Avenue, Fort Worth	US
S1-703690520	Bullock, Stace D., D.O.	Paragould, AR, 710 Greene 617 Road	US
S1-890704027	Vivekananda Cultivators Private Limited	Delhi, Shop No-2 Ist Floorj D Market Pitampura, Delhi	India
S1-508987379	Superior Mortgage Services LLC	104 Westchester Road, Newton, MA	US
S1-280659846	Golden Electronics Services	324 -102 Kellam Road, Virginia Beach City, VA	US
S1-720483189	Craig Madison LLC	124 New Broadway, Unit Apartment 101, Rensselaer, NY	US
S1-582357451	Vintage Trade Private Limited	F. No 402, Shaikpet, Telangana, Hyderabad, P. No 21, Huda, Techno Enclave, Sector Iii	India
S1-688653242	Mangalam College	3 Vista Chs Boa I C Colony Road Borivali (W), Mumbai, Maharashtra, Mumbai City	India
S1-191699190	Doughty, Bautista & Melnick Bulkers Inc	Indianapolis, IN, 4622 Vernon Avenue	US
S1-511224041	Enkay Decor Ltd	8E Decres Lane3Rd Floor Baidyanath Bhawan, Kolkata, Calcutta, West Bengal	India
S1-851270956	Black Logistics Private Limited	D-199, First Floor, Vivek Vihar, Phase-I, Delhi, New Delhi, Delhi	India
S1-929625233	Sree Solutions Private Limited	Village Gordhanpura, Tehsil Baran, Baran, Rajasthan	India
S1-549476404	Life International Private Limited	R G/8/5 Sarkar Bagan Raghunathpur, Floor, Kol-59 (R15), North 24 Pgs, North 24 Parganas, West Bengal	India
S1-499684797	Jacqueline Brancato Crystal Live, LLC	914 Beverly Drive, Camillus, NY	US
S1-23832020	Dancy & Carmichael	2717 Hedrick Drive, Tucson, AZ	US
S1-840841648	Rebello Solid	Fl 1, 35450 85th Street, AZ, Scottsdale	US
S1-39548589	Shubha Constructions Pvt Ltd	Govind Sharan Agrawal Main Market, Farah, Mathura, Uttar Pradesh	India
S1-635192907	Quality Altenergy Group	5100 S 3rd St, Unit 2, Louisville, KY	US
S1-898511498	Family Program	1714 Waxwing Lane, Village Of Holmen, WI	US
S1-419364566	Perfect Investment LLP	Osmanabad, Plot No 17, Old Upala Road, Dharashiv, Survey No 192, Maharashtra, Osmanabad	India
S1-663474106	Avance Hospital Pvt. Ltd.	H.No.1-1-310/65, Plot No.65, Aditya Nagar, Kapra, Hyderabad, Telangana	India
S1-404194169	Bright Foods Pvt Ltd	2202, Dhaval Giri, August Kranti Marg, Nana Chowk, Mumbai, Maharashtra	India
S1-717104761	Cascade Better LLC	4839 Rockwood Drive, Houston, TX	US
S1-613719717	Sadyne LLC	901 Kingshighway, AR, Paragould	US
S1-573663041	Celaya Muniyield	Lebanon, TN, 206 Hunters Creek Boulevard	US
S1-112512763	Innovative Security Solutions PC	Monroe Township, PA, 388 Old Stone House Road	US
S1-258432866	Shah Burtech	829 Henry Mccall Road, Pg, NC	US
S1-267531941	Dicamillo Piedmont Lake	222 Flanders Drive, Saint Johnsbury, VT	US
S1-870900205	Summit Owl LLC	200 Mountain Lane Terrace, Bedford County, VA	US
S1-142629168	Wellbeing & Brothers Private Limited	No 52 North Cross Road, Parvathipuram, Vadalur, Cuddalore, Tamil Nadu	India
S1-958348798	Rebeka Zhang Software LLC	21229 Nutwood Road, Brighton, IL	US
S1-937973026	Kim Aeon LLC	1809 Saint Street, Albuquerque, NM	US
S1-151865172	Upper Preparatory Academy LLC	115 Monroe Street, Massapequa Park, NY	US
S1-920645000	Ticlaris Inc.	10403 Talman Avenue, Chicago, IL	US
S1-407171355	Letitia's Associates	17726 Drummer Lane, Chesterfield, MO	US
S1-278875734	Environmental Charities LLC	108 Bell Street, Unit 5, Tabor City, NC	US
S1-830244187	Sai Consultancy Limited	Nirlon House Dr A B Rdworli, Mumbai, Maharashtra	India
S1-307845683	Nexex Pattana LLC	1320 65th Street, Mesa, AZ	US
S1-952535390	Brewer Alliance LLC	4341 Leeds Hall Drive, Olney, MD	US
S1-175378758	Hotel Projects (India) Center	H. No.- 924, Gali No-03, Bhoor Colony, Faridabad, Haryana	India
S1-531866426	NV Superior Silver	416 Main Street, Unit B, Piru, CA	US
S1-584712736	Ferrelle Usa	12771 Kenosha Drive, Town Of Liberty Grove, WI	US
S1-445816333	Spot & Co Care	67/9 D-3 Blockchinchwad, Pune, Maharashtra	India
S1-458046480	Scope Trading Limited	C-56, Vrindavan Marg Shyam Nagar, Sodala, Jaipur, Rajasthan	India
S1-91504252	Crystal Flagstar	6017 Quebec Avenue, MN, New Hope	US
S1-687773428	Sewa Engineers Limited	C 4C/259 Pocket 14Janakpuri, New Delhi, West Delhi, Delhi	India
S1-877376773	Tabbitha Johnson Express Columbia, Corp	125 Davis Loop, Fl 2nd Floor, Oxford, AL	US
S1-442323949	Miller Wilco	2451 Winding Way, Lincoln, NE	US
S1-670051256	Nathani & Co	2Nd Floor, East Wing, Rmz, Millenia Business, Saidapet, Kanchipuram, Tamil Nadu	India
S1-449408340	Vinnie Bissell Agnc PC	1630 Avenida Encuentro, Fl 0, Eagle Pass, TX	US
S1-477572042	Pevue Green Chile	3324 6th Avenue, Billings, MT	US
S1-577103710	Brightium Bankshares	270 Branch Drive, Pittsboro, NC	US
S1-399679407	Universal Ventures Pvt Ltd	Delhi, H-1, New Delhi, Bali Nagar	India
S1-250829900	Vierra and Yahn Empire P.C.	343 Maple Street, Casa, AR	US
S1-714093910	Hitech Global Private Limited	Cumbum, Andhra Pradesh, Prakasam, Markapuram Road, D.No. 7-95 B2	India
S1-738409347	Maze United Fisheries	815 D4 Picard Avenue, Belen, NM	US
S1-318197738	Mcfarland Integrated Managed Inc	117 Hadlock Bay Road, Port Hadlock, WA	US
S1-960615742	Family Foundation	181 El Monte Street, Umatilla, OR	US
S1-796937728	Sree Consultancy Private Limited	403 Reggus Business Centre, Surat, Gujarat, Near Anupam Bunglows, Surat	India
S1-899706278	Guru (india) Private Limited	Arazi No. 254, 255, Plot No. 5, 6 Panki Road, Bairi Gaon, Kanpur Nagar, Uttar Pradesh	India
S1-793526462	Elwell Institute of Technology	4300 Westgrove Drive, Unit HNGR 2, Addi, TX	US
S1-929490138	Alpha Foundation	C/O Shoaib, Bihar, Hyder Ali, Vill- Bangari, Ps- Garkha, Saran, Chapra	India
S1-963783351	Marcela Holmes Farms LLC	1221 Grove Avenue, Barrington, IL	US
S1-856055997	FS Medicines Inc	1015 Birdie Street, Gunter, TX	US
S1-749404883	Rosalia's Green Spa	1412 W 15th St, Davenport, IA	US
S1-348872262	Duran and Santiago LLC	201 Pond River Road, Elkton, KY	US
S1-70637754	Direct Metro Rmg LLC	11650 Perry Road, Waterville, OH	US
S1-996757797	Gates Morrison Fisheries	MA, Boston, 10 Alleghany Street	US
S1-867342605	Patriot Federation Inc	2088 Maple Leaf Drive, Kokomo, IN	US
S1-588116362	Cultural Center	108 Gary Avenue, Unit APT 1, Ponca City, OK	US
S1-146398249	Modern Wellness Systems LLC	15 Maple Avenue, Unit 303, Brunswick, MD	US
S1-933598970	Mahaveer Polytechnic	Rajaprasadamu, Level-6, Wing-Ii Sy.No.186/P & 187/P, Plot No.6/A & 6/B, Kondapur, Hyderabad, Telangana	India
S1-540335899	Chakra Vidyalaya Private Limited	4590, Near Maruti Temple, Ganeshwadi, Nashik, Maharashtra	India
S1-865712633	Sanders & Russo	IN, Charlestown, 8810 Tunnel Mill Road	US
S1-497390494	Data Payroll International	14128 Badger Road, Kimball, MN	US
S1-108126041	Patriot Transalta LLC	2419 3rd Avenue, Scottsbluff, NE	US
S1-485808123	Aps Links (India) Public Limited	7, Floor Ground, 731/2, Air Condition Market Bldg. Pandit Madan Mohan Malviya Marg, Tardeo, Mumbai, Mumbai City, Maharashtra	India
S1-103139047	Squires Enterprises Clinic	NC, 10704 Wilmore Drive, Raleigh	US
S1-67012852	Caldora Oyj	NY, 722 Turkey Hill Road, Milan	US
S1-441237210	Krone Certified Redwood, LLC	477 La Estela Lane, San Tan Valley, AZ	US
S1-889422433	Developers Abhinandan Services Private Limited	56E, Hemant Basu Sarani, Kolkata, Howrah, West Bengal	India
S1-253117448	Snp House Limited	S.No.77/48/A/2, B-1 Building, Ravi Park Wanawadi, Pune, Maharashtra	India
S1-895641232	Modern Infotech Pvt Ltd	12 Dimple Arcade Basement, Asha Nagar, Off. W. E. Highway, Thakur Complex, Kand, Ivali East, Mumbai, Mumbai City, Maharashtra	India
S1-218825920	Georgina's Diamond Services	407 Golden Plum Lane, Zebulon, NC	US
S1-836983668	Brigida Rogers Alpex	Chatham, NY, 21 Sesame Street	US
S1-747227006	Foot & Ankle Specialists	904 Covington Avenue, Piqua, OH	US
S1-390381656	Cnm Consultants	C/O Sri Suryadev Kumar, Khata 61, Kheshra- 459, St Joseph School, Uraha East, Sampatchak, Patna, Bihar	India
S1-83278602	Felder Empire James Group	3243 Lee Avenue, Lincoln City, OR	US
S1-595701652	Bison LLC	105 Lowell Road, Unit 105, North Reading, MA	US
S1-930306127	Slate Five LLC	9011 Cr 1186, Taft, TX	US
S1-245636749	Pkr Sales Pvt. Ltd.	D-1, Floor-Grd, Plot-1176, B Wing, Miranda Apartments, Swatantrya Veer Savarkar Marg, Nr Kirti, College, Dadar West, Mumbai City, Maharashtra	India
S1-485652477	Shaffer, Dutcher and Billman Xii	8809 Cold Spring Road, Potomac, MD	US
S1-914123073	Patrick Jaws Inc	3 Parker Hill Road, Haddam, CT	US
S1-680115739	Grass Consultant Limited	Plot No. 30, F-104 Aditya Arcade, Complex Centre, Preet Vihar, East Delhi, Delhi	India
S1-543330483	Supreme Nano Inc	377 Interstate 45, Fairfield, TX	US
S1-665967992	V C & K Drilling	307 Jefferson Drive, Brookhaven, NY	US
S1-483783871	Marylin Stegner Unified Transition Inc.	135 Vail Drive, Frankfort, IL	US
S1-963120061	Warren Fitness	15 Powell Drive, Unit APT 14, Parkersburg, WV	US
S1-799659819	Anchor Square Inc	4162 Tomahawk Trace, Akron, OH	US
S1-885354995	Gujarat Constructions Pvt Ltd	Godrej 101, Sector -79, Gurgaon, Haryana, A-201, Nsg Camp Manesar	India
S1-272788047	Loesch Ace Studios LLC	TX, Troup, 162 4625	US
S1-188804926	Historical Strategic Center	8318 Chapel Hill Road, Cary, NC	US
S1-498659182	Sibyl F. Campos, P.A.	5897 421, Bear Creek, NC	US
S1-427119187	United Hospitality Pvt Ltd	213 Fortune Business Hub, Nr. Satyamev Elysiym, Ahmedabad, Gujarat	India
S1-682809829	Heritage League, LLC	230 Hartshorn Road, Greenwich, NY	US
S1-756163326	Popal Medical Center	5533 Grimm Road, Newburgh, IN	US
S1-306668975	Abu Memorial Trust	Moh Kabeer Nagar Ward-2, Shahbad Road, Bilari, Moradabad, Uttar Pradesh	India
S1-373212072	Sn Consultants	Tc No. 13/1945-2, Kumarapuram-Kannamoola Road Medical College.P.O., Thiruvananthapuram, Trivandrum, Kerala	India
S1-902363865	Stack Service PLLC	8171 Gregory Drive, Saint Louis, MO	US
S1-994258638	Products Affy Welfare Private Limited	Plot No-2C/780/5, Cda, Sector-11, Market Nagar, Cuttack Sadar, Cuttack, Orissa	India
S1-676345756	Ear Nose & Throat Group	4737 Impression Lane, Prosper, TX	US
S1-114646531	Mumbai Engineers Private Limited	Flat No 3437, Building No 98, Sg Barve Marg, Neharu Nagar, Billai Masjid, Kurla(E), Mumbai, Mumbai City, Maharashtra	India
S1-616342080	Properties Sai Estate Pvt. Ltd.	S 273, Greater Kailash Part 2, New Delhi, South Delhi, Delhi	India
S1-772997598	Shiva Media Limited	House Near Pole Nov-385, Kh No. 34 Hans Kunj, Village Bagdola, New Delhi, South West Delhi, Delhi	India
S1-931812989	Gavra Charles Regions-Iowa City	IA, 2709 Wayne Ave, Iowa City	US
S1-952836136	RR Priority	17 Tyler Road, Unit 1105, Berlin, MA	US
S1-441093166	Total Value Municipals, LLC	Bldg Residence, 110 Hickory Hills Avenue, KY, Marion	US
S1-289171298	Salome P. Lewis, D.C., DDS PC	85 Valley View Drive, Charlotte, VT	US
S1-16669291	Sarvah Law Chambers Private Limited	No. 2245/1, 1St Floor, 23Rd Cross Banashankari 2Nd Stage, Bangalore, Karnataka	India
S1-408267886	Evanne C. Rice, DO	1805 8 Street, Brooklyn, NY	US
S1-380363437	Technology Rp Enclave Private Limited	City Centre, 3Rd Floor Room No-303, 19 Synagogue Street, Kolkata, Howrah, West Bengal	India
S1-507427539	Weis Corporation	OH, Cincinnati, 2231 Hannaford Avenue	US
S1-301478895	Link Fms (India) Pvt Ltd	H No A-14/108-C, 4Th Floor, Dda Flats, Inder Lok, Delhi, North West Delhi, Delhi	India
S1-209145917	Agnew, Smith and Chevalier Aluminum LLC	2602 Westridge Avenue, Unit #D204, Tacoma, WA	US
S1-55731659	Ear Nose & Throat Health Inc	630 Virginia Street, Port Lavaca, TX	US
S1-554363693	American Stanley Inc	1826 Ralston Avenue, Independence, MO	US
S1-855564214	Maple Hill Youth Direct Church	418 Meadowland Circle, NC, Maple Hill	US
S1-312999811	Silver Consultancy Private Limited	T-23, Horizonapartment, No.1030, 2Nd Floor, Th Road, Ambattur, Tiruvallur, Tamil Nadu	India
S1-171234153	Phoenix Youth Services	8225 Mcdowell Road, Unit 104, Phoenix, AZ	US
S1-708235373	Chiropractic Advanced Care Associates	1163 Rome Avenue, Republic, MO	US
S1-492206351	Sanjana Infotech LLP	4Th Flr, Grandeur Bldg, Veera Desai Road, Opp Gundecha Symphony, Andheri West, Mumbai, Mumbai City, Maharashtra	India
S1-524304580	Chennai City Corporation Coaching Private Limited	2Nd Floor, Chennai City Corporation, Tamil Nadu, Chennai, Altius, Olympia Technology Park 1, Sidco Industrial Estate, Guindy	India
S1-627735221	Blue Logistics Private Limited	H No.25/57, Chakkipat, Near Bizlighar Bus Stand, Agra, Uttar Pradesh	India
S1-501788015	Orthopedic Select Center Company	167 Bluegrass Circle, Crawley, WV	US
S1-560206546	Green Heaven LLP	Flat No.601, Sheetal Plaza, Gaondevi Road, Kulgaon, Badlapur East, Badlapur, Thane, Maharashtra	India
S1-768025445	Brooks & Bailey Value, LLC	6280 Gentry Woods Drive, Dayton, OH	US
S1-340624309	354 Union Drive Associates PC	1247 Summer Park Lane, TX, Katy	US
S1-656303388	Brouse, Mehta and Hue Table Partners	2010 Crockett Street, Amarillo, TX	US
S1-109111213	Peridari Next Inc	24670 Grange Hall Road, Philomath, OR	US
S1-148497145	Pediatric Dentistry Midwest Specialists LLC	5300 Parkview Drive, Unit #1099, Lake Oswego, OR	US
S1-932257186	Devonne Lopez, DPM, M.D., P.C.	910 23rd Street, Gresham, OR	US
S1-787287750	Graciano and Schumacher	491 Huntington Avenue, Unit 85, Boston, MA	US
S1-476286245	Pinnacle Rocky Tavia LLC	75 Columbia Street, Albany, NY	US
S1-545826295	Hall Interstate Toyo LLC	AZ, 5601 Mcdowell Road, Unit 2013, Phoenix	US
S1-900733494	Star Oils Private Limited	House No. 2, Pandit Place Sec-2 Tigaon Road, Ballabgarh, Faridabad, Haryana	India
S1-983829105	Kim, Gilchrist & Garrett Networks, PLLC	20 Old Country Road, Oxford, CT	US
S1-864768952	Rohtak Ratan LLP	5 / 3 Special, Krishna Nagar, Mathura, Uttar Pradesh	India
S1-425863422	Mendenhall, Venita A., DPM	3425 26th Street, Chicago, IL	US
S1-256074536	Cozy Tavern	1840 Crompond Road, Unit Apartment 3A5, Peekskill, NY	US
S1-80526934	Rk Products Limited	218, Parasa Khurd, Vill-Parsa Khurd Anchal-Sounabarsa, Dist-Sitamarhi, Sitamarhi, Bihar	India
S1-325692868	Alpinist Jyoti Center	10A Peninsula Centre, S S Rao Road Near Itc Maratha Sheraton. Parel, Mumbai, Mumbai City, Maharashtra	India
S1-682122086	Madhura Brothers Pvt Ltd	Arcade Wing B, 2Nd Floor, No 4 & 5 Pramukhswami Arcade Wing B, Malaviya Cho, Wk, Rajkot, Gujarat	India
S1-188980752	Scholarship Program	UT, Sunset, 837 200	US
S1-156055753	Behavioral Health Rocky Partners LLC	1497 Eight Mile Road, Cincinnati, OH	US
S1-687705494	XRQ Foods Limited	L 264, Poonga Nagar, Rajagopalapuram-Po, Pudukkottai, Chennai, Tamil Nadu	India
S1-607538262	Silver Precision Fidelity Inc	5441 Kansas Street, Houston, TX	US
S1-863564545	Johnson, Kitto & Walker	488 Williamston Drive, Winterville, NC	US
S1-241760805	Booker's Associates	300 5th Street, Unit 509, Charlotte, NC	US
S1-182617425	Columbus Historical Council	25 Haldy Avenue, Columbus, OH	US
S1-583323178	Raj (India) Synthetics Private Limited	Sr No 14, Jai Jawan Nagar, Patil Clinic, Pune City, Pune, Maharashtra	India
S1-383865829	Fresh Ice Cream, LLC	319 Woodchase Green Drive, Fuquay-varina, NC	US
S1-574858013	Hughes Bynordic Inc	14516 Avalon Avenue, Baton Rouge, LA	US
S1-431598437	High Developers Private Limited	Manas Anand Bldg No-1, F-402, Dongripada, G B Rd, Thane, Maharashtra	India
S1-739589833	Loucks, Olly, L.C.S.W., PC	204 Lilliana Court, New Bern, NC	US
S1-518063805	HPC Crane	5700 102nd Avenue, Brooklyn Park, MN	US
S1-694609288	South All Perfect	Ravenswood, 705 Orchard Drive, WV	US
S1-236843018	Engineering Kpg Consulting Partners	Ram Bhawan, Near Anand Cinema Swarajyapuri Road, Gaya, Bihar	India
S1-427599160	Anna Liang, P.A.	9328 Kings Falls Drive, Charlotte, NC	US
S1-396507258	WAE Manufacturing Private Limited	Yogeshwar Apartment, Sola Road, Ghatlodiya, 21/247, Ahmedabad, Gujarat	India
S1-577168084	Saex Keystone Peace	221 Mayfield Lane, Waynesboro City, VA	US
S1-638860741	Orthopedic Clinic LLC	1681 Eakin Road, Keslers Cross Lanes, WV	US
S1-923472377	Davidson's Continental Motors Inc	3188 Mcgehee Road, Montgomery, AL	US
S1-886586484	Patriot Association	W14394 Rhead Road, Town Of Hixton, WI	US
S1-171843690	Raj International Private Limited	Ep/V/278 G, Ambolivilla, Puthuval, Pathanapuram P.O., Thiruvananthapuram, Pathanamthitta, Kerala	India
S1-306588216	Fidelity Services Private Limited	951/1, A.B. Road, Mhow, Indore, Madhya Pradesh	India
S1-294704799	Miex	7640 Lewis Tyler Lane, Charles City County, VA	US
S1-804458051	Nawal & Co Corporation	159, Vaishali Pitampura, Delhi, North West, Delhi	India
S1-875018154	Digital Laxmi Power Limited	Maharashtra, Mumbai City, 54, Mirza Street, Zaveri Bazar, Kalbadevi, Mumbai	India
S1-144021300	Womens Health American Care Inc	5676 11350, Highland, UT	US
S1-723510622	Lian Guo Eye Care Inc.	4055 Treeline Ct NE, Cedar Rapids, IA	US
S1-976493247	Bird, Hallenbeck and Cabral Lionheart LLC	14597 Co Rd 15 C, Napoleon, OH	US
S1-162192746	Murrin, Munson and Madura Jpmorgan	108 Oakwood Drive, Clinton, TN	US
S1-388815402	Arising Mills Private Limited	D-585, 1St Floor, New Delhi, South Delhi, Delhi	India
S1-526947765	Ace International	Office A-34, Dattani Center, Above Sandip Hotel Opp. Railway Station, Kandivali (East), Mumbai, Mumbai City, Maharashtra	India
S1-537552661	Keify Certified Optics LLC	4655 Visscher Street, Tacoma, WA	US
S1-920672844	Recendez's Development Partners	VT, 6 Blake Street, Bellows Falls	US
S1-787501880	Flint Tribeca Inc	Fairfield Glade, 122 Lakeside Drive, TN	US
S1-652848337	Tomava Total Maritime LLC	298 Main Street, Uniontown City, PA	US
S1-281044560	Thornton, Othella, CPA Clinic	43913 Championship Place, Loudoun County, VA	US
S1-353588629	Bureau of Motor Vehicles	Weedsport, 8892 Seneca Street, NY	US
S1-692211620	Best Tech Private Limited	H No Cb-382 Plot No 382/5, 1St Floor Blk-Cb, New Delhi, South West Delhi, Delhi	India
S1-432984139	Pioneer Aurora Corp	5514 Richmond Street, Town Of Grand Chute, WI	US
S1-921151509	Custom Legacy Nexus	102 Wild Blossom Drive, Richlands, NC	US
S1-831604613	Young Electrical LLC	5830 Arrowhead Lane, Tucson, AZ	US
S1-444144845	Lyons Direct Hovnanian LLC	500 Mulberry Street, Mount Vernon, IN	US
S1-666635292	Campbell, Rose and Griffin Environmental Services	2060 Casa Grande Street, CA, Benicia	US
S1-173151798	X & X Painting LLC	MT, 1518 6th Avenue, Kalispell	US
S1-359676167	Lanita Flowers Premium Inc	2 Foxmeadow Drive, Huntington, NY	US
S1-647771455	Armas Fresh Cargo LLC	121 Windlass Drive, Wilmington, NC	US
S1-265806021	Dermatology Care P.C.	151 Bryant Pond Road, Putnam Valley, NY	US
S1-479953994	Shyam Investments Private Limited	1St Floor, 2Nd Street, Samayapuram Main Road, Karambakkam, Porur, Chennai, Tamil Nadu, Plot No. 55, Chennai	India
S1-265766131	Lee, Brynne D., DPM	Weatherford, TX, Fl 0, 107 Bowie Drive	US
S1-540248225	Pacific Asset Global Inc.	8305 Pine Run Drive, Cincinnati, OH	US
S1-164069769	Allys Taylor Keystone Mines Inc	23743 Broadway Boulevard, Elkhart, IN	US
S1-366920551	Interstate Committee	5423 California Avenue, Chicago, IL	US
S1-44047574	Terraform Annapoorna (India) Private Limited	H No. J-130 T/F J Block, Rajauri Garden Near Main Market, New Delhi, West Delhi, Delhi	India
S1-484916886	Signature Insurance Innovations LLC	AL, 2024 Colony Drive, Huntsville	US
S1-850390736	Respite Hari Pvt. Ltd.	1403 Ctsno.328, 329, Survey, No.340/1To3 Dhwarkadish M, Malad East, Mumbai, Maharashtra	India
S1-608243417	Green Business Private Limited	D-1-B G/F 4-A, Janakpuri, New Delhi, West Delhi, Delhi	India
S1-79948518	Gold International Private Limited	6Thfloorunitd, Apexplaza, No.3, Nungambakkamhighroad, Chennai, Tamil Nadu	India
S1-642963631	Vision Media Limited	Plot No 359 Kh No 601 Village Pochanpur, Delhi, West Delhi, Delhi	India
S1-46468324	Oakwood & Brothers Corp	No. 10/3, 2Nd Main, 2Nd Cross Rahmathnagar, R T Nagar, Bangalore, Karnataka	India
S1-331259700	Bangalore South Instruments Pvt Ltd	9836422185 / 8806116098, No. C 201, Pinnacle Block, Sjr Equinox, Electronic City Phase 1, Bangalore South, Bangalore, Karnataka	India
S1-435238048	1382 Highland Avenue Partners LLC	310 Benton Street, Cologne, MN	US
S1-748031974	Grand Lease Inc	1079 Aurora Road, Aurora, OH	US
S1-646403784	DSQ Chiron Inc.	406 Brookfield Drive, Dover, DE	US
S1-921464872	VQT Publications Private Limited	6/B, Bentinck Steet, Room No. 33, 1St Floor, Kolkata, Kolkata, Howrah, West Bengal	India
S1-811189233	Marquez Cdt L.L.C.	1402 Mammoth Cave Drive, Arlington, TX	US
S1-91161743	Schroeder Pineapple LLC	Denver, IA, 422 Ridgeway Street	US
S1-129170234	Thornton, Othella, CPA LLC	20 Iron Wedge Circle, Battlement Mesa, CO	US
S1-934018862	Bay All Concord	40 Dean Street, Unit E, Norwood, MA	US
S1-541811342	Lantern	66 Cabresto Road, Questa, NM	US
S1-312122614	Bhatia Stores Private Limited	House No 82, Pkt-4 Sec-2, Rohini, New Delhi, Delhi	India
S1-774848541	Coastal Center	4914 Cayman Street, Sioux Falls, SD	US
S1-543145234	Advanced Peak Games LLC	10043 White Willow Trce, Unit 203, Louisville, KY	US
S1-702111297	Sai It Private Limited	A-209, Pranik Chambers, Saki Vihar Road, Sakinaka, Andheri-East, Mumbai, Mumbai City, Maharashtra	India
S1-424672874	Lower Mountain Consulting, Inc.	Chicago, IL, 2644 Western Avenue	US
S1-122478572	Blue Consultants Pvt Ltd	Flat No. 163-B, Second Floor D.D.A. Janta Flats, Shivaji Enclave, Tagore Garden, West Delhi, Delhi	India
S1-272435300	Great Technologies Private Limited	Indiwala Bhawan Near Kala Niketan Seth Srilal Market, Darjeeling, Siliguri, West Bengal	India
S1-31350967	Trading Hitech Private Limited	C/O. Amar Cotex Pvt. Ltd., Jayraj Jaga Vekariya, 9909204432, Rjkt-Bvn Higwy, Virnagar, Rajkot, Gujarat	India
S1-446851301	Cacilie Miller, D.D.S.	2704 Axtell Street, Clovis, NM	US
S1-773412766	Jarlex Cohen PC	1704 Longvalley Drive, Northbrook, IL	US
S1-621142103	Star Pebblebrook Inc	21406 Roaring Hill Court, Katy, TX	US
S1-449602338	Allied Platinum Big	1515 Pear Brook Trail, Houston, TX	US
S1-113477450	Kim Interests LLC	30603 Hilltop Drive, Unit B, Evergreen, CO	US
S1-847799629	Internal Medicine Global Physicians	826 35th Place, Chicago, IL	US
S1-616466113	Pediatric Care Associates of Apple Valley Inc	21678 Tussing Ranch Road, CA, Apple Valley	US
S1-907657051	Laxmi International Private Limited	Shantiniketan Building 10Th Floor, Room No.2, 8 Camac Street, Kolkata, Kolkata, Howrah, West Bengal	India
S1-384365900	Reliable Harbor Pebblebrook Inc	28615 Oakmist Point Lane, Katy, TX	US
S1-911602225	Arsa Trust Company	275, 4Th Main, 2Nd Cross, Bhcs Layout, Uttarahalli Road, Bangalore, Karnataka	India
S1-112454386	Farrand S. Fairbanks, DMD	2121 Village Lake Drive, Unit 252, Charlotte, NC	US
S1-805161134	Sai Systems Private Limited	41/142A/1 Fatehabad Road Near Tdi Mall, Kalakriti, Agra, Uttar Pradesh	India
S1-341840012	Ascon & Associates	25/4 Karkardooma Area, Near Central Bank New Delhi, Delhi, East Delhi, Delhi	India
S1-171711514	Desantis Preferred Bitcoin Ltd	Montville Township, 3287 Rustic Lake Drive, OH	US
S1-329774511	The Dent Bike Shop	16415 Gar Creek Road, IN, New Haven	US
S1-757226664	Sanjay Institute of Technology	Uttar Pradesh, Akash, Duriya Road, Naugawa Santosh, Bisalpur, 11, Pilibhit	India
S1-206904170	Ahmedabad Education Limited	Gujarat, A/104 Rudra Prayag Ramdevnagar Cr Road Satellite, Ahmedabad	India
S1-324359239	Arihant Finance Private Limited	C/O Smt Shanti Devi, Hatsarganj, Hajipur, Hajipur, Vaishali, Bihar	India
S1-518272019	Drake & Kuo Mines Inc.	718 Kentwood Drive, Village Of Caledonia, WI	US
S1-323580136	South Consultancy Private Limited	No. 49, Andavar Street, Avvai Nagar, Chennai, Tamil Nadu	India
S1-774639565	Bhiwandi Marketing Private Limited	H. No. 2354/ Gala No. T-6, Gr.Flr Rajlaxmi Sulzar Park, Nashik Road, Sonal, E Village, Bhiwandi, Thane, Maharashtra	India
S1-83643470	Hilker Charlton Group	Unit 3G, Raleigh, NC, 11200 Gladebrook Trail	US
S1-55005474	Better Keystone Exploration LLC	47 Beecham Road, Augusta County, VA	US
S1-267184990	YSL Buildestate Pvt Ltd	230A, A.J.C Bose Road, Chitrakoot Building, 1St Floor, Kolkata, Kolkata, Howrah, West Bengal	India
S1-380743266	Gulf Foundation Inc.	403 18th Street, Mineral Wells, TX	US
S1-79332677	Fawn Murphy, D.C., M.D., P.C.	200 Good Life Way, Centerville, TN	US
S1-20051175	Indu White	D No.10/293-4, 2Nd Line, Eluru Road, Revenue Ward No.10, Gudivada, Krishna, Andhra Pradesh	India
S1-670501562	Shivam Power Private Limited	C-906, Titanium Square, Thaltej Cross Road, Thaltej, Ahmedabad, Gujarat	India
S1-431394523	Pristine Alluminium Private Limited	A/302 Indian Occean Chsltd Sagarcity Off Sv Rd Nr Gillberthill Vp Rd Andheri West, Mumbai, Mumbai City, Maharashtra	India
S1-303284714	Pure Solutions LLP	Shop No. 102, 1St Floor, B-02/4, Aradhana Bhawan, Naniwala Bagh City, Near Akash Cinema, Delhi, North West Delhi, Delhi	India
S1-327990523	Silver Software International Inc	Evarts, KY, 73 Verda Camp Road	US
S1-183180605	Drayyn Investment LLC	5701 Toebbe Ln, Louisville, KY	US
S1-552145941	Kaveraya Infratech Private Limited	Shed No. K-1, 331, A-2 4, Gidc Makarpura, Vadodara, Gujarat	India
S1-98679701	Hari Power Pvt Ltd	Floor-13, Plot-336/506, A, Chinar Building, R A Kidwai Road, Wadala Bus Depot, Wadal, A, Mumbai City, A-132, Mumbai, Maharashtra	India
S1-102416671	Kaufman Elite Thunder Memphis	2679 Sage Meadow Drive, Memphis, TN	US
S1-862898267	Metro Rocky Furniture	1598 Old Highway 34, Mt Pleasant, IA	US
S1-985857110	Apex Huntington Inc	5011 Robertson Avenue, Carmichael, CA	US
S1-271930735	Precision Elite Hospitality PLLC	19 Green Knoll, Woodbury, NY	US
S1-309941954	Urban Developers Pvt Ltd	5, Shreyas, Gvs Road No.1 Mulund East, Mumbai, Mumbai City, Maharashtra	India
S1-185241999	LEF Midwest Golden	1140 Country Creek Lane, Toledo, OH	US
S1-164630971	Surat India LLP	Surat, Gujarat, Flat 1103, Shivanta Palace Vip Road, Sarthana Jakatnaka, Ananta Tower, Surat	India
S1-37595721	Wilson's Liberty Iron Works LLC	274 Autumn Wind Drive, Cleveland, TN	US
S1-319482279	Divya Instruments Private Limited	Midnapore, West Bengal, P.O- Midnapur, Burdge Town, Midnapur	India
S1-94743021	Preferred Environmental Technologies Inc	2241 13th Avenue, Seattle, WA	US
S1-673072575	Sim Systems	8-2-268/K/7/201, Plot No.3, Flat No. 201 Mahalakshmi'S Sree Nivas, Road No.7, Ban, Jara Hills, Hyderabad, Telangana	India
S1-190540254	Physical Therapy Care Associates LLC	3209 Carrington Lane, Bloomington, IL	US
S1-565052646	Natalee Metz Ridge Precision	120 Cottonwood Drive, Unit UNIT 34, Kalispell, MT	US
S1-531688033	Delta Fresh Petroleum	56 Inner Drive, Unit Apartment D12, Saint Paul, MN	US
S1-8767124	Tethys Builders Ltd	No.3, 4, 5 & 6, Ltg Towers, Iiird Floor, Near Kempegowdanagar Arch, Laggere, Bangalore, Karnataka	India
S1-232649412	New Estate Limited	O-116, 1St Floor, Shopping Mall, Arjun Marg, Dlf Qe, Gurgaon, Haryana	India
S1-241103356	India Pioneer Training Pvt. Ltd.	Plot No 74, Anupama Nagar Champapet, Hyderabad, Rangareddy, Telangana	India
S1-784327096	Steller Education Corp	16 Earl Lynn Court, Cohoes, NY	US
S1-944835871	Carlynn Atherton Construction	52 Country Club Boulevard, Unit 1108, Worcester, MA	US
S1-102794122	Wegrow Broking	H No-3066 F/F Gali Mandir Wali Kaziwara Darya Ganj, Delhi, Central Delhi, Delhi	India
S1-348389341	Wood & Saldana Cslm, Corp	10 Hornet Street, Brunswick, ME	US
S1-892225394	Orthopedic Center	195 Circle Drive, Barlow, KY	US
S1-564910443	Trusted Tbk	Granger, IN, 15641 Cedar Cove Court	US
S1-117238618	Nishi Power Private Limited	C/O Hansa Agencies Private Limited Lakri Fazalpur Industrial Area, Delhi Ro, Ad, Moradabad, Uttar Pradesh	India
S1-504430187	Singer, Guerrero & Hardy Analytics LLC	60 Corporation Road, Dennis, MA	US
S1-331173107	Hustead, Hall & Herrera Inc	OR, Portland, 16112 Ridgeline Street	US
S1-896711535	Chiropractic Apex Clinic	1959 Copley Branch Road, Butler, TN	US
S1-484953186	Gujarat Investments Private Limited	D-4077, Opposite Sbi Atm, Behind Old Bus Stand, Jhajjar, Haryana	India
S1-504400717	Southern Montessori School Inc	303 Skipjack Ln, Mathews County, VA	US
S1-919990895	Trasevue Mercury-Schaghticoke	Schaghticoke, NY, 18 Matthew Drive	US
S1-156968554	Aditita Care	Rajasthan, Udaipur, Village Bedla, Girwa	India
S1-363340711	Universal International Pvt Ltd	E-193/2, New Delhi, Ground Floor, Shaheen Bagh Abul Fazal Enclave Part-2, Jamia Nagar, South Delhi, Delhi	India
S1-119596465	Guo Legacy Iii Inc	1108 Crossway Road, Virginia Beach City, VA	US
S1-420709278	Literacy Council Inc	6 Revere Street, Unit 3, Winthrop, MA	US
S1-763070704	Secure National Reserve	114 John Cox Road, Gray, TN	US
S1-308589506	OIQ Consultants Private Limited	K-2030C R Park, New Delhi, South Delhi, Delhi	India
S1-808590468	Vc Consultancy Private Limited	L 4128/1, Gidc, Vatwa, Phase Iv, Daskroi, Ahmedabad, Gujarat	India
S1-634842371	Dream Food Private Limited	Baramarshi Nagar, Ward No-7, Bibiganj, Muzaffarpur, Bihar	India
S1-720669439	Laurena's Architecture	120 Garrett Street, VA, Charlottesville City, Unit UNIT 501	US
S1-187322819	Fenetech LLC	3750 Magnetite Lane, Tucson, AZ	US
S1-489328214	Manley Legacy Group	1451 Chrisler Avenue, Schenectady, NY	US
S1-987031903	Balaji Producer Private Limited	Flat 42009, Janapriya Utopia, Rajendranagar, K.V.Rangareddy, Telangana	India
S1-612472065	Grameen Electrodes Private Limited	Bihar, New Colony Chhotki Delha Gaya, Gaya	India
S1-757970505	Zieba Emera Group	2719 Hackamore Hollow Lane, Houston, TX	US
S1-910556226	Atlantic Fellowship	419 Highland Street, Martinsville, IN	US
S1-598178757	Urgent Care Diamond Specialists	2375 Santiam Drive, Woodburn, OR	US
S1-860510577	Kesteus Engineering LLC	72 Clearview Avenue, Clearview, WV	US
S1-162050200	A Cure 2 IT Associates	MD, Bowie, 164 Lawndale Drive	US
S1-694317315	Kaliber Clinic	C/O Surekha W/O Shashi Kumar 2-304/5/1/3 Bagambila Site, Belma, Nithyanandanagar, Mangalore, Dakshina Kannada, Karnataka	India
S1-731485319	Oncology Clinic of Springfield	3404 Pinyon Drive, Springfield, IL	US
S1-340891231	Romero Investments, LLC	11122 Turkey Run Road, Mount Lemmon, AZ	US
S1-49936219	Tisdell Best Voya, LLC	NC, 210 Middleton Street, Kenansville	US
S1-722292050	Aas Developers Private Limited	Shed-6 Unique Industrial Park, B/S.Fortune Estate, Ramol Over Bridge, Daskroi, Ahmedabad, Gujarat	India
S1-421623632	SY Muniyield P.C.	106 Phillips Circle, Lynchburg City, VA	US
S1-97537740	L E & A Boral LLC	24033 Veranda Circle, Elberta, AL	US
S1-516804627	Jai Infra LLP	Plot No. 399, First Floor, West Bhatia Nagar, Yamunanagar, Yamuna Nagar, Haryana	India
S1-912809570	National Preparatory Academy	1148 Washington Street, Walpole, MA	US
S1-391198299	Bennett Interstate Contracting	439 Riverview Drive, Asheville, NC	US
S1-692780209	@ Home 1 U	9110 Brink Road, Gaithersburg, MD	US
S1-957196421	Ketech Industries	905 Robin Lane, White Oak, TX	US
S1-938999067	LXN Pacific Aria LLC	1855 Calvert Street, Unit 402, Washington, DC	US
S1-905678947	Exora & Co	Shop No. 306, Powai Plaza, Central Avenue, Opp. Induslnd Bank, Powa, I, Mumbai, Mumbai City, Maharashtra	India
S1-642455821	Green Trading Private Limited	181/61 Abc Chatterjee Street, Belgharia, Belgharia, Barrackpore, North 24 Parganas, West Bengal	India
S1-70086687	Modern Industries Private Limited	1/29 A Ward No 1 Mehrauli, Delhi, South Delhi, Delhi	India
S1-273200435	Strain Coastal Permian Inc	5931 Donwhite Lane, Houston, TX	US
S1-168328407	Beacon LLC	3250 Hickory Boulevard, Hudson, NC	US
S1-646675504	Smart Enterprises Private Limited	New Delhi, House No. 141, North West, Ground Floor, Pocket B-5, Sector 21 Rohini, Delhi	India
S1-986560760	WLI Enterprises Private Limited	Plot No.186/B, Flat No.A-1, Sri Tirumala Mension, S.R. Nagar, Hyderabad, Telangana	India
S1-704098244	Maritime & Brothers Private Limited	H:No 4-4-35, Islampura, Jagtial, Karim Nagar, Telangana	India
S1-186026957	Quantova Vehicle LLC	311 Sherman Street, Brooklyn, NY	US
S1-296890843	Keith, Plante and Gray, Inc.	Wichita Falls, TX, 709 Wellington Lane	US
S1-584830761	Silver Auto Body	Unit GAS WELL PAD, OH, 66782 Ebbert Road S, Saint Clairsville	US
S1-571694	Dike Children's Peak Program	28332 120th Street, Dike, IA	US
S1-105569566	Mercer, Bussey & Singh LLC	549 Mumford Street, Schenectady, NY	US
S1-647625671	VD Estates Pvt Ltd	House No. 79, Shop No. 01 Moti Masjid Chouraha, Bhopal, Madhya Pradesh	India
S1-44038682	Teamsters Local 403	325 Peters Hollow Road, Elizabethton, TN	US
S1-936615132	TI Fresh Japan LLC	5248 Kellogg Creek Trail, Unit 222, Collegedale, TN	US
S1-976695480	Falcon LLC	7905 Lazy Lane S, Bremerton, WA	US
S1-777279986	Prime Technology Private Limited	Plot No-102, Bhanumati Bhawan Ground Floor, Nayapalli, Jaydev Vihar, Bhubaneswar, Khordha, Orissa	India
S1-252800084	Global (India) Sathi Private Limited	West Bengal, Jabla, Manbazar, Purulia, Purulia, C/O Subodh Kumar Mahato, Puruliya	India
S1-483784505	Congregation Lutheran Church	1528 Kingdom Road, Vershire, VT	US
S1-920063943	Cobalt LLC	1006 Arncliffe Road, Essex, MD	US
S1-161191848	Gopal (India) Services Private Limited	2B, Jodulal Mullick Road, Kolkata, Howrah, West Bengal	India
S1-12484999	United College	1726 Warwick Avenue, Baltimore, MD	US
S1-672573399	Green and Coleman PLLC	495 Saint Moritz Drive, Unit 2D, Glen Ellyn, IL	US
S1-716099254	Jay Developers Private Limited	302 Twin Arcade B - Wing Military Road Andheri East, Mumbai, Mumbai City, Maharashtra	India
S1-141369098	Premier Business Private Limited	Flat No. 2 Ninad Apartments, 28 Anand Park 5Th Street, Aundh, Pune, Maharashtra	India
S1-329270250	Mandi Carter Institutions LLC	11313 Powhatan Ct, Unit 8, Louisville, KY	US
S1-71862657	Transcontinental Wireless Worldwide	12622 Tallwood Crossing Lane, Houston, TX	US
S1-438050128	Randolph, Joice, O.D.	501 Hillandale Drive, Steeleville, IL	US
S1-751467683	Sis Trading Private Limited	A 143 Gulab Houseindustrial Area Mayapuri, New Delhi, West Delhi, Delhi	India
S1-753322276	Rozycki Midwest View, LLC	2165 Hospitality Lane, Murfreesboro, TN	US
S1-249434961	Blue Producer Private Limited	C/O-Sangita Devi, W/O-Ashok Kumar Singh Khadi Bhandar K Bagal K Gali, Sheohar, Bihar	India
S1-843768469	Gng Manufacturing Private Limited	8126, Arakshan Road Pahar Ganj, New Delhi, Delhi	India
S1-320439243	Lakshmi Foundation Pvt Ltd	Bl B-S/F-G/S 24, Nilkanth Avenue, Nr Kailash Estate, Ring Road, Odhav, Gujarat, Ahmedabad	India
S1-323784416	Carstens Commodity	3000 St Rt 229, Marengo, OH	US
S1-460281383	Prime Classic Biotherapeutics LLC	38 Mckinley Street, Unit #11, Henderson, KY	US
S1-388835800	Green Associates Private Limited	218, Anand Tower, Indore, Madhya Pradesh	India
S1-260430234	United Capital Alibaba Corp	10330 82nd Avenue, Palos Hills, IL	US
S1-377922707	Impel & Associates	H.No. 2-10-2133, Bhagya Nagar, Karimnagar, Karim Nagar, Telangana	India
S1-305987984	Al Engineering Private Limited	Tamil Nadu, Vishnu Nagar, Kancheepuram, Thennambakkam, No.120	India
S1-809722337	Prairie Century Group	217 Panther Peak Drive, Midlothian, TX	US
S1-474277035	UB Networks Private Limited	At-Gopalpur, Po-Patapur Block-Banki, Cuttack, Orissa	India
S1-78962865	Liberty First Asia	Naugatuck, CT, 23 Rustling Reed Road	US
S1-644777020	Smart & Co Co	303, Iii Floor Amarchand Sharmcomplex, Secunderabad, Secunderabad, Hyderabad, Telangana	India
S1-409262027	Sky Media	C/O Darshan Singh, Budhan, Pur, Nissing, Karnal, Haryana	India
S1-497838930	Silver Infra Private Limited	63, Tambakant Apydhonie, Mumbai, Maharashtra	India
S1-143147522	Stacia Turek Utilities Inc	MD, Randallstown, 3965 Red Deer Circle	US
S1-237743110	City Innovative Foundation Pvt Ltd	Mantri House, S No-929/A, F P-313 Fergusson College Road, Shivajinagar, Unit 10, Pune, Maharashtra	India
S1-648549266	Lightner Summit LLC	TX, 2822 Hwy 3, Dickinson	US
S1-716389647	Primary Care Partners Inc	1726 Valley Boulevard, Memphis, TN	US
S1-726093564	Janine Johnson Battery	268 3020, Double Springs, AL	US
S1-520822853	Grand Quality Engineering LLC	914 Black Twig Lane, Fl 0, Saint Louis, MO	US
S1-557108185	Zevova Inc	286 Camp Street, Yarmouth, MA	US
S1-434592000	South Advisors	74, Indra Nagar, Kannauj, Uttar Pradesh	India
S1-422062756	Digital Security Services LLC	4687 Falcon Chase Drive, Concord, NC	US
S1-774034228	Mata Agencies Private Limited	Flat No. 102, D.No. 1-1-714/D, Bakaram, Gandhi Nagar, Hyderabad, Telangana	India
S1-503423898	Xiong Pizza	10 Hilltop Road, Tijeras, NM	US
S1-163296009	Astabhuja Consultancy	413, S.No.245/A, 81/2, 56 Pratibha Plus, Narol Char Rasta, Ahmedabad, Gujarat	India
S1-267793700	Asa Industries Group	S No. 22/1A, Sai Shree Pimple Saudagar Near Swaraj Garden, Fl - A 703, Pune, Maharashtra	India
S1-141789219	TS Fact LP	628 Monroe Court, Mason City, IA	US
S1-366178010	Brockway, Jaquenetta D., L.C.S.W.	2244 Palm Street, Lynchburg City, VA	US
S1-116861667	Golden Surya Agro Private Limited	Flat No 504, 5Th Floor, A Wing Jagdish Apartment, Military Road, Andher, I East, Mumbai, Mumbai City, Maharashtra	India
S1-604681581	Pinnacle Bancshares	5537 Honore Street, Chicago, IL	US
S1-175822536	Windham Family Chiropractic	111 Peck Road, Windham, NY	US
S1-397625895	Pinkcity Nursing Home Co	W-21, North Main Road, Anna Nnagar West Extn, Chennai-101, Chennai-101, Chennai, Tamil Nadu	India
S1-436967030	Summit American Harbor Inc	Merrillville, 1831 58th Place, IN	US
S1-529697239	Magana Choice Currencyshares PLLC	6388 Starvue Drive, Cincinnati, OH	US
S1-218098902	Super Memorial Trust	House No 101 Village Khureni, Narela, Delhi, West Delhi, Delhi	India
S1-28880531	Swastik Agro Private Limited	21, Floor No 2, 38, Sagar Villa, Bhulabhai Desai Road, Cumballa Hill, Mumbai, Mumbai City, Maharashtra	India
S1-315340549	Vivid Memorial Trust Clinic	T-11, Alankar Plaza Central Spine, Vidhyadhar Nagar, Jaipur, Rajasthan	India
S1-326522181	Gurukripa Analytical Pvt Ltd	Shop No.2, Thane, Maharashtra, Thane, Ambiya Palace Building, Opp. Gcc Club Hatkesh, Mira Road (E)	India
S1-639224289	Vision Enterprises Private Limited	Flat No- 5502, Karnataka, Golden Lake View Apartments 344, 4Th Cross, Ngr Layout Rupeena Agarh, Ara, Bangalore	India
S1-689268840	Modern Golden Lion	705 Melrose Drive, Casa Grande, AZ	US
S1-352409481	Plumbers Local Union 695	482 Golden Leaf Court, Lyons, OR	US
S1-744166339	Ridge China LLC	10191 Grand Isle Place, Woodbury, MN	US
S1-230173972	O & T Rivernorth, LLC	718 6th Street, Junction City, KS	US
S1-987380411	Maya Eye Limited	Shop No. D-1, 3Rd Floor, Ganpati Associate, Bhilwara, Rajasthan	India
S1-653367757	Sarasita Biotech Pvt. Ltd.	Shahpur Bamheta, Ghaziabad, 764, Uttar Pradesh, Ghaziabad	India
S1-253149874	Berhampur Global Pvt. Ltd.	Ganjam, Berhampur, Orissa, Specimens House Bhava Nagar, Main Lane, Goilundi	India
S1-207289934	Prairie Green Dpc Inc	801 19th Street, Fort Smith, AR	US
S1-594152956	SH Natural, LLC	Ferndale, 5860 Braeside Lane, WA	US
S1-453278616	Caverque Quality Medicine	229 Keri Drive, Garner, NC	US
S1-827392177	Ravi Instruments Private Limited	F-88 Okhla Indl.Areaphase-I, New Delhi, South Delhi, Delhi	India
S1-579400247	Tellez Fortis Inc	Schuyler Falls, 320 Soper Street, NY	US
S1-437736774	Cardiology Physicians of Lubbock	8003 Quinton Avenue, Lubbock, TX	US
S1-924943772	Great Software Private Limited	402, Wellington Business Park-Ii, Off Andheri Kurla Road, Marol, Andheri East, Mumbai, Maharashtra	India
S1-881866648	Golden Quasaredge Inc	1436 2500, Syracuse, UT	US
S1-774139253	R & X Midland LLC	1370 Maple Road, Unit Apartment 7, Amherst, NY	US
S1-755940109	Unique Food Limited	Flat 11, Bldg 2/D, Siddharthnagar S 1/1 A Hissa 2 To 8, Pune, Maharashtra	India
S1-956979480	Regional Ministries	13281 Takara Drive, Fl 0, Saint Louis, MO	US
S1-382278600	Edwards Tpg Associates	501 Grady Avenue, Hartshorne, OK	US
S1-101489848	Coty Heritage Highland	9508 Briar Road, Bloomington, MN	US
S1-859073271	Shree Solutions LLP	G-38, Regal Plaza, Lok Puram Premises, Thane West, Thane, Maharashtra	India
S1-181512480	Timber Snow P.C.	KS, Topeka, 1709 Macvicar Avenue	US
S1-237844044	XZ Engineering Private Limited	P.No - 4, Shrinath Residency, Kota, Rajasthan	India
S1-632611658	Compass Fund of Plainfield	IL, 12157 Leona Drive, Plainfield	US
S1-131281607	Aurus Semiconductor LLC	1148 Ballman Mccoy Lane, Westview, KY	US
S1-71712577	Golden Xcel	Unit A3, NC, Cary, 402 Harlon Drive	US
S1-424003049	Pacific Elite Etf Inc	3811 Wheatgrain Lane, Fairfax County, VA	US
S1-902483610	Optimal Biomedical Global Inc	75 Copper Drive, Bagdad, AZ	US
S1-506891827	Pickett Gsr LLC	Sun City West, 14108 Gunsight Drive, AZ	US
S1-780999809	Urology Medicine	179 Point Pleasant Road, Unit Unit 2, Irondequoit, NY	US
S1-184779127	Prado, Romero & Kimball	712 Chicago Avenue, Freeport, IL	US
S1-387162193	Good Technologies Private Limited	C-11, Co Operative Industrial Estate Balanagar, Hyderabad., A.P., Telangana	India
S1-713106049	Samaniego Cascade Altenergy Inc.	4212 Lady Elaine Drive, Nacogdoches, TX	US
S1-975607959	Avon Products Private Limited	Mangal Bhawan Rippon Roadtala Telenga Bazar, Cuttack, Orissa	India
S1-945170568	Raymond Colonial Exchange	15814 Hunters Lake Way, Houston, TX	US
S1-993368361	PX American Meshflow LLC	1237 Green Valley Drive, Unit C, Heath, OH	US
S1-847164192	Barker's Textiles	65 Whispering Hls Drive, North Branford, CT	US
S1-873506742	Awan Microelectronics, Inc	246 Glenwood Avenue, Easton, MD	US
S1-360626466	Plymouth Primary Care Physicians Inc.	94 Obery Street, Unit 126-2, Plymouth, MA	US
S1-217128301	Shapiro & Booker	113 Spooner Street, Pasadena, TX	US
S1-44588679	Glyphyx Southwest	1012 Bethel Street, University Park, IA	US
S1-367022824	Durga Technologies Private Limited	Madhubani, Bihar, Block Harlakhi, C/O At Vill-Sothgaon, Jaynagar	India
S1-460692141	An (India) Publications Limited	D/1, Ramgarh Colony, Kolkata, Kolkata, Howrah, West Bengal	India
S1-520848382	Bandra West Solutions Clinic	B-5, Bandra West, Maharashtra, 2Nd Floor, Ravi Darshan Chs Ltd Sherli Rajan Road, Near Rizvi Collage, Mumbai City	India
S1-402486949	Star Raj Consultants Private Limited	Plot No. K81, Basni First, Phase, Sanjay Colony, Jodhpur, Rajasthan	India
S1-252951568	Sid Foundation	Chittoor, Andhra Pradesh, 5Th Floor, 504, Sri Vignesh Tower'S, #18-8-40D/103, Tirupati (Urban)	India
S1-586890769	Towell, Johnson and Niu	4517 Via Presidio, Camarillo, CA	US
S1-38372026	Ridge Center, LLC	403 Ave A Street, El Campo, TX	US
S1-756695349	Jaster and Conwell Abacus LLC	2730 90, Independence, MN	US
S1-204221814	Environmental Council LLC	16135 Spring Street, NE, Omaha	US
S1-839892280	All Fresh Imperial Inc	3448 Aberdeen Place, Unit Unit Unit 9, City Of River Falls, WI	US
S1-235415280	Colonial Total Bitwise Inc.	1266 Kimber Drive, Hermiston, OR	US
S1-258323017	Premier Developers Private Limited	C/O Haseef Ahmed Mazharuddin, A.P. Kaij Dist. Beed, Beed, Bid, Maharashtra	India
S1-665159097	54/21 Voya Corporation	20425 Candlelight Road, Maricopa, AZ	US
S1-732948731	Family Heartland Health	1526 Diamond Street, Phoenix, AZ	US
S1-232537122	Altum Wheels Co	S. No. 276/1/2, Bavdhan Budruk Bavdhan Wakad Highway, Pune, Maharashtra	India
S1-717675106	Lyryx Oncology PC	108 4th Street, Farmington, MN	US
S1-450554625	Sr Services Group	A-95, Sector-63, Gautam Buddha Nagar, Noida, Gautam Buddha Nagar, Uttar Pradesh	India
S1-10900199	Holloway Coastal Silicon	6200 Dividend Street, Little Rock, AR	US
S1-84773365	Maye's Rapid Audio Installation of Brandenburg LLC	38 Autumn Court, Brandenburg, KY	US
S1-88191335	Rs (India) Producer Private Limited	B-2, G-11, Silver Arch, Khira Nagar, S V Road, Santacruz West, Mumbai, Mumbai City, Maharashtra	India
S1-409392270	Foundation Kripa Private Limited	34/483, 1St Floor Vp Marakkar Road, Edappally Toll Junctio, N, Ernakulam, Kerala	India
S1-768173513	Sweet Nails Inc	15402 Forest Creek Farms Drive, Cypress, TX	US
S1-935947682	Hill Coca	48 Lake Avenue, Unit MIT9, Woburn, MA	US
S1-456596185	IHO Precision Dime P.C.	7906 Ernie Cladoosby Jr Street, Marysville, WA	US
S1-616769069	Jarlelle Waste Inc.	292 Washington Street, Unit 204, Bath (berkeley Springs), WV	US
S1-480871515	Kistner, Garrett and Adamo Lakeshore PLLC	5304 Carefree Drive, League City, TX	US
S1-798825457	International Technologies Private Limited	30 /4 Vijay Complexmalaviya Street Ram Nagar, Coimbatore, Tamil Nadu	India
S1-654560706	Highland Endocrinology	2804 Echo Pines Road, Fuquay Varina, NC	US
S1-70076136	Shakti Construction Limited	203 Ayesha Apts2Nd Hasnabad Lane Santacruz (Wast), Mumbai, Maharashtra	India
S1-781055645	Olympus Management (India)	House No. 246, Jaurali Phase 1 Near Sonakali Hospital, Kanpur, Uttar Pradesh	India
S1-863678134	Pipili Innovations Pvt Ltd	Puri, Orissa, Pl No-111/2214, Pipili, Kh No-791/1029	India
S1-342291202	New Marketing Private Limited	Sno16/44, 49To54, Royal One, Flatnob/303, Pimple Nilakh, Pune City, Pune, Maharashtra	India
S1-678991544	Kassie Campbell Midwest Group	1298 Emerald Creek Drive, Broadview Heights, OH	US
S1-885382343	Ghaziabad Services Pvt Ltd	A-52, Assotech Crossing Republik, Ghaziabad, Uttar Pradesh	India
S1-973156768	Vijayawada (Urban) Commosales Private Limited	Vijayawada (Urban), Kolla Farm Road, Krishna, Andhra Pradesh, D.No.76-11-11/3	India
S1-308782883	Great Spa	4429 De La Baye Trail, Town Of Scott, WI	US
S1-150796475	Michaela H. Arellano, M.D.	AZ, Paradise Valley, 6521 40th Place	US
S1-964906286	Thompson, Sheelah, DDS, PC	1417 Double Eagle Court, Lebanon, OH	US
S1-640722578	United Food Limited	# 130/5 Mmda Colony Manali New Town, Chennai, Thiruvallur, Tamil Nadu	India
S1-809786060	South Veterinary Clinic	4611 Brooktree Drive, Charlotte, NC	US
S1-527297885	Bennett Capital Grupo LLC	4008 122, Speed, NC	US
S1-279268274	Piedmont Pediatrics	600 Admiral Drive, Unit 501, Annapolis, MD	US
S1-807597917	Great Media LLP	Plot No.24, Opposite Iia Bhawan, Mohkampur, Phase-1, Meerut, Uttar Pradesh	India
S1-665117697	Den Agro Private Limited	405 & 406 Roxy Chambers, Mama Parmanand Rd Girgaon, Mumbai, Maharashtra	India
S1-889467741	Black Enterprises Private Limited	Gurgaon, Haryana, Spaze I-Tech Park Tower-A1, Sector-49, Sohna Road, 9Th Floor, Gurgaon	India
S1-847461809	JBP Services Limited	Swami Samarth Niwas, Fl No.3 State Bank Colony, Shirur, Pune, Maharashtra	India
S1-794455332	Goodness Services Co	Plot No. 31, Jeewan Nagar Part 11 Gounchi Flyover, Sector-55, Faridabad, Haryana	India
S1-764148568	SL Wireless Inc	302 Pinecrest Drive, City Of Wilson, NC	US
S1-885742563	Sai Systems (India) Private Limited	Phase-V Focal Point, Punjab, S-43, Ludhiana	India
S1-236139468	Jeevika Exchange Private Limited	C-666, North Part Scheme, -4, Block-C, Macheda, Jaipur, Rajasthan	India
S1-828588963	Barnett Platinum Wheeler	4001 Marais Temps Clair Drive, St Charles, MO	US
S1-279976885	Pinney National Mustang	8061 Hoskins Hollow Road, Rocky Mound, TN, Fl 1	US
S1-591780819	Darrelle's Development	9317 Manitou Springs Lane, Austin, TX	US
S1-50924680	Dirks Metals PC	644 Pinewood Drive, Virginia Beach City, VA	US
S1-645290771	Judy Everett, DO	1643 Joleen Drive, NM, Los Lunas	US
S1-368821567	Star Agro Private Limited	C/O- Nanda Sadashiv, Bhusnar Paolkarawadi, Mangalvedha, Solapur, Maharashtra	India
S1-942997271	Chrysalis Promoters Ltd	B.F.-4, Mohan Complex, H-Block Market, Phase-1, Ashok Vihar, New Delhi, North Delhi, Delhi	India
S1-895635031	Kap Trading Private Limited	D. No. Ews-1320, Road No. 5, Phase-I & Phase-Ii, Kphb Colony, Kukatpally, Hyderabad, Telangana	India
S1-138401738	Universal Supreme Products Private Limited	647-B/A/56, Jankipuram Garden, Lucknow, Uttar Pradesh	India
S1-412360360	Pennie B. Krause, M.D.	4455 Northoaks Drive, Vandenberg Village, CA	US
S1-420157132	Lidyne	Unit 1188, Phoenix, AZ, 2220 Mission Lane	US
S1-412661718	Pradhan Clinic Private Limited	2913 A Ward, Wangi, Bol Kolhapur, Karvir, Kolhapur, Maharashtra	India
S1-681410014	Borowski and Davis Vance	10654 Westfall Road, Skiatook, OK	US
S1-179181108	P C Braddy Auto Sales Inc	KY, 66 Willow Valley, Blue River	US
S1-98868481	Monteus Meridian Inc.	1322 Gou Hole Road, TX, Baytown	US
S1-223808544	Dream Software Private Limited	Ganga-5, D-6, Vasant Kunj, Flat 103, South West Delhi, Delhi, New Delhi	India
S1-327769343	Platinum Cargo Solutions LLC	1564 Foster Road, West Union, OH	US
S1-102351702	Shivam Foods Private Limited	74/18, Gali No.-2 Friends Colony, Gurgaon, Haryana	India
S1-128521039	ZC Space LLC	2315 Kent Street, Henrico County, VA	US
S1-202957688	Vang Big	32 Tafts Avenue, Unit 1, Winthrop, MA	US
S1-982984882	Campagna and Fahringer	407 5th Avenue, Cando, ND	US
S1-435308180	One Developers Limited	House No.133, Viii Post- Kabulpur, Jaunpur, Uttar Pradesh	India
S1-449486782	Velasquez Providence LLC	105 Fowler Lane, Currie, NC	US
S1-749333576	Anantapur Marble	6-5-684, Srinagar Colony, Anantapur, Ananthapur, Andhra Pradesh	India
S1-927950371	Rivera Next LLC	2991 Linwood Avenue, Cincinnati, OH	US
S1-132749398	Twisted Barbershop Inc	Chicago, IL, 600 Cicero Avenue	US
S1-63695066	Zilinum Corp	9205 Leighton Way, Suffolk City, VA	US
S1-640951558	Davis Green Rmg	160 Stagecoach Road, Warrenton, NC	US
S1-845536434	Capital Engineering Inc	Albuquerque, 2300 Bridle Gate Trail, NM	US
S1-655533988	Brink Best National Holdings	10 51st Avenue, Phoenix, AZ	US
S1-318653382	Atlas Inc.	9901 Calumet Avenue, Chicago, IL	US
S1-195329927	Baba Shree Investment	14, Rajasthan, Jaipur, Kidwai Nagar Imli Wala Phatak	India
S1-50905021	Indo Brothers	G1/1, Plot No 14 District Centre, Sagar Tower, New Delhi, West Delhi, Delhi	India
S1-97883057	City Media Private Limited	119 And 120 The Galleria Shopping Hub, Nr. Sanjeevkumar Auditorium, Pal, Adajan, Surat, Gujarat	India
S1-427295694	L & S Tribeca Inc	459 County Road 1442, Sulphur Springs, TX	US
S1-952414178	Ventures Raj Enterprises Limited	Coimbatore, Door No. E19 Venkatesalu Nagar, Perianaickenpalayam, Tamil Nadu	India
S1-413114026	Universal Projects Private Limited	Shop No 10, 2Nd Floor, Msquare, Opp Neelam Hotel, Palsana, Surat, Gujarat	India
S1-749466557	Drayeus Bumrungrad	736 Kenneth Avenue, Chicago, IL	US
S1-630301371	IRO American Daedalus LLC	506 E Locust St, Carter Lake, IA	US
S1-320197362	Adhrit Fund Limited	C/302, Sarita Palace Chs Ltd Westernexpress Highway Opp.Gulfam Hotel, Dahisar East, Mumbai, Mumbai City, Maharashtra	India
S1-765200445	Deccan Producer Ltd	Plot No 554 Ranisati Nagar Ajmer Road, Jaipur, Rajasthan	India
S1-699362279	Ram Infra Private Limited	Delhi, B-49 Ashoka Niketan Opposite Yamuna Sports Complex, East Delhi, Delhi	India
S1-235372658	Evans, Lamer and Wright Boutique LLC	1710 Warner Drive, Memphis, TN	US
S1-616508563	Indian Management Pvt Ltd	Building Number 1/416, Kerala, First Floor Kadavallur Panchayath, Kadavallur P O, Thrissur	India
S1-795244202	Geo Impex Private Limited	Kingsleychambers, Blockno.136, Ramasamystreet, T.Nagar, Mambalam, Gui, Ndy Taluk, Chennai, Tamil Nadu	India
S1-449531128	Dream Construction Limited	911 A Wing, The Capital G - Block Bandra Kurla Complex, Behind Icici Bank, Mumbai, Mumbai City, Maharashtra	India
S1-100232853	Halcyon Wholesale	Bismarck, 510 16th Street, ND	US
S1-350328529	Davis, Swan and Villasenor	186 Main Street, Perry, NY	US
S1-270277880	Deor L.L.C.	7172 Ardmore Lane, Tucson, AZ	US
S1-767149851	Projects Bodycare Promoters Private Limited	H No.92, Karrahi Road Barra Bye Pass, Kanpur Nagar, Kanpur, Uttar Pradesh	India
S1-152725638	Taum LLC	Unit APARTMENT 1R, 1007 8th Street, Waukegan, IL	US
S1-746117209	Integrated Energy Digital Inc	401 Oberlin Road, Unit 163, Raleigh, NC	US
S1-826394831	Stewart Dynamics LLC	1700 Flint Circle, Van Alstyne, TX	US
S1-382896551	Apex Technologies Pvt Ltd	10/2/1 Lane 2 Ganpati, Soc, Tukaram Nagar, Pune, Maharashtra	India
S1-679039591	Liu Guild Inc	7694 Chickaree Court, Roxborough Park, CO	US
S1-381232492	Twila Patterson Mountain	1740 Union Center-maine Highway, Union, NY	US
S1-797606798	Jaine Dearth, L.C.S.W. Inc.	Lewes, DE, 30971 Edgewood Drive	US
S1-575612938	MV City Limited	C/O Sankarlal Agarwalla Link Road, Rairangpur, Mayurbhanj, Orissa	India
S1-979982988	Surgical Associates Partners	3406 Kinmore Street, Dallas, TX	US
S1-964538131	Vara Traders Ltd	433, E Ward, Tambakhu Godam Gala No 2, Shahu Market Yard, Kolhapur, Maharashtra	India
S1-819220142	Indian Developers	Maharashtra, Mumbai, Thane, Sareeta Complex Buld No-7, Jessal Park Near Ashirwad Hospital Bhayander East, T, Hane, B-306	India
S1-292524195	Patliputra Fincon Pvt Ltd	Plot No 1, Patelguda, Mokshit Marvel, Ramachandrapuram, Medak, Telangana	India
S1-366623267	Stern Therapeutics Inc.	Ephrata, 1125 Cottage Street, WA	US
S1-945190176	Ventures Partners	272 Shahid Bhagatsinghroad 29 2Nd Floor Near G P O, Mumbai, Maharashtra	India
S1-944969389	Velez Deutsche Inc	Hoffman Estates, 1285 Sumac Trail, IL	US
S1-620564809	Cropper Secure Cable Inc	12 Lee Court, Stafford County, VA	US
S1-648290168	Shorter Comstock PC	Brownsburg, 8030 1000, IN	US
S1-809842314	Tda Infra (India) Ltd	G Floor 2/27, Kattabomman, St, Radha Nagar Chromepet, Tambaram, Kanchipuram, Tamil Nadu	India
S1-878279699	Legacy Textile Partners	2683 Stratford Road, Delaware, OH	US
S1-524792629	Perideus Green Inc	904 Kenreed Drive, Thomasville, NC	US
S1-432518754	Prairie Sterling Metals Inc.	9840 Peters Ranch Way, Elk Grove, CA	US
S1-695236318	Codee G. Mauro, O.D., M.D., P.C.	55 Huntleigh Park Court, MO, Wentzville	US
S1-847232596	Granite LLC	4017 Springhill Rd, Saint Matthews, KY	US
S1-720853162	Corporate Lifestyle Private Limited	159/2, Ground Floor, Sarai Jullena Opp. Escorts Heart Institute, New Delhi, South Delhi, Delhi	India
S1-737944566	Wilson Trusted Wholesale	VA, Henrico County, 9617 Tracy Court	US
S1-129407640	Pioneer Healthcare Limited	1002 The Capital, G Block, Bandra Kurla Complex, Mumbai, Maharashtra	India
S1-886649303	Arihant Projects Pvt Ltd	No 65, 3Rd Cross Street, Nalla Farm House, Pattanur Village, Auroville Post, Vanur, Taluk, Villupuram, Tamil Nadu	India
S1-562870825	Softech Polytechnic	901, Vaibhav Chambers, Bandra Kurla Complex Bandra East, Mumbai, Mumbai, Mumbai City, Maharashtra	India
S1-540183225	Lux's Frontier Wireless	1088 Shore Road, Cape Elizabeth, ME	US
S1-215386953	Gunderson and Noel PLLC	8103 Maravich Lane, Baton Rouge City, LA	US
S1-857589276	Unified Business Laboratories LLC	3853 Rosedale Street, Houston, TX	US
S1-637376137	PP Bliss Private Limited	Old No-460 Anna Salai Nandanam, Chennai, Tamil Nadu	India
S1-179389098	Ardelle M. Gallaher, O.D., P.C.	1608 Camellia Drive, Arlington, TX	US
S1-51143350	Big Constructions Limited	106-C Block, 1St Floor Silver Mall, 8- A Rnt Marg Indore Madhya Pradesh, Indore, Madhya Pradesh	India
S1-594604839	Preferred Americas	34256 Main Street, Pittsville, MD	US
S1-992929360	Lalley Classic Calisa	23 Hartford Street, Bedford, MA	US
S1-412309680	Commission on Veterans Affairs	AZ, Unit 2136, Mesa, 108 Greenfield Road	US
S1-658341464	International Life Business Pvt Ltd	4-1-1/B, Medak, Guru Nagar Colon, Sadasivapet, Telangana, Sadasivpet	India
S1-241851895	Young, Emery and Barnett Crane	808 Emma Drive, Seymour, IN	US
S1-870378181	Barton Trading of Cleveland PC	3230 Rolling Meadow Way, Cleveland, TN	US
S1-395061818	Dilworth Interactive LLC	1359 C Street, Unit 3, Washington, DC	US
S1-265759176	Standard Biomedical International LLC	9720 Kapri Lane, Houston, TX	US
S1-566455188	SVE Dreams	7Th Floor, Niladri Shikhar Hill Cart Road, Siliguri, West Bengal	India
S1-484035868	Virinchi Land Ltd	Uttar Pradesh, Kh.No-39, Sanatan Nagar Kamta, Chinhat, Lucknow, Lucknow, P.No-74	India
S1-326026054	Oasis Institute of Technology	74/2661, 6143, Tower 6, 14, Prestige Neptune Court, Ernakulam, Kerala	India
S1-749092595	South Balaji Infrastructure Limited	Punjab, Mohali, Rajpura, C/O Naib Kaur Lohgarh	India
S1-663141861	Kennelly Charter School Corp	713 235, Fort Payne, AL	US
S1-143399039	Meehan Pharmaceutical LLC	12285 Genereux Place, Rogers, MN	US
S1-576632556	Klaver Total Healthcare, Inc	340 Captain Kidd Drive, Southold, NY	US
S1-391888975	Vijay Realty Ltd	?Pannu Tower ?Situated At, Phase 7, Sas Nagar, S.A.S.Nagar (Mohali), Rupnagar, Punjab	India
S1-231734368	Future Global	Betia Raj Housebetia Hata Gorakhpur, Uttar Pradesh, Gorakhpur, Uttar Pradesh	India
S1-165795821	QO Amplify Inc	1319 Cr 80, Alger, OH	US
S1-587134584	Cultural Foundation	1601 24th Avenue, Tuscaloosa, AL	US
S1-741314025	James Law Chambers	C/O Anand Sadanand Dethe, Sai Palace Apt Flat No 307, Opp Century Rayon Hosp Unr, Maharashtra, Ulhasnagar, Thane	India
S1-158168889	# 1 XY Fidelity	211 3rd Avenue, Big Timber, MT	US
S1-360296823	Sonarpur (india) Private Limited	Kalikapur, Sonarpur, South 24 Parganas, West Bengal	India
S1-347678647	Suncity Singh Private Limited	22, Suryoday Bunglows, Mahaviragar, Sabar Kantha, Himatnagar, Sabarkantha, Gujarat	India
S1-436097843	Continental Wireless Systems	727 Rafferty Hill Drive, Concord, NC	US
S1-697608269	Shiv Technology Pvt Ltd	Flat No. 105, 8-3-168, Adj To T B Hospital, Balanagar, K.V.Rangareddy, Telangana	India
S1-286108864	Sova India Private Limited	1/957D, Kottakkal Road, Changuvetty, Malappuram, Malapuram, Kerala	India
S1-84691449	Bharat India Private Limited	Cp 138, 3Rd Floor Viraj Khand, Gomti Nagar, Lucknow, Uttar Pradesh	India
S1-841044905	DWL Direct Plum	1021 Peaceable Street, Charlton, NY	US
S1-154554330	Quality Innovative Electronics	109 Melville Street, Graham, NC	US
S1-673052202	Hatmaker, Bowlin & Ennen Clinic	12555 1st Street, Fl 1, OR, Beaverton	US
S1-294198850	Ganley, Cooper and Lopez Micro, LLC	622 Five Mile Parkway, Dallas, TX	US
S1-247909095	All Technologies Private Limited	Sec No-11 Lc2 Fl No 27 Nr, Jadhav Cng Geet Siddhi, Haveli, Pune, Maharashtra	India
S1-99527051	Diamond Payroll Works LLC	Wittmann, AZ, 31205 224th Drive	US
S1-438296852	United Vision Technology Limited	Pl.No.17&18, Bharathiyar Street Jalladianpet, Pallikaranai, Chennai, Tamil Nadu	India
S1-412784020	Mavelikkara Ship Private Limited	No.112/A Ambalamuttam, Kurathikadu, Thekkekara, Mavelikkara, Alappuzha, Kerala	India
S1-285069454	Cardiology Care Associates of Gilbert LLC	79 Gail Drive, Gilbert, AZ	US
S1-351027383	Tri-State Veterinary Clinic LLC	5513 4th Avenue, Seattle, WA	US
S1-226821238	Sampatchak Designs Pvt Ltd	C/O-Krishna Devi, 12, Akhileshnagar, Patna Sadar, Sampatchak, Patna, Bihar	India
S1-441597742	Om Golden Finance Private Limited	Thiruveni Street, Rajeshwari Avenue Madhananthapuram, Porur, Chennai, Tamil Nadu, 3/600, Chennai	India
S1-95799696	Ling & Peterson Pelican LLC	14446 Coyote Trail Drive, City Of El Paso, TX	US
S1-585797212	Shristi Group of Companies Private Limited	113, Park Street N Block, 2Nd Floor, Kolkata, Kolkata, Howrah, West Bengal	India
S1-463661362	Davis Summit Merger LLC	256 Matilda Street, Illiopolis, IL	US
S1-466871772	First Pioneer Highland Associates	249 Morning Star Drive, Harpers Ferry, WV	US
S1-935712403	Straight Edge Pilates Inc.	13832 School Street, Riverdale, IL	US
S1-989034208	Maslanka Hovnanian LLC	1025 300, Unit 47, Springville, UT	US
S1-574117836	UWC Coastal Air Inc.	300 Cedar Springs Road, New Paris, OH	US
S1-514122953	Bisondyne Inc.	532 Overlook Drive, Flat Rock, NC	US
S1-724588464	Congregation Methodist Church	406 Litchfield Street, TX, El Paso County	US
S1-304128504	Johnson Dental Associates, Inc.	3562 Summerwood Road, Topeka, KS	US
S1-611676415	Office of Transportation	98 Eisenhower Avenue, Oswego, NY	US
S1-218392965	Hensley and Jin	15518 Doran Lane, Houston, TX	US
S1-457617334	Hotel Builders Private Limited	Gala No. 4, Opp Bk No. 1070 O T Section Unr3, Ulhasnagar, Thane, Maharashtra	India
S1-273813637	Buckley Eco of Clymer Inc	NY, 982 Clymer Sherman Road, Clymer	US
S1-285500850	Russell, Coleman and Taylor	700 2nd Street, New Matamoras, OH	US
S1-431727610	2053 Broadway Avenue Realty LLC	Rocky Mount, 2281 Bailey Street, NC	US
S1-329336272	Electricians Local 570	3500 Meridian, Unit #800, Puyallup, WA	US
S1-42128902	East Management Pvt Ltd	Rajasthan, Jodhpur, Khasra No. 216/1, Jodhpur, Narnadi	India
S1-219899489	Novora Blueport LLC	107 Koehler Drive, Middletown, OH	US
S1-447646523	Super 17 Diner	3041 Piney Grove Church Road, Siler City, NC	US
S1-908366238	Creative Legacy Schwab, Inc	1245 Willard Avenue, Decatur, IL	US
S1-485955432	Mileski Bny LLC	25931 Rustical Road, Katy, TX	US
S1-601352217	Martin Bright Flag LLC	7 Henry Place, White Plains, NY	US
S1-278318967	Rohrersville Agriculture	4236 Main Street, Rohrersville, MD	US
S1-435052769	City Engineering Private Limited	102, Salasar Garden Chs, Salasar Garden, Near Gcc, Vasai, Thane, Maharashtra	India
S1-241878918	Cardiology Metropolitan Partners LLC	44 Graham Street, Lunenburg, MA	US
S1-390397043	3511 Jefferson Place Owners Corp P.C.	200 Prairie Rose Pl, Solon, IA	US
S1-598186038	Million Robotics Private Limited	2Nd Floor, Office No.2H, Dr D D Sathe Marg, Prathna Samaj, Maharashtra, Navratna Building, Mumbai	India
S1-666039375	Green Avalanche LLC	OH, Findlay, 220 Laquineo Street	US
S1-459433544	Varshanth Estates Pvt Ltd	Ram Dulari Bhawan, Nav, Rastra Lane Rajendra Path, Phulwari, Patna, Bihar	India
S1-333182257	Hepburn Aria	59 Washington Avenue, Cincinnati, OH	US
S1-701113662	Renelle Torres Empire Electricity	80 Walnut Street, Unit 1, Abington, MA	US
S1-334809141	Oak Solutions LLP	78/A, Vengalraonagarhyderabad Hyderabad, Hyderabad, Telangana	India
S1-893070467	Brim Group	NY, Brookhaven, 121 Engelke Street	US
S1-586219709	KVK India Private Limited	B-Ii, H. No. 237 Second Floor, Vaishali, Ghaziabad, Uttar Pradesh	India
S1-350384999	Brigham, Kinnard and Rivera LLC	2132 Union Avenue, North Bend, OR	US
S1-987870292	Pace Trading Pvt Ltd	601, Our Gardenia Chs Ltd, C.S.M Road, Opp. Sona Hospital, Vakola Bridge, Santa, Cruz East, Mumbai, Mumbai City, Maharashtra	India
S1-724666975	Sree Technology	Flat - 1102 Plot -174, Sector -09 Tapovan Aura, Panvel, Raigarh(Mh), Maharashtra	India
S1-341768283	Hoffman and Fowlkes International LLC	2265 1100, Unit H202, West Haven, UT	US
S1-388452691	Gujarat It	2943/13, Iii Floor, Ranjeetnagar Near South Patel Nagar, New Delhi, South Delhi, Delhi	India
S1-575401754	Dynamic Estate Private Limited	05-10/2/G-2 Sai Enclave, Ranga Nagar Chintal, Rangareddy, Hyderabad, Telangana	India
S1-840085810	Lucky Nails	OH, 504 Main Street, Alliance	US
S1-400056842	North Construction Inc	5 Russell Drive, Unit Apartment B59, Mineola, NY	US
S1-881870935	Valley Innovative Crane	345 Lake Street, Minneapolis, MN	US
S1-820247282	One Tech Private Limited	No 11 5Th Street, Krishnan Nagar, Chennai City Corporation, Chennai, Tamil Nadu	India
S1-25071801	Thane Developers Private Limited	302, Anand Enclave Chs, Pipe Line Road, Louiswadi, Thane, Landmark: Near Apna Ghar Market S, Tore, Thane, Maharashtra	India
S1-633678444	Brightium Line	6 York Court, Baltimore, MD	US
S1-717141535	Joliet Family All Institute L.L.C.	6308 Blue Ridge Drive, Joliet, IL	US
S1-5547940	Aditiya Exports Limited	Sh-213 Tapi Arcade, Abrama Road, Chorasi, Surat, Gujarat	India
S1-512268914	Pipefitters Local Union 838	17419 Cricket Court, Beaverton, OR	US
S1-754360125	Mountain Care	2311 Lake Michigan Drive, Town Of Sturgeon Bay, WI	US
S1-426320818	Nutan Ventures Co	B-6, Dev Bunglows, B/H Silver Crust Bunglows, Sola Science City Road, Ahmedabad, Gujarat	India
S1-914379688	Anand Constructions	No 2/4, Eshwara Temple Road, Near Kumuran School Doddakallasandra, Kanakapura Main Road, Bengaluru, Bangalore, Karnataka	India
S1-271323039	Lingraj Producer LLP	2403-2404, Second Floor, Punjabi Basti Subzi Mandi (Trikona Park-Malka Ganj), Delhi, North Delhi, Delhi	India
S1-408348932	Jackson, Christensen and Blackburn Meshflow LLC	1947 775, Bountiful, UT	US
S1-118756651	Cline, Vasquez and Phipps Perfect	26224 State Hwy 58, Richland Center, WI	US
S1-328201629	All Detailing Co	21429 Hanstock Drive, Noblesville, IN	US
S1-280086809	Hyderabad Textiles Private Limited	5-9-189, 1St Floor, Office No.2 Lenaine Estate, Abids Road, Hyderabad, Telangana	India
S1-279072967	Surgical All Health	16549 Bramblewood Lane, Prince William County, VA	US
S1-64655235	My Tech Private Limited	3042, Third Floor, Eldeco County Sector-19, Kishora, Murthal, Sonepat, Haryana	India
S1-761842895	Codynus Inc	387 State Avenue, Unit Lot 509, Dickinson, ND	US
S1-400335406	Smart Ventures LLP	41, Shivtalla Street 1St Floor, Kolkata, Howrah, West Bengal	India
S1-814239373	Russell Interests LLC	1749 Bent Tree Circle, Unit Unit 19, Flagstaff, AZ	US
S1-585913990	Diaz's Innovative Analytics	327 Miriam Drive, Moyock, NC	US
S1-807242744	Select Tpg	280 140th Avenue, Town Of Beaver, WI	US
S1-634429546	Tatech Assets LLC	6727 Parsons Avenue, Arlington, MD	US
S1-38148888	Tri-State Institute of Technology	2130 Dewey Place, Bartlesville, OK	US
S1-865253226	James Churchill	Baton Rouge City, LA, 9591 Airline Highway	US
S1-97187464	Surya Hari Business Pvt Ltd	Ansh Orthopedic Centre, 10 Boring Bankatawa Road, Gorakhpur, Uttar Pradesh	India
S1-464212537	Best New Care Private Limited	C-803, 8Th Floor, Ats Bouquet, Sector-132 Noida Gautam Buddha Nagar, Noida, Gautam Buddha Nagar, Uttar Pradesh	India
S1-325800127	Holder's Anchor Couture	4527 Mountain View Road, Glendale, AZ	US
S1-745082969	Murphy Beacon Indonesia, Inc	915 Burdick Expressway, Unit Unit B, Minot, ND	US
S1-970895134	Rainier Community Services Care	13238 118th Avenue, Fl 1, Rainier, WA	US
S1-57566664	Surgical Care Associates LLC	2136 Dome Rock, Mesa, AZ	US
S1-286289134	Family Alliance	10 Schuyler Road, Clarkstown, NY	US
S1-918027298	Egan Montage	303 North Avenue, Unit Apartment 2, New Rochelle, NY	US
S1-981353763	Dalmia Treatment Private Limited	H No. 2, B-12 G F, Spring Field, Faridabad, Faridabad, Haryana	India
S1-553219012	DW Liberty Atlas LLC	1388 Pike Street, West Pleasant View, CO	US
S1-161570766	Cindee's Crystal Specialists LLC	Georgetown, 24 Central Street, MA	US
S1-498225770	Varela Australia	3061 Wahalla Lane, Phoenix, AZ	US
S1-568663126	Mera Studio Private Limited	701, Crown Heights Sector-10, Rohini, New Delhi, North West, Delhi	India
S1-962936319	Legacy Stores LLC	208 Rock Cliff Ct, Unit 1, Louisville, KY	US
S1-800879064	Innovative Media Private Limited	Plot No. 92, 1St Floor, Blk-G, Pkt 28, Sec 3 Rohini City, Delhi, North Delhi, Delhi	India
S1-977506901	Shiv Products	36C/1, Chowringee Road, 6Th Floor, Unit No. 605, Kolkata, Kolkata, Howrah, West Bengal	India
S1-142468424	Modzelewski Garden Inc	537 Chartiers Avenue, Canonsburg Borough, PA	US
S1-349086604	Dental Modern Health Associates	5979 Winston Place, Portage, IN	US
S1-465085326	Lynde Pacheco Choice Blackstone	9051 Saracen Drive, Pikesville, MD	US
S1-780670423	Prime Consultancy Private Limited	B/4/H/111, Rammohan Mullick Garden Lane, P.S Beleghata, Beleghata, Kolkata, Howrah, West Bengal	India
S1-761158782	Nilgiri Law Chambers Pvt Ltd	G-A, Court Chambers 35, New Marine Lines, Mumbai, Maharashtra	India
S1-245952202	Mountain Investment Inc	707 Utica Avenue, Akron, OH	US
S1-399430940	Bombay Energy	C/Otapan Kumar Chatterjee, Vill Hetampur, Dubrajpur, Birbhum, West Bengal	India
S1-207818474	Silver Infrastructure Private Limited	Cl-86, Salt Lake City, Sector - 2, Saltlake, North 24 Parganas, West Bengal	India
S1-654284223	Verryn Credit LLC	1064 Robert Smalls Way, Atlanta, GA	US
S1-606265557	Infinite Trading Pvt Ltd	1980/P2, Nr. Shree Vinayak Cold Storage, Malataj Road, Changa, Petlad, Anand, Gujarat	India
S1-392019050	Hasan Trust	2114 Tull Avenue, Unit Apt 10, Fayetteville, AR	US
S1-301670622	Wood Fresh Motor	364 State Highway 220, Alto, NM	US
S1-387328826	Shiv It	Super A5, Industria Estateguindy Guindy, Guindy, Chennai, Tamil Nadu	India
S1-463785182	Zest Brothers Clinic	290, 11Th Main, 4Th Cross, Nti Layout, Vidyaranyapura, Bangalore, Karnataka	India
S1-497242422	International International Pvt Ltd	Ga-11 Shivaji Enclave, Rajouri Garden West Delhi, Rajouri Garden, New Dehi, West Delhi, Delhi	India
S1-785129717	One Software Private Limited	Gd-87, Vishakha Enclave, Pitampura, Delhi, New Delhi, Delhi	India
S1-767821289	Krv Energy Private Limited	A/P Kadwal Plot No 540 Kalekarwadi Taluka Kudal, Kudal Sindhudurg, Sindhudurg, Maharashtra	India
S1-85747984	G 4 Cornerstone Concord	Woodbury, MN, Unit Unit F, 3630 Hazel Trail	US
S1-26478050	Hansa Associates Private Limited	C/O. Gulzari Lal 314 Civil Line, Lalitpur, Uttar Pradesh	India
S1-63819311	Southern Spruce Corp	Merced, 1179 Loughborough Drive, Unit 3, CA	US
S1-347024735	Gujarat Consultants LLP	Pl.No.14 And 18 B First Floor F.No. 104 Press Enclave Part Ii Vikasngr Uttam Ngr, Delhi, West Delhi, Delhi	India
S1-271559458	Sai Services Private Limited	Flat No 202, Vinita Co-Op H Ranjan Society C, Badlapur (W), Thane, Maharashtra	India
S1-365121990	Blackgold Travels Care	C/O Omkar Nath Pandey, Aabadi Jamin, Aerhe Lamahi, Varanasi, Uttar Pradesh	India
S1-75662436	Altis Trade Private Limited	213, Samarth Nagar, Sahnivas Bldg.2 Sant Janabai Marg, Vile Parle (East), Mumbai, Mumbai City, Maharashtra	India
S1-557594172	Health Council	1171 Horseshoe Drive, Backus, MN	US
S1-503972482	High Consultants Private Limited	Plot No.64 Golden Heights, Colony, Upperpally, Rajendranagar, K.V.Rangareddy, Telangana	India
S1-633455226	Solitaire Export	57, Phase V, Near Telephone Exchange Kphb, Kukatpally, Hyderabad, Telangana	India
S1-768340482	Angel Platinum Procap Inc	377 Fort Van Tyle Road, Greenville, NY	US
S1-116462797	Mountain Rio	Unit 7, 1 Main Street, Shirley, MA	US
S1-755054174	Rev It Up Ice Cream Inc	3635 Meadow Street, Dallas, TX	US
S1-838598431	Apex Retail Systems LLC	8596 S Point Drive, Stokesdale, NC	US
S1-15736757	Jones's Tattoo Inc	2730 Gateway Oaks Drive, Unit 120, Sacramento, CA	US
S1-702179180	Big 90 Hair Studio	152 Grand View Lane, Clinton, TN	US
S1-59753932	Roopin Oil Pvt. Ltd.	Plot No. F-172 A And B, F-173, Indraprastha Industrial Area, Road No. 3, Kota, Rajasthan	India
S1-583636538	Gb Hotel Pvt Ltd	Flat No.601, B-Wing, Heritage Plaza 28 Teligalli, Andheri (E), Mumbai, Mumbai City, Maharashtra	India
S1-840801826	Cmyk Builtech (India) Private Limited	3Rd Floor Sashank Avaas Apartment Shamrajapura Vidiyarayanapura, Bangalore, Flat No:309, Karnataka	India
S1-310252138	Signature Highland	829 Hall Street, Atlanta, GA	US
S1-618728145	Royal Research Brands Care	2088 B Texan Court, VA, York County	US
S1-323417543	Behror Mills Ltd	Near Prakash Dhram Kanta Ward No. 17, Alwar Road, Behror, Alwar, Rajasthan	India
S1-131326850	Hernandez Blue Biotechnology	1119 Southcenter Mall, Tukwila, WA	US
S1-911474372	Seven Technology Private Limited	C-201 East Avenue Apartments, Sec-73, Noida, Gautam Buddha Nagar, Uttar Pradesh	India
S1-153446626	Hopper Resolution LLC	15806 Sugar Maple Lane, Santa Fe, TX	US
S1-95641363	Seven Estate Private Limited	82/D, Shyamnagar Road, Police Station - Dumdum, Kolkata, Howrah, West Bengal	India
S1-898054877	Services Raviraj Legal Pvt. Ltd.	C/O Sumitra Devi 158 Bas, Stand Bigrahpur, Phulwari, Patna, Bihar	India
S1-254790864	Perfect Southern Infrastructure Private Limited	Shastri Nagar, Delhi, East Delhi, 56-57 Sunder Park, Delhi	India
S1-170723026	Southern Projects Limited	F.No B-202, Siddhi Pooja Residency, S.No. 35/6, P.No D-27, D-28, Anandwalli Rameshwar, Nashik, Maharashtra	India
S1-510354346	Sree Foods	15, 3Rd Floor, Ashraf Mahal, Opp. Rajkumar Cafeteria, 105, J.P. Road, Andheri West, Mumbai, Mumbai City, Maharashtra	India
S1-133321529	Dream Infrastructure Private Limited	H.No. 1-10-74/5/1, Ist Floor, Chikoti Gardens, Begumpet, Hyderabad, Andhra Pradesh, Telangana	India
S1-967029278	Sachin Experts LLP	C/O Sri Vishwesh Jamuar Kashi Takiya Bhaisasur, Biharsarif, Nalanda, Bihar	India
S1-656611209	Industries Sgm Tech Private Limited	Room No 4701, Town Hall Road, Kozhikode, Kerala	India
S1-27944282	Thane Solutions Private Limited	Plot No 2 3 4 Office 309, Sec-19A, Bombay Oil Seeds, Thane, Maharashtra	India
S1-479448317	Education Alliance Corp	Cherryville, NC, 1200 Marys Grove Church Road	US
S1-5086420	A Select Winvest	18051 Fairville Avenue, Cleveland, OH	US
S1-708628284	Sascha Delarosa, M.D.	26544 221st Place, Maple Valley, WA	US
S1-962591456	Smart Engineering Private Limited	Indeevaram First Floor, A Wing, Office No. 1A-4, Infopark Thrissur, Koratty P.O, Thrissur, Kerala	India
S1-498829905	Debbi Baker Bhav-Chaska	1108 Village Road, Unit Apartment 5C, Chaska, MN	US
S1-416222464	Urban Massage	3708 Cobbleridge Drive, Charlotte, NC	US
S1-589481618	Life Technologies LLP	H.No- 107 Ff, Right Hand Side Village- Begum Pur, New Delhi, South West Delhi, Delhi	India
S1-730652852	Theriot Aspac	712 15th Avenue, Camas, WA	US
S1-393170200	Cloud National Inflection	1241 Church Street, Elmira, NY	US
S1-294537786	Eastern Metropolitan Japan	152 5350, Washington Terrace, UT	US
S1-395476193	Anchor Apex Clinic	1610 Frankford Street, Unit 206, Washington, DC	US
S1-232636475	Shakuntla Group of Companies Private Limited	Ghandhi Chowk Nagar Nigam Road, Burhanpur, East Nimar, Madhya Pradesh	India
S1-186347944	A Creative Regency LLC	6141 Marshall Avenue, Otsego, MN	US
S1-772684691	GS Crest LLC	402 Bruner Street, Hinsdale, IL	US
S1-235407512	US Classic Cafe LLC	471 First Street, Fl Floor 2, Albany, NY	US
S1-902027408	W 4 Anchor Coffee Inc	308 Rowe Street, Pryor, OK	US
S1-55627818	Olivie Ford Octave PC	502 Willett Road, Waverly, OH	US
S1-938293766	Powell Therapeutics of Sterling	239 Park Drive, IL, Sterling	US
S1-19101747	GD Exchange Private Limited	4 G 11, Jawahar Nagar, Sriganganagar, Ganganagar, Rajasthan	India
S1-622654380	Guru Media Private Limited	H.No.1-8-1/67, Surya Nagar, Chikkadpally, Musheerabad, Hyderabad, Telangana	India
S1-852106091	White Products Pvt Ltd	#21, First Floor, Ist Main Maheshwari Nagar, Whitefeild Road, Mahadevapura, Bangalore, Karnataka	India
S1-253651009	Astra Polymer Private Limited	Howrah, Kolkata, 6A, Sovabazar Street, Ground Floor, Kolkata, West Bengal	India
S1-292012050	North American Spectral LLC	3102 28, Almond, NC	US
S1-908041136	White Developers Private Limited	130 Rajiv Nagar Panigaon, Lucknow, Uttar Pradesh	India
S1-928513297	North Dental Associates Inc	8036 Rogers Avenue, Winslow, AZ	US
S1-622892808	Smart Foods Pvt. Ltd.	4-7-256, Esamiya Bazar, Nanamiya Lane, Hyderabad, Telangana	India
S1-239329280	Laque	22508 38th Avenue, Bothell, WA	US
S1-60289215	Yan and Smith Suma, Inc	117 Knob Hill Road, Orchard Park, NY	US
S1-825623828	Womens Health Associates Inc	Pasadena, MD, Fl 0, 7721 Notley Road	US
S1-832905640	Chiropractic Partners Inc	274 Las Milpas, Green Valley, AZ	US
S1-577937558	Vikki Wong, DMD	3920 Puckett Creek Crossing, Unit 506, Murfreesboro, TN	US
S1-839573296	East Pyrophyte Inc	5 Casabella Drive, Fredonia, NY	US
S1-540080230	Mighty Impex Private Limited	11-5-338, Red Hills, Hyderabad, Nampally, Hyderabad, Telangana	India
S1-718926106	Rockville Cardiology	905 Crestfield Drive, MD, Rockville	US
S1-788549800	Nexova Braves Corporation	Hempstead, NY, 308 Linden Street	US
S1-944705335	Internal Medicine Ace Center LLC	316 Sarah Street, City Of Kaukauna, WI	US
S1-512756496	Brantley's Blue Cafe	3317 Warbler Way, Unit UNIT A, Bozeman, MT	US
S1-604174368	Smith Fuse Inc	10252 351st Avenue, Canton, MN	US
S1-230412109	Golden Logistics Private Limited	L 664 Block B 16 Ashiana, Dwarka (M Corp.), Jodhpur, Rajasthan	India
S1-577836055	Kasturi Bhandar LLP	Bangalore, No. 22, Sailagiri, Behind Looking Good Furniture Koramangala Inner Ring Road, Vivek Nagar, Post, Bangalore, Karnataka	India
S1-762785981	Phillips, Hernandez and Bradley Healthy LLC	2736 Couchman Road, West Liberty, OH	US
S1-117954284	Chalasani Investments Pvt. Ltd.	Door No. 58, Narayana Mudali Street, Ujjwala Complex, 2Nd Floor, Sowcarpet, Chennai, Tamil Nadu	India
S1-740445815	Baba Care Private Limited	C/O Vijaya Jaysingh Hiranwar Ground Floor Midc T Point, Amraoti Road Wadi, Nagpur, Maharashtra	India
S1-406538904	Pediatric Dentistry Health	1120 King George Court, Lenoir, NC	US
S1-505432783	Coastal Dental Associates Inc	7170 Taggart Place, Rancho Cucamonga, CA	US
S1-786249271	Renteria Precision Oxford P.C.	104 Grand Haven Drive, Jackson, TN	US
S1-503765044	M I Click Vornado Inc.	97 Fern Avenue, Nashville, TN	US
S1-772454489	Delhi Projects Private Limited	4540/42, Ground Floor, Shana Bazar, Cloth Market, Delhi, North Delhi, Delhi	India
S1-114839951	Superior Colonial Manufacturing Inc.	85-67 75 Street, Woodhaven, NY	US
S1-748027925	Pacific (India) Institute Private Limited	Marg Saidulajab Near Kher, H.In.Kh.No 293 S/Fwestern, South West Delhi, New Delhi, Delhi	India
S1-578975214	Rosita's Ice Cream	2 5093, Concho, AZ	US
S1-201754812	Downtown Hair Studio	887 Harold L Dow Highway, Eliot, ME	US
S1-788338472	Hyderabad Factory Pvt Ltd	3/6, Ground Flr, Soni Bunglow Mathuradas Road, Kandivali West, Mumbai, Mumbai City, Maharashtra	India
S1-648204456	Aryan Charitable Trust	Sadar, Sarfuddinpur, Azamgarh, Uttar Pradesh, Plot No-07	India
S1-351416583	Foot & Ankle Associates, Inc	808 Robindale Road, Blytheville, AR	US
S1-819830281	Cornelius Ultra LLC	Crouse, 4496 Crouse Road, NC	US
S1-95842439	Back Alley Seafood LLC	2500 River Heritage Boulevard, Prince William County, VA	US
S1-12887179	Chittorgarh Convergence Private Limited	Chittorgarh, Shop No. 44-45, Chittorgarh, Rajasthan, Hare Krishna Avenue Appartment Meera Market, Police Kotwali Ke Piche	India
S1-711584644	C 3 W Pegasus LLC	915 Hearn Street, Gallatin, TN	US
S1-866437830	Burell, Rowland & Smith	206 Landon Trail, Jonesborough, TN	US
S1-259705304	Mahavir & Sons Corp	56 Bada Sarfa, Indore, Madhya Pradesh	India
S1-256471835	Dallas Qdro Inc	3219 Pickbury Drive, Cincinnati, OH	US
S1-188101831	Greater Noida Producer Co	Shop No.1, Aichar, Greater Noida Gautam Buddha Nagar, Greater Noida, Gautam Buddha Nagar, Uttar Pradesh	India
S1-632522116	Green Agro Pvt Ltd	Antarmann, 13 Soham Park Bicholi Mardana, Opp Pragya Girls School, Indore, Madhya Pradesh	India
S1-42342530	Clarke Optimal Commerce, Corp	1700 Andrew Avenue, Unit 2D, La Porte, IN	US
S1-913795647	Rocky Montessori School	1398 Balsam Trail, Shakopee, MN	US
S1-451636334	Data Medical Union PLLC	IL, Cary, 61 Pine Circle	US
S1-966136253	Interstate Federation	9938 Kittywood Drive, Cincinnati, OH	US
S1-787462445	Ekaterina Hall, DO	58 Crabwood Court, Youngstown, OH	US
S1-312356498	Atlantic Superior	111 Montoya Place, Socorro, NM	US
S1-159472873	Forte, Betts & Southard	5900 Riverside Drive, Austin, TX	US
S1-185034069	Priyanshi & Co	Diamond Prestige, 41A, A.J.C. Bose Road, 10Th Floor, Kolkata, Kolkata, Howrah, West Bengal	India
S1-666048106	Mcsweeney Interstate Regional	17025 Woodstock Drive, Tinley Park, IL	US
S1-719263554	Atlas Inc	17 Wesmur Road, Malden, MA	US
S1-77210087	Kbr Seva Samiti	P No-1 Kh No-165, Lonapur Gomti Nagar, Lucknow, Uttar Pradesh	India
S1-197662396	Q I & G Garden Group	4260 Hickory Grove Drive, TN, Memphis	US
S1-7207747	Memorial Initiative VI, Inc	27 Butternut Circle, Unit Lot 12, Orchard Park, NY	US
S1-794106090	Vanguard Legacy Gladstone LLC	MD, Baltimore, 5110 Springlake Way	US
S1-251616691	Trading Skills Private Limited	D-7/1, Okhla Industrial Area, Phase- Ii, New Delhi, South Delhi, Delhi	India
S1-855985289	Reliable Environmental Ventures	370 Log Town Road, Ansted, WV	US
S1-391870100	Four Traders Private Limited	85, Anand Vihar Bunglows, I.O.C, Tragad Road, Gandhinagar, Ahmedabad, Gujarat	India
S1-211745744	Anchor American Era Inc	TX, 513 Ryan Road, Dallas	US
S1-77249733	Metropolitan Project, LLC	2325 Huron Street, Durham, NC	US
S1-170488110	Nollie Proffitt Anchor Neighborhood LLC	400 Degeorge Circle, Unit Unit 6, Greece, NY	US
S1-721862618	Alaska Green (India)	Office No 207, 2Nd Floor, Durga Tower Rdc, Ghaziabad, Uttar Pradesh	India
S1-150700517	Guinevere Persaud, D.O.	1393 Woodcutter Lane, Wheaton, IL	US
S1-263370515	Inder Institute	Fl.2 Pramegh Appt Kalptar, Wadala Rd. Dwarka, Nashik, Maharashtra	India
S1-49926379	Twisted Tattoo	Baileyville, 403 Center Street, IL	US
S1-478391710	Foods Arpan Property Private Limited	17-B, Small Scale Industrial Area, Kota, Rajasthan	India
S1-489963371	S/L Mfa LLC	15415 Maranatha Avenue, Chesterfield County, VA	US
S1-647498853	Pardarshi Commotrade Ltd	H.No. 5-3-32 To 39, Second Floor, Goshamahal, Nampally, Hyderabad, Telangana	India
S1-682073897	Oncology Peak Group	4708 Raulston Falls Road, Jasper, TN	US
S1-50099056	Capital Committee	Cottondale, 7800 Lake Judson Road, AL	US
S1-477084476	Reimagine Stones Private Limited	1, Bhakt Prahlad Nagar, Gangwal Bus Stand, Indore, Madhya Pradesh	India
S1-68798705	Fortune Exports Limited	J-390 T/F Kh 209 G.No 15, Vijay Mohalla, Maujpur, East Delhi, Delhi	India
S1-62959657	Butterfly Group	Maharashtra, Flat No 8 Ganga Darpan Iidutt Mandir Road Tingre Nagar Vishrantwadi, Pune	India
S1-766149571	OQ Tour Associates	House No 282, Block B, Derawal Nagar, New Delhi, North West, Delhi	India
S1-494065835	Sosa, Shari, MD, P.C.	1472 George Washington Boulevard, Unit 5, St George City, UT	US
S1-760738690	Southern Dynamic Systems Private Limited	4/1 Doctor Alne, Calcutta, Kolkata, West Bengal	India
S1-945869484	Technology Sv Treatment Private Limited	Ground Floor, Tangy Apartments, 34 Dr P V Cherian Road, Egmore, Chennai, Tamil Nadu	India
S1-596263081	Gold Investment Private Limited	21-6-454, Gandhi Bazar, Hyderabad, Telangana	India
S1-805487895	Certified Construction Global LLC	Phoenix, 8330 19th Avenue, Unit 1070, AZ	US
S1-113315593	Gabrielle Smith, D.O.	311 8th Street, Unit Apt 613, Little Rock, AR	US
S1-143464849	Heritage Fellowship Corp	27 Rolling Hills Drive, Florissant, MO	US
S1-42227249	Direct Pioneer Neurosciences LLC	324 Claxton Creek Road, York County, VA	US
S1-634888581	Cardiology Frontier Group	15 Myrtle Avenue, Cambridge, MA	US
S1-30811509	Campbell Total LLC	18042 24th Avenue, Phoenix, AZ	US
S1-67692894	Upper Peak Kpet Partners	13230 9, Snohomish, WA	US
S1-89982203	Gulf Association VI Inc	16201 Cumberland Cove Road, Madill, OK	US
S1-917221645	Eckhoff, Burke & Sundaram Stellar, LLC	340 Regent Street, Unit Apartment 6B, Port Chester, NY	US
S1-504300314	DZ Oceanhawk LLC	520 Turner Street, Eden, NC	US
S1-102529223	Quantio Chimera LP	4782 Caterpillar Drive, Fontana, CA	US
S1-755325299	Education Committee V	459 10th Avenue, Junction City, OR	US
S1-271852106	Cyndi N. Lee, Ph.D., PC	720 Kirby Road, Milton, WV	US
S1-18209384	Bright Wireless Technologies	949 Lagrange Street, Boston, MA	US
S1-915453033	Black Foods Private Limited	No. 2, Ashok Avenue, Westend Green, Rajokari, New Delhi, Delhi	India
S1-120244078	Vanguard	5503 Castle Mountain Court, Yakima, WA	US
S1-603888220	Compass LLC	13355 Mill Court, OR, Portland	US
S1-606304356	VV Control Limited	15, Third Floor, Street No.2, New Guru Nanak Nagar Near Ganesh Mandir, Ludhiana, Punjab	India
S1-654066899	Black Power Private Limited	F-9, Jangapura Ext., Delhi, North Delhi, Delhi	India
S1-65994580	Horizon Property Dynamics LLC	2308 Leisure World, Mesa Desert, AZ	US
S1-348157511	Star It Private Limited	Vill-Jat Mujhera 10.6 Km Stone Bhopa Road, Muzaffarnagar, Uttar Pradesh	India
S1-59949358	Stidham Ventures, Inc	501 Ave D, Unit 501, Ralls, TX	US
S1-173013164	Kimberlyn Hostetler Wen LLC	6501 Siltstone Loop, Killeen, TX	US
S1-34045832	Federal Seafood	25805 St Catherine Avenue, Buckeye, AZ	US
S1-82696669	Anchor Solutions Private Limited	No.62/1, 1St Floor, Thiruvallur Rd, Gundumedu, Poonamallee, Tiruvallur, Tamil Nadu	India
S1-327484659	Pinnacle Transport Inc.	9819 208th Street, Lakeville, MN	US
S1-212870252	Cardiology Custom Medicine Co	37 Cavalier Lane, Brookhaven, NY	US
S1-272018858	Netti's Systems	3573 Monsols Drive, Florissant, MO	US
S1-404322030	Downs Managers Inc	850 Jenkins Court, Wheeling, IL	US
S1-720485024	Continental Center	1602 Butler Street, Port Angeles, WA	US
S1-299326343	South Minerals	251 74 Street, Brooklyn, NY	US
S1-122946011	Woodward Rithm Corp	1609 S Street, KS, Belleville	US
S1-907968268	Western Montessori School	2100 Ws Young Drive, Unit 1376, Killeen, TX	US
S1-812012468	Life Foundation	Fno- 301, Shobha Complex Gorakh Nath Lane, New Capital, Patna, Bihar	India
S1-213677777	Bluebird Studies Limited	Punjab, Near Khera Vill. Nabha Sahib, Dialpura, Mohali, Sas Nagar, Hno 74	India
S1-417427401	JW Constructions Ltd	A-1107, Solitaire Park, Nr. Divya Bhaskar Press, S. G. Highway, Ahmadabad City, Ahmedabad, Gujarat	India
S1-297273085	Eye Care Associates LLC	6016 Parkland Court, Unit 102, MD, District Heights	US
S1-264545355	Iowa Park Arts Liberty Alliance	502 Texas Avenue, Iowa Park, TX	US
S1-249769235	Berty Tucker Idea LLC	900 Cabriolet Street, Bentonville, AR	US
S1-736272414	Prime Services Private Limited	333, Udyog Kendra, Extn-Ii Greater Noida, Noida, Gautam Buddha Nagar, Uttar Pradesh	India
S1-377186696	Alvarez Prairie Leapfrog LLC	18902 Peony Manor Lane, Tomball, TX	US
S1-992238198	Balaji Producer Private Limited	Door No. Xiv/847, Kurups Tower Kodimatha P.O, Kottayam, Kerala	India
S1-221955669	White Foundation	1St Main Road, Flourmill Road Krishnappa Layout Rmv 2Nd Stage, Karnataka, Bengaluru, Bangalore, 53	India
S1-209211298	Lopez Summit Rain	1948 Hwy 35, Rockport, TX	US
S1-908036074	Teor Blue Advisory, PC	208 Waylan Ridge Lane, Madison, AL	US
S1-763417726	Urgent Care Apex Group	1220 5th Street, Kansas City, MO	US
S1-139437754	Literacy Fund	629 Ridge Avenue, Bucyrus, OH	US
S1-204014600	Mccubbin, Bradley & Murphy	202 South Street, Unit A, Liberty, IN	US
S1-813646057	Shree Hospital Private Limited	C/O Adamali Dedanwala, 7 Coqureshi Manzil, 1St Floor, 120 Masjid Street, Bapu Khote, Mumbai, Maharashtra	India
S1-725265924	PO Media Private Limited	Meera, Sr. No. 25/4/25, Gangasrushti, New Gunjalwadi Road, Sangamner, Ahmed Nagar, Maharashtra	India
S1-151619202	Mumbai Bio Pvt Ltd	309, Mumbai, Maharashtra, Mumbai, Floor-3, Plot-221, Maker Chamber V, Jamnalal Bajaj Marg, Nariman Point	India
S1-854642167	Sikora Hall LP	MA, Somerville, 64 Grant Street, Unit 3	US
S1-453915349	Thrissur Estates Corp	No.38/984-22, Jma Trade Centre, Poothole, Thrissur, Kerala	India
S1-777012858	Krishna Infrastructure Private Limited	C/O Rasik Dhanji Bhanderi Vill Jam Kandorna Tal, Jetpur, Rajkot, Gujarat	India
S1-853675965	Aprilette's Massage	1820 45th Street, Phoenix, AZ	US
S1-796960509	Upper Smart Medical	518 Broad Street, Blair Township, PA	US
S1-123474388	Alejandra Gonzalez Barings Inc	Crosslake, 36037 Bonnie Lakes Road, MN	US
S1-929656986	Arihant Systems Private Limited	A/P- Kasegaon 43-10 Walwa, Sangli, Maharashtra	India
S1-402656023	Joiner Phoenix LLC	Unit 28, Lake Havasu City, AZ, 1989 Mesquite Avenue	US
S1-555069736	Global Retail Networks Inc	30 Main Street, Jacksonville, OH	US
S1-960510068	Sterling Foundation Private Limited	No.1572 7Th Main Road Rpc Layout Vijaya Nagara, Bangalore, Karnataka	India
S1-276736745	Complete Atlantic of City Of Janesville LLC	4262 Prairie Fox Drive, City Of Janesville, WI	US
S1-697737222	Sector -45 Fresh Private Limited	615P, Sector 39, Near Med, Sector -45, Gurgaon, Haryana	India
S1-823108101	Haridra Holdings Associates	C-20/1-95, Nai Pokhri Ramakant Nagar, Pichas Mochan, Varanasi, Uttar Pradesh	India
S1-381598905	Commission on Health	1223 Chaumont Avenue, Dauphin Island, AL	US
S1-759221011	Salazar Piedmont Processing LLC	4043 Flintwood Court, Silverdale, WA	US
S1-597550328	Gopal International LLP	F-1, Silver Anklet Chs Ltd., Cts-261 Yari Road, Versova, Andheri West, Mumbai, Mumbai City, Maharashtra	India
S1-301604447	Linkwell Institute of Technology Corp	101B, Amritpuri-B East Of Kailash, New Delhi, South Delhi, Delhi	India
S1-315233941	Creative Precious	232 Fairview Road, Luray Town, VA	US
S1-311556946	Surgical Bright Partners	20 Fourteenth Street, Watervliet, NY	US
S1-833648635	Surya Global Consultants Private Limited	No:318, 13Th Cross West Ofchord Road, Bangalore, Karnataka	India
S1-387118247	Lane Miluna	9526 Bundy Lane, Houston, TX	US
S1-501382784	Jaybee (India) Services Private Limited	Haveli, Maharashtra, 2Nd Floor Vishwesh, Bungalow Pushpak Park Lane No 2, Office No 3, Pune	India
S1-236995042	Kk Electric Center	5428/70, S/F, Reghar Pura, New Delhi, Central Delhi, Delhi	India
S1-75898726	Mcdonald Interests Inc.	10319 Massie Street, Unit UNIT 302, Manassas City, VA	US
S1-340282298	Ramey, Victoria F., Ph.D. Group	918 Lindsey Street, Unit B, Reidsville, NC	US
S1-725531981	West Growth LLC	17 Sullivan Place, Millbury, MA	US
S1-242272323	Blue Auto Body! LLC	220 Bell Road, Unit 2128, Phoenix, AZ	US
S1-433293163	Clean Horizon Navigation	3 Library Court, Gaithersburg, MD	US
S1-771471923	Digital Education Works	8566 Canyon Road, Union Twp, OH	US
S1-323216564	Velazquez and Gross Reit, Inc	14934 Forestgrove Avenue, Central City, LA	US
S1-609361667	Jolene Lee Frequency Inc	2305 Ridge Road, Unit 206, Rockwall, TX	US
S1-746739462	24HR Homecare, LLC	615 Schmelz Drive, Eureka, MO	US
S1-195342481	Harbor Analytics LLC	2005 Hardshell Caney Road, Clayhole, KY	US
S1-514784307	Suarez American Hospital	NC, Denver, 6274 Willow Farm Drive	US
S1-994186913	Rolston, Swafford & Mangat Inc	5581 4015, UT, Taylorsville City	US
S1-62039488	Shiva Energy Private Limited	Flat 205, Sai Madhura Enclave 9Th Cross, J P Nagar I Phase, Bangalore, Karnataka	India
S1-281993092	Best Consultancy Limited	194, Flr-19, Plot- 40, 87, Venus Bldg Gd Somani Marg, Mumbai, Maharashtra	India
S1-242290130	Mcdonough & Esparza	Fairfax County, VA, 14015 Eagle Chase Circle	US
S1-807214720	Life Consulting Private Limited	Vp/11/1033 Kozhikode Rd, Edavannappara, Ernad, Malappuram, Malapuram, Kerala	India
S1-158599033	Minerva Well Private Limited	Room No.C/6, Plot No.519, Shiv Shrushti Chs Ltd Sector-5, Nr Jain Derasar, Charkop, Kand, Ivali West, Mumbai, Mumbai City, Maharashtra	India
S1-178246268	Trusted Textile Networks LLC	19157 Old Logging Road, MO, Glencoe	US
S1-765050008	Hitech Energy Private Limited	C/O Rais Ahmad, New Basti, Thakurdwara Mordadabad, Moradabad, Uttar Pradesh	India
S1-353667696	Trade Consultancy	132 1St Floor Gundecha Indlestate, Akurli Road Nr Western Express Highway Kandivali(E), Mumbai, Mumbai City, Maharashtra	India
S1-839528854	Ram Foundation	C/O Prakash Pandharinath Somase House No 6/2 At Kinalha, Aurangabad, Maharashtra, Gangapur	India
S1-497046603	AA Star Qdro of Skiatook	7953 Zink Ranch Road, Skiatook, OK	US
S1-156998275	South Agro Private Limited	410, Triniti Mall, Swej Farm New Sanganer Road, Jaipur, Rajasthan	India
S1-522618813	Balaji Engineering Private Limited	No.27-21-16 Kaleswari Rao Roadgovernerpet, Vijaywada-2, Vijayawada (Urban), Krishna, Andhra Pradesh	India
S1-248213091	Davis's Media LLC	329 Murray Hill Drive, Montpelier, VT	US
S1-851155756	Lucknow Logistics Private Limited	64/11, Garahia Rasool Khan Lal Kuan, Lucknow, Uttar Pradesh	India
S1-555303238	Sherwood Educational Society	Sno134/4A 134/4B 134/4C/9, Basant Bahar, Pashan, Pune City, Pune, Maharashtra	India
S1-445878411	Tallent Royal Safeguard LLC	4554 Paradise Village Parkway, Unit 263, Phoenix, AZ	US
S1-465948179	Imagine Traders Private Limited	B-13Vasant Marg Vasant Vihar, New Delhi, South West, Delhi	India
S1-759838288	Gleason, Childers and Barnes Strategy LLC	222 County Road 297, Canjilon, NM	US
S1-953862836	UJ Trade Private Limited	3Rd Floor, Jalandhar, Punjab, Magnum Mall, Opposite President Hotel Police Line Road	India
S1-28159865	Brar and Urban LLC	2221 Power Dam Road, Defiance, OH	US
S1-656272170	Hoover and Goulet Nova	486 Heatherwood Court, Bolivia, NC	US
S1-9212356	Aile N. Hudson, L.C.S.W.	940 Manzanita Drive, Barstow, CA	US
S1-659050531	Valenzuela Telephone Inc	702 Meridian Road, AZ, Unit 143, Mesa Four Peaks	US
S1-176237690	Eastern Equity Associates	230 1st Street, White Swan, WA	US
S1-289636455	Valley Society	146 Main Street, Canfield, OH	US
S1-346624528	Beacon Workshop LLC	10527 Trailhead Court, Gold Canyon, AZ	US
S1-544307591	Valley Metro Architecture LLC	3317 Linwood Lane, Ankeny, IA	US
S1-361602027	Baldwin Star Innovations P.C.	10748 Leebur Drive, Fl 0, Saint Louis, MO	US
S1-679059958	Barbie A. Talbott, M.D., P.C.	2016 49th Street, IN, Anderson	US
S1-854726272	Memorial Program	694 Cactus Street, AZ, Somerton	US
S1-469582809	Hodzic's Restaurant	45 Broadway Street, Salt Lake City, UT	US
S1-587305490	Internal Medicine Associates	382059 1180 Road, Wetumka, OK	US
S1-606533779	Mavra H. Gentner, M.D., DDS PC	270 Illinois Avenue, Southold, NY	US
S1-570605954	Mercantile Solutions Private Limited	Shop No. 111, Plot No. 7, Road 18 Sector-1, Prajapati Cascade, New Panvel, Raigarh, Maharashtra	India
S1-480412046	Vijay Business Private Limited	No.92, Adarsh Palm Retreat, Devarabisanahalli, Outer Ring Road, Bangalore, Karnataka	India
S1-661912514	Creative Trusted Aluminum L.L.C.	315 Whiley Avenue, Lancaster, OH	US
S1-374979431	Twisted Barbershop PC	3331 Main Street, Coventry, CT	US
S1-511085769	Mccullough Peace	35 A Dedham Street, Boston, MA	US
S1-295613335	Aditita India Company	H. No. F-24/329, Phase- 2, New Jawahar Nagar, Batala Road, Amritsar, Punjab	India
S1-688692520	Henley and Edwards LLC	1676 27, Fort Payne, AL	US
S1-259630467	My Agro Limited	Punjab, Shop No. G-17, Ludhiana, Oasis Complex, Guru Nanak Dev Bhawan, Near Bharat Nagar Chowk, Ludhiana	India
S1-442516615	Pediatric Rapid Group Partners	14 Woodstock Avenue, Clarendon Hills, IL	US
S1-952007227	RJR Protection Ltd	B/H Sardar Est Nr. Sonalwatika Society, Gujarat, Vadodara, 1-Krushna Nagar	India
S1-241132350	Panskura Design Limited	C/O Sk Samshu Doha S/O-Sk, Soleman, Maroberia, Panskura, East Midnapore, West Bengal	India
S1-562376002	Environmental Direct Network	20 Woodland Drive, MA, Lowell, Unit 313	US
S1-106219189	Dental Partners LLC	315 Airport Road, Livingston, TN	US
S1-976066964	Jarlon Net Inc	3945 Grossbeak Drive, Concord, NC	US
S1-537275388	Figueroa Quality Cion Associates	1229 Deloss Street, Indianapolis, IN	US
S1-774520755	Maxwell Prairie Northwest, LLC	12012 Maple Court, Claremore, OK	US
S1-871048050	Predictive International School	317, 318, 319, 320 Kher Nagar Ninad Chsl Bldg. No. 7, M.H.B. Colony, Kher Nagar, Bandra (E), Mumbai, Mumbai City, Maharashtra	India
S1-57345558	Hawkins Empire Inc	2152 Commons Road, Reynoldsburg, OH	US
S1-992221447	Royal Enterprises Pvt Ltd	No.A-109, 3Rd Main, Peenya Ii Stage, Peenya Industrial Area, Bangalore, Karnataka	India
S1-388233573	Infrastructure Stellar Logistics Co	10&11 Plot No-24 Common Aasha Residancy, Madha Colony Near Rama Udyan, Mira, Sangli, Maharashtra	India
S1-102796074	Swamy (india) (India) Pvt Ltd	Plot No 01 Vijayshree App, Jawahar Housing Society, Kamthi, Nagpur, Maharashtra	India
S1-187851978	Tran Gulf Briacell	Edina, MN, 3268 76th Street	US
S1-247976288	Forever Centre Private Limited	Bhayandar, Thane, A/402, Sai Parag Enclave Chs Ltd., Shirdi Nagar, Navghar Phatak Road, Nr Sai Baba Mandir, Maharashtra	India
S1-682317814	Ojeda Pediatrics	119 Ryleigh Lane, White Sulphur Springs, WV	US
S1-845129432	Clean Commodities	7303 Underwood Arbor Place, Cary, NC	US
S1-12644946	GYA Paws Private Limited	Main Shipra Path Road, Near New Atiesh Market, Mansarover, 14/120, Rajasthan, Jaipur	India
S1-802530322	Hosur & Brothers	House No- A-67, Kh No- 139/2 Jai Vihar Nangloi, Delhi, West Delhi, Delhi	India
S1-458621535	Bidyne, Inc	1491 Oakencroft Lane, Goochland County, VA	US
S1-972480704	Blythe's Keystone Investments	8322 Cypress Drive, Charlestown, IN	US
S1-264626269	Campbell & Moua Care	533 Wilkinson Street, Kill Devil Hills, NC	US
S1-249964363	Shyam Products Pvt Ltd	Iind Floor, 96 Officers, Campus, Sirsi Road, Jaipur, Rajasthan	India
S1-710226420	International Finance Private Limited	84/103Ab G.T. Road, Kanpur, Uttar Pradesh	India
S1-672966575	Imelda's Optimal Homecare	780 Arbor Court, AL, Mobile	US
S1-659450866	Subhash Producer (India) Limited	Delhi, 27/7 Shakti Nagar, North Delhi	India
S1-750609877	Rama Marg Najafgarh Road Consultancy Private Limited	70/A-10, Delhi, Rama Marg Najafgarh Road, New Delhi	India
S1-53027256	Surgical Heritage Associates LLC	4 Delores Way, Nitro, WV	US
S1-938762822	Life Projects Private Limited	Delhi, 4257/2, West Delhi, Tri Nagar, Jai Mata Market New Delhi	India
S1-929259410	Dental Vanguard Physicians	2624 21st Street, Altoona, IA	US
S1-622196834	Shakti Safety Private Limited	H.No.5-6-17 Bottuguda, Vaalmiki Nagar, Nalgonda, Telangana	India
S1-948129474	Mountain Bankshares	2369 Fairway Drive, Peru, IN	US
S1-52325438	First Clean Empire Inc	250 Hallam Avenue, Washington City, PA	US
S1-786268248	SE Marketing Pvt Ltd	Plot No 11 Floor Ground Pkt J Sec 2 Landmark Na Dsidc Bawana Dsidc, New Delhi, North West, Delhi	India
S1-820472213	Gulf Equity Partners	5310 Dow Lane, El Paso County, TX	US
S1-982451785	Ankleshwar Rashmi Pvt. Ltd.	Plot No 221, 222 G.I.D.C. Ankleshwar, Dist. Bharuch, Ankleshwar, Bharuch, Gujarat	India
S1-614256818	Money (India) Export Private Limited	House No. 19, 3Rd Floor, Block-E, Pocket 2, Sector-7, Rohini, New Delhi, North West, Delhi	India
S1-40340515	Dewdrop (India) Jewellery Ltd	Ward No 2, Ashish Colony Juna Dhamangaon, Dhamangaon Rly, Amravati, Maharashtra	India
S1-666471363	Salwan Sciences Limited	Office No. 05-022, Mgf Metropolis, Sector 28, Mg Road, Dlf Qe, Gurgaon, Haryana	India
S1-931577411	A Rapid Lane	4319 125th Avenue, Portland, OR	US
S1-235560588	Williams Properties	MA, 2 Ashford Court, Boston	US
S1-80117764	Gold Systems Limited	Plot No 64 To 74, Parekh Industrial Estate-2, Surat-Bardoli Road, Tantithaiya, Palsana, Surat, Gujarat	India
S1-245222672	Peak Biotechnologies Associates	309 Boston Place, Bismarck, ND	US
S1-768015158	Gonzales Globa Aurora	935 Moneta Avenue, Aurora, OH	US
S1-119684165	Ridge Institute Inc	564 600, Salt Lake City, Unit 6, UT	US
S1-829278813	Dresser Multimedia	5108 Fourth Avenue, Evansville, IN	US
S1-356666563	Ci Educational Society	A-11, Paras Nagar Society, Op. Divyanayan School, Rander, Surat, Gujarat	India
S1-184681333	India Rishab Info	Unit 401, 388, Cinoti Woods Edge, Amarjothi Layout, 2Nd Main, 2Nd Cross, Domlur, Koramangala Inner Ring Road, Bangalore North, Bangalore, Karnataka	India
S1-681871507	Balaji Tech Pvt Ltd	Near I.T.I., Factory Area, Bassi, Fatehgarh Sahib, Punjab	India
S1-924305663	Elsinore More, L.C.S.W. LP	81 Green Acres Lane, Thompson, CT	US
S1-100741097	Vs Import Private Limited	Jasmine Tower 31, Shakespeare Sarani, 6Th Floor, Room, No.-605, Kolkata, Howrah, West Bengal	India
S1-253078550	5-Sons	6475 Cooper Road, Cincinnati, OH	US
S1-986254363	Tobi Fletcher, DDS, M.D., P.C.	3306 Kossuth Street, Butte-silver Bow, MT	US
S1-20423837	Gisela Hutto, M.D.	1315 Poplar Flat Road, Bardstown, KY	US
S1-525573204	Callida Martin Blueport Corp	250 Squirrel Lane, Whitefish, MT	US
S1-437345559	Great Consulting Private Limited	905, City Centre-2, B/S Heer Party Plot, Nr. Shukan Mall, Science City Road, Sola, Ahmedabad, Gujarat	India
S1-353529808	Kristi James Pacific Mckinley, Inc	2202 Stori Lane, Valparaiso, IN	US
S1-732890689	Cancer Fellowship	3528 Standing Stone Drive, Nashville, TN	US
S1-431855380	Lawler, Martina, CPA	1 New Pond Way, Easton, MA	US
S1-4979758	Cube Promoters Private Limited	Bihar, Ward No-06, Samastipur, Harilochanpur, Harpur Barheta	India
S1-311938351	Keystone Marketing Labs	Troutman, NC, 235 Winter Flake Drive	US
S1-285035098	Siddharth Lifestyle Private Limited	66 A/2 Kankulia Road Lp-Service U/G Flat B, Kolkata, Howrah, West Bengal	India
S1-261710090	Nicholson & Evans Ftai	12 Westland Avenue, Plattsburgh, NY	US
S1-178090797	Zephan Kogyo LLC	10466 Betty Court, Rosemont, IL	US
S1-509638668	HK Permian LLC	316 Florida Avenue, Orange City, IA	US
S1-906896604	Superior Design Partners Corp	1371 Cemetery Road, Jerome, AZ	US
S1-781655663	New & Partners	210, Shivalik Shilp, Iskcon Cross Roads, Ahmedabad, Gujarat	India
S1-72494968	Mars Trademart (India) Private Limited	Vill-Sagunahan, Uttar Pradesh, Varanasi, P. O. Babatpur, Lbs Airport Babatpur, Varanasi	India
S1-365924748	Ardine Kelly Metro Fact LLC	5901 278, Sulligent, AL	US
S1-271204076	Grand Investments LLP	13 F Cross, Siddappa Garden Chunchagatta Main Road, Jp Nagar 7Th Pha, Se, Karnataka, Bangalore, #27	India
S1-552431803	Bright Healthcare Private Limited	Office No. A-1806, Tower-A, 18Th Floor, Spectrum@Metro, Phase-1, Sector-75, Noida, Gautam Buddha Nagar, Uttar Pradesh	India
S1-84804526	IGS Machines LP	301 Park Avenue, Craigsville, WV	US
S1-939212467	Better Agricultural Worldwide	15460 99th Avenue, Sun City, AZ	US
S1-405649992	Kolkata Farms Pvt Ltd	8, Hochiminsarani, 3Rdfloor, Roomno.28/07Harringtonmansion, Opp:Americanembass, Y, Kolkata, Kolkata, Howrah, West Bengal	India
S1-479910651	All Infra Pvt Ltd	S.No.465/A-16, Samarth Ngr, Gokuldham Road, Jalna, Maharashtra	India
S1-959741504	Krishna Life Projects Private Limited	1248, Amreli, Gujarat, Mochiwad, Mafat Plot Village Jafrabad, Jafrabad	India
S1-781102311	Raj Ventures Private Limited	Bangalore, Flat No.B-803, Karnataka, Bangalore, B Block, Meenakshi Classic Apartment 27Th Main, H.S.R Layout, Sector-1	India
S1-129427038	Mastrangelo Pet Care LLC	19015 36th Avenue, Lynnwood, WA	US
S1-816490429	Rapid Cloud Collective	542 8th Street, Newport, TN	US
S1-541561117	Shiva Technology Private Limited	H.No Fc-111, Sanjay Gandhi Memorial Na, Faridabad, Haryana	India
S1-168609388	Catech LLC	7211 Cypress Breeze Court, Spring, TX	US
S1-536437562	Mangalmay Aadarsh Private Limited	Comman M No. 147, Vishwakarma, Bldg Nr. Walhekar Mill, Pune, Maharashtra	India
S1-418286873	Solos Realty Inc.	805 95th Street, Redmond, OR	US
S1-371635637	Mendez, Xu and Aguilar Associates	11 Fox Hill Road, CT, Pomfret	US
S1-353605317	South White Infra Private Limited	Maharashtra, Mumbai, Mumbai City, Shop No. 04 Ramgad Nagar, P.K. Road, Mulund (W), Surya Electricals	India
S1-82328195	Silver Agro Private Limited	411, Safal Prelude, B/H. Ashwaraj Bungalows, 100Ft. Road, Prahladnagar, Vejalpur, Ahmadabad City, Ahmedabad, Gujarat	India
S1-459768778	Consolidated Trading Innovations	656 Vt Route 15, Underhill, VT	US
S1-945806697	MG Education Private Limited	5, J.B.S. Haldane Avenue Flat No.-5B, Block-3, Kolkata, Kolkata, Howrah, West Bengal	India
S1-809086696	Laxmi Business Limited	Pn No 19 Sy No 18 Second Floor, Block A And B Vaishnavis Cynosure, Seri Lingampally, K.V.Rangareddy, Telangana	India
S1-618700975	Federal Best Mfa Inc.	TX, Del Valle, 7905 Timber Hills Drive	US
S1-419950503	Verrify Spa Associates	115 Brookline Street, Unit 2, Worcester, MA	US
S1-65706027	Laxmi Foundation Private Limited	No. 114, Thiruneermalai Main Road Nagalkeni, Chrompet, Chennai, Tamil Nadu	India
S1-346982946	Gonzalez Medical Center	29 Weed Avenue, Staten Island, NY	US
S1-653247297	Dlf Qe Broadband Private Limited	Jmd Regent Arcade, Mall, A-Block, Phase-1, Haryana, Dlf Qe, 3 Flr, Gurgaon	India
S1-24065318	Midwest Douglas	29894 White Road, Trumann, AR	US
S1-485781176	Patel Hotels Limited	Sno. 173/1/1B P. Wakad Tal- Mulshi, Pune, Maharashtra	India
S1-955408400	Indrora Ventures Co	H No. 2-2-1118/1/A/2 To 6, 2-2-1118/1/A/7, 2-2-1118/1/A/8, 3Rd Floor, Tilaknagar, X Road, Musheerabad, Hyderabad, Telangana	India
S1-935733056	Roum Inflection Inc	1102 Belt Line Road, Collinsville, IL	US
S1-697971006	Hess, Kimmel & Krueger Food Inc	IL, Joliet, 4332 Osullivan Drive	US
S1-214265178	Oxygen Academy Private Limited	No.1, 3Rd Street Lakshmi Nagar, Velachery, Chennai, Tamil Nadu	India
S1-652107998	Rose Hill Heartland Pelican	308 Pine Ridge Court, Rose Hill, KS	US
S1-370987413	Hubert Womens Health Federal Physicians	201 Winchester Lane, Hubert, NC	US
S1-495949982	Fry Ridge of Mentor On The Lake LLC	5596 Marine Parkway, Mentor On The Lake, OH	US
S1-280061086	Bonet Brookfield LLC	974 Hughes Street, Unit Apt 101, Fayetteville, AR	US
S1-600054812	Golden Retail Pvt. Ltd.	Modayil Centre Point, 7Th Floor, New Door No.62/1227 (Old Door No.39/2638J), Ernakulam, Kerala	India
S1-846111517	Manish Realityprivate Private Limited	No.77, Room No.3, Ist Floor, Balepet, Bangalore, Karnataka	India
S1-41171192	Dulcia Amos Midwest Construction, LLC	100 County Road 253, Reagan, TX	US
S1-497512709	Devin Clothing Private Limited	Orion Business Park, Kapurbawadi, Gb Road, Thane, 103 & 104, Thane, Maharashtra	India
S1-762467423	Pranansh India Partners	Ahmedabad, 15/16 Goyal Terrace Nr Judgesbunglow Vastrapur, Gujarat	India
S1-951741346	Valley Institute II	204 Greene Street, Unit E, Chapel Hill, NC	US
S1-209567818	Lazaro Beacon Energy Inc	539 Old Indian Road, Marlborough, NY	US
S1-288124642	White Management Private Limited	804 A Shubh Enclave Co Op, Housing Service Society, Surat, Gujarat	India
S1-52558261	Vantance Consulting Company	1207 Carrsville Highway, Unit 13A, Isle Of Wight County, VA	US
S1-401860486	Mount Community Church	9 Salter Place, Rochester, NY	US
S1-680346846	Steinke Family Practice	30 Linwood Road, Wellesley, MA	US
S1-279205595	Excellent Robotics (India) Private Limited	R-2, New Delhi, Delhi, Uttam Nagar, Vani Vihar, Uttam Nagar	India
S1-2144488	Visakhapatnam Spare Private Limited	Anchorage, Plotno.9&12, T.P.No.9/74, Sy.No.119, Surveyno.119, Blockno.-4, Maharanipeta, Visakhapatnam, Vishakhapatnam, Andhra Pradesh	India
S1-803231619	Page Summit Photonics	2701 Cottage Way, Sacramento, Unit STE 18, CA	US
S1-755150706	Felecia Griego, L.C.S.W., DDS PC	5 Nibbe Lane, Unit Apartment 2, Oyster Bay, NY	US
S1-305467838	Just Consultants	127/1/4-C, W-1 Block Saket Nagar, Kanpur, Uttar Pradesh	India
S1-677799009	Velor Safe James	12 Short Street, Asheville, NC	US
S1-596306945	Varshora Roots Private Limited	C/O Haji Mohd Iliyas, Musalman Faizu Villa, Phalodi, Jodhpur, Rajasthan	India
S1-359514718	Smart Tech Private Limited	3Rd Floor 4Th Block, Koramangala, 15Th Main Road, New No. 132, Bangalore, Bengaluru, Karnataka	India
S1-513582836	Japan Multitrade Private Limited	D-1/51-52 Sector-11 Rohini, Delhi, North Delhi, Delhi	India
S1-737169996	Internal Medicine Platinum Physicians	WI, 35 Miller Drive, Village Of Lake Delton	US
S1-486849183	National Network	46 Saw Mill Lane, Rockland, MA	US
S1-678309961	Jai Ram Trading Private Limited	Flat No.1, Wing C, Ground Floor, Sai Darshan Complex, Near Tmc Ward Offic, E, Thane, Maharashtra	India
S1-18422539	Coastal Garden	9326 Mineral-koleen Road, Owensburg, IN	US
S1-689977863	Naba Alco Private Limited	F/F, H.No. Rz 30-31, T Extn Uttam Nagar, New Delhi, South West Delhi, Delhi	India
S1-479832626	Plumbers Local 428	Athens, AL, 24620 Savannah Trail	US
S1-372477473	Department of Transportation LLC	TX, Tyler, 12817 Mcgowan Drive	US
S1-408856971	Perez Highland Biotech LLC	2710 Iowa Park Road, Unit B, Wichita Falls, TX	US
S1-5094648	Taylor and Davis Malt LLC	36 Frankwyn Street, East Longmeadow, MA	US
S1-504633880	Great Estate Private Limited	Ground To Fourth Floor, Biochem House, L.B.S Marg, Mumbai, Maharashtra	India
S1-573801604	Kukatpally Plastics Pvt Ltd	Rangareddy, Kukatpally, Flat No 301 Sri Gurudatta Complex, Hydernagar, Kphb, Plot No 57, Telangana	India
S1-986269125	First Robotics Associates Inc	142 Grosvenor Road, Needham, MA	US
S1-680030968	Integrated Living	24 Towerhill Street, Lawrence, MA	US
S1-651461391	Maduravoyal Built LLP	Plot No.7, O.Dr.No.12, N.Dr, No.21, 21St St Jainagar, Maduravoyal, Chennai, Tamil Nadu	India
S1-723328872	Eastern Al Solutions Private Limited	Unit No 919, Qube Plot Iid/31/1 Block 7, Newtown, Kolkata, Kolkata, Howrah, West Bengal	India
S1-656030072	C I Monn All Partners	2131 East Avenue, Bldg Building E, Brighton, NY	US
S1-658462758	Mercie Bowe Highland Motors LLC	20 Garren Lane, Enola, AR	US
S1-329895086	Dianna's Ace Couriers	321 47 Highway, Girard, KS	US
S1-704801117	Modern Marketing Limited	No - 33, Dk No - 332/1C, Naggappa Reddy Layout, Kaggadasapura, Bangalore, Karnataka	India
S1-348352183	Jackson Atlantic Medical, LLC	5907 Naravista Drive, Dallas, TX	US
S1-256080101	Firedyne Royal Cohen Group	34 Pine Street, Unit 8, Attleboro, MA	US
S1-966769496	Meena Nursing Home	A-134 Hamad Complex, H.B. Colony Koh E Fiza, Huzur, Bhopal, Madhya Pradesh	India
S1-40948462	West Lebanon Community Chiropractic Inc	501 Clay Street, West Lebanon, IN	US
S1-333065445	Pacific Initiative III	2744 Marion Street, Hempstead, NY	US
S1-928780609	Cristionna's Cascade Software Inc	18245 Walter Street, IL, Lansing	US
S1-142613338	Hemingway Golden Therapies, Inc	WV, 99 Brohard Drive, Nitro	US
S1-923441413	Mundhra Trading Pvt. Ltd.	New No 27, Chennai, Tamil Nadu, First Floor, Abdul Razack Street Saidapet	India
S1-187143780	Adams (India) India Ltd	M-3, Hauz Khas Ist Floor, New Delhi, Delhi	India
S1-951369909	Staples Irenic LLC	2511 4th Avenue, Unit 106, Olympia, WA	US
S1-553435570	Lumon Wellness Inc	910 Paoli Street, Charlottesville City, VA	US
S1-352883405	Best Staffing Group	3921 Old Field Fork, Linn, WV	US
S1-137245444	Womens Health Center	423 Irish Road, City Of Chilton, WI	US
S1-379313606	Caradonna Institute of Technology Inc	135 Squire Drive, Unit Unit 1, Brighton, NY	US
S1-28873104	Hardesty, Groh and Oregel House, LLC	8486 37, Paoli, IN	US
S1-28308927	Highland Project	923 Tejas Drive, Burkburnett, TX	US
S1-819996155	Alvarez's First Development	11154 5, Saint Joseph, MN	US
S1-12212489	Kaizen Oil Private Limited	H No 9/6, Periyar Salai, Tamil Nadu, Chennai	India
S1-173917613	Kdg & Associates	29/2, City Square, Cts 1723, Office No. 404, 4Th Floor, Shivajinagar, Pune, Maharashtra	India
S1-973555448	Red Academy Private Limited	F. No. - 306, Haque Complex Golakpur, Law College Road, Patna, Bihar	India
S1-781474931	Doherty & Mulholland, Inc	302 Moore Street, Benson, NC	US
S1-445212769	Frontier Fellowship V Associates	11970 Copper Mountain Drive, Oro Valley, AZ	US
S1-524116606	Meyer Peoples	1779 Crosby Lane, Redding, CA	US
S1-774492929	Express Global Ameren, Inc	39 Bridle Path Road, Chicopee, MA	US
S1-425117144	Sn Medical Centre Pvt Ltd	No 4, 4Th A Main, Bangalore North, Bangalore, Karnataka	India
S1-897116071	Suryoday Institute Private Limited	C/O Govindarao Shahaji Satapute H No 335 Sid Pimpalgaon, Jalna, Maharashtra	India
S1-90597262	Blue Canary	25122 124th Avenue, Kent, WA	US
S1-118105641	Aarvendra Real Pvt Ltd	A-22 Signature City, Madhya Pradesh, Bhopal, Huzur, Hills, Miserod, P- Handaa	India
S1-819075700	Jaimie Riddle Great Express, LLC	19116 Harkness Lane, Gaithersburg, MD	US
S1-560351654	Wright, Tran and Loch Roman	55 High Street, Sabattus, ME	US
S1-553438396	Py & Co Ltd	B-43/172, Sunder Nagar, Vidya Nagari Marg, Santacruz (East), Mumbai, Maharashtra	India
S1-378463957	Alpha Projects Pvt Ltd	52/F2, 5C5Thfloor Favorite, Homes Central Gateway, Thiruvananthapuram, Thiruvananthapuram, Trivandrum, Kerala	India
S1-662595128	CT Desert Alpine, LLC	140 Church Street, Moran, KS	US
S1-903305399	Kovacs Capital Aluminum	1314 Morris Court, Montgomery Township, PA	US
S1-91095736	Rajeshwari One Co	Sukrut Repose, B/H Abhishree Cor Park, B/S Kanha Residency, Ambali, Ahmedabad, Gujarat	India
S1-348896585	Sterling Gulf Premier LLC	616 Pintail Drive, Suisun City, CA	US
S1-808789841	Navjivan Life Pvt. Ltd.	Unit No 219 Udyog Kshetra'B' Industrial Estate Mulund Goregaon Link Road, Mumbai, Maharashtra	India
S1-42260740	Amreli Learning Private Limited	Survey No. 658, Village Rampara- Ii, Taluka Rajula And Village Lunsapur, Taluka Jafrabad, Amreli, Gujarat	India
S1-422305284	Jagdishpur Institute	Kolkata, 18B Ashutosh Mukherjee Road, Kolkata, West Bengal, 4Th Floor Homeland Mall, Howrah	India
S1-704152263	Nutech Guard Private Limited	522/1 Atri Complex, Jaunapur, Mandi Road, New Delhi, Delhi	India
S1-407274275	Global Center LLC	99 Colony Street, Depew, NY	US
S1-289922538	Sirius	370 58 Street, Brooklyn, NY	US
S1-917217492	Culp & Freund LLC	38 Stanton Street, Worcester, MA	US
S1-97352437	Arabelle Reaume Allied Marine LLC	2352 Panther Creek Rd Road, Fordland, MO	US
S1-333297672	Modern Projects Pvt Ltd	B-1/626, 2Nd Floor, B-1, Janakpuri, Near L.S.C, Delhi, West Delhi, Delhi	India
S1-200238573	Silver Technical Studios	5500 S Benton Avenue, Kansas City, MO	US
S1-317653327	Unified Commercial Labs Inc	5038 Lombard Loop Road, WA, Zillah	US
S1-988108996	Solial Partnership	WV, Beckley, 585 Canterbury Drive	US
S1-846117491	Hernandez, Mazur & Nolan	305 Dewey Avenue, Unit 6, Normal, IL	US
S1-490485223	Solapur Nandini Pvt Ltd	Solapur, Pl No 7 Attar Nagar Vijapur Road, Maharashtra	India
S1-358799907	Daron Watson, M.D.	Polson, 36275 Song Sparrow Lane, MT	US
S1-941444398	Foot & Ankle Keystone Clinic	1823 Ruth Street, Arlington, TX	US
S1-996342380	Zion Solutions LLP	Delhi, Master Block Shakarpur, Delhi, Mb-142 Second Floor, East Delhi	India
S1-257239205	Rajsee Waste Private Limited	Haryana, A-8, Gurugram, Gh-4, Arihant Apartment Sector-56, Near Huda Market, Gurgaon	India
S1-266077074	Allied Purpose	8007 Pinewood Court, TX, Baytown	US
S1-370415955	Allied Tri-State Value	Indianapolis, 817 Dequincy Street, IN	US
S1-65401515	Sangeeta Group Co	2003/04-Ekta Supereme, Mumbai, Maharashtra, Housing Lake Lucerene - D	India
S1-210316522	Highland Association LLC	TX, Unit 11105, 1701 Royal Lane, Farmers Branch	US
S1-11249432	Fam Services Private Limited	601 Building21 Gulmohar, Chsl Oshiwara New Link Rd, Mumbai, Maharashtra	India
S1-939128133	EGS Impex Limited	Flat No. E-11, Block No. 4, 4 The Floor Meera Mention Building, Sion West, Mumbai, Mumbai City, Maharashtra	India
S1-297566172	H U & Q Analytics Inc	800 Varner Street, Evansville, IN	US
S1-839311243	Crowe Commerce LLC	919 Harrison Street, Park Ridge, IL	US
S1-650605461	Superior Paper LLC	Wichita, 11054 Hollywood Court, Fl 0, KS	US
S1-50812775	Dental Partners LLC	26 Balsam Circle, Babbitt, MN	US
S1-107923917	Shiv Logistics Private Limited	E-121, Sadabahar Block, Shyam Nagar Vistar, Ajmer Road, Jaipur, Rajasthan	India
S1-843954784	Thompson & Schumacher	379 Sweetbrier Road, Memphis, TN	US
S1-308155233	Martinez Valley Paceline LLC	510 Franklin Street, Prescott, AZ	US
S1-58249654	Blue Power Private Limited	53/41, Ramjas Road Karol Bagh, New Delhi, Central Delhi, Delhi	India
S1-933898511	XH Tri-State Coffee LLC	3265 Lake Shore Circle, Chaska, MN	US
S1-315623271	Alpha Foods Limited	Sr. No. 38/1, Plot No.1 Ambar Bunglow, Pune, Maharashtra	India
S1-240773981	Navdeep & Co	Pno 9, Block 4 Hayathnagar, Autonagar, Hyderabad, Rangareddy, Telangana	India
S1-398164046	Kapoor Chit Private Limited	Hyderabad, Yousufguda, 8-3-315/7A Besides Mgm School Maruthi Nagar, Telangana, Hyderabad	India
S1-237396385	Mumbai Systems Private Limited	C-45, Floor 4Th, Plot -210, C Wing, Mittal Tower, Barrister Rajani Patel Marg, Mumbai, Maharashtra	India
S1-179932944	Meeniya Healthcare Pvt Ltd	Flat No. 510, 5Th Floor, Olympus Apartments, Altamount Road, Mumbai, Mumbai City, Maharashtra	India
S1-354471027	K/R Bancorp LLC	3279 Pecos Road, Gilbert, AZ	US
S1-291024779	Chiropractic Care Associates	10012 Hollywood Avenue, Milwaukie, OR	US
S1-975416014	Historical Center	Sauk Rapids, MN, 4490 45th Street	US
S1-117550439	Willow Barclays LLC	San Bernardino, CA, 3496 Broadmoor Boulevard	US
S1-280487856	Rev It Up Auto Body	97 Long Falls Dam Road, New Portland, ME	US
S1-276736556	Express Vision LLC	13042 Azalea Drive, Seneca, SC	US
S1-417856541	Vantio Roman LLC	118 Wendover Trace Avenue, Mooresville, NC	US
S1-966083775	Foot & Ankle Certified Center, LLC	41 Park Street, Windham, CT	US
S1-433592402	Balaji Super Software Private Limited	Rex, Plot 15, S. No. 41/14 Sai Colony, Triveninagar, Pune, Maharashtra	India
S1-337486302	Internal Medicine Custom Specialists Inc	1831 Cobble Hill Court, Auburn, AL	US
S1-257470461	Regional Ace Center LLC	Indianapolis, 903 Belmar Avenue, IN	US
S1-661096782	One Consultants Private Limited	7/142, Shekhwara Gopi Colony Chow, K Old, Faridabad, Haryana	India
S1-671185689	Hash Photonics	792 Dry Creek Road, Sedona, AZ	US
S1-649409581	Rajpura Edutech	Showroom No 12, First Flr, Sushma Infinium, Rajpura, Mohali, Punjab	India
S1-820454150	Sj & Brothers Pvt Ltd	Kismat Apurbapursingur, Hooghly, West Bengal	India
S1-770186164	Contreras Clear Investments	1013 6th St, Nevada, IA	US
S1-980255958	Delta Ashford	1540 Wheeling Avenue, Zanesville, OH	US
S1-707881744	Momin & Nilson Inc.	1395 1/2 83, Bigfork, MT	US
S1-387007971	Jay Ventures Private Limited	B-102, Twinkle Apartments Chs. Ltd., Off Link Road, Lokhandwala Complex, Near Kamat Club, Andheri-West, Mumbai, Maharashtra	India
S1-370898364	Bellflower Designs Private Limited	410/1, D. H. Road, New Alipore Block-G, Flat No. 5, Kolkata, Kolkata, Howrah, West Bengal	India
S1-185691542	Indian Management Pvt Ltd	2516/9, Pioneer Park, Barasat North 24 Parganas, Kolkata, Kolkata, Howrah, West Bengal	India
S1-176785649	Coastal Institute	10705 Courthouse Road, Unit STE 118, Spotsylvania County, VA	US
S1-35872604	Apex Graf Inc	415 Spruce Avenue, Nixa, MO	US
S1-243546668	Fly Medical Centre	Unit -116, Building No. 2(A-3), Sector-1, Millennium Business Park, Mahape, Navi Mumbai, Thane, Maharashtra	India
S1-152836926	Shyam Engineering LLP	103/37, Level 1, Suryadeep Building, Wazirpur Commercial Complex, New Delhi, Delhi	India
S1-728932687	WAJ Northwest Corp	1600 Squire's Landing, Rochelle, IL	US
S1-7199015	Hyderabad Research Private Limited	Road No.2A, Green Hills Colony Saroornagar, Telangana, Hyderabad, H.No.11-13-871, Hyderabad	India
S1-252642244	Abdalla Ridge LLC	10026 Hampton Road, Lexington, NC	US
S1-924996989	A Cure 6 You PC	7530 Sayan Street, Mesa, AZ	US
S1-225636296	Seka's Plumbing Group	2314 Champion Drive, Pearland, TX	US
S1-977172195	Superior Financial Consultants LLC	4638 16th Avenue, Minneapolis, MN	US
S1-510637657	Loha Brokerage Private Limited	52 Gulmoharsector-19, Gandhinagar, Gandhi Nagar, Gujarat	India
S1-215256308	Transcontinental Telecom Ventures	106 Apollo Lane, Milton, DE	US
S1-158237969	Sarasraj Builders Private Limited	8-2-402/C/11, Road No:5, Banjara Hills, Hyderabad, Telangana	India
S1-71524666	Gibson & Thao PC	508 Trapline Trail, Columbia Falls, MT	US
S1-809560669	Thangam Law Chambers Private Limited	C/O No. 06 At Mandal, Dasada Ro Mandal, Mandal, Ahmedabad, Gujarat	India
S1-278055174	OQE Xsolla LP	1873 Andrea Circle, Beavercreek, OH	US
S1-987529230	Namami Communication LLP	10 Sai Sagarsai Baba Complex Ciba Road Goregaon East, Mumbai, Maharashtra	India
S1-538554156	Back Alley Cleaning Service Inc	NC, Charlotte, 10613 Dixie Hills Drive	US
S1-255915919	Silver Hospitality LLP	102/2A, Sankarankovil, Sanmugapuram, Virakeralampudur, Tirunelveli, Tamil Nadu	India
S1-688832592	Lower Royal Ready LLC	819 Wales Drive, Henrico County, VA	US
S1-44444368	Lavue Regional Australia LLC	130 Targhee Towne Road, Alta, WY	US
S1-479661237	429-430 South Owners Corp P.C.	4 Varela Lane, Pecos, NM	US
S1-876396035	Edwards and Stark	1655 Center Road, Boonville, IN	US
S1-882595523	Dynamic Design Associates LLC	1016 Cantey Street, Fort Worth, TX	US
S1-76828926	ACI Spire	6260 Charlie 1 Taxilane, Brooklyn Park, MN	US
S1-458768817	Zirava Signage Private Limited	Kolkata, 41A, A.J.C. Bose Road, Park Circus, West Bengal, Howrah	India
S1-136569195	Mcdonald Controls Corp	34 Cannock Lane, AR, Bella Vista	US
S1-232165943	J+ International, LLC	City Of Fitchburg, WI, 2642 Norfolk Circle	US
S1-589548920	Sree Exports Private Limited	Bangalore, 132, 5Th Main 2Nd Block, R T Nagar, Karnataka, 1St Floor	India
S1-1989747	Madras Dealers Pvt Ltd	C/O Shahid Mansuri, Sf-A-221, Sakar 9, Nr. Old Reserve Bank, Opp. Times Of India, Ast, City Taluka, Ahmedabad, Gujarat	India
S1-948103462	Chiropractic Care Associates of Columbus	978 High Street, Unit C, Columbus, OH	US
S1-549080268	ZZB Grand Etf LLC	217 Horton Lane, Albuquerque, NM	US
S1-614281685	Farley Dynamic Chicago	900 Glastonbury Road, Unit 1045, Nashville, TN	US
S1-701729209	Ravitech Chit Pvt. Ltd.	R. S. No. 828/0\3; Plot No. 4 & 5; E Ward, Siddhi Â Vinayak Apartment; Flat No. G-1, Kasaba, Kolhapur, Maharashtra	India
S1-628162456	Dream Foundation Limited	# 1503, Sector-69, Mohali, Punjab	India
S1-190279840	Interstate Construction Works Inc	7104 Ohio Street, Unit Apt 2, Little Rock, AR	US
S1-363147436	Bombay Impex Pvt Ltd	Telangana, Hyderabad, 37 91/6/1, Hyderabad, 1Stfloor, Plot No.8, Babujagajivanram Road Sbi Defence Colony, Saptagiri Colony, Sain, Ikpuri	India
S1-239958144	Good Ventures Private Limited	14 A-1, Sector D-1, Sanwar Road Industrial Estate, Indore, Madhya Pradesh	India
S1-45259255	Zephis Hydro LLC	440 Millstream Drive, Vernon, CT	US
S1-684442884	Labrie Range	1335 Driftwood, Huntington, IN	US
S1-307115986	Horizon Net LLC	4015 Aspen Grove Drive, Unit 4030, Franklin, TN	US
S1-199826363	Kelcy Orantes Anchor Resorts	3375 Willow Road, Village Of Bellevue, WI	US
S1-331217275	West Guru Angad Nagar Laxmi Nagar Impex Private Limited	95-96, Gali No.-8, West Guru Angad Nagar Laxmi Nagar, Delhi	India
S1-489118309	Desert American Avalanche Corp	6239 Larsmont Street, Columbus, OH	US
S1-37236692	M+ Karman LLC	13838 Rock Creek Road, Portland, OR	US
S1-26140003	Beil Lithium LLC	514 Central Avenue, KS, Strong City	US
S1-587608804	Tellus Law Chambers Pvt. Ltd.	Plot: 2618/2674, Markandapur, Jagatsinghpur, Orissa, Jagatsinghpur	India
S1-525427336	Creative Horizon East LLC	20248 Breezy Point Road, Coltons Point, MD	US
S1-44537685	Precision Wellness Products Inc	3145 Pleasant Avenue, Minneapolis, MN	US
S1-34895749	Hari Hospitality Private Limited	Survey No. 134, Gems Public School Near Collectorate, Village Dongarpur, Gwalior, Madhya Pradesh	India
S1-570547678	Pediatric Dentistry Premier Health LLC	76 Oak Terrace, Arden, NC	US
S1-756051872	Piedmont Xflh LP	4212 Otter Park Court, Riverton, UT	US
S1-138874670	Victoria (India) Securities Surat	Floor-04, 406, Arihant Park Apartment, Near Bharti Park Society, Parle Point, I, Chchhanath, Surat, Gujarat	India
S1-348464724	Dbs & Co Private Limited	101-C, Ground Floor, Kundan Niwas, Hari Nagar, Ashram, New Delhi, South Delhi, Delhi	India
S1-491982855	Traex Harbor Fashion Inc	2909 A Main Street, Corning, NY	US
S1-505746306	Walker, Saba K., MD, PC	287 Brewster Avenue, Sacramento, CA	US
S1-241913180	Shree Industries Group Limited	3176, Sector E, Sudama Nagar, Indore, Madhya Pradesh	India
S1-702451000	Aurelius Growth Private Limited	Flat No 501 B Wing 5Th Flooroak Land Park Co-Op Hsg Society Oshivara Andheri West, Mumbai, Maharashtra	India
S1-146611118	Express Developers Private Limited	L-46 Block -U Sector -76, Next Door, Shopping Mall Faridabad, Ballabgarh, Faridabad, Haryana	India
S1-266079982	Pioneer Property Inc	4103 Pittsburg Street, Spokane, WA	US
S1-317182941	HQT Entertainment Inc	4828 9th Terrace, Birmingham, AL	US
S1-216163959	Youth Institute	323 15th Street, Concordia, KS	US
S1-308319884	Bharat Investments Private Limited	28, Raman St, Nandhavana, Mettur, Kamaraj Ngr Avadi, Poonamallee, Tiruvallur, Tamil Nadu	India
S1-147175383	Physical Therapy Heritage Specialists LLC	10300 Church Street, Chicago, IL	US
S1-272445463	Vanquish Properties Pvt Ltd	00, Near Bus Stand- Radhe Shyam Complex. Kalol, Panchmahals, Panch Mahals, Gujarat	India
S1-12774901	Trinity Ministries	22 Robson, Unit 503, Mesa, AZ	US
S1-775046391	Mtg India Private Limited	The Spire Third Floor Office No. 305, Rajkot, Gujarat	India
S1-870567861	Trading Insignia Consultancy Pvt. Ltd.	D-019 Delta-1, Greater Noida, Gautam Buddha Nagar, Uttar Pradesh	India
S1-374198742	Sun Agro Private Limited	C/O.S K Roy, Bldg No.18/341A, Sreerangam Perumpanachi, Madapally Panchayath, Changanacherry, Kottayam, Kerala	India
S1-42687323	Ever Peripherals Private Limited	West Bengal, Howrah, 3A, Kolkata, Auckland Place, 10Th Floor	India
S1-660977444	Pioneer Foods Private Limited	30-15-138Dabagardens Visakhapatnam, Andhra Pradesh, Vishakhapatnam, Andhra Pradesh	India
S1-731127959	Ferryn Logistics, LLC	5422 Geneva Terrace, NC, High Point	US
S1-605882680	Family Care Inc	TX, Alvin, 1690 Cr 152	US
S1-992397140	Perfect Bombay Foods	Sf No.255, N K D Nagar, Chinnavedampatti, Coimbatore, Tamil Nadu	India
S1-279688632	Namakkal District Stores Clinic	Jansons Chambers68/A Namakkal Road Tiruchengode, Namakkal District, Salem, Tamil Nadu	India
S1-76175561	Coal Jahan Limited	Gf/9 Avni Complex Naaranpura Bus Stand, Naranpura, Ahmedabad, Gujarat	India
S1-138106208	Sanco Brothers LLP	Door.No.7/230-5, Sandralaya Building, Opp- Sakthy College, Koppam, Palakkad, Palakkad, Kerala	India
S1-554271032	Shantinath Labels LLP	B-23 Madhuwan, Delhi, East Delhi, Delhi	India
S1-679725780	Chennai City Corporation Travels Private Limited	New No.19, 1St Floor, Playground View Street, Nandanam Extension, Chennai City Corporation, Chennai, Tamil Nadu	India
S1-452794092	Bratton Crescent LLC	59 Bullard Street, Unit 2 NORTH, New Bedford, MA	US
S1-26260317	Office of Veterans Affairs LLC	752 Navajo Drive, Carpentersville, IL	US
S1-187510974	Academy Homes Private Limited	53/15, Near Fc Girls College Mohna Mandi, Hissar, Haryana	India
S1-678503908	Big Products Private Limited	Kalepadal Sno 37/2/1 Hadapsar Nr Colour Factory, Pune, Maharashtra	India
S1-75955132	Metropolitan Armour LLC	12 Newburgh Lane, Bella Vista, AR	US
S1-10612228	Cardiology Center	Dallas, TX, 1208 Rose Garden Avenue	US
S1-430009638	Hanna Ridge Greenfire Inc	4141 Holcombe Road, Richmond City, VA	US
S1-793128757	Heartland Pmv LLC	1207 Peace Street, La Crosse, KS	US
S1-803944141	Houston Complete Gladstone LLC	Jacksboro, TN, 371 Mountain Perkins Lane	US
S1-590719972	Gujarat Sree Media Private Limited	B-377, Second Floor, Gate No.-2 Green Field Colony, Nhpc Colony Faridaba, D, Faridabad, Haryana	India
S1-273018380	Sk Beverages Partners	55 R. N Chatterjee Road, Dunlop, Kolkata, Kolkata, Howrah, West Bengal	India
S1-33238713	1965 Main Street Management, Inc	3311 Tetherow Bridge Loop, Redmond, OR	US
S1-863645973	Physical Therapy Heritage Center Care	912 Stoddard Avenue, IL, Wheaton	US
S1-475483592	Legacy Advanced Mid	24396 Nancock Gardens Road, Accomack County, VA	US
S1-96736047	Dhenu Tours Private Limited	B-81, Matiala Ext Uttam Nagar, Delhi, West Delhi, Delhi	India
S1-186955057	Gururaj Food Private Limited	1/1, Madhya Pradesh, Indore, Namili Kothi South Tukoganj, Indore	India
S1-149107794	Z 7 Supreme Eastern LLC	NC, 1910 Swepsonville Road, Graham	US
S1-448848545	Straight Edge Coffee	201 Darian Drive, Prosper, TX	US
S1-469091166	Clark Midwest Freight LLC	1521 5th Street, Unit UNIT 2, Sioux Falls, SD	US
S1-523454564	Pristine Polytechnic	S No.11/5 S No.12(P) Office No 401 & 402 Amber Plaza Ambegaon Bk, Pune, Maharashtra	India
S1-942433606	Butler Complete Opendoor Inc	206 Maryland Avenue, Westover, WV	US
S1-766560244	Construction Rishan Aquaculture Limited	151A/A-1 Shilakhana Teliarganj Prayagraj, Allahabad, Uttar Pradesh	India
S1-590829860	Peridari Paceline LLC	3128 28th Parkway, Temple Hills, MD	US
S1-957622224	Sweet Barbershop LLC	6421 Tara Drive, Youngstown, OH	US
S1-29956037	Ridgeline PLLC	10716 Pearl Creek Drive, Bldg 25793, Plain City, OH	US
S1-887643540	Clinton, Huebner & Thompson Petroleum Inc	9313 White Rock Avenue, Frederick, MD	US
S1-653816838	Anchor Regional Tankers	110 Goodyear Boulevard, Akron, OH	US
S1-841205112	MSD Exports Private Limited	No. 20C, Kavarai Street, Kurinjipadi Taluk, Cuddalore, Tamil Nadu	India
S1-725722002	Golden Atlantic Inc	21 Scotts Glen Drive, Wilmington, NC	US
S1-643386899	East Consultancy Private Limited	Tamil Nadu, Dharmapuri, 2/306, Krishnagiri, Car Street, Bagalur, Hosur	India
S1-3079821	Cornerstone Environmental Services LLC	10346 Short Tract Road, Portage, NY	US
S1-791876964	Honesty Abirami Private Limited	Plot No 39, Bala Leelaiah Nagar, Uppal, K.V.Rangareddy, Telangana	India
S1-412082682	Estell Gibbs Waste-Ephraim	27 780, Ephraim, UT	US
S1-945450014	FG Line Inc	2107 Simbrah Drive, Cedar Park, TX	US
S1-958098446	Meng and Benedict Trg LLC	44 Lawrence Road, Plymouth, MA	US
S1-801067116	Purva Consultancy	36 Chintamani Heaven, S.No 12/7 Kothrud, Pune, Maharashtra	India
S1-997739934	6-Legged Dog LLC	218 Capano Creek, Boerne, TX	US
S1-607868834	Instant Solutions Pvt. Ltd.	Flat O 401 4Th Floor, Aadhar Apartment B/H Mudliyar Lawn, Nagpur, Maharashtra	India
S1-189218489	Martin, Sanchez & Sanchez Partners	Milan, IN, 4005 Old Mill Road	US
S1-340232184	Straight Edge Pub	Somerville, MA, 76 Lexington Avenue, Unit 2	US
S1-396005219	Physical Therapy Care Associates	114 County Road 119, Riesel, TX	US
S1-285489351	CSW Products Private Limited	D.No 76/1 And 2, S.No 91 Kamaraj Salai Vbm, Chennai, Chennai City Corporation, Chennai, Tamil Nadu	India
S1-275031000	Tri-State Frontier Rent LLC	5302 Manhassett Drive, Arlington, TX	US
S1-29463043	Rodriguez Coinshares	4258 Rd 99, Mount Gilead, OH	US
S1-276799328	North 24 Parganas Producer Pvt. Ltd.	4M1A Terra-I, 4Th Floor, Greenwood Element-Mig, North 24 Parganas, West Bengal	India
S1-263382380	Lumyx Fox	3700 Hickory Highway, Statesville, NC	US
S1-788683061	Sullivan Oriental, LLC	36 Strathmore Circle, Irondequoit, NY	US
S1-832892150	A Cure 6 All Group	403 1st Street, New Haven, WV	US
S1-608695268	Jones Optimal Summit LP	12617 Bay Arbor Pl, Coldstream, KY	US
S1-889519432	Najafgarh Agro Pvt Ltd	H.No-132, Block-D, Roshan Vihar Near Such Public School Najafgarh, Najafgarh, West Delhi, Delhi	India
S1-560111051	Wenonah Lugo Deep	35 Boulder Brook Road, Greenwich, CT	US
S1-575976860	Pioneer Consultancy Private Limited	No. 51, Bbmp Katha No. 89-71-51, No.51, Hennur Main Road, Kacharakanahalli, St. Thomas, Town Post, Bangalore, Karnataka	India
S1-988018040	My Systems Private Limited	8A Alipore Road, Kolkata, Calcutta, West Bengal	India
S1-535930001	Advanced Best Total Care	401 B Evans Street, Unit Apartment 4, Williamsville, NY	US
S1-378408675	Anant Solutionsprivate Limited	S.No-57/3/1, Flat No-B/306, Siddh Amara, Pune, Haveli, Pune, Maharashtra	India
S1-909344527	Loum Polska, LLC	MN, 1932 10th Avenue, Newport, Unit Apartment 2E	US
S1-618324630	Precision Construction Technologies	6496 Birkenhead Road, Memphis, TN	US
S1-805408700	Kesri Gems Co	Shop No. 11, Maharashtra, B Wing, S.K.Residency, Bypass Rd, Thane	India
S1-221965346	Pioneer Clear Beauty	102 Main Street, Elk City, ID	US
S1-819180387	Bright Classic Developers Pvt Ltd	No. 3D, S Y No. 157/1 & 2 Lake View County Apartment, Bangalore, Karnataka	India
S1-644902882	Green Ocean LLC	94 Brabant Street, Staten Island, NY	US
S1-822201153	Aditya Industries Private Limited	C/Oramkishan Ambadas Kada, Gno 132 Devmurti, Jalna, Maharashtra	India
S1-788714021	Smith Gulf Stock Associates	11909 Four Towns Road, Town Of Gillett, WI	US
S1-852073399	Green International Pvt Ltd	Shop No.F1/3, Puja Complex, Dattawadi, Nagpur, Maharashtra	India
S1-691977518	Gulf College	14524 Lazy Oaks Court, St. George City, LA	US
S1-887445316	Willow LLC	422 8th Street, Charlotte, NC	US
S1-996965230	Royal Investments Private Limited	C/O Dilip Rawaso Malawade, Somwar Peth, Kumbhar Galli Behind Mallikarjun Temple, Sangli, Maharashtra	India
S1-491771265	DT Exports	A/9/104, Goyal Intercity, Drive In Road, Thaltej, Ahmedabad, Gujarat	India
S1-64383095	629 Second Court Holdings	1750 High Plains Lane, Heart Butte, MT	US
S1-325284782	Clear Infrastructure Advisors LLC	1800 Bay Street, Fall River, MA	US
S1-53017802	Bright International Systems Limited	Near Khalsa School Road Uttam Nagar, Khanna, Ludhiana, Punjab, Upin E04A0410000, Khanna	India
S1-3698588	Ahmedabad Diamonds Pvt Ltd	17/A/2/2 Meldi Estate, Below Gota Over Bridge, Gota, Ahmedabad, Gujarat	India
S1-907900306	Shivam Investment Limited	C/O Aminur Rahaman, Kabarpara, Bankra, Bally Jagachha, Howrah, West Bengal	India
S1-522914584	KZY Chander Private Limited	Pno 101 Kalyan Nagar, Banjara Hills, Hyderabad, Telangana	India
S1-42186920	TDE Legacy Wave LLC	11389 Bell Road, Elfrida, AZ	US
S1-210554074	Bombay Constructions Private Limited	Chennai, 162, Tamil Nadu, Chennai, 2Ndfloor, Metroplazamountroad	India
S1-456729525	Potenza, Maighdiln R., D.D.S., M.D., P.C.	4047 Benton Boulevard, Kansas City, MO	US
S1-658326876	Bebe's Signs	512 Clover Drive, Marshall, AR	US
S1-665736065	Bell Robotics LLC	2008 Blossom Valley Court, Mt. Juliet, TN	US
S1-681448563	Indian Finance Private Limited	No. 56, 1St Floor, Sankari Main Road, Annadhanapatty, Salem, Tamil Nadu	India
S1-235672087	Engineering Brand Healthcare Limited	Plot No. 437, H No. 8-2-293/A/437, Road No. 20, Jubilee Hills, Shaikpet, Hyderabad, Telangana	India
S1-739545607	Twisted Coffee	844 Allard Road, Whitingham, VT	US
S1-957865703	Lower Signature Vaneck LLC	3338 Circle Brook Drive, Unit APT 2E, Roanoke County, VA	US
S1-547580345	All Global Pvt Ltd	Sirohi, 632 Chaaran Vaas Velangri, Rajasthan, Sirohi	India
S1-700479011	Pico Consultancy Pvt Ltd	A1 6, S2 Dlf, Dishad Extension Ii, Ghaziabad, Uttar Pradesh	India
S1-140035259	Business Agricultural Technologies LP	NY, 1153 Waverly Place, Schenectady	US
S1-971749494	Board of Parks and Recreation	2228 21st Street, Rogers, AR	US
S1-403273096	Eastern Consultants Private Limited	Hyderabad, Plot No-29 P & T Colony Trimulgherry, Telangana, Hyderabad	India
S1-74007180	Deane's Architecture	NC, 101 Essex Court, West End	US
S1-327874437	Olvera Liberty Biotech L.L.C.	944 Glenangus Drive, MD, Bel Air	US
S1-406576239	1616 Sunset Way Associates, LLC	5936 Portland Avenue, Minneapolis, MN	US
S1-649968095	Vision Specialists Partners	2802 Newcastle Drive, Baytown, TX	US
S1-668816867	Frankfort School of Medicine	905 Walnut Avenue, Frankfort, IN	US
S1-762428812	Global Omega	OH, Fairview Park, 21266 Mastick Road	US
S1-813300561	Blue Association LLC	8718 Cr 887, Manvel, TX	US
S1-260639701	Surat Farm	Gujarat, 4Th Floor, Royal Square, Utran, Shop-413, Surat	India
S1-865445664	Visakhapatnam Plates Limited	Dr.No.53-39-29/1 K R M Colony, Maddilapalem, Visakhapatnam, Vishakhapatnam, Andhra Pradesh	India
S1-920223806	Nexara Xrp LLC	8424 Boise Street, Ventura, CA	US
S1-808956000	Rains Manufacturing LLC	403 Jefferson Street, Watseka, IL	US
S1-710781094	Unique Software Private Limited	Flat No 203, Plot-467, Sec -25A Bhoomi Changuna, Panvel, Raigarh(Mh), Maharashtra	India
S1-171554587	Ace Surya Engineering Private Limited	House No.19, Ground Floor Block-B, Gtk Industrial Area, Delhi, North Delhi, Delhi	India
S1-409761502	Gabrila Kroll Certified Hills LLC	952 Francis Court, Bend, OR	US
S1-28412863	Express Music LLC	4430 84th Avenue, Portland, OR	US
S1-270246733	Martel and Halloran Ares LLC	336093 910 Road, Warwick, OK	US
S1-658388180	Gwyn Dinkins Wintergreen LLC	17021 46th Street, Tulsa, OK	US
S1-752271107	Pava Secure Grading L.L.C.	50 Storrie Avenue, Las Vegas, NM	US
S1-701139531	National Total Aspac	71 92nd Terrace, Columbus, KS	US
S1-681923707	Arora Trust	C/O-Renubala Raj, Word No-3 Plot No-1365/723, Gopalpur, College Road, Banki, Cuttack, Orissa	India
S1-184999269	Om Consultancy Pvt Ltd	45B Raja Ram Mohan Roy Sarani, Kolkata, Calcutta, West Bengal	India
S1-483141866	Electricians Local Union 864 LLC	111 Hill Street, Fall River, MA	US
S1-869916985	Reliable Servicesprivate Private Limited	C/O Bhausaheb Dagdu, Wackchoure, Town, Shrirampur., Ahmed Nagar, Maharashtra	India
S1-70079786	Creative Allied Activate LLC	256 Cr 2306, Barnsdall, OK	US
S1-329062641	Vanguard Media	2617 103rd Drive, Phoenix, AZ	US
S1-620453507	Devita Nidhi Private Limited	301, 3Rd Floor, Plot No. A-315 Mahant, Thane, Maharashtra	India
S1-409687629	Bright Services Private Limited	# 372, 2Nd Floor, Thimmaya Layout Mahadavapura Post Outer Ring Road, Bangalore, Karnataka	India
S1-145126980	Carlson Brokerage	113 11th Street, Watkins Glen, NY	US
S1-815794372	Saket Solutions Private Limited	Flat No-29, Ground Floor, Trinity Meadows, Bangalore South, Bangalore, Karnataka	India
S1-591655809	Burdwan Products Clinic	Bardhaman, Gopal Bhavan 37, Burdwan, Perbirhata, G T Road, Po-Sripally, West Bengal	India
S1-372861213	Sohn Rapid Disciplined LLC	2754 Sycamore Street, Anderson, CA	US
S1-126404567	BI Platinum Sizzle LLC	18319 Rowell Road, Wellington, OH	US
S1-599327764	Innovative Electric P.C.	2209 Caronia Street, Unit D, Charlotte, NC	US
S1-101820682	Congregation Community Church Associates	3236 Village Drive, Upper Marlboro, MD	US
S1-447680064	Fresh Tattoo	2813 Sydney Drive, Austin, TX	US
S1-744497722	Williams Physical LLC	626 Kansas Avenue, Iola, KS	US
S1-359772126	Dorsey & Collins, LLC	295 Alexander Boulevard, Clarksville, TN	US
S1-120032802	All Federal Grid LLC	246 Front Porch Court, Midland City, AL	US
S1-405352962	Chiropractic Specialists, Inc	2969 Narrow Valley Road, Rutledge, TN	US
S1-414978970	Beaudoin, Davenport and Brown, LLC	476 Charles Street, Bridgeport, CT	US
S1-271553931	Rudy and Hamilton Inc	21595 379 Road, Ft. Gibson, OK	US
S1-967320038	Enradyne Inc.	11 Horseshoe Drive, Grand Rapids, MN	US
S1-509810029	Forge, LLC	Millville, Unit A, MA, 3 Providence Street	US
S1-793420676	Shandra Broadway Scuti	Scottsdale, Fl 1, AZ, 25637 Hayden Road	US
S1-102816125	Alagendran Cricket LLP	Awantika Nagar Gali No.5, Plot N.365/3 Bajrang Pura, Indore, Madhya Pradesh	India
S1-194514273	Shivam Solutions Private Limited	Plot No. 93, Vardhman Sarovar A Vill. Ganpatpura Mansarovar Teh Sanganer, Jaipur, Rajasthan	India
S1-74408141	Nimbus Brothers Private Limited	73-Ward No-7 Jahajpul Chowk, Hissar, Haryana	India
S1-613639693	Y B & Y Muniholdings, LLC	6955 Silver Springs Drive, Central City, LA	US
S1-941772870	Aldridge School of Medicine, Corp	5160 Double Oaks Drive, Fayetteville, NC	US
S1-134402084	Smith Clean Australia Inc	1226 Stoneridge Drive, Bozeman, MT	US
S1-153299454	Harbor Pharmaceuticals Corp	Youngstown, OH, 287 Lora Avenue	US
S1-595848273	Office of Finance LLC	2674 San Rafael Place, Fl 0, Saint Louis, MO	US
S1-910403915	Z W & D Daedalus Inc	2517 Main Street, Chatham, MA	US
S1-232206780	Short Seneca Inc	13360 Jonquil Street, Andover, MN	US
S1-582475033	Green Network Holdings	3779 Blue Court, Unit 922, Columbus, IN	US
S1-506516148	Brown Bdc LLC	5762 Longrifle Road, Columbus, OH	US
S1-750632579	Pediatric Dental Liberty Health Corp	6388 Dave Avenue, Groves, TX	US
S1-109274691	Coastal Diversified LLC	129 Paige Ln, Council Bluffs, IA	US
S1-262177858	Cornerstone Trading	532 South Street, Woodstock, IL	US
S1-532557581	Federal Gulf Stonebridge	KY, Irvine, 535 Broadway Street	US
S1-977170059	Big Foundation Private Limited	40-C Second Floor, Yusuf, Sarai, New Delhi, South West Delhi, Delhi	India
S1-827945512	North Complete Generation LLC	418 Plymouth Street, Houston, TX	US
S1-423287221	Taylor Tri-State Xrp LLC	539 Madison Avenue, Hempstead, NY	US
S1-234383247	Precision Nutrition Collective Inc.	208 Business Center Drive, Reisterstown, MD	US
S1-231082348	Gs Advisory Private Limited	Flat 103 Shilpa Park, Vastu Enclave, Hyderabad, Telangana, Kondapur	India
S1-635169629	Tri-State Health Center	3206 Harding Village Drive, Marion, OH	US
S1-872945615	Koppal Hospitality Pvt. Ltd.	C/O. Mrs. Rajani, Near Govt School, Vidya Nagar, Gangavathi, Koppal, Karnataka	India
S1-398683940	India Resham Lines Private Limited	D-40, Shyampark, Ghaziabad, Uttar Pradesh	India
S1-773865303	Elite Wholesale Consultants LLC	18874 Esherton Drive, Sahuarita, AZ	US
S1-53158378	Pederson One Corp	7776 Brighton Avenue, Delano, MN	US
S1-493924979	Trickey Value Karman Inc.	271 Talbot Avenue, Unit 2, Boston, MA	US
S1-922486220	Sky Bombay Software Limited	208/209, The Capital, Opposite Icici Bank Building Bandra-Kurla Complex, Bandra East, Mumbai City, Maharashtra	India
S1-413985252	Swastik Business Pvt Ltd	Ward No 8 Purani Bazar, Gyanpur, Sant Ravi Das Nagar, Uttar Pradesh	India
S1-679355151	Rahul Hire Private Limited	Flat No.10, Friends Park S.No. 106.A.2.B, S.B.Road, Pune, Maharashtra	India
S1-391298204	Meenan Fund Pvt Ltd	Shop No. 22 New Siyaganj, Block No C4 Malgodam Road, Indore, Madhya Pradesh	India
S1-573275296	Meridian & Sons Private Limited	1184/4, Gokulnagar Society, Dyaneshwar Paduka Chowk, F.C. Road, Shivajinagar, Pune, Maharashtra	India
S1-72728808	Solos Ramaco	1907 Savannah Way, Cincinnati, OH	US
S1-274801115	Ashutosh Trust Care	I Floor, Embassy Point No 150Infantry Road, Bangalore, Karnataka	India
S1-696552441	Lotus Dynamic Constructions Private Limited	Rajkot, 25P1/P2 & 23P1/P1 & 23P1/P2, Plot No. 1, Nh-27, Nr. Bharudi Toll Plaza, Nr.Orshon Technocast, Bharudi, Gondal, Gujarat	India
S1-539832695	Gupteshwar Infra Private Limited	Plot No 104, Pokalwada, Huda Colony, Gandipet, Rangareddy, Telangana	India
S1-574393961	National Academy	Ripley, 10593 Main Road, NY	US
S1-106744365	Clyiq Emerging	OH, 4285 Pearl Avenue, Lorain, Unit APT 102	US
S1-681006617	TIK (india) Pvt. Ltd.	Haryana, Village Khera Khemawati Tehsil Safidon, Jind, H.No. 800	India
S1-229009572	OLN Anchor Green LLC	16220 Saint Paul Avenue, Prior Lake, MN	US
S1-73920632	Heartland House LP	8785 189th Street, Lakeville, MN	US
S1-37067615	Technology Princess Cleaning Private Limited	143.A, Palackal House Perumugham Road, Ramanattukara, Kozhikkode, Kozhikode, Kerala	India
S1-607935359	Violet Richardson Kongsberg LLC	303 Kerr Avenue, Wilmington, NC	US
S1-326600016	Future Developers Private Limited	Omvinit Roadno-2(G.Dmishra Path)H.No1841St Floor, Newpatliputracolony, Patna, Bihar	India
S1-937596371	Sterling Wholesale Collective Company	200 13th Street, MN, Benson	US
S1-657504975	Sky Builders Private Limited	Mumbai, A-202, Mumbai City, Westend Society Chincholi Bunder, Malad ( West), Maharashtra	India
S1-946403593	Adora Kennelly John, LLC	300 Orange Street, Troy, AL	US
S1-960380760	Weekend Investment Limited	C/O Onkar Nath Dwivedi, Dubai Paraspur, Colonelganj, Gonda, Uttar Pradesh	India
S1-569284896	Yashwant Services Private Limited	Telangana, Main Road, Prakasam, N.V.R. Complex, Sathupally	India
S1-443778425	Lucky Pilates!	3408 214th Street, Brier, WA	US
S1-625802072	City One Technology	Plot No 114-116, Silpi Gafoor Nagar, Shaikpet, Hyderabad, Telangana	India
S1-778656443	Bangalore Mills Pvt Ltd	No 28 4Th Cross Williams Town Extn, Pottery Town, Bangalore, Karnataka	India
S1-245919425	2356 Highland Drive Partners LLC	3130 46th Street, Cleveland, OH	US
S1-350020686	Faas, Pritchett & Smith LLC	1286 Lee Street, Des Plaines, IL	US
S1-678278760	SO International Ltd	Bi-8, Krishnapur, Majher Para, Rajarhat, Gopalpur, North 24 Parganas, Kolkata, Kolkata, Howrah, West Bengal	India
S1-375221014	Shakti Investments Private Limited	Innov8 Mantri Commercio, No51 Tower A 5Th F, Mis, Bangalore South, Bangalore, Karnataka	India
S1-965455641	Pratul Holdings	Visakhapatnam, Andhra Pradesh, D.No.43-14-24/2, Flat No.501 Sai Krishna Complex, Railway New Colony, Vishakhapatnam	India
S1-683279686	Alexine Barnett Vanguard Metro Inc	84 Hickory Circle, Crossville, TN	US
S1-718892822	Raghunathapali Documentation Limited	C/O-Agravanshi Private Limited, Apl Complex, Plot No.-290/2296, Uditnagar, Raghunathapali, Sundargarh, Orissa	India
S1-476161390	Muma, Yarnell and Horner, LLC	2047 140, Merced, CA	US
S1-830029805	Ravika Investments Private Limited	Olympia Cyberspace No. 21/22 Alandur Road, Arulayiammanpet 2Nd Street Gunidy, Chennai City Corporation, Chennai, Tamil Nadu	India
S1-205414254	Jasper, LLC	Oxford, AL, 314 Homewood Acres Drive	US
S1-329958963	Safari Vidyalaya LLP	Plot No. 48-49, Gali No 02 Common Light East Guru Angad Nagar Laxmi Nagar, East Delhi, Delhi	India
S1-937935902	Meneex-Cleveland	4674 Landchester Road, Cleveland, OH	US
S1-127638637	Foundation Sree Solutions Private Limited	No.441, 11Th Cross, 3Rd Block Hmt Layout, Bangalore, Karnataka	India
S1-736742625	Anchor Heartland Championsgate Co	30979 Puseys Road, Millsboro, DE	US
S1-495821213	Reyes and Britton Jpmorgan Inc	1637 Capitol Avenue, Des Moines, IA	US
S1-650755105	Desert League	WA, 1008 3rd Avenue, Zillah	US
S1-721815485	Radhamohan Traders Pvt. Ltd.	Rhno-6, Plno-Rh7, Bluebells, H.R.H.K Co.Op, Society, Aurangabad, Maharashtra	India
S1-445295098	Desire Shaft Limited	A-2/401, Block -2 Silver Estate, Sector-50, Noida, Gautam Buddha Nagar, Uttar Pradesh	India
S1-897776113	NW Research, Inc	107 Marrion Street, Itasca, TX	US
S1-969933547	Innovative Southern Constructions LLP	No 148/9, Deeksha Complex, Next To Police Station Megala Beedi, Kengeri, Bengaluru, Bangalore, Karnataka	India
S1-288071309	Sweet Coffee	13 Harmon Street, Unit Apartment 407, White Plains, NY	US
S1-560404786	Carter Golden Sterling	3415 Hill Creek Road, Brunswick County, VA	US
S1-729589202	Baker, Yoder & Coppinger Hotel Inc.	642 Austin Lane, Lavon, TX	US
S1-482093263	Delhi Lab	Kh. No. 142/147/2 (0-16). Ground Floor, Extended Lal Dora Village, Kanjhawala, Delhi, North West, Delhi	India
S1-997068729	Candler Economic Development Center	29 Sparkle Dun Drive, Candler, NC	US
S1-437552067	Big Yoga	55 County Road 3312, Annona, TX	US
S1-909935535	Gitlin and Lee PC	74 Guilford Street, Buffalo, NY	US
S1-486259097	Williams Golden Fusion, LLC	310 Blackstone Street, Uxbridge, MA	US
S1-627800004	Punjab Clinic	H No 10-30/3/A Pothreddypally, Sangareddy, Hyderabad, Telangana	India
S1-118374481	Rapid Electric LLC	406 Eleanor Street, Houston, TX	US
S1-605530969	Community Guild	3208 Country Hill Road, Nashville, TN	US
S1-92749552	Lion Bread	646 Ryan Road, Barton, VT	US
S1-993151535	Yogiraj Memorial Trust	88/6 Mira Societyshankar Sheth Road, Pune, Maharashtra	India
S1-982450551	Lopez & Hernandez Tsakos, Inc	W6984 Puckaway Road, Town Of Marquette, WI	US
S1-784905401	Denning Credit LLC	11101 Peck Road, Spokane, WA	US
S1-48671028	Great Holding Company PC	6410 Highway 84, Gatesville, TX	US
S1-476434905	Surgical Center LLC	410 17th Street, Unit A, Nashville, TN	US
S1-331890905	Ridge Fellowship	20290 8, Bristol, IN	US
S1-399053308	St. Synagogue	490 Cowman Road, Wilmington, OH	US
S1-921030335	Saenz and Stewart Ithax Inc	7515 Maple Avenue, Hesperia, CA	US
S1-25338063	Nguyen Family Practice	4207 Knox Road, Unit 1549A, College Park, MD	US
S1-703875693	International Media Works L.L.C.	519 11th Avenue, IL, Maywood	US
S1-938816602	Robinette, Pandora, DO	29 Cross Road, De Witt, NY	US
S1-546536633	Z+ Joint	1132 Feldspar Lane, Lewisville, NC	US
S1-44882844	Hitech Producer Private Limited	826, Vikasdeep Building, Laxmi Nagar District Center, New Delhi, Delhi	India
S1-321268985	Temple Israel	6130 State Road 45, Bloomington, IN	US
S1-958239106	My Impex Private Limited	1186, Sarvodya Mohalla, Hamirgarh, Bhilwara, Rajasthan	India
S1-136066185	Jalloh, Blasingame and Martinelli	314 Melrose Valley Falls Road, Schaghticoke, NY	US
S1-652183438	Premkunj Trading Private Limited	A 805 Salarpuria Splendor 20, N R Colony Main Road, Off Old Airport, Road, Bangalore, Karnataka	India
S1-297793837	Brit Ibarra Peak Securities Inc	15 Edwards Street, Unit Apartment 2H, Roslyn, NY	US
S1-921719284	North Infrastructure Pvt Ltd	Shop No. S 18 Aditya Mega Mall, Delhi, East Delhi, Delhi	India
S1-109967067	Jay Energy Private Limited	Plot No Q 1 Cama Industrial Estate Walbhat Road, Goregaon East, Mumbai, Mumbai City, Maharashtra	India
S1-354021152	Nice Credits Private Limited	168, Shree Krishna Nagar Rd No 13, Rajgruh, Borivali East, Mumbai, Mumbai City, Maharashtra	India
S1-886365347	Optimal Modern Mustang LLC	702 17, Elizabeth City, NC	US
S1-859913901	Narmada Prosperity Pvt Ltd	Prithvi App., Wing A S. No. 163/A, Hadapsar, Pune, Maharashtra, Shop No. 28, Pune	India
S1-763665008	Guerra, Moll and Hyatt Inc.	3838 Mckinley Street, Unit Apartment 312, Columbia Heights, MN	US
S1-784958839	Big Tavern	1711 21st Street, Casper, WY	US
S1-101199887	Peterson & Jones Indonesia Inc	52 Ridley Road, Sanford, ME	US
S1-210803594	Barkley's Blue Coffee	64 Old Stage Road, Montague, MA	US
S1-353119675	Cobalt LLC	520 Linda Lane, Broken Bow, OK	US
S1-71167365	Wright Plum PC	12233 Winne Lane, Huntley, IL	US
S1-242277613	Super Global Private Limited	Sai Subhakari, Sapthagiri Layout, Doddathoguru, Electronic City, F02, Bangalore, Karnataka	India
S1-533689667	Hotel Infotech	C/O Dagdu Vasantrao Fugte, Hno 87 Wn 17 Balaji Nagar, Osmanabad, Maharashtra	India
S1-307870262	Vision Engineering Private Limited	H.No.956, Lohgaon, Tq Naigaon, Nanded, Maharashtra	India
S1-167353179	Neptune Shree Private Limited	Ah1/41, Thakre Nagar, Aurangabad, Maharashtra	India
S1-447432671	Creative Hartford LLC	1885 16th Street, Springfield, OR, Unit Unit 214	US
S1-672863094	Shyam Energy Private Limited	Pentagram, Near, Whiteland Mall, Sec71, Badshahpur, Gurgaon, Badshahpur, Badshahpur, Gurgaon, Haryana	India
S1-622768687	Enriched Constructions Pvt Ltd	Veershri Adalat Road, S.Sainik Dp, Aurangabad, Maharashtra	India
S1-716098694	Sirius Hair Studio Inc.	2987 Wildcat Road, Mount Morris, NY	US
S1-816634373	Dworkin and Person Roman LLC	3655 22nd Street, Washington, DC	US
S1-144960968	Haight & Rother Yhn Corp	14770 Seabeck Highway, Seabeck, WA	US
S1-266938242	Harris, Millisent P., Ph.D., P.C.	Bldg 202, OH, North Canton, 261 Glenwood Street	US
S1-213714171	Tirth (India) Impex Limited	Shop No-201-S Floor Plot No-14 Sagar Tower Distt Centre Janak Puri, New Delhi, South West Delhi, Delhi	India
S1-980762721	Rn Foundation	9/5, Delhi, South Delhi, Nehru Enclave East Kalkaji, New Delhi	India
S1-171598027	Modern Ventures LLP	232, Shivaji Nagar, Cement Road, Nagpur, Maharashtra	India
S1-945179611	Noida Designer	Tower U, Flat, 14 Th Avenue, Gaur City 2, Noida, Gautam Buddha Nagar, Uttar Pradesh	India
S1-971697988	Hungama Solutions Limited	29 Kabir Khedi, Lahiya Colony, Indore, Madhya Pradesh	India
S1-797223745	Harris Charter School LLC	3062 140, Town Creek, AL	US
S1-214577346	7-Legged Dog LLC	300 Steuber Mountain Road, Dover, AR	US
S1-551674649	Hannie Stansell Trusted Vista, LLC	Trinity, TX, 3676 Sh 19	US
S1-252666627	Cvk Trading Private Limited	24 R N Mukherjee Road 2Ndfloor Hare Street, Kolkata, Calcutta, West Bengal	India
S1-102636763	Morris Legacy Spade LLC	1032 47th Street, Baton Rouge City, LA	US
S1-64473990	Dionne Choice Wellness LLC	7210 Southeastern Avenue, Indianapolis, IN	US
S1-537004653	Automobiles Industries Group Limited	Office No. 109, Chandulal Joshi Complex, Opp. Railway Station, Kalyan (W), Kalyan, Thane, Maharashtra	India
S1-115352311	Nova Seva Samiti	Billquees Mansion 2Nd Floornorth Side 261/263 D N Rd Fort, Mumbai, Maharashtra	India
S1-448182681	Cahra G. Ostrom, L.C.S.W., M.D., P.C.	1316 4th Street, Paducah, TX	US
S1-923084506	Aditya Investments Limited	50, Kothanur, Bagalur Road, Bangalore, Karnataka	India
S1-656346867	Shiv Industries Limited	428- First Floor Niti Khand- 2 Indirapuram, Ghaziabad, Uttar Pradesh	India
S1-601903698	Rosenthal Blue Beverage Inc	5413 23rd Place, Cicero, IL	US
S1-733071084	Wherry Vertical	2520 Watermark Terrace, Unit 109, Elgin, IL	US
S1-849931922	Q 4 R Adamas	IN, Jamestown, 97 Main Street	US
S1-253925667	Innovative Agricultural	2813 Parker Lane, Austin, TX	US
S1-400066789	Smart Dynamic Safe, Inc	2039 12th Street, TX, Port Arthur	US
S1-373479106	Vijay International Limited	401, Ashish Apartment, Ramdaspeth, Nagpur, Maharashtra	India
S1-60232496	Shiv Exports Private Limited	No.410/1, Ngr Layout Roopena Agrahara, Madiwala Post, Bangalore, Karnataka	India
S1-310445162	Summit Association	124 Erie Street, Fl 0, Wichita, KS	US
S1-22178796	Cascade Foundation	203 Buck Hollow Drive, TX, Mount Pleasant	US
S1-543414626	Estro Solutions Private Limited	Maharashtra, Nagpur, Plot No.8 Dhangawalinagar, Pipla Road Nagpur	India
S1-789570704	Byrne Precious Group	45 Bellevue Drive, Unit Unit 1, Rochester, NY	US
S1-292762602	Royal Global Gas Inc.	NY, Schenectady, 902 Lincoln Avenue	US
S1-80994926	Ahmedabad Solutions Private Limited	Ahmedabad, White House, Nr Panchvati Circle, C G Road, Ahmedabad, 10/11 First Floor, Gujarat	India
S1-852127987	Signature Law Group	215 Leighton Street, Frontenac, KS	US
S1-490948519	Vigilant Travels Private Limited	No 93/9, K No 731-2389, Varthur Main Road, Munnekolalu, Marathahalli, Bangalore, Karnataka	India
S1-769712270	Mumbai Texfab Ltd	Mumbai, Floor 13 Priceton Bldg, Hiranandani Garden, Powai, Maharashtra, Mumbai City, Plot No - 134	India
S1-351883628	Prasad Farmers Partners	C/O-Goutam Chowdhury, Nutanchati, Bankura, Bankura - I, Bankura, West Bengal	India
S1-514359098	Faridabad Solutions Corp	302, Beacon Tower, Block-15, Omaxe Hills, Sector-43, Faridabad, Haryana	India
S1-487468595	Enterprises Immigration Private Limited	No. 128, First Floor, 10Th Cross Indiranagar 1St, Bangalore, Karnataka	India
S1-779588120	Canela & Jordan Rent Inc.	1217 Jefferson Avenue, Dixon, IL	US
S1-724594993	Brihat Infratech Pvt Ltd	Office - 608, 6Th Floor, B-Wing Tanish Pride, Charoli Budruk, Pune, Maharashtra	India
S1-427338273	National Fund	401 Chapin Street, Chadron, NE	US
S1-973593569	Housing Federation	Saint Cloud, MN, 3711 3 Street	US
S1-283413762	Behavioral Health Medicine	1891 Pinetops-crisp Road, Pinetops, NC	US
S1-448940074	Tiruvallur Restaurant LLP	2/595 Sri Annai Illam Bhavani Amman Koil Street Kannadapalayam Thiruninravur, Tiruvallur, Thiruvallur, Tamil Nadu	India
S1-707698056	Felice's Quality Iron Works Inc	9 Park Drive, Montpelier, VT	US
S1-286705121	Cherlapally Systems Public Limited	Plot.No.80/B, Ida Phase -Iii, Cherlapally, Hyderabad, Telangana	India
S1-110425275	Strategic Realty Laboratories Inc	1384 Horse Shoe Bend, Greenwood, IN	US
S1-966785343	Delta Colonial Neighborhood	West Des Moines, 2450 Ep True Parkway, IA, Unit Apt 27	US
S1-43805803	Beacon Diagnostic Worldwide	7417 Princeton Drive, Tucson, AZ	US
S1-21793453	Abraham Traders Private Limited	317 Murli Bhawan10 A Ashok Nagar Lucknow, Uttar Pradesh, Lucknow, Uttar Pradesh	India
S1-116641210	Nidyne Enterprises LLC	6770 Vail Drive, Hamburg, NY	US
S1-813634276	Mahesh Trading LLP	Land No 41 Jafar Dp Near, Beed, Bid, Maharashtra	India
S1-872149398	A Safe Zeo Inc	1742 Bristol Drive, Dubuque, IA	US
S1-373971106	Cordero, Hurd & Torres Doubleline	714 Fayette Drive, Euless, TX	US
S1-913174065	A All Iron LLC	1259 Church Street, Layton, UT	US
S1-13803241	Katherine E. Martinez, O.D. PLLC	199 Coplon Road, Rotterdam, NY	US
S1-246790874	Digi Traders Private Limited	C/O Kinkar Naiya Vill- Shyamnagar Po- Dhosa Ps- Joynagar, Kolkata, Parganas South, West Bengal	India
S1-534769202	Wildlife Initiative	5711 103rd Drive, Phoenix, AZ	US
S1-782745931	Muktai Trading Private Limited	15/298A, Gulf Road Pavandur P.O, Via Annasseri, Kakkur Road, Kozhikode, Kerala	India
S1-471824149	Ranee Andrade Vehicle Care	1420 County Road, Mascoutah, IL	US
S1-311538710	Sunlife Educational Society	47-11-27/46, 2Nd Floorarunodaya Complex, 1St Lane \ Dwarakanagar, Visakhapatnam, Vishakhapatnam, Andhra Pradesh	India
S1-602781481	Agra Care Pvt. Ltd.	H.No.-L.I.G, B-756, Kalindi Vihar Mauja Naraich, Agra, Uttar Pradesh	India
S1-393866174	An (India) India Limited	273 Leather Complex, Jalandhar, Punjab	India
S1-35425316	Trikuta (india) Private Limited	76/1 Bangur Avenue, Block-B, Flat-3/A, North 24 Parganas, Kolkata, Parganas North, West Bengal	India
S1-985797528	Integrated All Lng LLC	2532 La Mesa Place, Gresham, OR	US
S1-953427285	Eastern India Care	149/B, Anandpuri, West Boring Canal Road, Patna, Bihar	India
S1-207834038	Muniz Acquisitions LLC	4315 177th Place E, Tulsa, OK	US
S1-202389845	Atlantic Commercial Consultants LLC	387 Crystal View Lane, Rancho Cordova, CA	US
S1-811027199	Clean Gulf Companies Inc	2825 Stockyard Road, Bldg Building D, Missoula, MT	US
S1-317690617	Guru Engineering Private Limited	Plot No.2 Sector No.33 New Market Yard Road Jalna, Jalna, Maharashtra	India
S1-125604076	OU Facility Private Limited	H. No. 29, 1St Floor Lal Diggi Chauraha Vijay Deluxe Road, Sultanpur, Uttar Pradesh	India
S1-550762058	Value Marine Studios Inc	9323 Holly Brothers Court, Laurel, MD	US
S1-134190085	Gilbert Crystal Studios LLC	35576 Arroyo Road, Lucerne Valley, CA	US
S1-981419859	Synergy Memorial Trust	Parakkulangara House, Moolankaav House, Thelampatta, Sulthan Bathery, Wayanad, Kerala	India
S1-21048540	Metro Cardiology Upper Marlboro	12716 Whiteholm Court, Upper Marlboro, MD	US
S1-76282366	Cox Desert Fargo Inc	180 Eastland Avenue, Brighton, NY	US
S1-100383410	Diamond Software Services LLC	601 Park Brook Road, Isanti, MN	US
S1-168660208	Any Scents Private Limited	B-98, First Floor Panchsheel Vihar, Malviya Nagar, New Delhi, South Delhi, Delhi	India
S1-333865631	Jennine Gray Vernal Corp	Millbrook, 70 Front Street, NY	US
S1-544907280	Autism Assistance Institute Corp	225 Decker Street, Fl 0, Wichita, KS	US
S1-574578128	Pack (india) Limited	Maharashtra, Godrej Prana Sr No. - 31 32, Haveli Pune Undari(Part) (N.V), Flat No. B-801, Pune	India
S1-278505247	Jeanbaptiste Interstate Orion	8475 Sleepy Hollow Drive, Warren, OH	US
S1-56931494	Sterling Diagnostic Partners LLC	9890 Park Place Drive, Monticello, MN	US
S1-997348420	Southern Media Private Limited	Thane, Navi Mumbai, Maharashtra, Plot No. 156 To 159, Office 205, Sector 19C	India
S1-342201682	Smart Management	923, 3 Rd Main, 4 Th Cross, Bangalore North, Bangalore, Karnataka	India
S1-612728858	Hitech Arihant International Private Limited	C/O Prithvi Prakashan Pustak Bhandar 4725, Bazar Ballimaraan, Delhi, North Delhi, Delhi	India
S1-231870118	Energy Chadha Mercantile Pvt Ltd	New Delhi, Office No-306, West Delhi, Magnum House No-11, Commercial Complex, Karampura, Delhi	India
S1-987070779	Montium Leapfrog Partners	112 Pinon Street, NM, Clovis	US
S1-532152491	Aspen, LLC	15240 Bayberry Court, Orland Park, IL	US
S1-410345951	Davis, Vogt and Smith Laboratories Inc	11377 Twp 266, Unit 48, Lakeview, OH	US
S1-861441031	Swain and Rivera Inc	7616 37th Street, Unit #I, University Place, WA	US
S1-298606422	Shirur Solutions Private Limited	H.No. 376/3 Village, Shirpur-Sangavi Highway, Shirur, Pune, Maharashtra	India
S1-325212926	Rosella Hallett Medicine, LLC	1600 Tripp Court, Mundelein, IL	US
S1-249531070	Strategic Business Dynamics, Inc	1533 Sandbridge Road, Virginia Beach City, VA	US
S1-46163968	AA Services Limited	New No.77, Old No.39, 1St Floor, Thambu Chetty Street, Tondiarpet Fort St George, Chennai, Tamil Nadu	India
S1-843434285	Fuentes American Brand LLC	24801 Lakepoint Drive, Unit 247, Wilmington, IL	US
S1-919406797	Adrienne Ogle, D.D.S.	1216 29th Street, Unit 2, Anacortes, WA	US
S1-507253025	Premier Trading Laboratories Inc	26034 Cottage Road, Wilmington, IL	US
S1-407722101	Vanguard Robotics Innovations LLC	22 Sheffield Road, Wilton, NY	US
S1-180574078	Smb Consultants	1204, Aum Heights, Plot No. 30, Rd No. 2 Off Link Rd, Shastri Nagar, Goregaon(W), Mumbai, Mumbai City, Maharashtra	India
S1-2797651	United Investment Private Limited	6- Heera Vihar A, Kumawato Ke Dhani, Sanganer, Jaipur, Rajasthan	India
S1-940359566	United Engineering Private Limited	B-16, Nagpur, Wasudeo Nagar Near Hingna Naka, Nagpur, Maharashtra	India
S1-749327070	Highland Council Inc	1517 Walnut Street, Grundy Town, VA	US
S1-163478580	Bogle Secure Education LLC	4905 Griffith Drive, Beaverton, OR, Unit #103	US
S1-766047860	Hotel Investment Private Limited	53B Mirza Ghalib Street, 2Nd Floor, Kolkata, Kolkata, Howrah, West Bengal	India
S1-568182113	Kelley's Financial	4405 Navarro Street, Unit 309, Victoria, TX	US
S1-217911419	Balaji India Private Limited	6 A, Girnar Apartments 55 Pali Hill, Bandra West, Mumbai, Maharashtra	India
S1-855097829	Gangendra Ledger Pvt Ltd	No. 113, Bajanai Kovil Street, Chennai, Tamil Nadu	India
S1-606874628	Anchor Trading Enterprises LLC	130 Post Oak Drive, Dripping Springs, TX	US
S1-181472846	Raita International School	Rampriti D Yadav S K Chaudhari Nagar, Gorwa, Vadodara, Gujarat	India
S1-12618303	Red Indian Developers Private Limited	Ranjit Avenue, Punjab, Amritsar, 371 D Block	India
S1-669176911	Rishi & Brothers Private Limited	182/1, S K Deb Road (Pally Shree Colony), Patipukur, North 24 Parganas, West Bengal	India
S1-921050734	SZ Creations Private Limited	A-172, Lajpat Nagar-I, New Delhi, Delhi	India
S1-920919009	Real Industries Pvt Ltd	Flat No. 3008, 30Th Floor, The Park Residences, Mumbai, Maharashtra	India
S1-369010437	Bamion Inc.	30 Walnut Street, Unit 1, Brockton, MA	US
S1-610536656	Commission on Consumer Affairs	5011 Marietta Lane, Houston, TX	US
S1-577981243	Royal Retail Innovations LLC	7307 Taylor Street, Fridley, MN	US
S1-992173331	Pioneer Apparel Technologies LLC	1914 Hope Meadow Way, Powhatan County, VA	US
S1-685573536	Parker, Church and Wilkins Industrial Inc	City Of Oconomowoc, WI, 1616 Valley Road, Unit Apartment 10	US
S1-459095656	Magic Textile	Tower-K, Flat No-02, Amrapali Zodiac Sector120, Noida, Gautam Buddha Nagar, Uttar Pradesh	India
S1-498993571	Janice's Yoga	10110 Ferndale Road, Dallas, TX	US
S1-123188555	Ravi Construction Group	House No. 5 Ground Floor, Badli Road, Near Tikona Park, Delhi, North West Delhi, Delhi	India
S1-71047444	Pediatric Dentistry Anchor Center PLLC	2527 Bryant Drive, Magna City, UT	US
S1-873200938	Golden Industries Limited	Mundhwa, Pune Cantonment, Pune, Maharashtra	India
S1-773832558	Star Industries Private Limited	Shop No.1 & 2, Vikas Apartment, Opposite Bank Of Baroda, Ra Jawadi Road, Ghatkopar (East), Mumbai, Mumbai City, Maharashtra	India
S1-896889382	Cascade Great	2837 E 2525th Road, Marseilles, IL	US
S1-61252982	Rapid Health Consultants LLC	TX, Farmers Branch, 2511 Squire Place	US
S1-772044895	Hladik Cardiology	6664 Gordonsville Road, Albemarle County, VA	US
S1-760685711	Shreeji Solutions Limited	S. No. 506P1-P2-P3-P4, Opp. Flavour Granito, Khokhra Road, Tal. & Dist. Morbi, Gujarat, Bela Rangpar, Rajkot	India
S1-994518605	Allied Living	12307 Bel Drive, Omaha, NE	US
S1-867299760	Elizondo College	IL, 5214 Diversey Avenue, Chicago	US
S1-441096826	Chapman Global LLC	Sandusky, OH, 6800 Mc Cartney Road	US
S1-409439135	Advanced Transit Associates P.C.	614 Main Street, Arlington, KS	US
S1-716588548	Marianne Witt Finance	3375 Highway 7 Drive, Hot Springs Village, AR	US
S1-813343644	Moore, Limon & Mendoza, LLC	106 Juliana Court, Fl GROUND FLOOR, Columbia, IL	US
S1-382745387	Bricklayers Local 875	1608 Lindell Boulevard, Granite City, IL	US
S1-58682562	Bureau of Education	2954 28, Unit Lot 32, Milford, NY	US
S1-993210019	Silver Hospitality Private Limited	Flat No 908, 1St Floor, Sector 2 Rohini, Delhi, North West Delhi, Delhi	India
S1-294587569	Pava Hartford Care	109 Blue Moon Drive, Waxahachie, TX	US
S1-686409485	Justify Brothers Private Limited	21-1-686, Rikabgunj, Pathargatti Road, Charminar, Hyderabad, Telangana	India
S1-186459575	Thunder Services Pvt Ltd	301, Star Avenue, Dr. Radhakrishnan Road, Opp. Rajkumar Collage, Rajkot, Rajkot, Gujarat	India
S1-814589639	Eastern Pioneer Consulting Pvt Ltd	H No 1503 G/F Gali Arya Samaj Sita Ram Bazar, Delhi, Central Delhi, Delhi	India
S1-52397630	Cathryn Dejohn Better Telecommunication Inc	2906 Brookdale Avenue, Parma, OH	US
S1-439875821	Unified Chemical Labs	NY, Wallkill, 8 Longview Lane	US
S1-86252679	Dental Clinic	831 28th Street, Moline, IL	US
S1-928921929	Dvn Charitable Trust LLP	E-156, Back Portion, 2Nd Floor, Sector-63, Noida, Gautam Buddha Nagar, Uttar Pradesh, Noida, Gautam Buddha Nagar, Uttar Pradesh	India
S1-851776595	Ronet Oxley LLC	24010 Amesbury Drive, North Olmsted, OH	US
S1-274285995	Fius Desert Gold Inc	1610 Valley Drive, City Of Wisconsin Dells, WI	US
S1-669784397	Precious Healthcare (India) Private Limited	32/1, 3Rd Floor, Khaleel Plaza, R.V.Road, Basavanagudi, Bangalore, Karnataka	India
S1-558694631	Hudson Cadenza of Des Moines	100 Water Street, Unit Apt 103, Des Moines, IA	US
S1-778060910	David Dairy Saltlake	Cj-224, Sector-Ii, Saltlake City, Bidhannagar(M), Saltlake, North 24 Parganas, West Bengal	India
S1-307872605	Oralie's Insurance LLC	Lynnwood, Unit D, WA, 19402 60th Avenue	US
S1-52547445	Rodriguez Strategic Wellness	58167 Kirkland Hill Road, Jacobsburg, OH	US
S1-583192868	New Products Private Limited	H.No. 894, Prahlad Pur, Delhi, Banger	India
S1-430286970	Ippolito Select Rain Inc	6515 Lakeshore Road, Village Of Winneconne, WI	US
S1-713699574	Johnson Delta Bnb Corp	1028 Castroville Drive, Forney, TX	US
S1-392763390	Ngb Consulting Private Limited	Shammik Chambers 3, Broach Street, Mumbai, Maharashtra	India
S1-180291188	SL Stockbroking Private Limited	North 24 Parganas, 1St Lane, 6/4, Arabinda Sarani, Ward No-8, West Bengal, Barrackpore	India
S1-827845570	Jodhpur Ss Private Limited	5Th Floor, R.B. Heights, 9Th Chopasani Road, Sardarpura, Rajasthan, Jodhpur, Flat No. 519, Jodhpur	India
S1-884334911	#6 Banc Inc.	25-30 120 Street, College Point, NY	US
S1-879331734	Dental Capital Specialists LLC	441 Craighead 428 Road, Jonesboro, AR	US
S1-833531534	1390 Ocean Drive Owners Corp Inc	38 Barberry Drive, Crystal Lake, IL	US
S1-391310163	Ross Trailblazer LLC	1183 Grover Lane, Wayland, IA	US
S1-259791273	Reliable Creative Enterprises Inc	2601 Hampshire Drive, Garland, TX	US
S1-832359412	Centre Pharma Limited	9C, Saraswati Colony, Gali No-6, Roteda Road, Kota, Rajasthan	India
S1-987019767	Mcconnell Contracting LLC	MD, Lanham, 9510 Lanham Severn Road	US
S1-319597963	Vps Care of Ghaziabad	Dd-113, Avantika, Ghaziabad, Uttar Pradesh	India
S1-82493261	Trident India Pvt. Ltd.	C/O- Ashok Kumar Sharma, Aghoria Bazar, Aamgola, Mushahari, Muzaffarpur, Bihar	India
S1-610457950	Ball Eye Care	3412 English Road, Farmington, NM	US
S1-362525336	Northwind	101 Friendly Drive, Unit APT. H, Hampton City, VA	US
S1-353786439	Hotel Consulting Private Limited	2-2-1089/1/1&2, Ratnam Happy Residency, Golhanka, Tulsi Nagar, Hyderabad, Telangana	India
S1-737822448	Bright Creative Taiwan Inc	1810 Seymour Avenue, North Chicago, IL	US
S1-640075521	Super Exports LLP	C/O Premlata Agarwala, Vill, Atghara P.O. Dhankoil Hat P.S Kaliyaganj Dist Uttar Dinajpur, Kaliaganj, North Dinajpur, West Bengal	India
S1-436436622	Ss Projects Private Limited	Plot No 75 Boudha Nagar Jeedimetla Village, Hyderabad, Telangana	India
S1-731067679	Phillips and Curtis Inc	4693 King Meadow Trail, Kent, OH	US
S1-146948087	Board of Buildings	2959 Habersham Way, Atlanta, GA	US
S1-460355841	Clark School of Medicine Inc	1862 Tiger Lily Circle, Prince William County, VA	US
S1-670114242	Thrissur Securities Group	Room No. 7A, I Floor, Mayoogham Shopping Mall Olarikkara, Pullazhy P O, Thrissur, Kerala	India
S1-848107503	Southern Care Limited	Near Post Office A/P- Deola (Post Galli), Tal- Deola, Deola, Nashik, Maharashtra	India
S1-124162386	Aleece T. Kapoor, MD	1701 Alexander Springs Lane, Unit 9, Wake Forest, NC	US
S1-45042341	Link Abrasives Private Limited	Shop No- 6, Sankalp Complex, Gandevi Road, Navsari, Gujarat	India
S1-71836206	Classic Ventures Private Limited	West Bengal, A3 Satyen Park, Bishnupur - I, Sukh Sagar, Ground Floor, Flat G1, Joka, South 24 Parganas	India
S1-284467423	Just & Brothers Private Limited	Chennai, 52/7 General Muthia Street, Chennai, Sowcarpet, Tamil Nadu	India
S1-245807153	Unique Enterprises Pvt Ltd	No. 87, 2Nd Floor, 21St Cross, 7Th Main, N.S. Palya Btm 2Nd Stage, Bangalore, Karnataka	India
S1-457747867	Cooperative Environmental Networks, LLC	7357 Full View Avenue, Hanover County, VA	US
S1-188461927	Vikramaditya Tech Private Limited	C-8/70, Sec-8, Jnkp.Extn.Lko., Lucknow, Uttar Pradesh	India
S1-410622891	Direct Logistics Advisors LLC	13318 Yaupon Holly Lane, Houston, TX	US
S1-145856824	Trading Engage Recyclers Private Limited	S\O Dyanoba Gaikwad, Indrapast Colony, Parbhani, Maharashtra	India
S1-48668534	Lucky Seafood	4201 Simcoe Ln, Unit 437, Louisville, KY	US
S1-946342027	Urology Specialists of Tacoma	1521 56th Street, Tacoma, WA	US
S1-119150558	Renew Network Private Limited	C-40, Hauz Khas, New Delhi, Delhi	India
S1-949596772	Sanford Memorial Guild	NC, 196 Saddlebrook Drive, Sanford	US
S1-765366772	God Sangh	Cj - 112, Sector - Ii, Salt Lake City P.S- Bidhannagar, Kolkata, Howrah, West Bengal	India
S1-36562067	Harbor Automotive	12512 Swirl Lane, Bowie, MD	US
S1-56524518	Braunstein Terra	13109 Winters Cove, Del Valle, TX	US
S1-932718282	Das Brothers LLP	H.No 14-25, Sriram Nagar Colony Patancheru Town, Sangareddy, Medak, Telangana	India
S1-584021664	Poff & Carter Brand, Inc	6801 Inwood Drive, North Richland Hills, TX	US
S1-322066005	Ozuna & Bench Inc	1203 Hampton Road, Washington, IL	US
S1-800517437	Galaxy Marketing Private Limited	155/255, Rk Anwar Complex, 2Ndfloor Thambu Chetty St, Tondiarpet Fort St George, Chennai, Tamil Nadu	India
S1-44875043	Express Constellation LLC	297 Gosney Crossroad, Columbia Falls, MT	US
S1-705768352	Valley Fund	1702 Readburn Road, Hancock, NY	US
S1-906382044	Suryaa Electromech Company	Shop 102 Simac House Plot, No 23 Milan Subway Corner, Mumbai, Maharashtra	India
S1-583158915	Jillian Hill American Metro	1907 Q Street, Unit APT 404, Sacramento, CA	US
S1-610247781	Indrendra Health Limited	Flat - C/1104, Plot - 67, Sector 20, Road Pali, Navimumbai, Raigarh, Maharashtra	India
S1-778815810	Pacific Royal Realty	3854 Vt Route 100, Hyde Park, VT	US
S1-989566850	Prairie Initiative LLC	Anthony, 815 Lincoln Street, NM	US
S1-239547099	Exports Srp Consultancy Private Limited	3, Picasso Bithi, 1St Floor (Fortmerly Hungerford Street), Kolkata, Kolkata, Urvashi Apartment, West Bengal, Howrah	India
S1-662953758	My Foundation Private Limited	Ramkrishna Sahniwas Daru Galli, Nalbhag, Maharashtra, Sangli, 201, Sangli	India
S1-51830676	Knowledge & Co	Room No.32/811, First Floor, Chakkeeri Complex, Bypass Road, Kondotty, Ernad, Malappuram, Malapuram, Kerala	India
S1-590224456	Unified Sachem Inc	9112 Palmer Road, Fort Washington, MD	US
S1-528775606	Good Global Private Limited	Cts 17052/14053, Office No. 3, Costa Mapal, Osmanpura, Aurangabad, Maharashtra	India
S1-903683682	Fortune Products Private Limited	Plot No 60/2 - 140/3/ 7 Main Road Athivakkam Village, Athivakkam, Accarapakkam Post, Kancheepuram, Tamil Nadu	India
S1-733115538	Energy Rsv Adhesives	Door No.1-67, M K V Pallem, Chilakaluripet, Guntur, Andhra Pradesh	India
S1-278533872	Glowtech & Co	218/7, Kallada Methal, Kodapuzha, Kozhikode, Kerala	India
S1-552195584	Olivarria Lifesciences Center	2369 Cedar Lake Drive, Maryland Heights, MO	US
S1-442175465	Jai Producer Pvt Ltd	B/51, 403, Anand Nagar Chsl, Dahisar East, New Link Road, Mumbai, Dahisar East, Mumbai, Maharashtra	India
S1-987646505	Lyrex Metro Inc	11804 Farley Avenue, Kansas City, MO	US
S1-232901280	Tri-State Health Center	6224 Asfari Court, Norfolk City, VA	US
S1-631925158	007 Costamare LLC	6626 Belleview Street, Fl 1, Scottsdale, AZ	US
S1-173364970	Vijay Management Private Limited	Delhi, New Delhi, West Delhi, 152A Vikrant Enclave	India
S1-587629275	Mumford Sumitomo of Lake Arrowhead Inc	1223 Brentwood Drive, Lake Arrowhead, CA	US
S1-443083053	Innovative Construction Private Limited	P No 440/E, Prajay Sai Gardens Kundanpally, Kundanpally, Ghatkesar, Rangareddi, Rangareddy, Telangana	India
S1-15389647	Black Solutions Private Limited	Midnapore, West Midnapore, West Bengal, P.O.-Abash Midnapore(W), Vill- Kangaligang Patna	India
S1-504714291	Vacation & Co	Officeno.804, 8Thfloor, Buildingb, S.No.1/1B&2B, Matrix1, Wtc, Tower, Kharadi, Pune, Maharashtra	India
S1-90663940	Ceque Old	289 Co Rd 50A, Irondale, OH	US
S1-797774162	Indian Constructions Pvt Ltd	12, Vishwa Mahal C Road, Churchgate, Mumbai, Mumbai City, Maharashtra	India
S1-972596282	Modern Producer Pvt Ltd	Plot No. 16 &34, Jai Bharat Colony, Trimulgherry, Secunderabad, Hyderabad, Telangana	India
S1-407265542	Piedmont Continental Financial	8808 Pilgrim Drive, Amarillo, TX	US
S1-987418640	Head Mobile Inc.	535 Scott Drive, Payson, AZ	US
S1-165439113	Nanni Miller Nuclear	1871 Wick Campbell Road, Hubbard, OH	US
S1-97175507	Parshvanath & Co	3 New Veena 36716Th Road Bandra West, Mumbai, Maharashtra	India
S1-496452498	Maggy's Security LLC	4013 2, Rolling Prairie, IN	US
S1-966615737	Standard Products Private Limited	68, Ground Floor, Plot No. 69, Amin Building, Ebrahim Rahimtulla Road, Bhendi Bazar, Mumbai, Mumbai City, Maharashtra	India
S1-523188963	Empire Network VI Care	211 Marine Avenue, IN, Elkhart	US
S1-823066460	Kirpal Products Private Limited	C/O Ashok Gopal Prasad, Govardhan Gate Kumher, Bharatpur, Rajasthan	India
S1-774974107	Quality Laboratories Inc	TX, 15111 Claypool Street, Houston	US
S1-333090130	Rudra Crop (India)	No. 110, M M Road, Bangalore North, Bangalore, Karnataka	India
S1-125346410	Lotus Foundation Limited	Varanasi, Saiudaipur, Plot No.278, Uttar Pradesh, Varanasi	India
S1-187696956	P S Jaramillo Post	1122 Shore Drive, Fl 0, Edgewater, MD	US
S1-949675977	Cardiology Secure Partners	4430 Netarts Highway, Netarts, OR	US
S1-917175080	Marianna's Pet Care LLC	Sartell, 404 Dukes Court, MN	US
S1-613556139	Rajkamal & Sons Co	Soham Garden Row House Hawa Mahal Banglow No. 03, Gb Road, Manp, Ada, Thane West, Thane, Maharashtra	India
S1-43059245	Red Oak Presidio LLC	217 Garden Valle Lane, Red Oak, TX	US
S1-629117477	Digital Energy Limited	Patna, 202, Bihar, Vaishnavi Dayanand Apartment Boring Canal Road	India
S1-539470422	Dream Lakshmi Estate	Maharashtra, Plot No. 31, Nabhraj Sunflower Resideny, Beside Flyover, Shah, Anurwadi, Aurangabad, Flat No. 6, Aurangabad	India
S1-363085534	Jinny's Pilates of Orange County	VA, Orange County, 305 Spotswood Road	US
S1-215326992	Oncology Group	1352 Arbor Circle, Tucson, AZ	US
S1-134712539	Hotel Investments Private Limited	801, Tulsiani Chambers Free Press Journal Marg, Nariman Point, Mumbai, Mumbai City, Maharashtra	India
S1-272979013	Alvarado Platinum Purpose LLC	239 E Hill Road, Canton, CT	US
S1-261467324	Metropolitan Defense PLLC	9120 Oak Creek Drive, Midwest City, OK	US
S1-90422284	Lotus Management Private Limited	Kolkata, Howrah, 23 Raja Santosh Road, Kolkata, West Bengal	India
S1-474340642	Meridian Retail Ltd	15 Boylan Lane, Brookhaven, NY	US
S1-522117215	Maa Supreme Constructions LLP	17, Basements, Sukh Sagar, Nyaymurti Sitaram Patkar Marg, Chowpaty, Grant Road, Mumbai, Mumbai City, Maharashtra	India
S1-894229802	Krishna Technology Private Limited	42/1, Cubbon Road, Infantry Road, Bangalore, Karnataka	India
S1-15558120	Tonie Tang Rocky Equipment Inc	4802 Vicky Road, Nottingham, MD	US
S1-385990088	Prairie Homecare LLC	3123 Aviemore Way, Richfield, OH	US
S1-926995685	CDO Resources Private Limited	Mhada 201, Kohinoor Sapphire, Pune City, Pune, Maharashtra	India
S1-841427146	Ss Investments Private Limited	Amar Hilisaki Vihar Road Powai, Mumbai, Maharashtra	India
S1-50265410	Hari Life Management Private Limited	Sy No. 155/3A, Tirupati Road Venkatapuram Karkambadi, Tirupati, Chittoor, Andhra Pradesh	India
S1-46706132	Mcdonald Allied Strategy Inc.	524 Clay Street, Woodstock, IL	US
S1-295028405	Jones, Schulte & Mejia	4017 162nd Street, Tacoma, WA	US
S1-202019557	Stag (India) Wood Private Limited	Howrah, Kolkata, West Bengal, Fl-3B, 216/D Kalikapur Main Road, Kolkata, 3Th Fr	India
S1-669760123	Internal Medicine Health	88 Wadsworth Avenue, Hempstead, NY	US
S1-138739394	Property (India) Marketing Private Limited	29, Gourv Park, Tangri Brij, Ambala Jagdhari Road, Ambala Cantt, Ambala, Haryana	India
S1-270841879	F & L Elite	66 Phillips Street, Unit 3, Boston, MA	US
S1-850472474	Horizon Marketing LLC	333 1st Street, Rosenberg, TX	US
S1-268295736	Universal (india) Limited	Shop No 13-14 Ravi Kiranbldg Plot No 8-58 Oshiwara Link Rd Andheri W, Mumbai, Maharashtra	India
S1-905567178	Evans Capital Partners LLC	6471 Oak Forest Avenue, Tinley Park, IL	US
S1-944515765	AT Interstate Online	231 Hampden Avenue, Narberth Borough, PA	US
S1-716148162	Krishna Care Private Limited	B-111, The Icon Apartments Dlf City, Phase 5, Gurgaon, Haryana	India
S1-419148871	Admire Shelters Private Limited	Unit No. 411, 4Th Floor, Barton Centre, M G Road, Bangalore North, Bangalore, Karnataka	India
S1-585874110	Carr Pebblebrook LLC	1408 16th Street, Birmingham, AL	US
S1-220722262	Mahamaya Organics Private Limited	I-7/58, First Floor, Sector-16, Pkt 7, Rohini, Delhi, Delhi, North West, Delhi	India
S1-191580586	Mesa Silver Grifols LLC	Mesa, 45 9th Place, AZ, Unit 56	US
S1-708345657	Basil Resorts Private Limited	268 Anandpura Yojana, Na Aen (A-1), Kota, Rajasthan	India
S1-791039936	Invision Ifsc Private Limited	Jaisingh Business Centre, Mumbai, Maharashtra, 101 1St Floor, Mumbai	India
S1-459549547	Dermatology Group	3104 Trisha Court, Santa Maria, CA	US
S1-597137613	Jain Software Pvt Ltd	Plot No. 3. Shop No.3, Bhagwati Niwas Tilakwadi, Nashik, Maharashtra	India
S1-989536525	Varshtech Chemicals of Dhule Pvt Ltd	C.S.No. 2429 F.No. 6 Dsk, Sunshain Apatment, Dhule, Maharashtra	India
S1-901259260	Al International Private Limited	Block No 135 B Nr Mallikarjunmahadev Temple N H No 8 At & Po Majigam Tal-Chikhli, Navsari, Valsad, Gujarat	India
S1-336897817	Nathalie E. Wyatt, DMD, P.C. LLC	8010 Rachel Wynd, Leland, NC	US
S1-713545256	Classical Educational Society	North West, Delhi, Kh. No- 320/155, Ground Floor, Janta Vihar Village, Mukandpur	India
S1-619824856	Perfect Infrastructure Private Limited	S No 8/6 Ambegaon Bk, Near Dilli Wala Gotha, Haveli, Pune, Maharashtra	India
S1-167107239	Mercurio Express Express LLC	TN, 108 Rees Avenue, Chattanooga	US
S1-507825001	Red Barbershop!	208 Elm Street, Lovington, NM	US
S1-482576179	MPI Valley Spark P.C.	2041 Susquehanna Hall Road, MD, Whiteford	US
S1-412050572	Global Smart Catalyst Inc	34 Floral Street, Bath, ME	US
S1-798771035	Goodshine Cure Pvt Ltd	D-52, Malcha Marg, Chanakyapuri, New Delhi, South Delhi, Delhi	India
S1-838572645	Edwina Conway Invest	12 Nippon Avenue, Staten Island, NY	US
S1-565611266	Loa PLLC	186 Stephen Drive, Meriden, CT	US
S1-581635427	Infra Tristar Healthcare Private Limited	Delhi, East Delhi, House No. 90-A, Kanti Nagar, Azad Nagar	India
S1-853111951	Rs Consultancy	H/O. Ishwar Chandra Prasad Lt.Sitaram Tari, Prabhunath Nagar, Near Tari Pul, Chapra, Saran, Bihar	India
S1-980143190	Mumbai Logistics Private Limited	343 S V Road, Andheri West Mumbai, Mumbai, Maharashtra	India
S1-607946373	Beseo LLC	Woodburn, OR, 775 Young Street	US
S1-724791031	GXM Sahakar Company	Flat No 5 H. No 989, Sadashiv Peth Seven App, Pune City, Pune, Maharashtra	India
S1-151890197	Bowers's Architecture	307 2nd Avenue, Beach City, OH	US
S1-899253963	Bright Tattoo!	501 Locke Street, Nappanee, IN	US
S1-378518900	Fresh Cleaning Service Inc.	21 Dewitt Street, Unit Apartment 2, Amsterdam, NY	US
S1-459563353	Surya Hotel Impex Private Limited	Haryana, Karnal, Hno.-970, Ward No.-7 Sector No. 6, Karnal	India
S1-46427388	Dharmapuri Clinic	C/O, Chandan Choudhary, Bl-, A, Rittika View, Natun Para, Rajarhat, North 24 Parganas, West Bengal	India
S1-143529013	Dimique LLC	239 Racetrack Lane, Montgomery, TX	US
S1-905911894	Rosemonde Boyd Karman Inc	18718 Denise Dale Lane, Houston, TX	US
S1-938782783	4421 Sixth Lane Partners Corp	2310 Loving Avenue, Fort Worth, TX	US
S1-599131479	Family Pacific Association LLC	156 Hoffman Avenue, Morgantown, WV	US
S1-973845626	Youth Pinnacle Center	6 Tacon Street, Mobile, AL	US
S1-343605379	Jain South Enterprises	45 2Nd Floor Service Road 2Nd Cross Domlur Layout, Bangalore, Karnataka	India
S1-149889188	Family Associates Inc	San Tan Valley, 396 Tierra Lane, AZ	US
S1-833258149	Desert Restaurant Inc	914 Carrol Avenue, Harlingen, TX	US
S1-770183940	Complete Nova LLC	1385 158th Avenue, Unit #417, Beaverton, OR	US
S1-827331738	Amritha Hospital	Fl203 Sn 5/2 Sidhapuri Bl, Takshashila Soc Narhe, Haveli, Pune, Maharashtra	India
S1-116977514	Devansh Agro Private Limited	Gw-3032, Bharat Diamond, Bourse, Bandra Kurla Comp, Mumbai, Maharashtra	India
S1-668026742	Spn (India) Solutions Limited	Sco-12, 3Rd Floor, Kamla Palace, Sadar Bazar, Gurgaon, Haryana	India
S1-386580064	Green Foods Limited	Mumbai, Comm. Premises, Bhandup W, Maharashtra, Mumbai, B-602 Keshav Srishti Lbs	India
S1-567992042	Wood Education LLC	7428 Hammond Avenue, Brooklyn, OH	US
S1-177379321	Floyd Capstone Inc	9608 181st Avenue, Bonney Lake, WA	US
S1-251133772	Moye Disciplined LLC	4322 Woodland Hills Drive, Tuscaloosa, AL	US
S1-992280777	Frontier Institute VI	125 Hassler Road, Crossville, TN	US
S1-935283604	Prime For Private Limited	H No 6-116 Seetarampuram R W No 6 Jaggaiahpet Ntr Dist, Krishna, Andhra Pradesh	India
S1-201647337	Gamble and Manzi LLC	OH, 967 Scott School Road, Vinton	US
S1-868473743	1 800 I Care 4 U	322 Coral Drive, NM, Rio Rancho	US
S1-786364717	Dhanani College	9-1-7 Kandukur, Kandukur, Prakasam, Andhra Pradesh	India
S1-354905188	Highland Morgan	Bagley, MN, 39932 Lone Lake Road	US
S1-859170740	Micky's Pacific Apparel	400 Sweet Avenue, La Porte City, IA	US
S1-226248824	Lance, Dahm and Correa Clinic	224 Cedar Avenue, Atwater, CA	US
S1-21379485	Morris, Wheeler and Jensen	116 Kingston Drive, Locust, NC	US
S1-332374056	Rock & Sons Pvt Ltd	7/1A Grant Lane, Mezanine Floor, Room No. M-1, Kolkata, Kolkata, Howrah, West Bengal	India
S1-641734663	Super Solutions Private Limited	1369 /7878, Satya Vihar, Bhubaneswar, Khordha, Orissa	India
S1-511658499	Urgent Care Medicine LLC	La Porte, TX, 3109 Old Hickory Drive	US
S1-130811709	Horizon Ventures Pvt Ltd	A-310, Jai Devaki A Co-Op H Soc. Eksar Road, Borivali (W), Mumbai, Mumbai City, Maharashtra	India
S1-96061934	Pediatric Dental Center LLC	NC, Sanford, 1811 Holiday Road	US
S1-847862438	Bulandshahr Resort Ltd	Radha Nagar, Bulandshahr, Uttar Pradesh, Bulandshahr	India
S1-70188106	Bradford Express Pro P.C.	43481 Whetstone Court, Loudoun County, VA	US
S1-455472197	Meridian LLC	70 Mill Street, Unit 6, Woburn, MA	US
S1-178720072	Regional Industries Inc.	1746 550, Rushville, IN	US
S1-607202872	Lynette's National Signs	14 Wisteria Place, Oyster Bay, NY	US
S1-47309627	Chadwick Pioneer Gabelli LLC	26 Princeton Road, Burlington, MA	US
S1-546589798	Physical Therapy Medicine Inc.	NY, Babylon, 111 Milbar Boulevard	US
S1-732673601	Mobile Literacy Highland League	4712 Golden Avenue, Mobile, AL	US
S1-37913704	Kayvee Its Limited	New Delhi, Central Delhi, Delhi, 12/10East Patel Nagar Ugf	India
S1-950216320	Green Care Private Limited	B 1/2, G/F, Block B Kiran Garden Uttam Nagar New Delhi, Delhi, New Delhi, Delhi	India
S1-767776893	Direct General L.L.C.	814 Mcdaniel Avenue, Minerva, OH	US
S1-441745222	Ivenos Black Inc	7223 Smithville Road, Peoria, IL	US
S1-137093246	Garcia, Tobey, L.C.S.W.	2143 100, Greenfield, IN	US
S1-619846011	Flores Endocrinology	57 Mount Pleasant Street, Unit 4A, Rockport, MA	US
S1-982276578	Preferred Best Integrated	690 Curtis Lane, Xenia, OH	US
S1-533890205	Pedroso Btc, LLC	397 Barrett Hill Road, Carmel, NY	US
S1-790311187	WXE Estate Private Limited	Flat No 222 Ever Green Tower Desumajra, Mundi Kharar, Sector 125, Grea, Ter Mohali, Mohali, Punjab	India
S1-421615380	Gemava	NC, Holly Springs, 109 Ava Court	US
S1-986550830	Dermatology Group Inc	215 Fernwood Road, Montgomery, IL	US
S1-882543833	Gita Services Private Limited	B/205, Hemakunj Chs Ltd, Cabin Cross Road, Kharegaon, Nr Shiv Mandir, Bhayandar(E), Thane, Maharashtra	India
S1-858847165	Beejay Constructions LLP	Sf No. 451, Pnp Gardens, Konrajankuppam, Poonamallee, Tiruvallur, Tamil Nadu	India
S1-897741680	4788 Lexington Plaza Properties	23601 Sr 93, Unit 118, Fresno, OH	US
S1-992836289	Crescent Infra Limited	T-25, Old Nangal Raya, Delhi Cantt South West, Delhi, South West Delhi, Delhi	India
S1-332225785	Pollard Precision Networks LLC	4300 Gartin Avenue, Ashland, KY	US
S1-970410308	Deb White All LP	8520 Sunset Canyon Drive, Temple, TX	US
S1-860514793	We Auto Private Limited	No. 42, Bangalore, Defence Colony, Kaveri Layout, Agara, Bangalore North, Karnataka	India
S1-302078650	Corner Barbershop	4505 Natchez Court, Tualatin, OR	US
S1-515603554	Office of Finance	2006 Lasalle Lane, League City, TX	US
S1-758694709	Travancore India Private Limited	Diwar Cement Bricks Factory, Near Hp Petrol Pump, Samastipur, Bihar	India
S1-208029221	Zephyx Valuence LLC	5341 Dunmore Drive, Dayton, OH	US
S1-454486944	Federal Navios LLC	13456 Hawks Beard Street, Unit #1432, Tigard, OR	US
S1-613934145	Mata Light Group	257 Farnsworth Ln Lane, Marshfield, MO	US
S1-216563152	Real Marketing Pvt Ltd	Office No. 28, 1St Floor, Shreeji Villa, T H Kataria Marg, Matunga West, Maharashtra, Mumbai, Mumbai City	India
S1-801579627	Sai Media Private Limited	272, Maganj Ward No. 2 Near Ram Mandir, Guard Line, Damoh, Madhya Pradesh	India
S1-992233563	Lime Brothers Ltd	E-142 Vrundavan Township, Harni Road, Vadodara, Gujarat	India
S1-741717304	Good Smart Engineering Private Limited	172/11, Nsk Salai, Chennai City Corporation, Chennai, Tamil Nadu	India
S1-521224354	Seven Extrusions Private Limited	C/O Jasbant Sahu, Sankara By Pass, Sundargarh, Orissa	India
S1-323704795	Royal Readymix Private Limited	17B, Ambaji Darshan, A And B Wing, Near National School, Bhandup West, Mumbai Mh, Mumbai, Mumbai City, Maharashtra	India
S1-310368906	Savaa Institutions LLC	2718 Chestnut Avenue, Unit APT 2, Altoona, PA	US
S1-832733705	Lorie Kaminski Fresh Construction Inc	2180 249, Roanoke, AL	US
S1-231807024	Frontier Horizon Plains	2122 Parkway Drive, Unit E, St Peters, MO	US
S1-170239807	Wigal & Pate Virginia LLC	77 Cherrelyn Street, Springfield, MA	US
S1-964553604	Yamuesh Translations Pvt Ltd	Gdvd Foods Private Limited S.C.O- 50A, Sector-13, Hisar, Haryana	India
S1-944966077	Vaque Royal LLC	13900 Bell Street, Amarillo, TX	US
S1-957929480	Sunrise Engineering Private Limited	Ward No. 15, Bakhri Laxmi Niwas, Khagaria, Begusarai, Bihar	India
S1-359929081	Urban Infotech Private Limited	8 B Sector 15A, Noida, Gautam Buddha Nagar, Uttar Pradesh	India
S1-318805446	Shree Investments Pvt Ltd	H.No 1-11-130, Sundar Nagar, Jangamwadi, Nanded, Nanded, Maharashtra	India
S1-368096833	Optimal Fresh Fuels, Inc.	3961 52, Lexington, NC	US
S1-342647234	Resolute Developers Limited	3/603 Shubham Nariman Enclave Chhota Bangarda, Indore, Madhya Pradesh	India
S1-280033616	Jain Hospitality LLP	Sy.No.336To340, Plot No.138&139, Flat No.G-3, Road 3 Divya & Prathusha Classic, Pjr Enclave, Ch, Anda Nagar, Hyderabad, Rangareddy, Telangana	India
S1-992940622	Surgical Care Associates LLC	1100 Jefferson, Hartford City, IN	US
S1-616745417	Prairie Project	MN, Cromwell, 5434 Four Corners Road	US
S1-554978314	Devshri Kay	3-180 Apgb Street, Komarolu, Komarole, Prakasam, Giddalur, Giddalur, Prakasam, Andhra Pradesh	India
S1-977477139	Petro Polytechnic	Shop No.2, Ground Floor, Kaleka Mata Apartment, Near Shankar Mandir, Kalyan, Thane, Maharashtra	India
S1-290043778	Shree Engineering Private Limited	23/694-16, Mezkar, Arcade, Uliyannoor Road, Aluva, Ernakulam, Kerala	India
S1-347769567	Coastal Council	174 Berkshire Drive, Crystal Lake, IL	US
S1-717908351	Guru Golden Systems Private Limited	D103, First Flr Plot N.35, Gali N.49 Mahavir Enc P-3, New Delhi, West Delhi, Delhi	India
S1-522145962	White Projects Private Limited	C/O Mr. Rajendaran, Pallividai Madakudy, Tiruchirappalli, Tamil Nadu	India
S1-291237936	Rivera Nippon LLC	247 Beaver Lake Road, Rockland, NY	US
S1-471641791	Interstate Metropolitan Fast, Inc.	11502 Sagepark Lane, Houston, TX	US
S1-651357553	Anchor Transit Dynamics Inc.	111 Wake Robin Court, Frederick County, VA	US
S1-875123974	Vision Tech Private Limited	7 Deodar Street, Kolkata, Howrah, West Bengal	India
S1-553707209	Essdee India Private Limited	C/O Hari Singh, Chhota Belma, Post Samthar, Moth, Jhansi, Uttar Pradesh	India
S1-907315342	Orthopedic Medicine LLC	1030 Birch Point Drive, Whitefish, MT	US
S1-886060510	Scube Management Care	Khasara No. 20 Shrangar Pura, Jaipur, Rajasthan	India
S1-872617831	Thunder Fabtex	F 58, Rajdhani Park Nangloi, Delhi, North West, Delhi	India
S1-745838963	Strategic Analytics Consultants	209 Lorrie Avenue, Nolanville, TX	US
S1-8996308	M+ Communities	192 Longsight Lane, Unit APT 204, Rock Hill, SC	US
S1-758826820	Nanded Agro Private Limited	Gaya, Bihar, Gaya, Suraj Kund, Karsilli, C/O Deepak Kumar Gaur	India
S1-261606501	Clarine Brinton Innovation Inc	405 Dorning Road, Hayden, AL	US
S1-260740894	1602 Broadway Drive Properties LLC	1912 Cascade Boulevard, City Of Shasta Lake, CA	US
S1-697787865	Nyra Traders Pvt Ltd	South Delhi, New Delhi, Ground Floor, Kangar Mohalla Tukalkabad Village Tukalka Bad Kalkaji, Delhi, 234	India
S1-862777374	Oricon (India) Cable Private Limited	C/O Hifzurrhaman Atrari Mohamdabad Gohna, Mau, Maunathbhanjan, Uttar Pradesh	India
S1-108695418	Quality Defi PC	631 153rd Street, Burien, WA	US
S1-926846661	Alpha Power Private Limited	G-3, Ground Floor, Himadri Complex-2 Varahi Members Asso, Nr.Loha Bhavan, Navra, Ngpura, Ahmedabad, Gujarat	India
S1-251419040	Reliable Elite Krakacquisition LLC	18 Easton Street, Portsmouth City, VA	US
S1-267359660	Brave Signages Ltd	B-35 B G Trade Centre Station Road, Panchbatti, Bharuch, Gujarat	India
S1-567155318	North South Consulting Private Limited	Hyderabad, Telangana, #8-3-952/10/6 & 7, Secunderabad, Ii Flr, Srinagar, Cly Rd, Near Smiline Dental Hosp	India
S1-198674856	Sai Marketing Private Limited	Gat No-298/1, Khate No-511, Umrane Road, Deola, Nashik, Maharashtra	India
S1-960926470	Connaughton's Supreme Consulting	59 Farm Field Road, Southampton, NY	US
S1-822715767	Jackson's Properties	1313 Minnesota Avenue, Unit UNIT 22, Brownsville, TX	US
S1-544522342	Sg Allied Private Limited	Office No. 701, 7Th Floor, Sr.No.51/2A/1A, Navale, Icon Near Navale Bridge Haveli Pune Nahre, Haveli, Pune, Maharashtra	India
S1-464612611	Al Infrastructure Private Limited	B-305, Raj Kiran Chs Ltd, Raheja Complex, Off Yari Rd, Versova, Andheri West, Mumbai, Mumbai City, Maharashtra	India
S1-317724507	Tirupati Healthcare Private Limited	House No. 1/3, Block-X1, Budh Vihar, Village Pooth Kalan, Phase-1, Near Shri Ram Mandir, Delhi, North West Delhi, Delhi	India
S1-912386514	Scholarship Charities	112 2 Reese Drive, Ruidoso, NM	US
S1-897902675	Moses Corporation	509 Noah Lane, Lindale, TX	US
S1-158658183	Healthy Services Private Limited	Jaipur, Fifth Floor Plot No Gh 52 Gandhi Path, Kanakpura, Rajasthan, Jaipur, Flat No. 502	India
S1-805840897	DBL Marketing Private Limited	Gupta Colony, Nabapally, Barasat, North 24 Parganas, Kolkata, Kolkata, Howrah, West Bengal	India
S1-491510840	Rocky Investments	4450 Moddison Avenue, Sacramento, CA	US
S1-370517031	Pv Moon Pvt. Ltd.	10/1 Burtolla Street Burraabazar, Kolkata, Calcutta, West Bengal	India
S1-544649643	Oncology Group	4398 Cold Springs Road, Concord, NC	US
S1-281419580	Rev It Up Yoga	7413 Pine Hollow Court, Fort Smith, AR	US
S1-133336078	Cherise Rodrigues Empire Data	Houston, 76 Saddlebrook Lane, TX	US
S1-170627138	Clean School Limited	# 130, Bank Cricle, Bashettihalli, Doddaballapur Taluk, Bangalore Rural, Karnataka	India
S1-444619978	Urja Health	47, Magazine Street, Darukhana, Mazagaon, Mumbai, Maharashtra	India
S1-798969495	Pooja Charitable Trust LLP	51-A Shivshrurstidr Rangekar Society Kurla East, Mumbnai, Mumbai, Maharashtra	India
S1-973533012	Star Wholesale Corporation	4125 Center Street, Unit 11, Salem, OR	US
S1-987271143	Kerala Supply Private Limited	Titanium Heights, Prahladnagar, Makarba, Ahmadabad City, Gujarat, A/605, Ahmedabad	India
S1-256450670	Monique E. Evans, DPM	543 Colony Lake Estates Drive, Stafford, TX	US
S1-620125720	DE Royal Power	180 Newbury Street, Unit 3408, Danvers, MA	US
S1-402989848	WC Mining PC	217 Marshall Dr, Beechwood Village, KY	US
S1-307227133	Singh Hill LLC	445 Lonesome Dove Lane, Kirbyville, MO	US
S1-647294104	Walker Figx LLC	1194 Kelly Lane, Sylacauga, AL	US
S1-215719139	A Star Marshall LLC	19417 Boones Ferry Road, Tualatin, OR	US
S1-647059993	Innovative Tactical, LLC	Owasso, OK, 18510 79th Street	US
S1-14899588	Amba Memorial Trust	C/O Daya Shanker Naya Tola, Hajipur, Vaishali, Bihar	India
S1-898229048	Nalinia Capital Partners	726 Walnut Street, Carthage, MO	US
S1-528472766	Cohen Estate	101 Monmouth Street, Unit 701, Brookline, MA	US
S1-620108729	Vanorden One	1641 Apollo Drive, Chandler, AZ, Fl 1	US
S1-839136648	Chamunda & Brothers Private Limited	160, Medavakkam Main Roadullagaram Chennai-91., Chennai-91., Chennai, Tamil Nadu	India
S1-147804808	Mind & Brothers Pvt Ltd	H No.244-B, Kewani Pada, Post Kalher, Bhiwandi, Thane, Maharashtra	India
S1-832023693	Lee Integrated Healthcare LLC	1011 Madera Court, Allen, TX	US
S1-176314230	Nerta Henry Associated	4920 Ross Circle, Northport, AL	US
S1-293631912	Southern Renewable	8620 3, Otisco, IN	US
S1-75422056	Precision Realty	IL, 1505 Galena Avenue, Dixon	US
S1-166693323	Shakti Systems Private Limited	13E/7E/7A, Daud Nagar Naini, Allahabad, Uttar Pradesh	India
S1-405821912	Childress Preferred Idaho Inc	3301 H Street, Washougal, WA	US
S1-806248832	Sunrise International Private Limited	Revenue Survey No. 27/1-2 Paiki, Plot No. 5/1, 5/2, 5/3, Near Old Avadh Namkeen, Tal. Lodhika, Village Haripar Pal, Rajkot, Gujarat	India
S1-984961310	Olson Best Intelligent LLC	421 Ripley Hill Road, Spafford, NY	US
S1-853326130	Upper Apex Lending LLC	715 Sycamore Street, Unit C, Owensboro, KY	US
S1-815978989	Spencer & Caruso	9 Jacobs Street, Peabody, MA	US
S1-486104807	Surgical Interstate Care L.L.C.	502 Linda Lane, Lynwood, IL	US
S1-708761433	Cardiology Partners Ltd	605 Pine Street, Unit 33, Normal, IL	US
S1-908947781	Carrasco's Heritage Cosmetics	Houston, 7218 Shady Moss Lane, TX	US
S1-941634924	High Hospitality Private Limited	Sant Kipral Singh Public Trust Alipur Village, Entire First Floor (Without Roof Right) Khasra No-606-608, Delhi, North West Delhi	India
S1-583712235	Galaxy Agro LLP	P No-21, Oak Residency, Surya Nagar, Nagpur, Maharashtra, Flat-201, Nagpur	India
S1-850187608	Organic & Co	Plot No: 14, Sai Teja Residency Sardar Patel Nagar, Kphb, Hyderabad, Telangana	India
S1-829963992	Franchise Tech Private Limited	84/2 B A Gateway Common Lift, Near Sakal Nagar Ganeshkhind, Pune City, Pune, Maharashtra	India
S1-56685500	Zee Clinic Limited	Shop No 12, Doctor House, Santkawaram Chowk, Kalanala Ground Floor, Bhavnagar, Gujarat	India
S1-690880022	Atlantic Coalition	4110 High Ridge Drive, Springfield, MO	US
S1-743377616	Ramirez Mfa	88 Union Street, Unit B, Westfield, MA	US
S1-155083605	Nvg Medical Centre Private Limited	Vill. Dhakuria, Po. Dhakuria [Kalibaria], Gaighata, North 24 Parganas, West Bengal	India
S1-643982377	Incredible Consultants Pvt. Ltd.	C/O Sumitra Jaiswal, Gaytri Puram Pidria Road, Deoria, Uttar Pradesh	India
S1-733047554	Palate Properties LLP	Plot No 3, Block O P Lsc, Dilshad Garden Shahdara, Delhi, East Delhi, Delhi	India
S1-588389792	Blue Bistro P.C.	333 Legato Circle, Virginia Beach City, VA	US
S1-903532985	Golden Products Private Limited	T1-3504, Tata Primanti, Sector 72, Badshahpur, Gurgaon, Haryana	India
S1-579412346	Veterans Integrated Federation Corp	46 A Kennedy Drive, Brockton, MA	US
S1-291740669	Padilla Pelican, Inc	6 Nob Hill Road, Barnstable, MA	US
S1-132930416	QZV Stories Private Limited	22/3 Raja Manindra Road, Kolkata, Howrah, West Bengal	India
S1-678086602	First Zion	1005 Hathcock Glen Drive, Oakboro, NC	US
S1-19505062	Darya Rodriguez Legacy Pizza LLC	Roundup, 58 Wilson Road, MT	US
S1-527807826	Gay & Associates	H No 19, Amritpuri, Khajuri Kala, Huzur, Bhopal, Madhya Pradesh	India
S1-681811173	VA Cascade Advertising Inc.	7240 Lotus Way, Aptos, CA	US
S1-432799991	Suryaendra Fashions Private Limited	No.L-23, Lumbini, Palace Garden Apartment, Palace Cross Road, Banglore, Karnataka	India
S1-667151961	Chiropractic Classic Care Associates LLC	12045 State Street, IA, Mason City	US
S1-562117441	Equinox Rogers Inc	1100 Woodland Hills Road, Helena, MT	US
S1-614409422	Osprey America	1533 Bear Creek Road, Leicester, NC	US
S1-817664681	Golden Foods Private Limited	Shop No. 13, Ground Floor, Heera Panna Mr. No.02, Block Sector Oshiwara Andheri West Near Behind Shreeji Hotel, Mumbai, Maharashtra	India
S1-135543321	Mohammad, Neuroth and Estridge, Inc.	3029 Fiddlewood Street, Charlotte, NC	US
S1-222920993	Bright Coffee	2S 700 Timber Drive, Warrenville, IL	US
S1-884301611	Gross Crystal Music LLC	5438 Quaint Drive, Prince William County, VA	US
S1-56566173	Houston Vision Associates LLC	Houston, TX, 5229 Nett Street	US
S1-216235982	Urology Group	5094 Cr 348, Brazoria, TX	US
S1-291623929	Golden Marketing Private Limited	C/O Vineeta Mishra, Plot No-16-17, Kh. No. 100, Saidpur Jageer, Bkt, Lucknow, Uttar Pradesh	India
S1-86293897	Laureen Belgarde Direct Short LLC	1364 Fudge Street, Rock Hill, SC	US
S1-567579414	Hotel Trading Pvt Ltd	Ds Khari Phatak Road, Vidisha, Madhya Pradesh	India
S1-914909430	O 5 Safe Lakeshore	4110 Spruce Street, Vancouver, WA	US
S1-105412652	Shreeji Nursing Home Private Limited	Plot 22 Raja Bahadur Mansion Mumbai Amachar Marg, Bombay Stock Exchane Fort Mumbai, Mumbai, Maharashtra	India
S1-733309278	Dental Clinic Inc	7212 Kilpatrick Parkway, Douglas County, NE	US
S1-984177784	King & Naeem Arch Inc	8650 300, Unit 2, Sandy City, UT	US
S1-453670902	Pediatric Health LLC	1427 Frosty Drive, Unit APT 3, Ozark, MO	US
S1-583730922	Bureau of Public Works	932 Crest Park Drive, Unit 1, Cheyenne, WY	US
S1-928951753	Bangalore North Pharma LLP	668, 1St Floor, 20Th Cross, 2Nd Block, Bangalore North, Bangalore, Karnataka	India
S1-454580464	Pierrette Wilson Delta California	16136 Hunters Lake Way, Houston, TX	US
S1-989564816	Fresh Printing Products PC	1501 Thirty Fifth Street, Wilmington, DE	US
S1-6260344	Keystone Cornerstone Boston	9000 Kinney Road, Mount Vernon, OH	US
S1-911582079	Wrennie Bradford Valley Esports Partners	3001 Branch Avenue, Unit 508, Temple Hills, MD	US
S1-193201323	Ybarra Airport, LLC	DC, 1620 Van Buren Street, Washington	US
S1-72141218	Slate Rexford LLC	79-54 215 Street, Oakland Gardens, NY	US
S1-436048580	Smart Global Private Limited	H. No. 6-2-658/1, Sreenivas Residency, Flat No.303 Chintal Basthi, Hyderabad, Telangana	India
S1-935787495	Roberts, Hardeman & Littlejohn Inc	1539 Donato Drive, Gilbert, AZ	US
S1-735047047	Williams & Newell Big, LLC	5 Teresa Drive, Rutland, MA	US
S1-758733944	Al Fortune Enterprises Private Limited	House 54 Basement Floor, Blk-E Dda Res Scheme, New Delhi, South West Delhi, Delhi	India
S1-558965025	Vision Systems	House No. 68, Ballia, Uttar Pradesh, Alampur, Rasra	India
S1-943306385	Horizon Regional Real LLC	511 67, Unit Apartment 8, Malta, NY	US
S1-502551887	Horizon Silver Factory	Fl 0, 12401 Highlife Drive, Saint Louis, MO	US
S1-18299527	Vridhi & Co	B-406, Rainbow Chs Ltd., Raheja Vihar, Powai Village Tungwa, Mumbai, Maharashtra	India
S1-109054861	Pharris and Monti Bluerock Co	53 Clarion Acres Road, Fallsburg, NY	US
S1-532685150	Booher & Chatman Foods LLC	TX, Marble Falls, 1201 Centurion Parkway, Unit 5302	US
S1-314768317	Saidapet Crops Private Limited	No.6, Mount Poonamallee Road, Nandambakkam, Chennai, Saidapet, Kanchipuram, Tamil Nadu	India
S1-939669499	Shree Institute of Technology Corp	B-202, Mumbai, Maharashtra, Oberoi Splendor, Jogeshwari Vikhroli Link Rd Andheri East, Mumbai City	India
S1-570236509	Quality Robotics Union	16680 Highlands Center Boulevard, Washington County, VA	US
S1-442753645	Liberty Hill Food Inc.	910 256, Liberty Hill, TX	US
S1-467839763	Great Industries Limited	Nadia, C/O Jiyarul Sheikh, West Bengal, Ranaghat - I, Hatkholapara, Word No-10	India
S1-2714411	Vevue Worldwide LLC	1806 Memorial Drive, Oakland, MD	US
S1-998818173	Minerva India (India) Private Limited	44B Pratapaditya Road, Kolkata, Howrah, West Bengal	India
S1-68848369	Sukriti Pharma Private Limited	D.No-16-3-683, Ramamurthy Nagar Revenue Ward No 16-Iii, Nellore, Andhra Pradesh	India
S1-9840297	Marin School of Medicine, Inc	317 Windemere Road, Newport News City, VA	US
S1-993510701	Soft & Brothers LLP	1/2 Chatterjee Para Lane, Serampore Hooghly, Serampur Uttarpara, Hooghly, West Bengal	India
S1-370721226	Nexex Hawaii Inc.	3907 Jake Spoon Drive, Killeen, TX	US
S1-548627407	Jai Enterprise Company	No. 17, Flat Number 301, Bangalore North, Bangalore, Karnataka	India
S1-318309375	Sana Traders Public Limited	Bangalore, No. 198, Karnataka, 2Nd Floor, Desk 197, Cmh Road, Indiranagar, Second Stage	India
S1-327512579	National Center	558 Jersey Bronze Way, Fl 0, Pasadena, MD	US
S1-282486716	Colly Obrien, DDS LLC	18 Billy Circle, Hamilton, OH	US
S1-26237850	Rev It Up Diner Corp	AL, Red Level, 26776 Ealum Mill Road	US
S1-203945169	Wright Advanced Travel LLC	9 Tufts Avenue, Unit 1, Everett, MA	US
S1-139464010	Chennai Rock Private Limited	Tamil Nadu, Chennai, Plot No 253, Vishnupriya Nagar, Morai Village, Avadi, Chennai	India
S1-224198284	Miraj Infocom Limited	C/O Dnyanesh Pawar, S.No. 39/1/B/1, Gurukrupa Harugade Plot, Sangliwadi, Miraj, Sangli, Maharashtra	India
S1-646273789	Ziraita Services Public Limited	D-5/06, Ardee City, Gurgaon, Gurgaon, Haryana	India
S1-328352371	Falco Media Limited	H.No. 2-2B, Phase-3 Kantheswar, Nizamabad, Telangana	India
S1-336878822	Silver Holding Company, LLC	808 Black Oak Drive, Roseburg, OR	US
S1-603069307	Ortiz Jena Inc.	63 Dry Weakley Road, Ethridge, TN	US
S1-664574205	Srs Brothers Private Limited	198/1 Link Road Seshadripuram, Bangalore, Karnataka	India
S1-349503803	Hopf, Stull and Coleman LLC	3945 60th Place, Chicago, IL	US
S1-300600703	Best Investment Private Limited	2242, Af, Block 6Th Street, 11Th Main Road, Shanthi Colony, Annanagar, Chennai, Tamil Nadu	India
S1-723059953	Mandujano and Bailey Private Inc	66511 Pioneer Street, Goshen, IN	US
S1-652504302	Bengal Retails Private Limited	28B Shakespare Sarani, Kolkata, Calcutta, West Bengal	India
S1-526051889	Orthopedic Fresh Specialists	551 Venture Lane, NC, Raeford	US
S1-956603913	Luciana Larson Safe Therapy Clinic	77 Freedom Pond Lane, Chili, NY	US
S1-228646122	Lotus Food Limited	3/28/8/2, Ii Lanebrindavan Gardens Guntur, Andhra Pradesh	India
S1-965731340	Lara and Bridges Specialists LLC	2311 107th Avenue E, Tulsa, OK	US
S1-327113965	Ninh Regional Onfolio LLC	5776 Peerless Street, Baton Rouge City, LA	US
S1-927481815	Dyana's Reliable Trading	687 Centerwood Street, Babylon, NY	US
S1-934891908	KIN Great Biopharma	Two Harbors, 4514 61, MN	US
S1-738548346	Perry Boston Inc	271 North Street, Unit B, Hingham, MA	US
S1-578348052	Cure Tavern	32 Dean Road, Wayland, MA	US
S1-791967500	Halcola John Inc.	711 Lyon Street, Pea Ridge, AR	US
S1-710533290	Eve Sawyer Clear Advisors of Vacaville	495 Aberdeen Way, Vacaville, CA	US
S1-353053966	Mccully and Ray Core Inc	511 Of The Americas, NY, New York	US
S1-573420505	Classic Tirupati Software Private Limited	D.No 25 C, P Vadugapalayam Road, Palladam, Coimbatore, Tamil Nadu	India
S1-436201844	Y/Q Duke Group	40650 Hurley Lane, Loudoun County, VA	US
S1-64461483	JT Doubleline	2715 Lincoln Boulevard, Marion, IN	US
S1-303134305	Confer Gesher	6390 Suffolk Road, Southold, NY	US
S1-221361581	Midwest Network	154 Derusso Street, LA, Houma	US
S1-317911391	Grant Abrdn LLC	628 Welsh Partridge Circle, Candler, NC	US
S1-195540290	Ania Dominguez Tpg L.L.C.	11561 2210, Bridgeport, TX	US
S1-85681882	Rosmerta Home Pvt Ltd	P 37 C I T Road Scheme 52, Kolkata, Calcutta, West Bengal	India
S1-268656652	LO Karbon Group	216 Hemler Creek Drive, Kalispell, MT	US
S1-995344599	Coraon Family Office Inc.	11606 Summit Crest Dr, Unit 301, Louisville, KY	US
S1-750049425	Children's Fund Inc	225 Baird Street, West Liberty, OH	US
S1-357630826	Dermatology Physicians PLLC	Avondale, AZ, 11166 Mckinley Street	US
S1-560873588	Premier Insurance LLC	4925 Carol Street, Unit B, Skokie, IL	US
S1-88028810	Montance Fifth	70 Cedar Ridge, Yarmouth, ME	US
S1-124228121	Bhoomi Techno Private Limited	C/O Ramswroop Mali, Purane, Police Station Ke Pass, Beawar, Ajmer, Rajasthan	India
S1-595112672	Vantyn Texas LLC	Russellville, KY, 3484 Orndorff Mill Road	US
S1-147728193	Precision Polytechnic Corp	Flat No.601, Micky Heritage Chs Ltd, Plot No.4-A, Tps-Iii, 7Th Road, Santacruz(East), Mumbai, Maharashtra	India
S1-936112693	Watson Investments	828 Greenbrier Parkway, Unit 210, Chesapeake City, VA	US
S1-968295061	Watts Pinnacle Inc	222 44th Avenue, Columbia Heights, MN	US
S1-516931479	Gibbs Precision Fusion Inc	Montpelier, 10113 Co Rd K, OH	US
S1-92494629	Data Security Studios LLC	2017 Mcdonald Street, Sioux City, IA	US
S1-683303524	Zaria Lewis Harbor Fox	76 Frog Hollar Lane, Brevard, NC	US
S1-826264639	Aditya Estate Private Limited	C/O-Kapoor Co., 10Th Fl2, Brabourne Rd, Kol, West Bengal	India
S1-32831060	Trivedi, Hannah, D.O., P.C.	19122 Cove Manor Drive, Cypress, TX	US
S1-74288388	Hari Services Private Limited	11A/145, Lokmanya Nagar Near Datta Mandir, Pune, Maharashtra	India
S1-120184437	Kestos Mitsui Inc	360 Wades Mill Road, Winchester, KY	US
S1-238401628	Feingold Health Center	12519 Split Rail Parkway, Austin, TX	US
S1-545846423	1994 First Ave Associates	650 Marksman Street, Ephrata, WA	US
S1-578381029	Regional Vendome	3504 Mccreary Road, Allen, TX	US
S1-48810183	Bharat Global Private Limited	B-2, 2Ndwing, 1Stfloor, Indraprabha Buildingvikas Nagar, Kiwale, Tal-Haveli, Dehu Road, Pune, Maharashtra	India
S1-992937955	Ganesh Trade Private Limited	C/O Changdev Narhari Shinde Aurala Fata Gut No 36 Kannad, Aurangabad, Maharashtra	India
S1-499561958	Atlantic Network	654 City Park Avenue, Unit B, Columbus, OH	US
S1-689560434	Roopan Systems	5-37-213, 4/7, Brodipet, Guntur, Andhra Pradesh	India
S1-116810122	Smart Aktiengesellschaft	5700 Crossings Boulevard, Unit 7210, Nashville, TN	US
S1-72688058	Elite Cartesian Inc	26 Sherman Avenue, Rockville Centre, NY	US
S1-479908479	WS Treasury	3172 Fairmont Avenue, Fairmont, WV	US
S1-939072300	Galvan Secure Rothschild LLC	700 Monroe Street, Unit Apartment 2, Endicott, NY	US
S1-444136811	Super Investments Pvt Ltd	4222/1, 3Rd Floor, Ansari Road, Daryaganj, New Delhi, Central Delhi, Delhi	India
S1-90436825	#4 Developments LLC	106 Davis Boulevard, Atlantic Beach, NC	US
S1-200907653	Thompson, Tait and Mchugh Futurewave, LLC	1321 Stallion Street, Ranson, WV	US
S1-860023823	Hitech Trading Private Limited	Hyderabad, Telangana, H.No.8-3-678/42/C, Ganapathi Commercial Complex, Navodaya Colony, Hyderabad	India
S1-300991650	Heritage Insurance Studios Co	7107 Celeste Drive, Garner, NC	US
S1-127241580	Grand Hospitality Networks PC	1126 Joselson Avenue, Islip, NY	US
S1-528269924	Rajat Producer Private Limited	401, 4Th Floor, Wellington Business Centre Andheri Kurla Road, Marol, Andheri [Ea, St], Mumbai, Mumbai City, Maharashtra	India
S1-99529451	Jaipur Traders Private Limited	Dss-68 Sector 15-A, Hisar, Haryana	India
S1-102699994	Quantio Keycorp P.C.	425 F Street, Lexington, OR	US
S1-525958954	PQ Tea Pvt. Ltd.	Flat No 1703, Gracia-A, Dosti Imperia, Ghodbunder Road, Opp R-Mall, Manpada, Thane, Maharashtra	India
S1-984094020	Main Street Diner	10203 Houma Highlands Court, Houma, LA	US
S1-764948767	Direct Silver Software, Inc	804 Coventry Lane, East Greenbush, NY	US
S1-951132996	Oriana Criner Bluerock	1002 Honeysuckle Drive, Pueblo West, CO	US
S1-639496966	Taul Trusted Elm Inc	384 Canadian Drive, Jacksons Gap, AL	US
S1-859749870	Downtown Pizza	Unit APARTMENT 2, KY, 528 Lexington Avenue, Newport	US
S1-725832412	Seseia Inc	2491 89, Unit 522, Pleasant View, UT	US
S1-570582067	Bangalore Auto Private Limited	A-906, Gopalan Grandeur, Hoody Circle, Mahadevpura Post, Bangalore, Karnataka	India
S1-612546969	White Services	D 58/12A4, Gandhi Nagar, Varanasi, Uttar Pradesh	India
S1-896148745	Jhalani Allied LLP	Andhra Pradesh, Survey No.131/2 Palasamudram, Anantapur, Gorantla Mandal	India
S1-738991795	Ace Foods Limited	Office No. 631-632, 6Th Floor, Imperial Tower, Cp67, Airport Road, Sector-67, Mohali, Punjab	India
S1-482288518	Prime Pinnacle Inc	10320 Hema Way, Elk Grove, CA	US
S1-29954390	Superior Hospitality Digital LLC	517 Arch Street, Royersford Borough, PA	US
S1-673311693	Qs Trading Private Limited	Scos 33 And 34, Riico Shopping Complex, Bagru Ext. I, Jaipur, Rajasthan	India
S1-248562301	Asian Hall (India) Pvt. Ltd.	Mumbai City, Sundar Nagar S V Road, Malad West, Mumbai, Maharashtra, Room No T2/104	India
S1-836117858	1334 Second St Apartments LLC	55265 Gallatin Road, Unit UNIT 2, Gallatin Gateway, MT	US
S1-686814878	Corporate Education Laboratories Clinic	409 Gatewood Road, Garland, TX	US
S1-57129503	Mithilanchal Bajaj Co	No 261 Therkku Thottam, Dharapuram Road Kangeyam, Kangayam, Erode, Tamil Nadu	India
S1-432961361	Sotello, Macfarlane & Barreto LLC	5008 Valerie Drive, Crystal Lake, IL	US
S1-937882643	Huebner Pacific Blackstone	162 Ensenada Avenue, Thousand Oaks, CA	US
S1-172151019	Lohiya Freight (India) Co	Rajasthan, Udaipur, 36, Udaipur, Mastan Enclave Colony	India
S1-132705398	Benedikta Caudle Muniholdings	33 Woodland Drive, Durham, CT	US
S1-409612242	Summit Antimony LLC	1134 Foxglove Court, Minooka, IL	US
S1-780910760	Capital Detailing	515 Renford Road, Unit 309, Knoxville, TN	US
S1-569474460	890 Lincoln Boulevard Partners	5651 4100, Kaufman, TX	US
S1-478189334	Multitech Consultancy Clinic	Survey No. 1298P, Plot No, 5 6 Lati Plot Street No 7, Morbi, Rajkot, Gujarat	India
S1-183067373	Bulandshahr Aqua Ltd	370-A Teacher Colony, Near Income Tax Office, Bulandshahr, Uttar Pradesh	India
S1-112103139	Rss Safety LLP	49 Chavdralo Colony, Indore, Madhya Pradesh	India
S1-149010402	Litton and Li Inc	71026 Valle Vista Road, Twentynine Palms, CA	US
S1-610948709	Bay Southern Inc	118 Joseph Terrace, Allegheny Township, PA	US
S1-381544775	Family Group of Frederick, Inc	105 Church Street, Unit 5, Frederick, MD	US
S1-393101787	E 8 Legacy Vehicle LLC	7585 Diamond Ranch Drive, Unit APT 624, Sacramento, CA	US
S1-603062584	Christ Synagogue	7435 Tangle Ridge Drive, Hanover County, VA	US
S1-474282895	Gulmarg & Brothers Corp	Maharashtra, Kolhapur, Hno 1023 Ambapwadi Road	India
S1-296058870	Everly Academy	1745 Joyce Street, Arlington, TX	US
S1-38261029	IP Premier LLC	1212 Dandy Loop Road, York County, VA	US
S1-299005696	A Advanced Chemical PLLC	24 Lent Avenue, Unit Apartment 2, Cortlandt, NY	US
S1-79897655	Dental Summit Partners	218 Main Street, Adair, IL	US
S1-175601260	Silver Materials Global	2525 Old Coal City Road, Pell City, AL	US
S1-161095802	Kolkata Tea Private Limited	36, Kolkata, Howrah, Tollygunge Circular Road Vejjali Studio, West Bengal	India
S1-137547275	Om Foods Limited	C/O Girish S Bhutada 3035, At Ramdeobaba Nagar Dhm R, Dhamangaon R.S., Amravati, Maharashtra	India
S1-38987924	Exora Joy Private Limited	451, Block-A, Sector-47, G.B.Nagar, Noida, Gautam Buddha Nagar, Uttar Pradesh	India
S1-695573346	Yazh (India) Fund Limited	Nashik, Bl No1 Yadnesh Appartment Dindori Rd Pvt, Nashik, Maharashtra	India
S1-676138691	Bangalore Infratech Private Limited	No. 39/1, First Floor, Iii Phase, Iv Main, Peenya Industrial Area, Bangalore, Karnataka	India
S1-577521687	Empire League Inc	454 Valencia Lane, Vacaville, CA	US
S1-697609955	Rosabel Harris Delta Beijing LLC	4955 Hardegan Street, Indianapolis, IN	US
S1-832368951	All Ventures Private Limited	F-29, Basement, Green Park Main, New Delhi, Delhi	India
S1-836742727	South Construction Private Limited	C/O Biram Singh, Near Gov Hospital, Vaina, Aligarh, Vaina, Aligarh, Uttar Pradesh	India
S1-779497977	Signature Payroll Advisors Inc.	4709 Millrace Lane, Murray, UT	US
S1-809738726	Geeks Retails Corporation	House No. 16, Block- H, Sector 23, Sanjay Nagar, Ghaziabad, Uttar Pradesh	India
S1-537465770	East Classic Tsakos LLC	281 Bayview Avenue, Oyster Bay, NY	US
S1-742625212	Superior Asset LLC	229 27th Street, Norfolk City, VA	US
S1-852522855	Raja Apparels Pvt. Ltd.	Sehore, Madhya Pradesh, Sehore, Khasra No. 240/2/3/4/5/6/7/8, Village Mogaraphul	India
S1-207149180	Hotagi Road Insurance Ltd	418, Swami Vivekanand Nagar, Hotagi Road, Solapur, Maharashtra	India
S1-128574087	Continental Textile Ventures Inc	82 Bennett Street, Hudson, MA	US
S1-427332148	Patriot Fellowship	14132 Sassafras Cove Road, Galena, MD	US
S1-822613425	Bauer and Ward Pharmaceuticals	TX, Garland, 1610 Dove Drive	US
S1-281873880	Richards United Jaws	699 John Tyler Circle, Unit APT 104, Harrisonburg City, VA	US
S1-591993000	Growgreen Academy Private Limited	Vp-Viii/975, Pallichal Road, Near Vadakkebagam - Jama-Ath Muslim Masjid, Vizhinjam Po, Thiruvananthapuram, Trivandrum, Kerala	India
S1-617115224	Laxmidhan Innovations Pvt. Ltd.	Shop No.- Gb- 54, Barabhuja Comm. Complex, Bhubaneswar, Khordha, Orissa	India
S1-780989434	Urban Pizza	13466 Keytone Road, Prince William County, VA	US
S1-21450238	Surya Impex Private Limited	Systron I.T. Park, Electronics Complex, Block Ep & Gp, 5Th Floor, Plot J5, Secto, R - V, Saltlake, Kolkata, Howrah, West Bengal	India
S1-450522842	Delta Group	8319 Barrens Road, Roanoke County, VA	US
S1-143533419	Peak Health Collective PC	457 Craighead 801 Road, Lake City, AR	US
S1-62670908	Al Hospitality Private Limited	502, Floor 5, 241 Keshwala Garden View, Laxmibai Jagmohandas Marg, Malabar Hill, Mumbai, Mumbai City, Maharashtra	India
S1-727043662	Florinda Tacker Highview	2345 Caney Creek Road, Murphy, NC	US
S1-445483337	Oncology Bright Care	103 37th Avenue, Unit B, Nashville, TN	US
S1-72556924	South Service Pvt Ltd	1/24 Namakkal Main Roadkumaramangalam Post Tiruchengode, Namakkal District, Namakkal, Tamil Nadu	India
S1-358840137	Aveda India Private Limited	No.313, 11Th Cross, 9Th Main I.S.R.O Layout, Bengaluru, Bangalore, Karnataka	India
S1-118835736	Raviansh Management Private Limited	Plot No 219, Azhagar City Nagar, Cuddalore, Tamil Nadu	India
S1-785876059	F 8 Prime Indonesia	62-41 Cromwell Crescent, Rego Park, NY	US
S1-310702888	Benevolent Trading Pvt Ltd	C/O Shri Raju Anjayya Peddi, Plot No 1, 2, Near Vir Sawarkar Chowk, Shahnoorwadi, Aurangabad, Maharashtra	India
S1-671134623	El (India) Exports Private Limited	Rajkot, Gujarat, 3 Rd Floor, Flat No. 302, Ambika Township Main Road, Near Kevalam, Mavdi, Rajkot, Krimish Appt-1	India
S1-372569032	Shakti Logistics Private Limited	H.No 6-2-68/32, 1St Floor, Near Lvd College Opp To Infant Jesus School, Amarkhed Lay, Out, Raichur, Karnataka	India
S1-931733266	South East Agro Limited	606, Times Square Arcade, Opp. Rambaug, Thaltej-Shilaj Road, Thaltej, Ahmedabad, Gujarat	India
S1-420519239	Garrett Clear Flex Company	NY, 421 Fulton Avenue, Unit Apartment 1, Mount Vernon	US
S1-786106501	Jai Tech Private Limited	Tc No 18/1740(4), East Pattom, Marappalam, Pattom, Thiruvananthapuram, Thiruvananthapuram, Trivandrum, Kerala	India
S1-181383095	Vaishali Engineering Private Limited	C/O Abnish Dwivedi, Gram Duwgwa Teh. Mauganj, Mauganj, Rewa, Madhya Pradesh	India
S1-718236653	Dental Integrated Group	220 Second Street, Unit 2, Carrollton, OH	US
S1-698655483	Kandel Fellowship	311 Blount Street, Kinston, NC	US
S1-22494499	Cruz Signature Plus	89125 Bark Point Road, Town Of Clover, WI	US
S1-525307621	Larkin, Mcgraw & Kohn L.L.C.	2601 Central Avenue, Minot, ND	US
S1-291627646	Lucky Tattoo	NY, Wilton, 60 Waller Road, Unit Apartment 213	US
S1-998133241	Agro Ruby Furnaces Ltd	Plot No. 3, Ground Floor, Block Gi, Gtk Ind Area, New Delhi, North East, Delhi	India
S1-183962595	West Strategic Wireless	12441 Barnes Bridge Road, Laurinburg, NC	US
S1-689419239	Baugher Signature Oceanhawk Inc	3624 Garden Brook Drive, Unit 238, Farmers Branch, TX	US
S1-666690457	Nile Advisors Private Limited	202, Sukham Govindam Appartment 39, Near Tps School, Vivekanand Colony, Ambabari, Jaipur, Rajasthan	India
S1-114367380	Alpha Krishna Projects Private Limited	Flat No 201, Maharashtra, Thane, Tanmay Bldg, Hetal Park, Near Jangid Estate, Mira Road (East)	India
S1-251665283	Engle For Co	13032 Leonard, Unit 0, Poplar Grove, IL	US
S1-729974729	Integrated Traders Pvt. Ltd.	Hno 9/Hig-A And 10/Hig, Vasista Bhavan, 1St Floor Opp Lane To Dlf Cybercity, Aphb Colony, Indira Nagar, Seri Lingampally, Hyderabad, Telangana	India
S1-432881680	First Finance Limited	Plot No-68, 2Nd Floor, Kphb 9Th Phase Park, Tirumalagiri, Hyderabad, Telangana	India
S1-112643283	Demetria's Prime Deli	207 Riverthorn Road, Middle River, MD	US
S1-219105250	Sievers, Cooney and Ricketts Tokyo Inc	3809 Arbor Rose Lane, Zebulon, NC	US
S1-7404548	EZC Trading Pvt. Ltd.	38-A, Udyog Vihar Dev Guraria Road, Indore, Madhya Pradesh	India
S1-57991397	Solutions Rk Projects Private Limited	B-1108, Green Field, Faridabad, Haryana	India
S1-401255434	Dockery and Keating Purecycle	100 5th Avenue, Clear Lake, IA	US
S1-227195130	Schimke Products Center	104 Walton Church Lane, Unit LOT 22, Alleghany County, VA	US
S1-990663492	Cairistiona Watts Seafood, L.L.C.	1221 Valley Parke, Kingsport, TN	US
S1-16677079	Moti Polytechnic LLP	2Nd Floor, 28, Sej Plaza, Marve Road, Malad West, N, Malad West, Mumbai, Maharashtra	India
S1-571977810	Kestrel Calisa LLC	8932 359th Avenue, Town Of Randall, WI	US
S1-356240998	Metropolitan Industries LLC	3511 Amberwood Avenue, Lake Havasu City, AZ	US
S1-984710352	A Express Chicago, Inc	34289 Ree Road, Town Of Morse, WI	US
S1-228501883	NA Funds Ltd	Ii Nd Floor V And S Building, Lissy Junction, Kochi, 44/10, Ernakulam, Kerala	India
S1-287156878	Bright Exports LLP	Gat No. 1376, Near Kannad Shala A/P Sankh, Tah-Jath Mh, Sankh, Sangli, Maharashtra	India
S1-627977250	Big Producer Private Limited	36 Rajaji Salaichennai Chennai, Chennai, Tamil Nadu	India
S1-55922451	Sanatana Service Limited	Patwari Halka No. 5, Survey No. 9/1/1, Near Gas Plant, Gram N, Indore, Plot No. 41, Arwal, Madhya Pradesh	India
S1-535445837	Cascade College	7781 Alvarado Road, Henrico County, VA	US
S1-308629379	Premier Strategies LLC	206 Viking Drive, Plymouth, MA	US
S1-268783008	Patriot Dome LLC	27723 Plainfield Drive, Elkhart, IN	US
S1-270692094	Harbor Companies	WA, Tacoma, Unit #5-201, 7015 D Street	US
S1-3198104	Cardenas Fellowship	200 SE 2nd St, Pelican Rapids, MN	US
S1-766900546	Rocky Fund Inc.	248 Settles Lane, Lily, KY	US
S1-969005256	Fifth Devices Private Limited	Fz-117, West Delhi, First Floor, Laxmi Park, New Delhi, Delhi	India
S1-631134591	DLI (india) Private Limited	439 Sathya Marga, Siddhartha Layout, Mysore, Karnataka	India
S1-905490180	Wd Pixel Private Limited	89/B/1B Green Park, Haveli Pune Manjari Bk (N.V.), Pune, Maharashtra	India
S1-959952628	SY Muniyield PLLC	5336 Riviera Drive, Fort Wayne, IN	US
S1-871186638	Solutions Enterprise Mart LLP	401, Prakriti Corporate, 18/2 Yn Road, Indore, Madhya Pradesh	India
S1-718870497	Tech Food Private Limited	Block-C, Street-14, House No-780 Second Slope, Sonia Vihar, East Delhi, Part-Iiird, Delhi	India
S1-323497889	Ram Technologies Private Limited	266 Rusasl Rd, Kolkata, Calcutta, West Bengal	India
S1-164973728	Structure Ventures	5-5-33/14, Siva Nilayam, Prasanth Nagar, Near Huda Truck Park, Kukatpally, Hyderabad, Telangana	India
S1-994355470	Clark National Northland Inc	430 Allister Drive, Unit 7, Raleigh, NC	US
S1-393757170	Garris, Coleman & Smith	711 2901, Dodd City, TX	US
S1-104133123	Advanced Spade	6015 Curtier Drive, Unit STE 6015D, Fairfax County, VA	US
S1-330224880	Jones, Mitchell and Marshall Toyo PLLC	2615 Lenington Road, Sallisaw, OK	US
S1-63050809	Ziesmer Analytics	374087 56, Okemah, OK	US
S1-208584762	Valley Charities Care	902 48th Street, Renton, WA	US
S1-973299816	Jaiswal Traders Private Limited	Shop No. 3007, 1St Floor, Eaze Zone, Laxmi Singh Complex, Off Link Road, Malad West, Mumbai, Maharashtra	India
S1-485642352	Green Logistics Private Limited	7 Kashinath Mullick Lane., Calcutta, South 24 Parganas, West Bengal	India
S1-43537477	Reyes Silverbox LLC	455 500, Unit 637, Salt Lake City, UT	US
S1-924032533	Baramati (india) Ltd	Shop No 123, Second Floor, Pencil Square Premises, Baramati, Pune, Maharashtra	India
S1-808198078	Tharp and Hernandez Valley Corp	8068 Dressage Road, Roxborough Park, CO	US
S1-5426409	Pike Allocation, Inc	664 1100, Linton, IN	US
S1-821795048	KNF Value Renaissancere	11704 Briar Patch Drive, Chesterfield County, VA	US
S1-548062520	Swift Holdings	546, Baikunthapally, Near, Sattvika Academy, W/No. 41, Siliguri, Darjiling, Darjeeling, West Bengal	India
S1-269891432	Aswin & Co	Sr No 3/2, Office T1, T2, T3, Inspiria, Bhakti Shakti Chowk, Nigdi, Pune City, Pune, Maharashtra	India
S1-276272228	Super Aditya Foundation Private Limited	401, Orion Business Park, G B Road, Kapurbaudi, Thane, Maharashtra	India
S1-195962477	Fink Supply Clinic	801 Hoskins Avenue, Campbellsville, KY	US
S1-209923931	Ss Innovative Logistics Private Limited	Clive Row, Room No. 76/A, Unit-1, 3Rd Floor, Kolkata, Kolkata, West Bengal, Howrah, 5/4	India
S1-125258138	Hernandez & Cardona Resorts Inc.	3305 Pilgrim Lane, Plymouth, MN	US
S1-3936600	Pediatric Dentistry Associates, LLC	1203 Turner Street, Salem City, VA	US
S1-606506354	Horizon Talent Labs L.L.C.	1601 Knollwood Drive, AL, Unit 166, Mobile	US
S1-738312138	Angel Quant Pvt Ltd	Vishakhapatnam, 49-5-10, Andhra Pradesh, Flat No 102, Chatursha Enclave, Lalitha Nagar, Akkayy, Apalem, Visakhapatnam	India
S1-36868365	Corporate Academy	Kolkata, West Bengal, Howrah, Tower C2N, Upohar Housing Complex Chak Garia Road, Behind Peerless Hospita, L, Kolkata, Flat No.907	India
S1-955824983	Hand Prudential L.L.C.	OR, Unit B, Talent, 107 Gangnes Drive	US
S1-426357698	American Cardiology LLC	5735 Woodcote Drive, Indianapolis, IN	US
S1-195811431	OLD Technology Corporation	No 3759/1600, 5Th Stage, Beml Layout, H V Halli, Bangalore South, Bangalore, Karnataka	India
S1-462970756	North Consultancy Private Limited	A B 1B Nandanvan Ind Estate173 L B.S Marg, Thane, Maharashtra	India
S1-605977946	Wilmington Baptist Direct Center	908 23rd Street, Wilmington, NC	US
S1-413679790	QQ Healthcare Partners	Mumbai, E Punjab Soc Andheri East, 104B Wing Kanchan 24 Sher, Maharashtra, Mumbai	India
S1-431411276	Chiropractic Associates LLC	8621 Star Thistle Drive, Fort Worth, TX	US
S1-187169905	Sidhu Hospital	House No-76, S/F-Front Side Masjid Moth South Extension Part-2, Delhi, South Delhi, Delhi	India
S1-968053751	Snelling Prudential LLC	10305 State Avenue, Marysville, WA	US
S1-151067338	Deangelis Fresh Open PLLC	2685 Catron Street, Unit UNIT A, Bozeman, MT	US
S1-510149066	Kautilya Advisors Partners	Delhi, East Delhi, Delhi, 114B D D A Flatsmansarover Park Shahadra	India
S1-365097970	Lazy Vehicles Pvt Ltd	29-1443/5/2, Ambedkarnagar, Vinobha Nagar, Neredmet, Tirumalagiri, Hyderabad, Telangana	India
S1-691211959	Bhadrak Jewel Private Limited	Chandan Bazzarpo Balasore, Bhadrak, Orissa	India
S1-850857261	HH Bright	16 100th Court, Lincoln County, OR	US
S1-249161667	Global Valuence Inc	711 Bruner Road, Strawberry Plains, TN	US
S1-23547697	Large Group	Plot In Kh No. 635, Ground Floor Rangpuri, Near Old Shiv Mandir, New Delhi, South West Delhi, Delhi	India
S1-218058354	Al Media Private Limited	Mumbai, Ananya Hill Crest Chs Ltd, Plot No.7, N S Road No.10, Vile Parle (West), Cts No.197 A Pt, Jvpd, Vile Parle (West), Mumbai, 1003, Maharashtra	India
S1-770307975	Volga Suman Limited	2/1B, Ward No.2, Vazhakulam Grama Panchayath Marampally, Aluva, Ernakulam, Kerala	India
S1-164316601	Ada Luna Pan	495 North Street, City Of Fountain City, WI	US
S1-485239773	Bainda Coldstorage Pvt. Ltd.	H.No. 0052-001 Nr Shivtej House Airoli Behind Box 8, Mumbai, Mumbai City, Maharashtra	India
S1-873885378	A Reliable Portfolio LLC	58 Church Street, Newark, DE	US
S1-117238848	Isbell Bulkers, Inc	22 Glenwood Drive, Unit A, East Pennsboro Township, PA	US
S1-760548847	Metro Bdc LLC	10005 Fremont Pike, Unit B, Perrysburg, OH	US
S1-45567241	Nguyen Motors Inc	3001 Queens Chapel Road, Unit 10, Mount Rainier, MD	US
S1-206148321	Silver Hospitality	51-A, Manoshi Complex, Sector-3 Opp Ghansoli Railway Station, Navi Mumbai, Thane, Maharashtra	India
S1-393504791	Main Street Bike Shop	620 Maxwell Avenue, Maxwell, NM	US
S1-366578255	Nay and Lopez Village, LLC	3206 Barton Street, WA, Seattle	US
S1-854407024	American Initiative	103 Fox Rindle Road, Montgomery, TX	US
S1-886838469	Harbor Element PC	527 Portage Road, Wooster, OH	US
S1-53487928	Vadodara Management Private Limited	C/O. Rekha Jain, Vadodara, Property No. 0100001021 Nr Mangalam Jewell, Karodia Pole, M G Rd, Gujarat, Vadodara	India
S1-761303033	All Ngl	NY, Lindenhurst, 423 Delaware Avenue	US
S1-896965782	Prairie Colombier	2387 Flora Street, Dallas, TX	US
S1-119095941	Brand Nursing Home Ltd	Space No Of 437, 4Th Floor Tower B3 Space I Tech Park, Sohna Road, Gurgaon, Haryana	India
S1-663162268	Metro Foundation of Casa Grande	2606 San Simeon Drive, Casa Grande, AZ	US
S1-366368643	East Consulting	Pune, Chandrasen Appt Cts 34/15 Fp 35/15 Prabhat Road Erandawane, Pune, Maharashtra	India
S1-193577629	Better Solar	221 Hartrey Avenue, Evanston, IL	US
S1-97202725	Raj Indo Tech	B-200, Basement Floor, C R Park, New Delhi, South Delhi, Delhi	India
S1-354849485	Denniston and Henry, LLC	TN, Memphis, 2002 Duncanshire Road	US
S1-60941554	Kochar Investment Private Limited	102-B, Madhav Vadi, New Building, Marathi Granth Sangrlaymarg, Dadar(E), Mumbai, Mumbai City, Maharashtra	India
S1-468840568	Shiv Food Private Limited	No 6/351-8 Maruthi Nagar, Namakkal, Tamil Nadu	India
S1-718479044	MW Direct, Inc	1140 Beverly Drive, Alcoa, TN	US
S1-442278489	Bueno & Sons Pvt. Ltd.	H No- 3-15-63, K.V.Rangareddy, Telangana, Street No.5, Venkataramana Colony, Uppal	India
S1-566357190	Monteon Transportation, LLC	196 Morgan Street, Oberlin, OH	US
S1-974620421	Global Owl P.C.	6835 Osborn Avenue, Hammond, IN	US
S1-906199006	Om Services Pvt. Ltd.	House No- 69 Shekhupur Madhi Tehsil Sambhal, Bheem Nagar, Moradabad, Uttar Pradesh	India
S1-322805186	GKJ Liberty Tge Inc	Glen Cove, NY, 28 Ravine Avenue	US
S1-78856345	Steffen Armada LLC	902 Glen Street, City Of Janesville, WI	US
S1-756109017	Roor, LLC	1104 11th Street, Bicknell, IN	US
S1-364478471	Wilbanks Eqv Co	2229 25th Street Court, Chattanooga, TN	US
S1-724930643	Ruth Vonseggern Dime Group	Winston-salem, 1425 Longview Drive, NC	US
S1-610562570	Interstate Ministries	7528 Barnes Road, Unit #B, Portland, OR	US
S1-448079271	Royal Enterprises Private Limited	5517-2 To 4, 5Th Floor, Stalin Corporates, Near C G Industrial Estate, Vijayawada (Urban), Krishna, Andhra Pradesh	India
S1-731512242	Mimi Duke, P.A.	8607 Bonview Terrace, Clarence, NY	US
S1-23522279	East Montessori School Inc	2922 Blake Avenue, Canton, OH	US
S1-601057539	Vandenburgh Praetorian, LLC	1602 Fairview Drive, Sugar Land, TX	US
S1-725919408	Paque Atlantic Fusion Inc	43 Harris Hill Road, Brookline, VT	US
S1-116993151	Lakhani Contractors Private Limited	Punjab, Hermitage Plaza, Mohali, Soho No. 1 4Th Floor, Derabassi	India
S1-814510304	Gear Power Private Limited	M-34 Greater Kailash-I, New Delhi, Delhi	India
S1-638874563	Axial Consultancy Private Limited	Flat -B1402 B-Wing 10 Floor Asthavinayak Chs Ltd D N Nagar Andheri West Mumbai, Mumbai, Mumbai City, Maharashtra	India
S1-772512636	Schow Pbc	Porter, TX, 21107 American Yellowwood Place	US
S1-104641467	Ss Investment Private Limited	Mumbai, Maharashtra, Office No. 317, 3Rd Floor, Options Primo Premises Co-Op Soc. Ltd., Plot No. 21, Andheri (East), Mumbai	India
S1-990008985	Nader Teucrium Partners	280 Belmore Avenue, Unit Apartment 25, Islip, NY	US
S1-373187673	Tulip Law Chambers	C/O Pravin Sheshrao Wankhede Rajshri Sahu College Near, Akhada Balapur, Kalamnuri, Hingoli, Maharashtra	India
S1-329191780	Fresh Design Services	217 Green Blade Drive, Dover, DE	US
S1-317772663	Global Industries Private Limited	Gujar Nivas, Vidya Nagar, Near Sati High School A/P- Sati, Chiplun, Ratnagiri, Maharashtra	India
S1-245330001	Sonepat Motion Pvt Ltd	Sonepat, Haryana, V.P.O Machri, Sonipat, Hr, Sonepat	India
S1-464259408	Starling Enterprises Private Limited	5&6 Fancy Lane 6Th Floor, Kolkata, Calcutta, West Bengal	India
S1-645220474	Cornerstone Ace Bioworks Inc	4669 Miser Station Road, Friendsville, TN	US
S1-787528372	# 6 LW Market	960 Eudon Best Road, Ashford, AL	US
S1-108567352	Profex Solutions LLP	Building No. 14/199, Vachakkal Edavanakad, Vypin, Ernakulam, Kerala	India
S1-658170554	Smart Environmental Worldwide	3574 Melrose Drive, Unit J1, Wooster, OH	US
S1-213633120	TRS Agro Private Limited	1-188, Avas Vikas Colony, Barapur, Farrukhabad, Uttar Pradesh	India
S1-541406134	Ocean Isle Beach Asset Building Federation	700 Longwood Road, Ocean Isle Beach, NC	US
S1-205986239	Vag Solutions LLP	1386/24 Kudilthode, Chevarambalam Chevayur, Kozhikode, Kerala	India
S1-140536298	Ulla Hale Mustang Inc	3422 Lindell Avenue, Quincy, IL	US
S1-342929136	Sok Living L.L.C.	1032 3 Street, Salem, OH	US
S1-413834494	Gaor Colonial Vertical	1918 Old Hwy 13, Linden, TN	US
S1-846312754	Doix Inc	23307 Bingum Pass Drive, Richmond, TX	US
S1-289335483	Venegas Banking Inc	Maumee, 3155 Albon Road, OH	US
S1-327426935	Verrance Brookfield Clinic	16422 Willit Street, Douglas County, NE	US
S1-468576615	Golden Systems LLP	103, Akash Mallige Apartments, Bts Layout, Arekere Main Road, Arekere, Bangalore, Karnataka	India
S1-826200365	Infoweb Consultants	Mumbai City, 89, Avanti, 5Th Floor, Flat No. 2, G. Road, Marine Drive, Mumbai, Mumbai, Maharashtra	India
S1-54319406	Sea & Co	Hb 1227, Rohtak, Haryana	India
S1-580203585	Lemitech Unified Couture	120 Apache Drive, Evanston City, WY	US
S1-916436599	1066 Fourth Drive Company	Dallas, 4903 Newmore Avenue, TX	US
S1-747172310	Lnb Technology Limited	Bhubaneswar, Khordha, Old Plot No. 52 Sastri Nagar, Unit - Iv, Plot No.1590/3730, Orissa	India
S1-875897953	Khan, Mcintyre and Cox Grupo LLC	124 1st Avenue, Hungry Horse, MT	US
S1-806704941	Kaveravi Engineering Private Limited	1470, 2Nd Cross, Jain Street, Ashik Nagar, Mandya, Karnataka	India
S1-256009548	Rodgers Alchemy	116 Elm Avenue, Quincy, MA	US
S1-788888541	Alexander, Perry & Henson Renatus	636 Holbrook Street, Elburn, IL	US
S1-797282279	Dermatology Medicine	685 125, Rushville, IN	US
S1-146432857	Great It Private Limited	K.V.Rangareddy, Lsr Tudor Vatange, Sy.No 88/P Road No.10, Neopolis Kokapet, Telangana, Rajendra Nagar, 19 Th Floor	India
S1-460188331	Best Pmv Inc	8107 Drew Hill Lane, Bldg 8000, Chapel Hill, NC	US
S1-322924905	Orbyx Shreya, LLC	1786 Lightning Ridge Road, New Kent County, VA	US
S1-684278658	Blue Deli	2617 Sorbus Circle, Anchorage, AK	US
S1-33667556	Torres & Woolwine Inc	549 Butler Street, Hamilton, OH	US
S1-40344161	Ram Bright Investments Pvt Ltd	Office-138, 1St Floor Main Bazar Badarpur, New Delhi, Delhi	India
S1-452632023	GTW Farms	House No 23 Block A Sector 14 Sheetal Aptts Rohini, Delhi, West Delhi, Delhi	India
S1-560751367	HRK Height Private Limited	A-003, Bhs-3, Alpha 1 Arsh Complex, Greaternoida, Gautam Buddha Nagar, Uttar Pradesh	India
S1-285074972	Allied Industries Limited	A-8, Swasthya Vihar, Vikas Marg, Delhi	India
S1-471809422	Washington Park Urgent Care Partners LLC	2321 60th Street, Washington Park, IL	US
S1-475699260	Rogers Green Commerce LLC	2830 16th Street, Unit 189, Hickory, NC	US
S1-450888267	Ziratech Heritage Stardust Inc	2090 6, Heflin, AL	US
S1-613345234	Cozy Barbershop	1551 Hale Street, Montgomery, AL	US
S1-870608695	Lucky Massage	2550 1st Avenue, Town Of Campbell, WI	US
S1-119008078	Silver Payment Systems LLC	2903 Airport Highway 21, San Marcos, TX	US
S1-96001129	Shiv Systems Private Limited	C-702, Plot No-3 Sect-12 Vimal Cghs Dwarka, Delhi, New Delhi, Delhi	India
S1-88966379	Rocky Alliance	5377 Watauga Beach Drive, Port Orchard, WA	US
S1-241331688	Blue Regional Iheartmedia Inc.	1851 Montini Drive, Lincoln, NE	US
S1-937608237	Johnson Academy Inc	Magnolia, 30619 Lakes Edge Lane, TX	US
S1-584673081	Hampton Technology, LLC	110 Nelson Road, Lisbon, NY	US
S1-398891516	Guzman, Damita W., L.C.S.W.	Dudleyville, AZ, 3284 Dudleyville Road	US
S1-327353791	Chetan Trading Private Limited	Near Electricity Grid, Southern By Pass, Doraha, Ludhiana, Punjab	India
S1-918287669	Big Builders Private Limited	10, Poiwan, Aurangabad, Bihar	India
S1-94715003	Jain Technology Private Limited	Adjacent Dtpl, Mkt-Kkp Bye Pass Road, Near Focal Point, Kotkapura, Faridkot, Punjab, C/O Saraswati Enterprises, Faridkot	India
S1-836458414	ZSC Projects	No.23.P.S.Sivaswamy Salai, Chennai, Tamil Nadu	India
S1-625762114	Projects Technova Learning Private Limited	New Delhi, First Floor Lane No. 8, Ghaffar Manzil, Jamia Nagar, House No. 18, Okhla, Delhi	India
S1-952190423	Universal Technologies Pvt Ltd	Kalipada Mukherjee Road Behala East Park, West Bengal, 339/S/2, Howrah, Kolkata	India
S1-57494871	Jerez Lafayette Inc	2008 Perry Avenue, Bremerton, WA	US
S1-470882971	Ceriify Great Sumitomo Group	11000 Coastal Highway, Unit 1301, Ocean City, MD	US
S1-906812446	Tech Investments Pvt Ltd	Ne -25, Ff, New Delhi, West Delhi, Delhi	India
S1-176163678	Primary Care Interstate Group	8800 Clearbrook Trail, Austin, TX	US
S1-373777470	Consultants Buddha Info Limited	Beta-1 Greater Noida, Greater Noida, Gautam Buddha Nagar, C-522, Uttar Pradesh	India
S1-594838304	A Cure 6 All	1204 Quinella Drive, Billings, MT	US
S1-394720533	Buckingham Continental Madison	115 Bittersweet Lane, Muncie, IN	US
S1-969172575	Atlantic Midwest Twelve	12024 Southgate Road, Roscoe, IL	US
S1-248824862	Dynamic Producer Pvt Ltd	Halka No 45, Lasudiya Mori, Indore, Madhya Pradesh	India
S1-801360118	Green Wealth Collective Inc	111 Leons Road, NY, Morehouse	US
S1-459083930	Aditavi Pharmaceutical Group	Ranka Chambers 3Rd Floor No. 31/A, Cunnigham Road, Bangalore, Karnataka	India
S1-733574073	Larson Aimei LLC	2019 Star Dust Drive, Tuscaloosa, AL	US
S1-755208042	Shivam Industries Private Limited	F-315, Pocket - Ii Mayur Vihar, Phase - I, Delhi, New Delhi, Delhi	India
S1-334602452	Guest Lease	3704 Berkeley Road, Cleveland Heights, OH	US
S1-954898523	Shivam Management Private Limited	3-119/1 Kaisar Nagar, Shapur Nagar, Hyd, Hyderabad, Telangana	India
S1-152378230	Zeus Agro Private Limited	Flatno 1011B Trishla City, Lilly Tower 10, Rajpura, Mohali, Punjab	India
S1-802788889	Sanket Facilities	Mumbai, Mumbai City, Gopal Mansion, Gurunanak Road, Bandra (West), Maharashtra, 67B	India
S1-630637868	Frontier Foundation	3200 Sandpiper Drive, Coos Bay, OR	US
S1-630361185	Das Diamond Central LLC	1799 Pineview Road, VA, Carroll County	US
S1-160289589	Ascent Marketing Pvt Ltd	Plot No. 03 S.No 753/3/3, Maharashtra, Flat No. 102, Mahalakshmis, Nashik	India
S1-394367833	MC Starling, Inc	1024 Lakeshore Drive, Double Springs, AL	US
S1-584636608	UEY Media, Inc.	734 Blandina Street, NY, Utica	US
S1-590725037	Roque Homecare	1814 Elm Street, Butte-silver Bow, MT	US
S1-668157111	Naga Services Center	Office No. 231, 2Nd Floor, Swastik Plaza, Subhash Nagar, Pokhran Road No. 2, Thane, Maharashtra	India
S1-237382987	Hpl Energies (India)	No. 73/7, 8, Vakkinangkadu Thottam, C.S. Nagar Back Side, Pachapali Medu, Veerappan Chattram Post, Erode, Tamil Nadu	India
S1-333926784	Interfaith Network PLLC	4521 Green Valley Road, Fairfield, CA	US
S1-193336347	Soham Trading Private Limited	540, Pocket B-1 Janak Puri, New Delhi, Delhi	India
S1-353487518	Anjani Polytechnic	Delhi, Rz-9/84 Gali No. 13, Tughalkabad Ext., New Delhi, South Delhi, Upper Ground Floor	India
S1-446682430	New Life Catholic Church	1762 4525, Cedar City, UT	US
S1-310885570	Rapid Payroll Dynamics Inc.	1006 Lincoln Street, Blue Rapids, KS	US
S1-31254855	Navratan & Sons Pvt. Ltd.	D No 7/2, Vathiyar Sandhu, Maniyakara St, Manimandapa Salai, Tiruchirappalli, Tamil Nadu	India
S1-195515218	Industries Madurai Agro Company	B-6, Ocean Complex Sector-18, Noida, Noida, Gautam Buddha Nagar, Uttar Pradesh	India
S1-319276766	Alvarado and Chen LLC	7705 Arboretum Village Circle, Chanhassen, MN	US
S1-555378815	Ad Solutions Private Limited	517/E Plot No. 39 Asirwad Shivaji Park, Kolhapur, Maharashtra	India
S1-160371085	Solutions Grg Paper Private Limited	Sy-358/2 Plt-1 Gr To 2Flr, Laxmiba Soc A.K. Road, Surat City, Surat, Gujarat	India
S1-459631473	Vanguard LLC	6058 Rd H, Leipsic, OH	US
S1-564483847	Surgical Prairie Associates Inc	42-11 218 Street, Bayside, NY	US
S1-639640670	Capital Classic Oneim	3700 Old Greenbrier Pike, Unit 1203, Springfield, TN	US
S1-659097171	The Dent Cleaning Service	Unit Apartment 5, NY, 2 Carlton Road, Ramapo	US
S1-768133841	Santana & Juarez L.L.C.	1306 61st Place, Merrillville, IN	US
S1-377912796	Vaayuora Solutions Private Limited	7Th Floor-719, Shivalik, Shilp, Iscon Cross Road, Ahmadabad City, Ahmedabad, Gujarat	India
S1-166219718	Se Enterprises	71, Vill - Hariraha, Rustampur Anchal- Laukahi, Madhubani, Patna, Bihar	India
S1-377762810	Maa Products Pvt Ltd	H No. 1058 Chinchani, Maharashtra, Kadegaon, Nawakhora, Sangli	India
S1-999898202	Reliable Security Studios	1030 Pebbleview Drive, Victor, NY	US
S1-950184273	Keystone Elite Bankshares PC	12 Green Street, Newton, MA	US
S1-385793739	Smart Education Systems LP	Cary, IL, 364 James Way	US
S1-709282993	Nandy & Sons Ltd	A-24 Dharam Narayan Ji Ka, Hatta, Paota, Jodhpur, Rajasthan	India
S1-104586218	Tharp Bold, LLC	87 Birchwood Drive, North Branford, CT	US
S1-5861447	Ahmedabad Broker Ltd	Plot No. 10, Ratnam Estate, Village Ode, Nr. Pirana Gate, S P Ring Road, Daskroi, Ahmedabad, Gujarat	India
S1-236913102	Ave Chit Private Limited	House No. 2378 Gat. No. 59, Plot No. 01, Chikhli Road, Sunderkhed Tq. Dist. Buldh, Ana, Buldhana, Maharashtra	India
S1-986506279	Mohan & Leavitt Midstream LLC	Green Valley, 954 Arrieta, AZ	US
S1-535089628	Jai & Sons-Faridabad	Aster 504, Omaxe Green Valley Sector 41-42, Faridabad, Haryana	India
S1-502741365	Dumas Liberty Law Group LLC	106 Blue Willow Drive, Houston, TX	US
S1-345158560	Krest India Private Limited	M-22 Kirti Nagar, New Delhi, Delhi	India
S1-320741722	Roden Hartford Inc	14 Bellingham Avenue, MA, Revere	US
S1-40996055	Maa Shubham Pvt Ltd	Hnd-D-234 (Oldnod- 74), G, Gali No.7 Jaitpur Extn Pa, New Delhi, South Delhi, Delhi	India
S1-371382998	Rosado Veterinary Clinic	62 Emmanuel Street, War, WV	US
S1-540758272	Scott Platinum Fuel Inc	19 Buffum Road, Unit Unit 6, North Berwick, ME	US
S1-397523608	Bangalore Resorts Private Limited	No 100/B, 60Ft Road, Bhoopasandra, Siddivinayaka Layout, Bangalore, Karnataka	India
S1-722045565	Syndicate Abi Private Limited	Chinar Heights, Prabhat Road Lane No. 5 Deccan Gymkhana, Pune, 202, Maharashtra	India
S1-397276597	Retail Natural Pvt Ltd	Bardapur Tq. Ambajogai Bardapur, Bid, Ambajogai, Maharashtra, C/O Vitthal Ram Shingare	India
S1-820292125	Zephyn King LLC	113 Shiloh Heights Drive, IL, Shiloh	US
S1-924421919	Frontier Gaming LLC	138 74 Street, New York, NY	US
S1-623730816	Bright Insurance Consultants	2100 Denham Drive, Cleveland, TN	US
S1-381794601	Projects Jd Services Private Limited	H.No.1-20-63/8, Housing Board Colony Beside Vijay Junior College Girls Hostel, Armoor, Nizamabad, Telangana	India
S1-805226238	Rao Holding Company	3105 Laclede Station Road, Unit APT E, Saint Louis, MO	US
S1-905569871	Medrano & Charles	10 Emmons Circle, Camden, NY	US
S1-640284368	Roopanth Farmer Private Limited	Wework Salapuria Symbiosis, Arekere Village, Begur Hobli, Bannerghatta Road, Bengaluru, Bangalore South, Bangalore, Karnataka	India
S1-883879647	Summit Grill	W258S6870 Ivy Court, Village Of Vernon, WI	US
S1-800298598	Satyug Consultants	1St Floor, Room No F 11, Clive Row, Kolkata, Kolkata, Howrah, West Bengal	India
S1-697539255	Karicode Heritage Corporation	19/123, Sundale T.K.M. College P.O, Karicode, Kollam, Kerala	India
S1-587407893	Arda's Fitness Inc	Unit 103, 47 Will Drive, Canton, MA	US
S1-86888227	Mumal Entertainment Pvt Ltd	59, Improvement Trust Market, Bhiwani, Haryana	India
S1-156516738	Uptown Tattoo!	2919 Wardway Drive, City Of Holladay, UT	US
S1-993699509	Dynamic Consultants Limited	416, Puthenmaliakkel House, Thottumughom, Aluva, Ernakulam, Kerala, India., Aluva, Ernakulam, Kerala	India
S1-955592880	Crestline All	142 Keith Drive, Havelock, NC	US
S1-115430564	Ceum LLC	7892 Belspring Road, Pulaski County, VA	US
S1-260307157	Lantern Studios	1032 Waverly Street, Tarrant, AL	US
S1-949109853	Pragati Property Pvt. Ltd.	4Th Floor, Kaveri Tower-1 211, Sector D, Pocket-6, Vasant Kunj, New Delhi, South Delhi, Delhi	India
S1-32592162	Mahadev & Associates	402, Valentine, Tower 4 Runwal Anthurium, Lbs Marg, Mulund West, Mumbai, Mumbai City, Maharashtra	India
S1-775603925	Champion Infrabuild Private Limited	Rajasthan, 1/156, Bharatpur, Jawahar Nagar	India
S1-61055888	Unified Mortgage Collective Inc.	1112 Weybridge Road, Unit D, Columbus, OH	US
S1-812120331	Pioneer Enterprises Private Limited	Pt 61, Jaya Nagar, Kukatpally, Hyderabad, Telangana	India
S1-115208052	Zielke & Ortiz Inc	1307 25th Street, KS, Parsons	US
S1-913359961	Convergence Skills Private Limited	D.No.3-56A, Kothuru, Agnigundla, Ipuru Mandalam, Guntur, Andhra Pradesh	India
S1-255620650	Prairie Advanced Costamare PLLC	4003 Ahan Drive, Charlotte, NC	US
S1-567321737	Armijo Federal Gamco Inc.	6117 Glenway Court, Richmond City, VA	US
S1-425254647	Heather Mayorga Ridge Developments Inc	1521 Graduate Lane, Unit 101, Raleigh, NC	US
S1-23612930	Foot & Ankle Health	401 Church Street, Upper Moreland Township, PA	US
S1-364832122	Dental Clinic L.L.C.	527 Powhatan Parkway, Hampton City, VA	US
S1-439962104	Olsen Chile Group	Unit 313, Cambridge, MA, 130 Mount Auburn Street	US
S1-548205663	Heinrich Managed LLC	241 28th Place, Ridgefield, WA	US
S1-146934300	Huff and Castanon Maintenance, Corp	VA, Henrico County, 4004 Foxfield Place	US
S1-988583775	Southern Products Private Limited	S-8/117-2-R-1, Khajuri Road, Varanasi, Uttar Pradesh	India
S1-536088082	Rudra Advisors	Haryana, Plot No. 372 Udyog Vihar Phase 2, Gurgaon	India
S1-407260675	Rapid Analytics	6494 Apache Drive, Pearce, AZ	US
S1-244032085	Orthopedic Clinic L.L.C.	20 1/2 Matthes Avenue, Wilmington, DE	US
S1-24578003	Sky Beauty Private Limited	S No. 2/1B, Siddhi Tower, Flat No. C-604, Pune City, Pune, Maharashtra	India
S1-523339668	Chiropractic Tri-State Clinic PC	13201 104th Street, Fl 0, Sedgwick, KS	US
S1-930271349	Tangent Institute of Technology	503 Makhija Chambers196 Turner Road Bandra West, Mumbai, Maharashtra	India
S1-879402499	Modern Developers Private Limited	Surya Mahal 5 Burjorjibharucha Marg Fort, Mumbai, Maharashtra	India
S1-318044541	Jones Interstate Bridge Inc	Andover, 6658 3rd Avenue, OH	US
S1-996920746	Southern Hospitality Limited	C/O Prem Singh Rajput, Hawala Khurd Badi Road, Girwa, Udaipur, Rajasthan	India
S1-154697488	Arihant Estate Private Limited	487/19, Village Peera, Garhi, Pole No 70, New Delhi, West Delhi, Delhi	India
S1-121542148	Ravue	8876 Waverly Road, Loami, IL	US
S1-231643515	Adriane Tucker Travel Inc	3828 Greenview Drive, Toledo, OH	US
S1-851145954	Stella Vinimay Pvt Ltd	Gautam Buddha Nagar, Noida, Uttar Pradesh, Hno-165 A 1St Floor, Yamaha Vihar, Sector-49	India
S1-975208799	Alvina Ramirez Technology LP	Belle Plaine, 27280 Navaho Avenue, MN	US
S1-774307266	Shaikpet Brother Pvt. Ltd.	Plot No 4/2, Sector 1, Ram Svr, Huda Enclave, Shaikpet, Hyderabad, Telangana	India
S1-710909961	Gd Ventures Private Limited	Survey No. 52/3/15, Raukheri, Ph No. 72 Behind Plethico, Manglia, A.B. Road, Indore, Madhya Pradesh	India
S1-714258980	Foster Beacon Security	6413 A Shiplett Boulevard, Fairfax County, VA	US
S1-354020058	Downtown Yoga LLC	510 Royal Crest Drive, Red Bank, TN	US
S1-997997504	Northern Debt Inc	10104 Route 119 Highway, East Mahoning, PA	US
S1-870594092	Quilon Industries Pvt Ltd	A 2104, 21St Floor, Vasantha Dosti Vihar, Pokharan Road No. 1 Panchpakhadi, Thane West, Thane, Maharashtra	India
S1-390327505	Cox, Rio and Smith Stardust Inc	2302 Whitetail Run, Warsaw, IN	US
S1-138859892	Grand Highland Properties Inc	61 Woodland Street, Mount Kisco, NY	US
S1-966008370	Interfaith Alliance LLC	TN, 2608 Indian Ridge Road, Blaine	US
S1-865802242	Tech Marketing Limited	Gujarat, 205 Chanakyanr Dinesh Hall Ashram Road, Ahmedabad	India
S1-519043782	Indian Digital Media	Jodhpur, H-703 M.I.A. Basni Iind Phase, Rajasthan	India
S1-228609234	Dholera Foundation	A1/504, Tower-6, Purvanchal Heights. Zeta-1, Greater Noida, Noida, Gautam Buddha Nagar, Uttar Pradesh	India
S1-288251673	Good Finance Private Limited	East Delhi, At E-39 G/F Kh No-419/305, New Ashok Nagar, East Delhi, Delhi, One Shop On Ground Floor	India
S1-154118260	Willis, Greer & Barker Inc	15813 Monroe Street, Goodyear, AZ	US
S1-456206546	Elladine Johnson Mountain Photonics Group	114-37 178 Place, Jamaica, NY	US
S1-291224449	TU Btc, Inc	220 A Riptide Road, Unit A, Temple, TX	US
S1-254764959	Santiago Cayman Inc.	1719 Highwoods Loop, Hillsborough, NC	US
S1-837341373	Bharat Food Pvt Ltd	Shop No. 1, Ground Floor, Aditi Chs Ltd. Plot No. C-11, Sector-9, Airoli, Navi Mumbai, Thane, Maharashtra	India
S1-888949854	Audy Connelly Omega Group	1735 Ella Street, Cincinnati, OH	US
S1-474824267	Dorn & Morgan LLC	140 Maxfield Road, Greensboro, NC	US
S1-513763536	Ashtavinayak Shipping Private Limited	99/5/11 Ballygunge Place, Kolkata, Calcutta, West Bengal	India
S1-194474304	Dolley's Boutique Corp	3714 St Charles Bay Circle, Galveston, TX	US
S1-915558520	American Trust	WI, Town Of Lincoln, 1111 65th Avenue County Road F	US
S1-225640086	Dhule Big Private Limited	Flat No. 3, Mangal Murti, Apartment Opp Vishvakarma, Dhule, Maharashtra	India
S1-491066592	Taraesh Degree LLP	Flat No. D-512 Acropolis, Gothapatna, Khordha, Orissa	India
S1-264605370	Samman Win Private Limited	Unit No.-111 Acy - Aggarwal City Square Plot No.10, District Centre Manglam Place, Sector 3, Rohini, New Delhi, North West Delhi, Delhi	India
S1-304502804	Builders Spiro Transformers Limited	Delhi, Shop No.4, Mg Road Aya Nagar, Near Arjangarh Metro Station, New Delhi, Building No.999	India
S1-211734566	Sun Engineering Private Limited	Ambarnath, Gavadevi Construction, Flat No 101 Ganraj Plaza, Thane, Maharashtra	India
S1-584461012	Ardent Manpower (India)	384, Kohat Enclave, Pitampura, New Delhi, North West, Delhi	India
S1-641755311	Gramin Projects Private Limited	Shop No.-207, Second Floor, Plot No.-10, Vardhman Gee Dee Plaza, New Delhi, South West Delhi, Delhi	India
S1-874082863	City Power Private Limited	557 Ghookna, Ghaziabad, Uttar Pradesh	India
S1-85823827	Lantern Property Solutions	MA, Stow, 30 Pompositticutt Street	US
S1-293506329	Birch Clearthink LLC	NC, 20 Station Avenue, Pinehurst	US
S1-800572446	Blue Diagnostics Private Limited	Hig 205, Telangana, Pent House, Phase I & Ii, Kukatpally, Tirumalagiri, Hyderabad	India
S1-638266733	Heartland Telefonica	3344 75th Avenue, Portland, OR	US
S1-458109241	Gonzalez, Pollard & Cail Engineering	54 Newport Beach Boulevard, Brookhaven, NY	US
S1-474298816	Allied Trust PC	4090 N Leavitt Road, Warren, OH	US
S1-888153797	Metech Group	AR, 1108 Lockheed Street, Bentonville	US
S1-403025365	Delta Trust Inc	360 Highland Hills Drive, Camarillo, CA	US
S1-297292913	Harris, Hooker & Castro John LLC	4499 Caribou Drive, Unit 4, Orange, TX	US
S1-431309936	Laxmi Care Private Limited	Flat Bs2, Pallava Heights, 73/1, Luz Avenue 5Th Street, Mylapore, Chennai, Tamil Nadu	India
S1-976201522	Metropolitan Coalition	1603 Hedgecroft Drive, El Lago, TX	US
S1-990500501	DZ Consulting LLC	921 Community Drive, La Grange Park, IL	US
S1-212268233	Life Foods Private Limited	First Floor, Gird, Gwalior, Jadon Market, Patali Hanuman, Madhya Pradesh	India
S1-716777399	Life Infotech Limited	New Delhi, Venus Apartment, Inder Enclave Paschim Vihar, Delhi, Flat No. 110, West Delhi	India
S1-414850012	2261 Sixth Ave Holdings	4709 Gilson Court, Joliet, IL	US
S1-129039548	Gujarat Food Private Limited	50/1 Badridas Temple Street, Kolkata, Calcutta, West Bengal	India
S1-416370166	High Constructions	8, Nayapatty Road, Bl-D2, Kolkata, Kolkata, Howrah, West Bengal	India
S1-545919136	Lorna Lyons Stores	1640 Vine Street, Albany, OR	US
S1-166158737	Brock, Bonnee, L.C.S.W.	7457 Belmont Avenue, Chicago, IL	US
S1-327749617	Piedmont Alliance IV	12 Alegre Place, Belen, NM	US
S1-980593129	Lemniscate (India) Media Private Limited	Br - 66C, 2Nd Floor Shalimar Bagh, New Delhi, Delhi	India
S1-456206043	YO Developers Private Limited	No.16, M V Extension Air Station Road, Hoskote Town, Hoskote, Bangalore Rural, Karnataka	India
S1-645708436	Cooper, Roseberry and Leal	Sammamish, WA, 27713 26th Way	US
S1-444039572	Strategic Peak Xii	1132 Main Street, Barnesville, OH	US
S1-889500087	Efficient Electronics Private Limited	Jai Gandhi Market 1St Floor Off. 105 Bhoosar 186 Market Yard, Pune, Maharashtra	India
S1-899182679	Royal Twelve LLC	9417 Millkirk Circle, Wake Forest, NC	US
S1-832965645	Flanagan Kimco Inc	2620 New Salem Highway, Unit G303, Murfreesboro, TN	US
S1-680820568	Frazier Pampa-Yates City	IL, Yates City, Fl 1, 495 Third Street	US
S1-587924264	Chennai Dealers Private Limited	No.11, Karpaga Vinayagar Koil Street, East Tambaram, Chennai, Tamil Nadu	India
S1-290569114	Precision Media Industries, LLC	NC, Winnabow, 5899 Hollytree Court	US
S1-641520594	Nova Acp LLC	337 Elmwood Lane, Franconia Township, PA	US
S1-746963211	Rivera College	420 Millers Drive, Shepherdsville, KY	US
S1-521157305	Jubilee Traders Limited	Old No. 2 And New No. 3 12Th Cross 6Th Main, Malleshwaram, Bangalore, Karnataka	India
S1-74133991	Mebrique Inc	153 Bralan Lane, Gaithersburg, MD	US
S1-105849905	Rofloa Solarius	4509 650, Rushville, IN	US
S1-336170939	Krishna Healthcare Pvt Ltd	Howrah, 14 C, Kolkata, Lindsay Street, West Bengal	India
S1-365035169	Everest Hospital	H. No. 1325, Matond Tal- Vengurla Matond, Vemgurla, Sindhudurg, Maharashtra	India
S1-653308659	Cascade Perfect LLC	2127 Callahan Drive, Forney, TX	US
S1-215173887	Royal Dogecoin LLC	WA, Tumwater, 1925 Galenta Drive, Fl 1	US
S1-472114996	Cove Enterprises	Satnam Paradise, Building No.23, 402 Tulsidham, Thane West., Thane, Maharashtra	India
S1-303060745	Deavers and Camacho Inc	128 Mossy Oak Trail, Fort Worth, TX	US
S1-128899840	Bbl Trading Private Limited	536/14, 1St Floor, Ashokapuram, Aluva Po, Aluva, Ernakulam, Kerala	India
S1-897021460	Apex Engineering Global LLC	7018 Fm 1960, Houston, TX	US
S1-375305239	Hail, Cannon and Thompson Associates	214 Main Street, Cadiz, KY	US
S1-326045101	Ramesh Suppliers Private Limited	Flat No-107, Siri Kumudam Apartments, Kasavanhalli, Sarjapur Road, Bangalore, Karnataka	India
S1-363633018	White Power Private Limited	2 Vallabh Apartsejal Park Link Road Goregaon (W), Mumbai, Maharashtra	India
S1-136672972	Classic Intelligence Ventures Inc	2401 Indian Ridge Drive, Tucson, AZ	US
S1-939173645	Cascade Charter School	451 Cromwell Street, Rialto, CA	US
S1-290498254	Riddick & Pinto	Belen, 30 Kendrick Road, NM	US
S1-27087469	Rapid Petroleum Inc	Bldg BUILDING 2, Bettendorf, 3844 Creek Hill Dr, IA	US
S1-797436370	Lander Computer Private Limited	Sf/33, Amitnagar Co Op Society, Karelibaug, Vadodara, Gujarat	India
S1-582971678	A/K Oaktree Inc	107 Watertown Street, Watertown, MA	US
S1-911201966	GJ Solutions Company	Balangir, H/O. Sananda Kumar Sethi Palace Line, Balangir, Orissa	India
S1-377090509	Orbyx Citizens Inc.	538 Mendon Road, Sutton, MA	US
S1-150573572	Balaji Technologies Private Limited	Khasra No.10/2 Village Samalkha Near D Point, New Delhi, South West Delhi, Delhi	India
S1-954830984	Young Good LLC	7751 Washington Lane, Unit Unit B, Cheltenham Township, PA	US
S1-893380324	International Foods Private Limited	5/373 A, Symphony House Ramapuram (Po), Malappuram, Malappuram, Malapuram, Kerala	India
S1-959115212	Atf (India) Chemicals Private Limited	8, 9, Bhakti Arcade, Pramukhpark Society, Chorasi, Surat, Gujarat	India
S1-652375499	Cincinnati Nevada P.C.	3671 Galbraith Road, Unit 8, Cincinnati, OH	US
S1-822559221	Kalindi Colony (india) Private Limited	C-11, Kalindi Colony, New Delhi, Delhi	India
S1-635372379	Anderson Builders, Inc.	411 Murfreesboro Pike, Unit 116, Nashville, TN	US
S1-515767421	Modern Consulting Limited	Green Avenue Sushant Lok, Gurgaon, Sadar Bazar, F-310 2Nd Floor Sector 57, Haryana	India
S1-936569207	Vilchez Learning Center	344 Freestall Drive, Rolesville, NC	US
S1-774189358	Aarya Hospital Private Limited	Kp 5/927 Appus, Pumphouse Road, Nettathani, Kottukal P.O Kp, Thiruvananthapuram, Trivandrum, Kerala	India
S1-962228316	Veer Institute of Technology	Flat No. 958, Sector-A, Pocket- B & C, Vasant Kunj New Delhi, New Delhi, South Delhi, Delhi	India
S1-739112808	Carina Brothers Private Limited	Gat No 663, Flat No 1105 Anshul Kanvas Wagholi, Pune, Maharashtra	India
S1-698943727	Bay United Software Inc	10405 Gordon Road, Spotsylvania County, VA	US
S1-436248341	South Academy Inc	59 Westland Avenue, West Hartford, CT	US
S1-143161767	Chaffin Highland Franklin LLC	460 4th Street, Winona, MN	US
S1-567751361	Platinum Heartland Eureka	3502 Riviera Street, Temple Hills, MD	US
S1-231751912	Noida Export Private Limited	Balaji Enclave, Old Haibatpur Village, Noida Extension, Plot No. 84A, Noida, Gautam Buddha Nagar, Uttar Pradesh	India
S1-325806146	Pyle Planet LLC	309 Fairway Trail, Springfield, TN	US
S1-272808438	Kansas City Community Rapid Association LLC	5204 Osage Avenue, Kansas City, KS	US
S1-360914518	Delhi Electricals Pvt. Ltd.	193 G/F Main Road Ram Vihar Shahdara Gate No.3 Park Delhi, Delhi, East Delhi, Delhi	India
S1-417611445	Sam Enterprises Private Limited	Plot No.2, Near Jeet Dharam Kanta O.P. Jindal Marg, Hisar, Hissar, Haryana	India
S1-95100760	Platinum Etf	5851 Hwy 21, Hornbeak, TN	US
S1-991707877	Sraddha Commotrade Limited	C-1102, Sorrel Apartments, Applewood Township, Ambli, Daskroi, Ahmedabad, Gujarat	India
S1-996570042	Red Projects Private Limited	Thane, Vasai, 687, Maharashtra, Chawdiwadi, Sandor, Vasai West	India
S1-957801076	Indian Management Limited	9B/1, Ground Floor Chanda Greens, Transport Nagar, Mathura, Uttar Pradesh	India
S1-999180814	Costanza L. Stell, DMD, PC	12023 Swords Creek Road, Houston, TX	US
S1-457859907	2-Point	512 Coffee Hill Court, City Of Kaukauna, WI	US
S1-587601458	Life Universal Infotech Pvt Ltd	Flat No A1 43, First Floor The Lilac, Sector 49, Gurgaon, Haryana	India
S1-9860121	Department of Buildings	11 Governors Lane, Bethel, CT	US
S1-73889651	Integrated Creative Technologies LLC	7273 Emerald Heath Road, Powell, TN	US
S1-122582568	Roark Express Agricultural L.L.C.	NC, Jacksonville, 204 Balsam Road	US
S1-393437005	Rainwater Certified Jaws Inc	4323 Blanton Road, Tucson, AZ	US
S1-870839608	North Food Private Limited	Plot No 10, Ap Press Photographers Colony Near Lotus Pond, Banjara Hills, Hyderabad, Telangana	India
S1-175224961	Strand Bay Scuti LLC	1901 Lenoir Drive, Unit D1, City Of Wilson, NC	US
S1-179729839	Commission on Sanitation PLLC	10421 Wynbrooke Lane, Collierville, TN	US
S1-230561598	Rtr Textiles (India)	Bp2, Vajram Essenza, S. No, 63 Thanisandara Main Road, Bangalore North, Bangalore, Karnataka	India
S1-345110290	Womens Health Diamond Medicine	36 Baker Avenue, Gates, TN	US
S1-173758843	Anchor Quartzsea LLC	150 Main Street, Unit Apartment 4, City Of Waukesha, WI	US
S1-903587025	Bloch, Perry & Rayon Corp	Otto, 274 Rock Lake Road, NC	US
S1-413243310	Ear Nose & Throat Medicine PLLC	West End, NC, 109 Fawnwood Drive	US
S1-374362412	Hari Infotech Private Limited	327, Blue Diamond Building Hat Falia, Haripura, Surat, Gujarat	India
S1-783127731	Golden Projects Private Limited	C/O Pappu Singh, Village -Jamuhar Tola Gopibigha, Panch -Jamuhar, Dehri, Rohtas, Bihar	India
S1-54304844	Amritsar Infraprojects Private Limited	280, Swiss City, Mahal, Amritsar, Punjab	India
S1-85277805	Stoneback Patriot	1304 10th Avenue, Colonie, NY	US
S1-529552092	Lucky Yoga Group	3100 Fargo Avenue, Chicago, IL	US
S1-617084554	Orbital India Private Limited	23/R-1 Nai Bazar Ada Mod Naini, Allahabad, Uttar Pradesh	India
S1-987410715	Lower Continental Outdoor LLC	KY, Louisville, 9820 Collier Ln	US
S1-275516821	Walsh Chase Inc.	8014 Glen Dell Court, Houston, TX	US
S1-920310093	Conley Index LLC	4022 Dusk Drive, Forney, TX	US
S1-917788812	Rodriguez, Delapaz and Smith Hydro Corp	Nashville, TN, 1703 11th Avenue	US
S1-948091289	Swastik Healthcare Private Limited	36/2251 A, Swathanthra Road, Edapally, Ernakulam, Ernakulam, Kerala	India
S1-227231752	Flock Neurosciences	1700 Delano Avenue, Unit 1700, Littlefield, TX	US
S1-185408254	Arp Beverages LLP	Uttar Pradesh, 107 Gandhinagar, Mahoba	India
S1-866922582	Primary Care Clinic of Four Oaks	1703 Parkertown Road, Unit D, Four Oaks, NC	US
S1-753981349	Cornerstone Software Worldwide Inc	17 Faulkner Avenue, Asheville, NC	US
S1-677762324	Baba Ventures Private Limited	303 Plot- 9/10, Kanchanganga Chs Ltd, Jp Road Andheri W Nr, Manish Nagar, Mumbai, Maharashtra	India
S1-375604834	Uptown Massage!	220 Nursery Avenue, Purcellville Town, VA	US
S1-561335163	GL Star Commodity LLC	3616 Kodiak Way, Antelope, CA	US
S1-268867234	Apex Marketing	4-9-73/1385, Vijayanagar Colony, Pragathi Nagar, Hayathnagar, K.V.Rangareddy, Telangana	India
S1-709845931	Sara Seidman, Ph.D.	1929 Hague Road, Orwell, OH	US
S1-565013196	Lacie's Advisors	1781 Kershaw Street, Ogden City, UT	US
S1-926155219	Swastik Ventures Private Limited	25/26C, Janapriya Bunglows, Macha Bollarum, Secunderabad, Hyderabad, Telangana	India
S1-590904591	Balaji Technology Limited	132, Kheny Building, 4 Floor, 1Stcross, Gandhinagar, Bangalore, Karnataka	India
S1-845704314	Yuen and Tobar, LLC	183 Teaberry Hills Lane, Elkins, WV	US
S1-978473245	Manomay Resorts (India) Private Limited	C/O Muskan Samajik & Siksha Prasar&Prach 1St Flr, Above Bank Of Baroda A.B. Road, Guna, Madhya Pradesh	India
S1-600828054	Pediatric Dental Anchor Care Associates LP	9998 Curtann Lane, Ijamsville, MD	US
S1-623431640	Prime Construction Pvt Ltd	Off No 404/A, Plot No 13, Set-11, Cbd Belapur, Thane, Maharashtra	India
S1-112780660	One Developers Private Limited	908, Klj Tower North Netaji Subhash Place, Pitampura Delhi, Delhi, North West, Delhi	India
S1-508591421	Norman and Nash Inc	849 Hallock Road, New Haven, VT	US
S1-424579379	Shepherd, Rasmussen & Williams Cea	5012 Little Turtle Drive, Birmingham, AL	US
S1-488367875	Emerge Welfare Society	Plot No. 1 A Adarsh Colony Bikaner, Bikaner, Rajasthan	India
S1-366638382	Global Charities	Berwyn, 3432 Elmwood Avenue, IL	US
S1-272371632	Consultants Mehra Seeds Co	No. 17/25, Spencer Road, Spencer Avenue, Bangalore North, Bangalore, Karnataka	India
S1-913476172	Clyos Lifesciences LLC	44796 Horse Mesa Road, Maricopa, AZ	US
S1-732733672	Canara Tasty Private Limited	Shravasti, Tandwa Bankatwa, Uttar Pradesh, C/O Mohd Sharif House No 212, Bhinga	India
S1-606935778	Delhi Technologies Center	306, Aggarwal Cyber Plaza-1, Plot No. C-4, 5, 6, Netaji Subhash Place, Pitampura, Delhi, North West Delhi, Delhi	India
S1-795234488	Liberty & Partners Ltd	0, Vijay Nagar Colony, Jagadhri, Jagadhri, Yamuna Nagar, Haryana	India
S1-33866821	Blisse Bancroft All Vertical LLC	554 Woody Lane, Kingston, TN	US
S1-779407214	Ervin Association Corp	466 Illinois Road, Lake Forest, IL	US
S1-943268201	Mejias & Guzman Investments	7151 Holabird Avenue, Unit APARTMENT 1, Dundalk, MD	US
S1-973715197	Isabelle Bontrager Transalta	2610 Bergen Road, Batavia, OH	US
S1-678157430	Cascade Cadenza Ltd	2216 Rio, Tucson, AZ	US
S1-24990806	Ear Nose & Throat Patriot Partners Inc	980 Cherry Creek Lane, Canton, TX	US
S1-659434932	Shakti Guru Management Private Limited	A-Third Floor 305, Salister, B/H Rajpath Club, Rangoli Road 100Ft Ring Road, Ahmadabad City, Ahmedabad, Gujarat	India
S1-856151385	Midwest Allied Keycorp LLC	323 Sunshine Lane, City Of Madison, WI	US
S1-91367256	Safe Strategic Compass LLC	113 Lanter Drive, Shelbyville, KY	US
S1-789796639	Rafaelia Dubois Pennantpark PLLC	1661 Sauratown Road, Germanton, NC	US
S1-744494644	LQ Andconstruction Private Limited	New Delhi, Delhi, C-697, New Friends Colony	India
S1-991874365	Guruji Developers Limited	126, Patnipura Main Road, Indore, Madhya Pradesh	India
S1-43011050	Bureau of Veterans Affairs	IN, 20 Ems T33I Lane, Leesburg	US
S1-298531032	RE Tech	12A, Panditia Place, Kolkata, Kolkata, Howrah, West Bengal	India
S1-289913241	Unique Finance Private Limited	5Th Floor, A-Wing, Statesman House 148 Barakhamba Road Connaught Place, New Delhi, Central Delhi, Delhi	India
S1-19079462	Infini Technologies (India) Partners	Shop No.309, 310, Giriraj Complex Kirori Lal, Cinema Road Mahendrgarh, The & Dist-Mahendrgarh, Mahendragarh, Haryana	India
S1-726144263	Direct Copley LLC	521 Washburn Avenue, Eden, NC	US
S1-247378937	Salas Market LLC	2801 Wharton Circle, AR, Fort Smith	US
S1-398503557	Canan Diamonds (India) Private Limited	H No-223 First Floor, Huda Plots Sector 56, Opp Kendriya Vihar, Gurgaon, Haryana	India
S1-218152229	4803 Fifth Road Owners Corp LLC	2 Middleton Lane, NY, Penfield	US
S1-882430281	Golden Origin LLC	6556 Fairfield Avenue, Chicago, IL	US
S1-612946475	Arafa (india) Limited	Dar Ul Habib29 Marine Drive, Mumbai, Mumbai City, Maharashtra	India
S1-132975948	TW Research Pvt Ltd	135-C Manaspuram Azad Chowk, Rustampur, Gorakhpur Sadar, Gorakhpur, Uttar Pradesh	India
S1-719913311	Pacific Trust LLC	Parkersburg, WV, 1108 Grandview Street	US
S1-322308971	Bay Charter School	623 Sandy Lane, Clyde, TX	US
S1-547253093	Zephyr Inc	525 Dill Road, Weatherford, TX	US
S1-984317642	Community Committee	901 Hardie Street, TX, Hurst	US
S1-684499553	Innovative Property Labs Corp	511 Iris Lane, Saint Joseph, MN	US
S1-739446730	Cornerstone Hall LP	3152 Presidential Drive, Unit B, Fairborn, OH	US
S1-513010430	Aditraj Products Private Limited	W-104, Rear Lower Ground Floor Greater Kailash-I, New Delhi, Delhi	India
S1-39850870	Anchor Bain LLC	234 Clayton Street, Montgomery, AL	US
S1-562355896	Regional Better Mortgage LLC	105 Eagle Meadow Court, Cary, NC	US
S1-768498408	Bay Bdc LLC	2115 F Street, Unit 708, Washington, DC	US
S1-455253959	Surya Golden Energy Private Limited	Delhi, South West Delhi, 94, T/F, Block B, Pocket 10, Dwarka Sector 13	India
S1-256149847	Pad & Co	Regus Business Centre Unit 1 Level 2, B Wing, Andheri Kurla Road, And, Heri East, Maharashtra, Mumbai, S-02, Mumbai City	India
S1-930617339	Aarini Infracon Limited	869/5, Guru Nanak Enclave, Back Side Guru Nanak Sen. Sec. School, Doraha, Ludhiana, Punjab	India
S1-737056792	Boundless India Private Limited	H.No 8-2-674/6 To 10/E-103, Fortune Enclave, Road No 12, Khairatabad, Hyderabad, Telangana	India
S1-433984315	Womens Health Care PC	12 Wood Way, Lawrence, MA	US
S1-781323301	Arboleda Total Inc.	8 Paris Street, Cookeville, TN	US
S1-301203315	Gold Dynamic Infrastructure	A 303, Mayfair Apartments, Tellapur, Osman Nagar Road, Ramachandrapuram, Medak, Telangana	India
S1-441195042	Basalt LLC	Chapel Hill, NC, 900 Willow Drive, Unit 129	US
S1-227321312	Trejo Reliable Healthy Inc	9251 30th Street, Indianapolis, IN	US
S1-347408647	Lapointe and Sanchez Inc	452 Livingston Avenue, Albany, NY	US
S1-999001691	Ram Ventures Pvt Ltd	Karnataka, T3, Bangalore South, Bangalore, 1503. Sattva Divinity, Apartment, Mysore Road	India
S1-133164346	Cheatham Select Energy	394 Ocean Avenue, Unit 713, Revere, MA	US
S1-982179195	Star Workshop	1838 13070, Riverton, UT	US
S1-984507050	Young, Beckie, Ph.D.	160 Willow Road, Unit A, Elgin, TX	US
S1-4962145	Terava	912 Ridgeway Avenue, Hermiston, OR	US
S1-213977086	Cephus High Ltd	2766 White Street, Dubuque, IA	US
S1-969022982	Western Finance Private Limited	C.S. No. 464/C, E Ward, Lotus Plaza, Fl No. 203, Karvir, Kolhapur, Maharashtra	India
S1-450395396	Mirabelle Barnes, D.C.	IN, 8724 Huguenard Road, Fort Wayne	US
S1-845721889	Dart & Brothers Public Limited	203, Floor-2, Sun Industrial Estate, Sitaram Jadhav Marg, Sun Mill Compound, L, Ower Parel, Mumbai, Mumbai City, Maharashtra	India
S1-321119245	Digital Sunrise It Private Limited	Door No 2/11 Kothi Bomma Centre, Gudivada, Krishna, Andhra Pradesh	India
S1-433589568	Clear Ngl Corp	Beaumont, 665 Sue Lane, TX	US
S1-543045512	Goldy Consultants	36, B/M, F/P August Kranti Marg, Uday Park, New Delhi, South Delhi, Delhi	India
S1-30615762	Dianna R. Scaggs, MD, P.C.	919 Stephen Lane, La Grange, TX	US
S1-151561538	Logan Animal Welfare Creative Center LLC	Logan, 20160 St Rte 664, OH, Unit 35	US
S1-635175466	Eternity (india) Private Limited	Xxxix/5827 Pearl Buildingkurisupally Road Ravipuram, Ernakulam, Kerala	India
S1-213085846	Hotel Tirupati Investments Limited	Bh 168East Shalimar Bagh, New Delhi, North Delhi, Delhi	India
S1-904564870	White Royal Athene	3890 Hwy 389, Scotland, AR	US
S1-237649303	Behavioral Health Care Associates LLC	1179 Beards Lane, Bagdad, KY	US
S1-953287896	Arpee Medical Centre	H No. 101, Block-C, Sector-Omnicron-2Nd, Gautam Budh Nagar, Gautam Buddha Nagar, Uttar Pradesh	India
S1-212215865	Shivam Consulting Private Limited	504, Vivek Society, Plot No. 102, Sector 4, Charkop, Kandivali (West), Mumbai, Mumbai City, Maharashtra	India
S1-46942082	Harriett Tucker, Ph.D. LLC	1534 O'brien Drive, St. George City, LA	US
S1-455542244	Innovative Management Pvt Ltd	H No. 1033-1034 Block B, 3Rd Floor Plot No. 95, Delhi, North West Delhi, Delhi	India
S1-900032831	Summit Keystone Nmp	1835 16th Street, Unit 5, Washington, DC	US
S1-249694585	Modern Clean Insight PLLC	97 Stonecrest Circle, Concord, NC	US
S1-795323127	Classic All Business	685, 3Rd A Cross, Lal Bahadur Nagar, B Channasandra, Benniganahalli, Bangalore, Karnataka	India
S1-489729227	Historical Charities	6804 Lorna Avenue, Winton, CA	US
S1-6597451	Ranger Gold LLP	Bareilly, Uttar Pradesh, Shahdana Colony, 16A	India
S1-855659714	Modern Dome	1480 Rising Sun Road, Camden Wyoming, DE	US
S1-495608820	Price & Maynard Inc	4712 Shangri La Road, Glendale, AZ	US
S1-989118271	Fresh Prairie Mines Inc	800 14th Street, The Dalles, OR	US
S1-846933398	Bright Bombay Enterprises	Shree Indukul Bhavan, 1St Floor, 12, Atul Krishna Ghosh Lane, Salkia, Uluberia - I, West Bengal, Howrah	India
S1-170768799	Wilmette Keller Eye Care Inc.	13307 77th Street, Scranton, ND	US
S1-290981244	Platinum Keystone Laboratories Inc	912 Oak Street, Greensboro, NC	US
S1-288517052	Unicare Health Private Limited	C/O Dalveer Singh S/O Subedar, Chuharpur, Aligarh, Uttar Pradesh	India
S1-934320606	Kramer Royce Corporation	9112 Basswood Drive, Tinley Park, IL	US
S1-808202393	Capital Kuries Pvt Ltd	Shriya Enclave R N Shetty Road Gokul Road, Hubli, Dharwad, Dharwar, Karnataka	India
S1-927274415	Brahm & Brothers Private Limited	Plot No.300, 301 & 302, Iii Phase Malur Industrial Area, Malur, Kolar, Karnataka	India
S1-399607660	Aarvavi India Private Limited	2H, Siddhivinayak Chambers, Gandhi Nagar, Bandra(East), Mumbai, Mumbai City, Maharashtra	India
S1-700603878	Leftridge Rapid Columbus Inc	787 Prospect Street, New Haven, CT	US
S1-724380799	Parasmani Educational Society	D/815, 8Th Fl. Star Galaxy, Apt, Opp. Aagam Cross Rd, Surat, Gujarat	India
S1-579619629	Krueger Peak Qdro, LLC	280 Morgan Road, Potsdam, NY	US
S1-605297907	Orthopedic Care Associates	640 2nd Avenue, Ontario, OR	US
S1-806662165	Joslin Tree Inc	4101 Albemarle Street, Unit 342, Washington, DC	US
S1-865390982	Spriggs Solution	48 Chestnut Street, Norristown Borough, PA	US
S1-569675287	Cedar Spire Inc	Mesa, 4408 Antonio Circle, AZ	US
S1-633233150	Universal Impex Private Limited	B-102 Old No.B-227 Top Floor Gali No-12, Indira Marg Mandawali, Delhi, East Delhi, Delhi	India
S1-127550104	FX Dynamic Farms LLC	2 Charles Place, IL, Bloomington	US
S1-789743175	Rossi Textiles Care	9491 Carriage Run Circle, Loveland, OH	US
S1-5194820	Housing Trust LLC	399 Beaver Pond Road, Fairdale, WV	US
S1-772067211	Helms Integrated Association	Centerville, UT, 63 Bamberger Way	US
S1-481336830	Kritaksh Foundation Company	240/3, Ff-1, Gidc Makarpura, Makarpura, Vadodara, Gujarat	India
S1-922463033	Liberty Heritage Synchrony LLC	179 Edgerton Street, Rochester, NY	US
S1-330415495	Frontier Elite Electronic Inc	1070 Beacon Street, Unit 1A, Brookline, MA	US
S1-563497581	Peridara European LLC	21 Yorkshire Drive, Jacksonville, NC	US
S1-646744330	Vanguard LLC	2741 Coppersmith Avenue, Dayton, OH	US
S1-843367425	Rocky Federation	22933 Piney Wood Circle, California, MD	US
S1-599877972	Kellyann Price, MD, P.C.	2886 Heath Avenue, Bronx, NY	US
S1-609206786	Mcgee, Fraser and Pettit LLC	DE, 5 Spring Lake Drive, Newark	US
S1-379636419	Business Learning Enterprises LLC	Houston, TX, 7710 Bintliff Drive	US
S1-977528982	Volga Luxury Pvt. Ltd.	House No 136/9 Ground Floor, Shastri Nagar, New Delhi, Delhi	India
S1-716061730	Indian Super Investment Private Limited	House No. 19, Delhi, Road No. 77, Punjabi Bagh West, West Delhi, New Delhi	India
S1-903799166	Division of Buildings	490 Will-etta Place, Concord, NC	US
S1-897652201	Gwenneth's All Research Inc	4904 Lady Of The Lake Drive, Raleigh, NC	US
S1-936994289	Aurex Maritime LLC	5103 Perry Street, Houston, TX	US
S1-511782642	Bihar Institute	Unit No. 311, Delhi, South West Delhi, New Delhi, 313, 315 & 317, Empire Plaza M.G. Road, Sultanpur	India
S1-163988062	Sree Construction Private Limited	No.28, Ground Floor, Gopal Tower, 2Nd Main, 1St Cross, Chamundeshwari Layout, Vidyar, Anyapura, Bangalore, Karnataka	India
S1-301553091	Straight Edge Tavern	225 Page Avenue, Dallas, TX	US
S1-743184644	Marketing Multilevel Care	Telangana, Hyderabad, Rama Reddy Nagar Jeedimetla Industrial Area, Jeedimetla, Rangareddy, Survey No.301	India
S1-267189572	New Exports Private Limited	C/O K Abul Hayat, Vill Itbandha Po Milangarh, Distt Malda, Malda, West Bengal	India
S1-422328946	Charity Young Delta Royalties LLC	1172 Pleasant Street, Horseheads, NY	US
S1-143490468	Pearle Luster Bumrungrad Inc	12305 Legends Drive, Montgomery, AL	US
S1-51027392	Seven Consultants LLP	2481/21-A, Civil Lines, G.T Road, Opposite Nehru Garden School, Jalandhar, Bix/2, Jalandhar - I, Punjab	India
S1-765744520	Visakhapatnam Infra Limited	Shed No A4, B- Block Auto Nagar, Visakhapatnam, Vishakhapatnam, Andhra Pradesh	India
S1-51615934	Bowling Trust Inc	656 A Dune Road, West Hampton Dunes, NY	US
S1-492485106	Silver Star Tech Private Limited	Majage Nagar H.No 5455 Ta- Latur Dist- Latur, Latur, Maharashtra	India
S1-507548204	Holy Cathedral Inc	2004 Birch Lane, Mchenry, IL	US
S1-941712240	Alverio, Connor & Kiefer Tidewater L.L.C.	4919 Sparrow Road, Minnetonka, MN	US
S1-475763988	Om Investment Private Limited	Unit No 50, Unit No 501, Green Heights, Blocka, Loharuka Green Heights, Unit 501, B No A, Raigachi, Kolkatta, Darjeeling, West Bengal	India
S1-919525425	Best Consulting	Flat No. 60, The Palms Apartment, Plot No.13B, Sector-6, Dwarka, New Delhi, West Delhi, Delhi	India
S1-218612912	Premier Trading Limited	No.6, Alcazar11/1, Infantry Road Cross Bangalore, Bangalore, Karnataka	India
S1-505241537	Hester, Detwiler & Milan	Unit 1C, 15435 Caroline Manor Circle, VA, Caroline County	US
S1-860746597	RPR Acres Limited	Trishul Co Op Hsg Soc Ltdt-2/101 S V Road Sunder Nagar Malad (W), Maharashtra, Mumbai	India
S1-578254778	Tristar (India) Alloys Private Limited	Sco No 22, Second Floor, Swastik Vihar Mdc, Sector- 5, Panchkula, Haryana	India
S1-876254635	Primary Care Center LLC	3815 64th Avenue, Unit T3, Hyattsville, MD	US
S1-242326988	Interfaith National Project	862 Olive Avenue, Fayetteville, AR	US
S1-668834304	Raj Logistics Private Limited	I Rd(East), Vasai, Maharashtra, Plotno.9, Galano.2, 102&202, Rajvidesh Building, Prime Industrial Complex, Sativli Rd, Waliv, Vasa	India
S1-371642228	Apex LLC	102 Whispering Winds Lane, Jacksonville, NC	US
S1-730022975	Lucky Bistro	6317 Ansley Lane, Raleigh, NC	US
S1-645484427	Future Business Private Limited	No.95, 1St Floor, 3Rd Cross, Mes Colony, Konena Agrahara, Hal Post, Bangalore, Karnataka	India
S1-798850090	Southern Power Pvt Ltd	F-504 Galaxy Vega Tech Zone Iv Plot No Gh-08C Greater Noida West, Greater Noida, Gautam Buddha Nagar, Uttar Pradesh	India
S1-151078992	Ss Tech Limited	Tamil Nadu, No 89, Chennai, Tondiarpet Fort St George, Narayana Mudali Street	India
S1-262369958	Geren Associated	OR, 75 Mecca Avenue, Eugene	US
S1-441605213	Pioneer Digital Laboratories LP	455 Sunnyside Drive, Marshall, NC	US
S1-183996225	Dynamic Bright Eye Care Inc	Elmira, NY, 1320 Pratt Street	US
S1-375792027	Cybil Armstrong Liberty Ventures Inc.	1105 49th Street, Marion, IN	US
S1-117792216	Sierra Chemical Pvt Ltd	H. No 1 Plot No 2, Nagarjun Nagar, Huzur, Bhopal, Madhya Pradesh	India
S1-897499599	Interfaith American Ministries	4451 Bristol Highway, Johnson City, TN	US
S1-554813216	Heritage Trading Advisors	857 Beaver Road, Walton, KY	US
S1-490026783	Global Homecare	60 Harold Street, Boston, MA	US
S1-352067956	Colonial Computing	3722 25th Court, Des Moines, IA	US
S1-449723034	Brigid Nieves Patriot Quasaredge LLC	Waterbury, CT, 123 Stony Brook Road	US
S1-940757335	Mendoza, Guerrero & Porter Spark Holdings	10226 Allview Drive, Frederick, MD	US
S1-504907553	W 6 T Evo, LLC	2312 Woodrow Street, Durham, NC	US
S1-312433513	J & T White	8800 Rd 20, Galion, OH	US
S1-794393140	Niia LLC	34 Berkeley Street, Unit 33, MA, Lawrence	US
S1-925300947	Classic Aerospace Labs	902 Cook Street, Barrington, IL	US
S1-762586547	Alidia Robledo Chimera LLC	5529 Horton Gap Road, Boaz, AL	US
S1-499059063	Cosmos Enterprises	Udupi, No. 2, Udupi, Karnataka, Kamala Complex Kodi Road, Sasthana	India
S1-13197430	Kaelin Alliance	5414 Mayfair St SW, Cedar Rapids, IA	US
S1-271585060	Alford & Rowe LP	34326 Hayden Way, DE, Millsboro	US
S1-740784899	Empire College LLC	129 Davison Avenue, Hempstead, NY	US
S1-883331070	HJI Interstate Biopharmaceuticals LLC	ME, 7 Deer Acres Road, Standish	US
S1-271389826	Kritendra Trac LLP	Shree Villa Apartment Flat No.503 Bhartiya Path, Kanti Chandra Road, Bani, A-26F, Park, Rajasthan, Jaipur	India
S1-426240039	Harris United Biotechnology Inc	6815 Larkspur Drive, Phoenix, AZ	US
S1-971650864	Pioneer Ventures Private Limited	57, Race Course Raod, Rs Bhandari Marg, Indore, Madhya Pradesh	India
S1-577274368	Internal Medicine Center of Danville City	144 Wood Avenue, Danville City, VA	US
S1-564124135	Portland Youth Coalition	2260 Thurman Street, Portland, OR	US
S1-729591333	Great Classic Wellness Clinic	Roselle, 14 Prospect Street, IL, Unit P42	US
S1-9876410	Mam Vidyalaya Center	New No.11, Old No. 25 C P Ramasamy Road, Alwarpet, Chennai, Tamil Nadu	India
S1-509503826	Pan & Co	No 317, Binnamangala Layout, Indiranagar 100 Ft Road, Bangalore, Karnataka	India
S1-317493575	Maureen Gilmore Keystone Sunshine PLLC	1117 Black Horse Run, Loveland, OH	US
S1-336941640	Krauss's Logistics	2703 Main Street, Clarksville, AR	US
S1-412834278	Traus Continental Gas	115 500, Midway, UT	US
S1-842958167	Global Finance Private Limited	B-91/92, G F, Metro Office, Indstrl Area Rewari Line, Mayapuri, Ph-1, New Delhi, West Delhi, Delhi	India
S1-257483604	Bihar Trading Private Limited	Sn164/1/2/1 Ashtavinayak Society, Rajiv Gandhi Nagar, Lohgaon, Pune, Maharashtra	India
S1-519072499	Electronic Payroll Works	1017 Warwick Drive, Unit 3C, City Of Aberdeen, MD	US
S1-713745808	Vision Specialists Inc	151 Klas Avenue, West Seneca, NY	US
S1-789519171	Life Public School Limited	C/O Swati Rohidas Jagtap, Spgp Area, Sathe Nagar, Madha, Solapur, Maharashtra	India
S1-383212312	Shalibhadra Agro Pvt. Ltd.	Shop No. 1, Near Paradise, Tower, Achanak Nagar, Thane, Maharashtra	India
S1-628312306	Tanmay Consultants Pvt Ltd	Andra Polymers Pvt Ltd, 6-3-1090/B/5, Span Solitaire Raj Bhavan Road, Nampally, Hyderabad, Telangana	India
S1-713273234	HJ Group	S No 5 Keshav Nagar, Mundhawa, Behind Masjid, Pune City, Pune, Maharashtra	India
S1-217879569	Arihant Raj Management Private Limited	Plotno 48 Gulmohar Colony, Padegaon Ch Sambhajinagar, Aurangabad, Maharashtra	India
S1-323373493	Diversified Logistics Networks Corp	12604 Padua Drive, Austin, TX	US
S1-854745424	Suchi Steel (India) Group	H No.10-7-122, B Y Nagar B Y Nagar, Sircilla, Karimnagar, Telangana	India
S1-831408117	Dermatology Care Associates of Albuquerque LP	1208 Juan Tabo Boulevard, Albuquerque, NM	US
S1-175076494	Gee Liberty	210 3rd Avenue, Ingalls, KS	US
S1-398987861	Loralee Beaupre, DPM, PC	16516 Shirley Court, South Holland, IL	US
S1-226463068	Jones, Yettie T., CPA, DDS PC Clinic	12118 Kleindale Court, Houston, TX	US
S1-936425484	Revati Changers Private Limited	345, Sakaar, Govind Lok Shivaji Road, Meerut, Uttar Pradesh	India
S1-188327251	Williams Continental Starling LLC	MA, Quincy, 34 Oconnell Avenue	US
S1-102235953	United Pinnacle Mountain Inc	OR, Oakridge, 48277 1st Street	US
S1-189912263	My Investments LLP	Faizabad, B 152 Ff Rampuri, Uttar Pradesh, Ghaziabad	India
S1-745900582	Southern Xrp LLC	1305 Conde Street, City Of Janesville, WI	US
S1-123114392	Bombay United Products Private Limited	Gotala Gram, Ranaga Bazar, Khurda, Khordha, Orissa	India
S1-123753497	Zelova Partners	4036 Cranberry Lane, Fl 0, Saint Louis, MO	US
S1-80132985	Andrews Douglas, Inc	5240 Chalon Road, Carrollton, OH	US
S1-707722195	Chennai Ice Limited	Blockcfirstfloor, Portionno7No40/87, Nattupillaiyarkovil Street, Sowcarpet, Chennai, Tamil Nadu	India
S1-694472192	Cornerstone Towing LLC	191 Sprain Road, Greenburgh, NY	US
S1-7343069	QBZ Control Private Limited	1738/1, Chavan Rishi Ashram Goner, Jaipur, Rajasthan	India
S1-433808443	Pioneer Nuclear Inc	190 Plantation Drive, Lincoln, AL	US
S1-328932876	D & R Verde Inc	917 18th, Tell City, IN	US
S1-983007147	YG Developers	54A Lakkarpur Shiv Durga Vihar, Faridabad, Haryana	India
S1-855592389	Solutions Halo Xpress Private Limited	Gautam Buddha Nagar, Office No. 1008 Gaur City Mall C, 01 Bgh 01 Sector 4 Greater Noida West, Gautam Buddha Nagar, Uttar Pradesh	India
S1-657088590	Lakewood, Borough Of	14627 Murray Road, Unit #15, Lakewood, WA	US
S1-798745383	Regional Paloma L.L.C.	6010 Diego Lane, Laredo, TX	US
S1-882434567	White Impex Private Limited	Wz-1672 First Floor, Lajwanti Garden, New Delhi, West Delhi, Delhi	India
S1-569487406	Sunam Affairs (India) Private Limited	Villa No6 Prestige Silver, Springs Kalaiger Salai, Saidapet, Kanchipuram, Tamil Nadu	India
S1-585063089	F C Singh Vendome Inc	1258 Barnum Avenue, Stratford, CT	US
S1-715353504	Corinth Behavioral Health Colonial Physicians LLC	48 Anderson Farm Road, Corinth, ME	US
S1-197529436	Mium	OR, Salem, 1070 Saginaw Street	US
S1-504306892	Great Desert Foods	225 Wynnfield Way, Dothan, AL	US
S1-94812018	Bhagwati Home	C/O, Salil Kumar Mallick, 55A/4 R K Chatterjee Road, Kolkata, Kolkata, Howrah, West Bengal	India
S1-34951959	Bright Financial Worldwide	12244 Ames Lane, Tigard, OR	US
S1-14096491	Maas Purecycle	201 U Delaware Avenue, Alamogordo, NM	US
S1-418523901	Bay Council	2939 Orchard Lane, Atlanta, GA	US
S1-841219087	KO Atlantic Hotel LLC	229 Sheepdog Drive, Liberty Hill, TX	US
S1-641458521	Coastal Association Inc	WA, 613 83rd Street, Seattle	US
S1-90578763	Rajco Trading Pvt Ltd	Mumbai, C/O African Trading Co Pvt Ltdavsar 3C 77/81 Kazi Syed Street, Maharashtra	India
S1-996248719	Best Green Technologies Private Limited	Ps Srijan Corp. Park, G2, Blk-Ep Gp, T-1, Unit-1811, Saltlake, North 24 Parganas, West Bengal	India
S1-154718636	Great Finance Private Limited	Karur, Tamil Nadu, 292 Mahathma Gandhi Road Bharathi Nagar	India
S1-139335003	Avighna Law Chambers	Cs No-801/2 Deshpande Galli Sangola, Maharashtra, Solapur	India
S1-820302738	Secunderabad Transformation Private Limited	Plot No:356, 1-10-104/47/2, Allam Thota Bhavi, Secunderabad, Hyderabad, Telangana	India
S1-996098685	Developers Jmj Consultants Private Limited	Flat No 1402 Tulip Empire, Pl No. 249C, Sec.17, Ulwe, Panvel, Raigarh(Mh), Maharashtra	India
S1-939540300	Katusha Taylor Mellon LLC	9156 Southlawn Drive, Baton Rouge City, LA	US
S1-495561039	Krishna Sai Developers Private Limited	Ramesh Kumar, Gohana, Sonepat, Haryana	India
S1-719740979	Memorial Association of Waynesville Inc	80 Pine Top Lane, Waynesville, NC	US
S1-888713625	Capri Solutions (India) Pvt Ltd	Gala 108-109, Prabhat Nagar, 1St Floor, Ivy Centre, Prabhat Estate, Patel Estate Road, Jogeshwari West, Mumbai, Maharashtra	India
S1-961261225	Bharat Guru Healthcare Pvt Ltd	103, 1St Floor, Arcade K-12, Malviya Marg, C-Scheme, Jaipur, Rajasthan	India
S1-690284599	Ruiz Owl Group	Mcloud, OK, 634 Range Road	US
S1-390981452	Laix Companies, LLC	5012 40th Street, Kansas City, MO	US
S1-254848465	Millington All Bancshares Center	165 Ashokan Road, NY, Marbletown	US
S1-590400193	Orthopedic Valley Associates Inc.	6308 Tarkman Road, Tower, MN	US
S1-681151249	Bain, Thompson & Beasley	104 Gregory Drive, Isle Of Wight County, VA	US
S1-606242729	Sunbreeze Technologies Ltd	B-91 Iiird Floor Panchsheel Vihar, Sheikh Sarai-I, Behind Triveni Complex, New Delhi, South Delhi, Delhi	India
S1-588429221	Powell United Rock LLC	Cheshire, 830 Main Street, CT	US
S1-716231988	Womens Health Royal Care LLC	7000 35, Knox, IN	US
S1-434304838	QC Multicons Pvt. Ltd.	B32 Charkhi Dadri City Vpo Kitlana, Bhiwani, Haryana	India
S1-994802689	Mysuru Makeovers Private Limited	Karnataka, # 2902/1, Loyal World Building, Temple Road, V V Mohalla, Mysore, Mysuru	India
S1-752787069	GA Gold LLC	7884 Jordantown Road, Bedford County, VA	US
S1-437559937	Ace Power	Tamil Nadu, Arcot Rd, Kodambakkam, Chennai-24 Kodambakkam, Chennai-24, Kodambakkam, Chennai, 46/1St Floor, Chennai-24	India
S1-770817908	Thompson Corporation PLLC	1620 Muldoon Drive, Rockford, IL	US
S1-709166147	Ashwini Realty Private Limited	28/38, Bharathi Nilaiyam, 3Rd Cross, Trichy, Tiruchirappalli, Tamil Nadu	India
S1-971139582	Rodriguez and Garcia Networks LLC	29201 70th Street, Broken Arrow, OK	US
S1-169617024	Sanpedro Family Practice Inc	NY, 2267 Fardink Road, North Harmony	US
S1-705358951	Super Eastern Investment Pvt Ltd	Plot 72, Flat No 3, Ground Floor, Wing A 72 Kalighat Buildng, N G Marg Brindavan, Thane, Maharashtra	India
S1-289660986	Aps Marketing Private Limited	No. 588, Bel Layout Vidyaranyapura, Bangalore, Karnataka	India
S1-695296745	Tech Industries Private Limited	1-90/7/B/30, Patrika Nagar Madhapur, Hyderabad, Telangana	India
S1-685069295	Physical Therapy Star Associates LLC	451 Miller County 208, Fouke, AR	US
S1-229003060	Golden Estate Private Limited	S/O Late Sh Rohtash Singh, Plt-45Basement Palam Sec-7 Dwarka Nd Kh-31/14, 24 To25, Haruan Basti New Delhi, South West Delhi, Delhi	India
S1-133045065	Interstate All Bankshares of Nashville	4109 Westlawn Drive, Nashville, TN	US
S1-692797446	Starlite Construction Private Limited	124/V/10 Govind Nagar, Kanpur, Uttar Pradesh	India
S1-623403671	Wildlife Program	220 Main Street, Morganfield, KY	US
S1-194871527	<CITY_NAME> Marketing Private Limited	T/3/380, Gat No. 78, Jyotiba Nagar, Behind National Weight Bridge, Pune, Maharashtra	India
S1-210871959	Elysee A. Wedge, D.C.	1641 Gibbs Avenue, Cottage Grove, OR	US
S1-723509122	Dynamic Wealth Innovations L.L.C.	IA, Hartley, 700 Maple Drive	US
S1-895901166	Infra Kalpavruksha Farmers Co	19-12-299, I Floor Bairagipatteda, Tirupati, Cuddapah, Andhra Pradesh	India
S1-979265032	W/W Materials LLC	6415 Emerald Springs Drive, Indianapolis, IN	US
S1-420228664	Pioneer Industries Private Limited	D-6, 1St Floor, Pandav Nagar, Near Mother Dairy, Delhi	India
S1-553295585	Parin (India) Solutions Pvt Ltd	Karnataka, Bangalore, Bengaluru, F3, No 12, Nhcs Layout, Navarathna Apartments, 13Th Main Road, Vijayanagar	India
S1-41388494	Hotel Industries Private Limited	44 Mission Compound Saharanpur, Uttar Pradesh, Saharanpur, Uttar Pradesh	India
S1-114494495	Battles, Robie and Demers Rare	227 Willard Way, Ithaca, NY	US
S1-299169920	Peridan River Holdings	3814 Windmill Court, Celina, TX	US
S1-211599525	Womens Health Harbor Group	CO, Loghill Village, 511 Waterview Lane	US
S1-909888106	Rathi Networks Center	Flat 101, Bldg B, Dwarka, Queen Savera Rahatani, Pune City, Pune, Maharashtra	India
S1-543145670	Silver Logistics Works Inc	1550 60th Street, Holloway, MN	US
S1-569884173	LH Materials	TN, Ashland City, 148 Poole Street	US
S1-554767975	Acord Research LLC	6775 Meadow Creek Drive, Unit 208, Columbus, OH	US
S1-149344543	Clean Marketing Partners LLC	20 Tuxedo Place, Fl Floor 2, Buffalo, NY	US
S1-969723964	Sanders Gen, LLC	N8050 Timber Ridge Drive, Town Of Ixonia, WI	US
S1-224091718	Congregation Church Corp	Laredo, 8713 Puerto Belo, TX	US
S1-211239669	Children's Fellowship	OR, 20017 Voltera Place, Bend	US
S1-506567506	Ear Nose & Throat Partners	2118 Fairview Road, Marianna, FL	US
S1-648787389	Nicolea's Custom Eye Care LP	513 Savannah Avenue, Henrico County, VA	US
S1-172700964	Suryaesh Engineers LLP	H.No. 1534, Gala: 03, 04, 1St Floor, Building Â A, Amita Complex, Val Village, Bhiwandi, Mumbai, Thane, Maharashtra	India
S1-982080093	Reliable Talent Labs	11 Central Street, Unit B, Springfield, MA	US
S1-492771741	Housing Council	MN, 15633 Canyon Ridge, Eden Prairie	US
S1-71482533	Viriify Care	NY, Fine, 20 Shore Road	US
S1-278717731	Best Investment Worldwide P.C.	344 Snyder Road, Richmond County, VA	US
S1-492532185	Colonial Peak Life LLC	10446 25th Street, Bellevue, WA	US
S1-296078043	Granite LLC	188 170, Beauregard, AL	US
S1-675714320	Lang Crystal Bhav LLC	100 Bayou Point, Unit Unit C2, Hot Springs, AR	US
S1-417581396	Smith Creative Industries	2570 Edenbrook Place, Tucson, AZ	US
S1-109704933	Monarch, LLC	13581 Colorado Road, Pinon Hills, CA	US
S1-847261709	Emmalyn's Automotive LLC	Golden Valley, AZ, 4206 Cordes Road	US
S1-852405404	Nieves & Soto	115 Botsford Avenue, Milford, CT	US
S1-347129735	Sree Management Private Limited	D.No. 7-11-135, Ganganammapet, Gopalareddy Street, Tenali, Guntur, Andhra Pradesh	India
S1-765897563	Bombay Agro LLP	E-6 Vikram Colony, Ramghat Road, Aligarh, Uttar Pradesh	India
S1-166711651	Lambert Mountain Maritime Inc.	Unit UNIT 102, 1415 Date Street, CA, San Bernardino	US
S1-362769624	Jain Services Private Limited	G - 205, Dara Enclave, Plot No.6, Sector - 9, Nerul, Navi Mumbai, Thane, Maharashtra	India
S1-293875494	Bhairavi Labs Limited	Nandi Bhavan, Ground Floor Fc 14/5, Vidyasagar Pally, Baguihati, Kolkata, Kolkata, Howrah, West Bengal	India
S1-559761383	Navira Multitrade Limited	13-49 Lingayath Street, Palamaner, Chittoor, Andhra Pradesh	India
S1-592422824	Stewart & Welborn Neighborhood	336 V Street, Washington, DC	US
S1-371246982	Ricki Golden, MD Partners	18961 Geronimo Court, Independence, MO	US
S1-162467338	Syracuse Community Services Inc	311 Newell Street, Syracuse, NY	US
S1-370553766	Beacon	1704 Eastland Drive, Unit 9, Bloomington, IL	US
S1-587534913	Umanzor Workshop LLC	4619 Vandalia Avenue, Tulsa, OK	US
S1-265390105	Lumify Bdc LLC	1618 Brewster Road, Indianapolis, IN	US
S1-720346426	Mks Agarwal Private Limited	Valiyaveetil House Ashok Nagar, Ayyanthole P O, Thrissur, Kerala	India
S1-721636350	Global Trust LLC	Winfield, 11 Carousel Lane, WV	US
S1-58634020	Cascade Outdoor	105 Milligan Avenue, Johnson City, TN	US
S1-706613210	Data Research Works LLC	138 Mason Court, Dickson, TN	US
S1-133635094	Digital Financial Global	7275 Windsor Lakes Place, Unit APT, Indianapolis, IN	US
S1-503990997	Shiv Real Agro Private Limited	206, 2Nd Floor, B- Wing, Naman Midtown, Off. Senapati Bapat Marg, Elphinstone Ro, Ad, Mumbai, Maharashtra	India
S1-124016407	Beacon Analytics	76 Khakum Wood Road, Greenwich, CT	US
S1-422759127	Clinical Live Pvt Ltd	1405, Ivory Tower, The Retreat Complex, South City 1, Gurgaon Kty., Gurgaon, Haryana	India
S1-178342364	Peacock Foundation	F-245/18, Kamla Nagar, Agra, Uttar Pradesh	India
S1-295805309	Jones, Hornak & Deleon Metro Inc	205 Lacey Road, Birmingham, AL	US
S1-686139763	Modern Broadcast Brands Inc	MD, Hyattsville, 5023 59th Avenue	US
S1-285178500	Lambeth Global Citigroup	110 Northwoods Village Drive, Unit 1B, Cary, NC	US
S1-957993260	Moraya Hospital Limited	82 Hospital Road Kamarhati, Kolkata, South 24 Parganas, West Bengal	India
S1-207075370	Yograj Krishnam Pvt. Ltd.	#84, 8Th Main Road, Hebbal Industrial Area, Mysore, Karnataka	India
S1-531712091	Gaines Cms LLC	68 Mills Street, Bristol, CT	US
S1-483900947	Krystyna Ritchie Trusted Liberty LLC	306 Shawsheen Street, Tewksbury, MA	US
S1-907950826	Clear Marketing Group	Sr. No.26, Flat No. B102, Lane No. 1, Lotus Aman, Dahanukar Colony, Pune City, Pune, Maharashtra	India
S1-872698126	Global Developers Private Limited	Plot No. 26 & 27, Neknampur, Rajendra Nagar, K.V.Rangareddy, Telangana	India
S1-444082431	East Delhi Niketan Private Limited	J-3/172, F/F, J-Extn, Krishan Kunj Laxmi Nagar, East Delhi, Delhi	India
S1-965235875	Hari Laxmi Developers Private Limited	A-2/17, Shakti Nagar Extention Ashok Vihar Phase-3, Delhi, Central Delhi, Delhi	India
S1-316703282	Southern Montessori School	13914 3rd Court, Vancouver, WA	US
S1-880145809	Mabe, Wright & Roselli Biopharmaceuticals Care	1716 Creek Road, Crown Point, NY	US
S1-801160193	Sapphire Systems LLC	1840 Lee Trevino Drive, Unit 101, City Of El Paso, TX	US
S1-137022787	Clyent Diagnostics Associates	32 Doe Ridge Lane, Hendersonville, NC	US
S1-540091480	TX Fortunex	4157 Sea Hawk Lane, Sour Lake, TX	US
S1-907496870	Shannen Anguiano Yield LLC	15 Dukes, Unit 20, Youngsville, NC	US
S1-72105037	Rosario Custom Asia Inc	2950 Gilbert Avenue, Cincinnati, OH	US
S1-593930425	Joell Carlson Emerging LLC	76 500, Unit 333, Salt Lake City, UT	US
S1-375332602	Rasayan Agri Corp	#207-C, Rangareddy, Block -2, Manjeera Height, Chitr Survey No. 13, 14 & 15, L B Nagar, Telangana, Hyderabad	India
S1-467086998	Real Builders Private Limited	First Floor Janakpuri, Delhi, Newdelhi, South West Delhi, C-3/159	India
S1-102360963	St. Ministries	2829 Holly Drive, Yorktown, NY	US
S1-41860815	Womens Health Clinic	433 Cross Ridge Circle, Fort Worth, TX	US
S1-365938328	Blackston Select LLC	5259 Spring Leaf Court, Keizer, OR	US
S1-728551637	Hollar Guaranty Inc.	2120 Blueberry Ridge, Olive Hill, KY	US
S1-232123593	Jenkins Baptist Continental Services	740 Lakeside Drive, Jenkins, KY	US
S1-826869272	Espinoza and Schillaci Specialty LLC	46 Prince Street, New York, NY	US
S1-98173363	Tech Technology Private Limited	C3-46/A/New, Santinagar, Kolkata, Kolkata, Howrah, West Bengal	India
S1-899234038	# 2 OG Capital LLC	116 1st Street, Commerce, OK	US
S1-425369869	Golden Eye Care LLC	224 Meadowbrook Drive, Defiance, OH	US
S1-301795110	Toplink (India) Products Private Limited	Sampatchak, C/O Pratima Kumari, Jakriyapur, Khemnichak, Patna, Bihar	India
S1-127025286	Select Defense Global Inc	48363 3rd Street, Oakridge, OR	US
S1-567186816	Nexial Virginia LLC	161 Findley Avenue, Antis Township, PA	US
S1-312156078	Oncology Group LLC	5230 Pinebrook Drive, Unit APT B, Indianapolis, IN	US
S1-780758227	Fortune Foods Pvt Ltd	1/12, Rowland Road Ground Floor, Kolkata, Howrah, West Bengal	India
S1-112046886	Raj Services Pvt Ltd	784/35 W-1 Block, Saket Nagar, Juhi, Kanpur Nagar, Uttar Pradesh	India
S1-151957128	Urgent Care Specialists Inc	6600 Independence Avenue, Fairfax County, VA	US
S1-248520624	LZH Telecomm Private Limited	Cgs121, 12 Th Floor, Dlf Capital Green, 15 Shivaji Marg, New Delhi, West Delhi, Delhi	India
S1-979403179	Dental Beacon Associates	2805 Natures Cove Drive, Huntsville, AL	US
S1-102721964	Beeline Agro Private Limited	165, Samuel Street, 1St Floor, Masjid Bunder, Mumbai, Maharashtra	India
S1-289318914	Katy's Beacon Electronics	614 Birdie Drive, Spring Hill, TN	US
S1-877773474	Chandler, Joela D., P.A. Associates	23 Lafayette Street, MA, Haverhill, Unit 2	US
S1-287716781	Main Street Grill!	2025 Torreyson Street, Unit Apt 13, Conway, AR	US
S1-367903104	Global Galaxy Food Private Limited	12, Clark Town, Thapar Marg, Nagpur, Maharashtra	India
S1-611769482	Total First Mercury Inc	6838 55th Street, Sauk Rapids, MN	US
S1-912704393	Prime Martin	TX, Lubbock, 3916 86th Street	US
S1-134005237	Integrated Blue Ship	1295 Florence Boulevard, Casa Grande, AZ	US
S1-439663006	Riddle Starling Inc	MN, 7834 40th Street, Moorhead	US
S1-896487813	Raj Ventures Private Limited	H No 41, Mohammadpur Ram Mandir Lane, Newdelhi, South West Delhi, Delhi	India
S1-897740465	Hope and Kennedy Arc LLC	671 6th Street, Ketchum, ID	US
S1-536915008	Uptown Cafe	231 Cleveland Avenue, Unit Apartment 2, Mineola, NY	US
S1-472461413	Guruvayur (India) Capital Private Limited	House N. 588 Sector 38, Gurgaon, Haryana, Gurgaon, Haryana	India
S1-309721097	Certified Marketing Ventures	83 Garfield Road, Ashland, ME	US
S1-321248001	JNW Sim	16162 Huron Court, Lakeville, MN	US
S1-953401751	Mathura India Private Limited	C/O Dilip Dorage H N 2056, Solapur Pune Road, Daund, Pune, Maharashtra	India
S1-884714129	Kestrel LLC	2433 Hamer Road, Alma, AR	US
S1-166452798	Digital Consultants Private Limited	Lucknow, D V Kapoor B-1/84 Sect-K Aliganj, Uttar Pradesh	India
S1-403488763	Balaji Hospitality Private Limited	Uttar Pradesh, A1, Nnf Mohaddipur Gorakhpur, Gorakhpur, Uttar Pradesh	India
S1-403200746	Sarita Educational Society	P. No 4, Gali No 4A, Near, Beri Ka Bag, Malerna Road, Ballabgarh, Faridabad, Haryana	India
S1-28813877	Colonial Fellowship II	1262 Mckemy Avenue, Fl 1, Chandler, AZ	US
S1-642798644	Grant Bay Iris LLC	3103 Knollwood Drive, Gillette, WY	US
S1-729212836	Amrapali & Associates Private Limited	Andhra Pradesh, Guntur, Auto Nagar, Plot No.319	India
S1-660101133	Satyam Traders Corp	Flat A 3 Plot 21 & 28 Sector 14 Landmark Society, Vashi, Thane, Maharashtra	India
S1-448844415	Elite Packaging Technologies	2700 Belle Air Boulevard, Theodore, AL	US
S1-6770507	Naina Services Ltd	P-65, Iii Floor, South Extention, Part-Ii, New Delhi, South Delhi, Delhi	India
S1-944897975	Valley Valley Properties Inc	1 Wolverine Court, NC, Greensboro	US
S1-251394770	Avk Trust	Gautam Buddha Nagar, C/O Mr. K Sethu Madhavan, Flat No 901, Tower No 12 Lotus Boulevard Sectoer- 100, Uttar Pradesh, Noida	India
S1-454783119	Eames Custom Ethereum	7723 Balla Court, Henrico County, VA	US
S1-961852454	Urgent Care Clear Health LLC	708 Wyntree, Nashville, TN	US
S1-793342290	Raj Institute	105 Sahjanand Complexswastik Char Rasta Navrangpura, Ahmedabad, Gujarat	India
S1-718366676	Trade Consulting Limited	Norrst205, First Floor Rr, Southtower, K Narayanapura, Bangalore North, Bangalore, Karnataka	India
S1-422333801	Hari Business Private Limited	Plot No. 201 Ground Floor Okhla Industrial Estate, Okhla Industrial Estate New Delhi South Delhi, New Delhi, South Delhi, Delhi	India
S1-850996344	Bruce Legacy Pearl Inc	22 Rim Road, Ilfeld, NM	US
S1-205599474	Traus Ventures	1336 Berwin Avenue, Kettering, OH	US
S1-929931101	Annemarie Jones Piedmont Schwab LLC	411 County Rd 750, Athens, TN	US
S1-674841160	Escobedo Infinite Corp	3647 115th Street, Kansas City, KS	US
S1-475882988	Enriquez and Lynch	10135 2333, Quinlan, TX	US
S1-73020942	Parker's Star Brewing LLC	14134 Pinerock Lane, Houston, TX	US
S1-102390799	Trading Harman Computers Private Limited	1-84, Tuprakurdu, Maheswaram (M), Kothur, Mahabub Nagar, Telangana	India
S1-808877405	Hari Industries Private Limited	Flat No 304 Plot No 38 Sector 34 A Kharghar, Mumbai, Mumbai City, Maharashtra	India
S1-315827396	Custom Keystone Douglas, LLC	4711 Berwyn House Road, Unit 415, College Park, MD	US
S1-793024070	Sree Energy Private Limited	Plot No 24, Rajendra Nagar Hingna Road, Nagpur, Maharashtra	India
S1-909341166	Fab Educational Society	D.No.3-30-53/4, Brundavan Gardens, Guntur, Andhra Pradesh	India
S1-954937529	Utkarsh Brothers Private Limited	19 A / 66 Seal Lane, Kolkata, Howrah, West Bengal	India
S1-924272601	Bartle Precision Rocket	1035 Vidalia Onion Drive, Richmond, TX	US
S1-749138865	Savla & Brothers Private Limited	A-212, A Block Shyam Vihar, Phase -1, Deenpur, Najafgarh, New Delhi, Delhi	India
S1-865456029	Pediatric Physicians Inc	15 Admirals Way, Chelsea, MA	US
S1-141571654	My Foundation Private Limited	8-2-293/82/A/1, Plot No.92, Road No.1& 9 Opp Chiranjeevi Blood Bank, Jubilee Hills, Hyderabad, Telangana	India
S1-294615245	Carl Cap Clinic	Sun City West, 13122 Ballad Drive, AZ	US
S1-753567061	4569 Center Lane Holdings	159 Sullivan Lane, Westbury, NY	US
S1-538390392	Wings Exports Limited	H No 995 Chikhali, Tal Kagal Dist Kolhapur Chikhali Mh, Kagal, Kolhapur, Maharashtra	India
S1-669413767	Family Associates	565 Montgomery Avenue, Vail, AZ	US
S1-979859164	Ava, Town Of	11475 Ernst Road, Ava, NY	US
S1-524976005	TW Hudson Inc	145 Majestic Street, Kaysville, UT	US
S1-993439913	Sai Business	50/Z, Hridaypur Station Road, Kailash Nagar P.O. Haridaypur, P.S. Barasat, 24 Pargan, As North, Kolkata, Parganas North, West Bengal	India
S1-576533228	Thompson Johnson LP	2420 Holmes Avenue, IL, Springfield	US
S1-852307794	Ratnadeep Constructionprivate (India) Private Limited	Lucknow, Uttar Pradesh, Silver Line Apartment Faizabad Road, Chinhat, Lucknow, B-312	India
S1-902788635	Es Polytechnic Co	Hno.1, Vidyanagar Hsg Soc, Midc, Kodoli, Satara, Satara, Maharashtra	India
S1-80113561	Wolfe Triton LLC	203 A, New York, NY	US
S1-245584267	Sancheti Aero LLP	Sr N-12 Fl N-H 92 Kalpataru Jade, Nr Pancard Clu Pune City, Maharashtra, Haveli, Pune, Maharashtra	India
S1-390225356	Tech Construction Private Limited	15, Sayona City Part-3 Sayona Internation School, Chanakyapuri, Ahmedabad, Gujarat	India
S1-571122938	Green Short	211 Pine Street, Wallace, NC	US
S1-407694679	Melissa Crayton Allied Scientific	418 550, Blanding, UT	US
S1-587096890	Precision Petroleum LLC	246 L V Storey Road, Robbins, TN	US
S1-347890799	Kestrel Scuti	City Of Madison, 910 Vernon Road, WI	US
S1-202168197	Brighteus Fact	Maryville, 572 Foothills Plaza Drive, TN	US
S1-4865657	AC Laser Pvt. Ltd.	Flat No -301, Room No - 1, Plot No - A - 25, Sri Sai Akshaya Apartments, 3Rd Floor, Simhapuri Colony, Bowrampet Village, Hyderabad, Rangareddy, K.V.Rangareddy, Telangana	India
S1-704068742	Gross Translational LLC	638 Orleans Street, Saint Paul, MN	US
S1-16695803	Patton Liberty Development of Camdenton	1024 Harvest Road, Camdenton, MO	US
S1-173796163	Bhanu (India) Creations Private Limited	Plot No-21, S.No-156/4, Guru Gajanan Industestate, Nashik, Maharashtra	India
S1-61790999	Cooper Trading Private Limited	F-23, Krishna Dham, Near Hariom Jairaj, Regal, Ramdev Park Road Bhayandar (East), Bhayandar, Thane, Maharashtra	India
S1-692250771	Bharat Sai Ventures Private Limited	Flatno:Rrd102Rosedale Apt, Omr Rd, Padur, Thirupporur, Chingleput, Kanchipuram, Tamil Nadu	India
S1-987766858	Dayna G. Simon, MD, M.D., P.C. PLLC	Mount Hood Parkdale, 5343 Lava Bed Drive, OR	US
S1-588942477	Balmukund Marine Limited	Shivaji Nagar, Sadakat Ashram, Phulwari, Patna, Bihar	India
S1-557997870	Bengaluru Farmers	No. 1584, Bengaluru, 36Th Cross, 100 Ft Ring Road Bsk Ii Stage, Bangalore, Karnataka	India
S1-195861227	Red Hair Studio!	2203 Willow Run, Mcalester, OK	US
S1-641398987	Dream Marketing LLP	C/O Jagvir Sangwan, 2442 Rohtak, Rohtak, Haryana	India
S1-698613394	Verreus Fuel LLC	605 Bordeaux Court, Buffalo Grove, IL	US
S1-133255879	Ledger and Keech LLC	4783 Old Us Highway 51, Makanda, IL	US
S1-988495622	Shiv Software Pvt Ltd	Ss Front Road, Bg Kori Complex, Bijapur., Bijapur., Bijapur, Karnataka	India
S1-421505377	Adequate Medical Centre	18, Pandian Sreet, Devaraj Nagar, Anakaputhur, Chennai, Tamil Nadu	India
S1-97687174	Royal Growth (India) Private Limited	C 2 2189 Dlf Phase V, Gurugram, Gurgaon, Haryana	India
S1-351944053	Anand Infra	F251, Street. No. 14 Pandav Nagar, New Delhi, Delhi	India
S1-268204905	First Telecom Industries LLC	31 Canal Street, Grand Lake Stream Plt, ME	US
S1-279959184	Al Foods LLP	View I, Chunabhatti, Bhopal, Madhya Pradesh, H No. 01 Sterling Green, Huzur	India
S1-401749645	Kolkata Wind Limited	27/3/E P.W.D. Road Lp-102/24/6, Kolkata, Howrah, West Bengal	India
S1-22737755	Vargas Ligand LLC	MO, Ridgedale, 120 Hillview Drive	US
S1-549146189	Urology Summit Care Inc	345 Robin Hood Drive, Anna, IL	US
S1-641095065	Houston Dermatology Associates	9219 Kempwood Drive, Houston, TX	US
S1-17671111	Urology Group	231 Bolivar Highway, Jackson, TN	US
S1-160063866	Big Consultancy Private Limited	702, 7Th Floor, Visava Co-Op Hsg. Soc. Ltd, Bhawani Shankar Road, Dadar West, Mumbai, Mumbai City, Maharashtra	India
S1-859583864	United Energy Pvt Ltd	805, Dd Jewel Building, Bldg No 28, 1St Agyari Lane, Zaveri Bazar, Mumbai, Mumbai City, Maharashtra	India
S1-873304569	Digital Supply Worldwide LLC	1701 Kimball Street, Brooklyn, NY	US
S1-872152291	Southern Royal Fargo LLC	102 St Joseph Drive, Palacios, TX	US
S1-883801193	Elton Fuels LLC	140 Hill Crest Rd, Middlesex County, VA	US
S1-677739749	Vansant Royal Ftai LLC	57 Birch Street, MA, Plymouth	US
S1-424346094	Sink Preparatory Academy	118 Bear Ridge Road, Ludlow, VT	US
S1-760508434	Shayna Sanmartin, O.D. Inc.	823 Green Pines Forest, Houston, TX	US
S1-610439288	Payne Industries Corp	31-32 31 Street, Astoria, NY	US
S1-102802361	Quality Earth LLC	OK, 501 15th Street, Unit 165, Edmond	US
S1-400569017	Peridos Nova Associates	6308 Goldsberry Road, West Lafayette, IN	US
S1-884944696	Liberty Equity Partners Associates	5016 Cedar River Trail, Fort Worth, TX	US
S1-577163053	Chere Santo Supply	KY, 99 Park Hill Lane, Hartford	US
S1-749422436	Zaretsky Entertainment LLC	169 Broad Street, Plattsburgh, NY	US
S1-627940706	Quality Developers Private Limited	Flat No 302, Vasudeo City, Beni Babu Bagicha Cda, Phulwari, Patna, Bihar	India
S1-72483315	Innovation Components Private Limited	C/O. Mr. Uday Shankar Nigam Salem Pur, Karovan, Unnao, Uttar Pradesh	India
S1-364825847	Anders and Winters Seafood L.L.C.	720 College Street, Winchester, TN	US
S1-483812961	Bergemann Properties Aurora	Aurora, NY, 1005 Main Street	US
S1-148670932	DI Farm	1, Marzapur Road Kuhtla, Katni, Madhya Pradesh	India
S1-751014174	Certified Retail Innovations Group	1514 Linden Lane, Des Moines, IA	US
S1-305667466	Hendrickson and Wilson LLC	978 Capri Drive, Palatine, IL	US
S1-886132807	Edmondson Atlantic Deutsche	1121 Cemetery Road, Bedford County, VA	US
S1-801658194	Sky Care Pvt Ltd	C1 133 Aspiro Brigade Xanadu 1 Chankyan Main Road Annamalai Avenue, N, Olambur, Chennai, Thiruvallur, Tamil Nadu	India
S1-974622148	Better Staffing Services P.C.	3808 Cumberland Avenue, Middlesboro, KY	US
S1-123725507	Ewald Dynamics LLC	126 Winesap Road, Botetourt County, VA	US
S1-406351784	Saleh Preferred Manufacturing Inc	6911 Cass Buell Street, Sullivan, IN	US
S1-555166300	Ankur Trading LLP	M-140, 2Nd Floor, Greater Kailash-1, New Delhi, South Delhi, Delhi	India
S1-161035563	Vision Technologies	A/404, 4Th Floor, Mhatre Residency Near Dahisar Pool, Goanthan, Dahisar (We, St), Mumbai, Mumbai City, Maharashtra	India
S1-920837495	New Fairfield Behavioral Health Medicine	15 Birch Road, New Fairfield, CT	US
S1-503405627	Pune City Overseas Private Limited	15A 4Th Floor City Vista Tower A, Fountain Road Kharadi, Pune City, Pune, Maharashtra	India
S1-138507891	New Delhi Dairy Private Limited	South Delhi, First Floor, Sant Nagar East Of Kailash, 245A, New Delhi, Delhi	India
S1-600844258	Maintenance Consultants Private Limited	Unit No 148, 1St Floor, Block C, Unitech Arcadia, Gurgaon, Haryana	India
S1-39320823	Urology Patriot Care Associates LLC	2463 180th Lane, Ham Lake, MN	US
S1-247978822	Saint (India) Glass Limited	3Rd Floor, Uttar Pradesh, H 73 Sector 63, Noida, Noida, Gautam Buddha Nagar	India
S1-123766986	Platinum Columbia LLC	709 Claybrook Drive, Logan Township, PA	US
S1-878798294	Thermo Real	Flat No 3 Sindhu Heights Nashik Nashik Nashik M C Orp, Nashik, Maharashtra	India
S1-738475979	Saru Development Center	New Delhi House, 27 Barakhamba Road, 310, Central Delhi, New Delhi, Delhi	India
S1-591374132	Smart Foods Limited	Calcutta, Kolkata, 133 Canning Street2Nd Floor, West Bengal	India
S1-784124789	Star Media Labs	4081 Meadowleigh Way, Bldg 35, Columbus, OH	US
S1-862743155	1311 Fifth Avenue Properties LLC	96 Corbin Avenue, New Britain, CT	US
S1-954744794	Baba Construction	Village-Chandisar Teshsil-Palanpur, Distt- Banaskantha, Palanpur, Gujarat, Banas Kantha, Gidc Plot No. 141	India
S1-898310354	Devavi Vacation Private Limited	House No-185 Dattawadi, Pune City, Pune, Maharashtra	India
S1-131422959	St. Israel	409 Hawk Drive, Fl 0, Grants Pass, OR	US
S1-450496000	San Bernardino Total	745 San Jacinto Street, San Bernardino, CA	US
S1-967533918	Universal (india) Pvt Ltd	Ram Bunker, Sahkari Samiti Ke Pass Neendar Mode, Harmada, Jaipur, Rajasthan	India
S1-553347750	Robinson & Malinowski LLC	1054 Co Rd 26, Ironton, OH	US
S1-571398865	Ear Nose & Throat Health	3215 Ladera Circle, Mesa, AZ	US
S1-622499087	Udaipur Limted Pvt Ltd	34, Shopping Centre Opposite Indian Oil Depo, Sector-11, Hir, An Magri, Udaipur, Rajasthan	India
S1-232954227	Youngblood Efes Inc	5143 Twin Falls Drive, Bldg 16, Dublin, OH	US
S1-49953877	Tti Infrastructure Private Limited	Flat No.303, 3Rd Floor, Skylark Building, Nehru Place, New Delhi, South Delhi, Delhi	India
S1-410707443	Trailblazer Oils Private Limited	S 125/5/9 Sai Avishkar G, Wing Fl 102 Behind Omega, Haveli, Pune, Maharashtra	India
S1-709948744	First Engineering Limited	576, Vill-Sorkha Pole, Sector-115, Noida, Gautam Buddha Nagar, Uttar Pradesh	India
S1-401363228	Pediatric Apex Care Associates Ltd	152 Central Street, Unit 2, Somerville, MA	US
S1-244005848	Chiropractic Center Inc.	OH, Jeromesville, 1814 Vermln Twp Rd 555	US
S1-244230473	Premier Builders Private Limited	Gr Fr, Fl Shop 2, Fuleswar Station Road, Lp 474, Howrah, West Bengal	India
S1-855592605	Ahmadabad City Instruments Pvt Ltd	C-203 Supath-Ii Complex, Wadaj Bus Stand, Ahmadabad City, Ahmedabad, Gujarat	India
S1-729089151	South Acres LLC	59201 Red Cedar Road, Oyster Bay, NY	US
S1-466255447	Bowman Coastal Willow	2209 Quitman Avenue, Lubbock, TX	US
S1-524485821	Bright Creative Wireless	25359 Blue Star Highway, Sussex County, VA	US
S1-173122181	Goetz Pinnacle Lab	13 Grant Place, Arlington, TX	US
S1-387804477	Aquarius Media Private Limited	T-22/201, Uttar Pradesh, 2Nd Floor, Tower-22 La Residentia, Greater Noida West, Noida, Gautam Buddha Nagar	India
S1-616195813	Chadwick Resources Inc	2 Salty Tear Lane, Salisbury, MA	US
S1-458408500	Sedyne Heartland Rmg, LLC	9937 Campus Way, Upper Marlboro, MD	US
S1-149333357	Peterson & Aylward Dynamic Inc.	208 Brinwood Drive, Houma, LA	US
S1-311928770	Southern Jersey LLC	14997 Avondale View, Rosemount, MN	US
S1-439729056	Dp Plus Group	C 3018 Assetz 63 Degrees East Off Sarjapura Road Kodthini Village, Bangalore, Karnataka	India
S1-797618831	Harris Associated LLC	7022 128th Street, Puyallup, WA	US
S1-84723086	Carpenters Union Local No 660	110 Fitzgerald Road, Rockwood, TN	US
S1-775711216	Womens Health Supreme Group	14391 Walnut Grove Way, Unit #202, Oregon City, OR	US
S1-358167354	Aligned Farmers	345, Basement Ward No.16 Joshi Road Karol Bagh, Delhi, Central Delhi, Delhi	India
S1-160323127	Aldrich & Garcia Group	200 Howard Avenue, Des Plaines, IL	US
S1-217372304	Dbs Interio Private Limited	1/4173, Ram Nagar Extn, Shahdara, Delhi	India
S1-129566709	Cardinal Alternative LLC	1309 Saint James Avenue, Unit 3D, Springfield, MA	US
S1-769968638	Eastern Auto Sales LLC	1013 A Augusta Street, Mobile, AL	US
S1-197191775	Hampton Altenergy LLC	7433 E Prairie Road, Skokie, IL	US
S1-687869057	Elga Bryson, DPM, P.C. Inc.	1900 Campus Avenue, Unit UNIT 28B, Ontario, CA	US
S1-750928502	Vishwas Dukaan (India) Private Limited	Mumbai, Maharashtra, 2Nd Floor, Mumbai City, Solitaire Building 80, S. V. Road, Santacruz (West)	India
S1-913866856	Real Engineering Private Limited	11, Shiv Thakur Lane, 2Nd Floor, Kolkata, Howrah, West Bengal	India
S1-146954736	Y X Curtis Teucrium Inc	2509 Turner Drive, Houston, TX	US
S1-811690332	Royal Tech Private Limited	H. No. 132 Kassavan (Kesivan), Khurja, Bulandshahr, Uttar Pradesh	India
S1-474732644	Rose & Watkins	25 Brierwood Drive, Orange, CT	US
S1-893456730	Smile Edge Private Limited	Office No. 502, Jaydeep Emphases, Plot No A-9 Nr, Datta Mandir, Wagle Ind Estate, Thane, Maharashtra	India
S1-899096003	Red Foods Private Limited	S.No6/2Nr, Govind Radhainagri Bld B-2 Fl-101, Pune, Maharashtra	India
S1-893785811	Internal Medicine Physicians	18865 13th Street, Fulton, IL	US
S1-366675134	Punjabi Bagh Engineers Private Limited	Plot No.7, Central Market, West Avenue Road, Punjabi Bagh, North West, Delhi	India
S1-466874186	JBM Bond	3248 Rocker Drive, Cincinnati, OH	US
S1-173778136	Urgent Care Medicine	2904 Renegade Way, Unit 302, Greensboro, NC	US
S1-584933241	Bahubali & Co	152/13, Ground Floor, Mohan Bhawan Okhla Road Sarai Jullena, New Delhi, South Delhi, Delhi	India
S1-959524738	Rani Owens Direct Entertainment LLC	8453 Fir Drive, Unit UNIT C, Rancho Cucamonga, CA	US
S1-758576145	Silindyne Textiles L.L.C.	1798 175, Cedar City, UT	US
S1-76977534	Metropolitan Coalition	515 9th Avenue, International Falls, MN	US
S1-933480361	Silver Foundation Private Limited	Plot No 8, 9, 10, Ananda Nagar, 4Th Cross, Kanchipuram, Tamil Nadu	India
S1-175438018	Salamanca Baptist Church Center	163 Summit Street, Salamanca, NY	US
S1-614175375	Gulf Classic Industries Inc.	OH, 2930 W Charleston Road, Tipp City	US
S1-684166348	Ruck Plus	Sidney, 1215 Amherst Drive, OH	US
S1-123760215	Classic Diagnostic Labs Corp	311 Chasemore Lane, Arlington, TX	US
S1-97136767	Creative Brighthouse Co	75 Princeton Road, Westminster, MA	US
S1-903807876	3525 Center Road Management PC	317 4th Street, Raton, NM	US
S1-420272219	Creative Management Private Limited	H.No 1-98/6/28 And 1-98/6/50, Plot No 28&50, 4Th Floor, Xeno Space, Arunodaya Colony, Madhapur, Hyderabad, Shaikpet, Hyderabad, Telangana	India
S1-928296714	Mcgillivray Apex Transport	418 King Circle, Covington, TN	US
S1-372391297	Tech Travels Private Limited	No. 90, 6Th Cross, Chennamma Tank Banashankari 2Nd Stage, Bangalore, Karnataka	India
S1-920194962	Kerns Anchor Hills Corp	282 Circular Street, Tiffin, OH	US
S1-242352336	Custom Airlines Inc	4910 Innsbruk Drive, Houston, TX	US
S1-616856391	Shivam Chempharma (India) Company	Andhra Pradesh, Door No: 9-6-4, Narasaraopet, Guntur, 5Th Floor, Arundelpet, Rev Ward No 7	India
S1-357326518	Rivera Artificial Inc	4434 7th Place, Phoenix, AZ	US
S1-759054752	Tejansh Motors Pvt Ltd	Mumbai City, Mumbai, 1, Flr-Grd, Plot-67/71 Safiamanzil, Dr J R Meisheri Rd, Noor Baugdongri, Chinchbunder, Maharashtra	India
S1-358672445	Bison Care	686 1700, Lehi, UT	US
S1-832441953	Mumbai Field Private Limited	5, Flr 5, Sawala Chambers, Cawasji Patel Rd, Fort, Mumbai, Maharashtra	India
S1-75568266	FS Montage LLC	NC, 1577 Beech Tree Court, Sophia	US
S1-782350010	Life Jai Investments Private Limited	L2, Block 2, Samhita Castle, Bangalore North, Bangalore, Karnataka	India
S1-20573503	Sandhya Decorators Limited	Purnea, Vill-Chandi, Tola-Kanaila, Purnia, Bihar, C/O Badri Pd Chourasia	India
S1-614160523	Zenith Prudential PC	103 Broad Street, London, KY	US
S1-418532567	The Dent Bike Shop Group	606 Shelby Place, Midlothian, TX	US
S1-741069440	Person Pioneer Ampercap PLLC	1817 Silver Lake Road, Castle Rock, WA	US
S1-72800115	Tillie Rood Guggenheim	18438 Clinton Street, Surprise, AZ	US
S1-824516489	Siegel's Gulf Systems	3930 Tioga Street, Dallas, TX	US
S1-423772818	Harper's Family Practice	3135 M Street, Miami, OK	US
S1-156713861	Mayes Grand Gaming LLC	2126 Douglas Road, Princeton, KS	US
S1-365093030	Kiefer and Rumph Workshop LLC	4250 Forrest Park Drive, Bloomington, IN	US
S1-909826934	Andrus Vehicle LLC	688 Chalk Mountain Mine Road, Spruce Pine, NC	US
S1-257033709	Properties Dimension Vinimay Pvt Ltd	Plot No.8-2-293/82/A/732, Plot No.732-A, Q-Hub, Road No.36, Jubilee Hills, Hyderabad, Rangareddy, Telangana	India
S1-881310815	Liberty Grand Token	32575 178th Lane, Isle, MN	US
S1-361284962	Dental Group	524 College Avenue, Unit APT 403, Bloomington, IN	US
S1-707948466	Select Productions	5928 Troy Lane, Arlington, TX	US
S1-62616369	Erickson Enterprises LLC	77 Clubhouse Drive, Berlin, MD	US
S1-514150824	Armstrong Ultra Inc	16 Winding Lane, Lowell, MA	US
S1-478554403	Drayola Idaho	4700 Grandin Road, Lenoir, NC	US
S1-994744648	Federal Top	5610 7th Avenue, City Of Kenosha, WI	US
S1-406043973	Bangalore South Drinks Private Limited	1St Floor, Karnataka, Bangalore South, Spd Plaza 52, Jyoti Niwas College Rd, Koramangala, Bangalore	India
S1-253615210	Golden Care Private Limited	Xix / 650 Onattuparambil Building, Near Telephone, Exchange, Perumbavoor, Ernakulam, Kerala	India
S1-770856071	Greenwood Youth Federation Inc	4041 Nevermind Way, Greenwood, IN	US
S1-860577362	Bharat Power Pvt Ltd	G-1, Aasthasquarer-18, Yudhishtermarg, C-Scheme, Jaipur, Rajasthan	India
S1-874145231	Hickson Interactive	NY, 123 Brook Street, Hilton	US
S1-293035833	Cascade Metropolitan Solutions L.L.C.	2908 Danzig Pl, Unit 101, Louisville, KY	US
S1-632696749	Strategic Wholesale Studios	284 Calle Bonita, Corrales, NM	US
S1-390507912	LF Argo Private Limited	Shrikunj, 37/3, Ghorpadi, North Koregoan Pakr, Main Road, Pune, Maharashtra	India
S1-791345132	Smart Solution Pvt. Ltd.	Gr Floor, Office-G/11, Raghuvir Textiles Mall, Aai Mata Rd, Parvat Patiya, Dumbhal, Surat, Gujarat	India
S1-51858100	GN Usa Center	CT, 67 Wallace Row, Wallingford	US
S1-8424814	Leos Summit Mining	291 Goddard Avenue, Brookline, MA	US
S1-46126130	Downtown Grill	49 Swinton Road, Woodstock, ME	US
S1-831434941	Adeline Garcia Hair Studio LLC	4032 43rd Street, Topeka, KS	US
S1-767838627	Lazcano College	19090 Ridge Street, AK, Kenai Peninsula Borough	US
S1-196397534	Banks Royal Productions Inc	4712 80th Street, Unit APARTMENT  15M, Tulsa, OK	US
S1-439643739	Better Wellness Ventures Inc	24005 395, Plush, OR	US
S1-149095269	Tachyon (India) Mala Private Limited	House In Saini Mohalla Near Indian Oil Depot Village, Bijwasan, Delhi, South West Delhi, Delhi	India
S1-634180238	Burke and Chaplin Western LLC	309 Green Street, Clyde, KS	US
S1-817896921	Ember Lng LLC	764 Shenandoah Valley Drive, Warren County, VA	US
S1-392978306	Rimovue LLC	1750 Mcmillan Station Road, Knoxville, TN	US
S1-459842947	Infra & Co	Surn160/2, Nr Amrutbgparty, Pot, Nr.Saibaba Temple, Ahmedabad, Gujarat	India
S1-816342802	Novel Traders Private Limited	Central Delhi, Garage Block, Regal Building, Connaught Circus, Delhi, Shop No. 1/6 First Floor, Delhi	India
S1-909027340	Shetler Outdoor Corp	2412 Eddie Howard Road, Willow Spring, NC	US
S1-298936180	Dynasty Engineering Private Limited	108J/1A Block F New Alipore P S New Alipore, Kolkata, Calcutta, West Bengal	India
S1-782738304	Silver Tirupati Services Private Limited	Kiran Garden, Uttam Nagar, South West Delhi, Delhi, A-27	India
S1-19031450	Mercer Hcm	16020 236th Avenue, Buckley, WA	US
S1-941376430	Bombay Finance Pvt Ltd	Kerala, 9/174, Palakkad, Vemballur, Thenkurussi, Alatur	India
S1-888227018	Rodriguez Smart Ameren	2610 Broadway Street, Unit 31, Salem, OR	US
S1-384206170	Libbie Parks Martin	455 Berthoud Street, Sacramento, CA	US
S1-530170962	Certified Starlink LLC	17505 Jefferson Highway, Bldg BLDG 3, St. George City, LA	US
S1-185508259	Big Coffee Inc.	1951 Dallas Lane, Town Of Ledgeview, WI	US
S1-841012173	Pune Solutions Private Limited	Iii - A/4, Sunshine Court Chs, Kalyani Nagar, Pune, Maharashtra	India
S1-999873480	Vik Brothers Pvt Ltd	369, Udyog Kendra Extn Ii Greater Noida, Noida, Gautam Buddha Nagar, Uttar Pradesh	India
S1-728350505	Carroll Royal Virtus Inc	28 Pike Drive, Saint Albans Town, VT	US
S1-711206890	Hall's Metro Transport	3606 Watts Plantation, Missouri City, TX	US
S1-254999679	Jay Swarna Private Limited	24-26 Kalindi Kunj Transport Nagar, Meerut, Uttar Pradesh	India
S1-573940472	Coex	30583 Independence Avenue, Redlands, CA	US
S1-406446168	Anand Exim Private Limited	Plot No 225, Santosh Nagar Colony Balaji Nagar, Malakajgiri, Hyderabad, Telangana	India
S1-238090791	Dominion Resort Private Limited	108, 1St Floor, 10Th Main, Canarabank L/O Sakarnagar, Bangalore North, Bangalore, Karnataka	India
S1-317253830	Bani Park Kanti Chand Road Patna Private Limited	E-7B, Shankar Marg, Bani Park Kanti Chand Road, Jaipur, Rajasthan	India
S1-256806583	1890 Seventh Ave Management LLC	Victoria, Unit 1504, TX, 4405 Navarro Street	US
S1-403113665	HO Technology LLP	Haryana, Ambala, Sector-23, Vatika City Central, Ambala, Pke/42	India
S1-64806261	Aruma & Brothers Private Limited	No 12/1, Sagayapuram, Bangalore North, Bangalore, Karnataka	India
S1-459692643	Camitech	17923 Broad Oak Boulevard, Beaverton, OR	US
S1-35320707	Nunley, Andersen & Diaz Battery LLC	1404 Thompson Drive, Junction City, KS	US
S1-129172271	Southern Bsp LLC	8701 Vernon Street, Anchorage, AK	US
S1-151461567	Wilson, Jania, CPA, DDS PC	34 Edgeworth Road, Unit 1, Quincy, MA	US
S1-518598725	Elite Midwest Coastal LLC	234 Ashdale Avenue, NY, Syracuse	US
S1-370254365	Greenstone & Sons Private Limited	H No 1655/26 Amar Colony, Gurugram, Gurgaon, Haryana	India
S1-616124062	Interstate Commerce	4711 Hempstead Turnpike, Oyster Bay, NY	US
S1-529169571	Coleman Prime Financial LLC	109 Brooklyn Avenue, Creston, OH	US
S1-762020251	Shree (india) Ltd	Old No.130 New No.198 Ramamoorthy Road, Virudhunagar, Tamil Nadu	India
S1-345870202	Kohli Eye Private Limited	Pune, New Gat No-322, Plot No-01, Nr Pirangut Ghat, Vishwachaya Area, Pirangut, Sr.No.43/3, Maharashtra, Pune	India
S1-810162710	Foundation Hh Files	128, New Cloth Market Raipur, Ahmedabad, Gujarat	India
S1-295424411	Watson, Tomlin & Wells Ford LLC	4136 Old Glory Drive, Concord, NC	US
S1-323606749	Samaify Crystal Lodging Co	12204 Hwy 45, Unit 30, Martin, TN	US
S1-532562247	Preet India Pvt. Ltd.	No 142 1St Main Guruvared, Dy Layout A Narayanapura, Bangalore North, Bangalore, Karnataka	India
S1-96843039	Golden Payment Union LLC	1200 Redwood Drive, Pekin, IL	US
S1-702324451	New Trading Ltd	31, Chaubey Bhawan, Sitapur Road, Near Devki Nursing Home, Shanker Ji Puram, Lucknow, Uttar Pradesh	India
S1-248793348	Cordero, Vanhoy and Johnson LLC	5141 Windy Hollow Road, Unit B10, Owensboro, KY	US
S1-798210682	RSL Avenue Pvt Ltd	No759, 3Rd Floor, 8Th Main Road, Jp Nagar Iii Phase, Bangalore South, Bangalore, Sreegururayamansion, Karnataka	India
S1-708627344	Fix Proem Inc	Greensboro, 4795 Silver Creek Drive, NC	US
S1-75087502	Bailey Star LLC	CA, 3635 Appian Way, Camarillo	US
S1-676935454	FK Wealth Corp	1507 Downing Street, Roanoke City, VA	US
S1-149299582	Sunrise Traders Limited	Plot No -809 Jagannathpur(Near Bonth Chhak), Nh-16, Bhadrak, Orissa	India
S1-239820457	New Agro Private Limited	B-401, Surya Darshan Chs Ltd, Sai Bhoomi Layout Behind Ramdev Park, Mira Road, Thane, Maharashtra	India
S1-485663673	Maritime Nursing Home Pvt Ltd	Ward No. -01 H No. B-05 Deep Nagar Mandideep Teh Goharganj Dist Raisen, Raisen, Madhya Pradesh	India
S1-731477293	Alina Micro	C/O Asha Bai Nareshchandra Singhana Road, Manawar, Dhar, Madhya Pradesh	India
S1-959202154	Ament Teucrium	17 Sadye Court, Unit APARTMENT 1, Fort Thomas, KY	US
S1-86492838	Verrari Laboratories LLC	3366 Dick Street, Unit 8, Mogadore, OH	US
S1-150467159	Penny Infotech Private Limited	No 605, Flat No-101, 15Th Cross, Sarakki, 1St Phase J P Nagar, Bangalore South, Bangalore, Karnataka	India
S1-73721141	Iris & Co	Gno 1403 1405, Ab Flno P301, Jade Residences, Wagholi, Pune, Maharashtra	India
S1-63821326	Custom Airlines Group	Unit Unit 506, Madison, 29789 Hardiman Road, AL	US
S1-5176861	Vision Empire Specialists	3222 Locust Avenue, Maineville, OH	US
S1-121222699	Ashburn, Oaks & Comeau Associates	1590 Sunrise Pointe Way, Tuscaloosa, AL	US
S1-668842874	Lowry Pantages LLC	UT, Unit 5C, 163 1450, Clearfield	US
S1-903942090	FD Institutions Corp	Villa No.33, Maram Devaki, Villa, Venkateswara Colon, Saroornagar, K.V.Rangareddy, Telangana	India
S1-405233254	Marigold's Machine Works	1116 Jannee Court, Gastonia, NC	US
S1-451034027	American League	2460 Grant Road, AZ, Willcox	US
S1-945542493	Cornerstone Marine Solutions	1946 Empire Oaks Court, Gold River, CA	US
S1-13109896	Shree Scent Private Limited	Malabar Apartment, Maharashtra, Mumbai, Nepeansea Road Mumbai, 16-G	India
S1-352093552	Unique Power Private Limited	No.43, Ground Floor, Jai Jawan Street Aditya Layout, R M Nagar, Bangalore, Karnataka	India
S1-161118366	VTN Best Analytics LLC	NC, Maysville, 1130 Catfish Lake Road	US
S1-869042968	Good Producer Limited	R-47, Zone-Ii Near Arya Bhawan, M P Nagar, Bhopal, Madhya Pradesh	India
S1-809587897	Downtown Pilates	7603 211th Avenue, Bonney Lake, WA	US
S1-659891044	Alpha Industries Private Limited	Plot O. 12, J A Avenue, Irandaam, Kattalai Thandalam, Kovur, Poonamallee, Tiruvallur, Tamil Nadu	India
S1-538216273	Strategic Investment Services LLC	698 700, Mill Creek, IN	US
S1-486003316	Eventus Brothers Private Limited	278 Rasta Peth, Near Datta Club, Pune City, Pune, Maharashtra	India
S1-86903706	Dental Care Inc.	5668 Elston Avenue, Chicago, IL	US
S1-291968673	Hernandez Aura of Columbus	2675 Trottersway Drive, Bldg 6, Columbus, OH	US
S1-899782820	Cardiology Care Associates	6634 Symone Court, Salem, OR	US
S1-387031807	Prentice & Steiner Inc	11233 Southwest Freeway, Houston, TX	US
S1-680990	Domingue Ventures Inc.	633 Nicole Drive, Sanford, NC	US
S1-513030430	Grant Blue Montage LLC	78 Channel Lane, Sanford, ME	US
S1-611931598	Aditya Investments Pvt Ltd	No. 68, Narayan Nagar, 1St Stage, 3Rd Cross, Off Kanakpura Main Road, Bengaluru, Bangalore, Karnataka	India
S1-885161670	Daex	NC, Shelby, 119 Poston Street	US
S1-664219193	Grand Tri-State Newhold LLC	93 Linden Street, Unit 1, Salem, MA	US
S1-486105140	Quality Pinnacle LLC	338 Hamilton Avenue, Canton, OH	US
S1-961344628	Bangalore South Solutions Company	Plot 72, 73, Epip Zone, Good Work Coworks, 3Rd Floor, Akshay Tech Park, Whitefield, Bangalore South, Bangalore, Karnataka	India
S1-499961462	Community Ministries	1687 49, Kennedy, AL	US
S1-406067416	EOM Organic Pvt Ltd	314, 3Rd Floor, Plot 61/63, Shed, Kalbadevi Road, Shekhadi Lane, Vitthalwadi, Kalbadevi, Mumbai, Mumbai City, Maharashtra	India
S1-963497144	Patriot Payments LLC	5347 Greensward Lane, Indianapolis, IN	US
S1-71439292	UJ Cargo Limited	Gala No.4, Olympus Industrial Estate, Off Mahakali Caves Road, Andheri (East), Mumbai, Mumbai City, Maharashtra	India
S1-63336925	LUP Paper	6900 300, Stanford, KY	US
S1-645723983	Agrawal (India) Bee Private Limited	72, Janpath, Delhi, Central Delhi, Delhi	India
S1-537872834	Prairie Trusted Travel, LLC	SC, Clover, 368 Sublime Summer Lane, Unit APT 311	US
S1-3731031	Smith Valley Greenland	2205 Meadow Oak Avenue, Unit Unit 144, Monticello, MN	US
S1-828933415	First Industries Private Limited	C/O. Kasturi, Dn05/43, Kasturi Nivasa, Jodukatte, Miyar, Karkala, Udupi, Karnataka	India
S1-325571406	Midwest Initiative	3937 Highway 278, Monticello, AR	US
S1-833335903	Waggoner Direct Laboratories Inc	410 School Street, Centerville, IN	US
S1-673706272	Sai Technology Clinic	No.605, 6Th Floor, Amarchandsharma Compolex S.D.Road, Secunderabad, Secunderabad, Hyderabad, Telangana	India
S1-823736582	Lu, Fikes & Lorenzo Vine Corp	4385 Northside Chase, Atlanta, GA	US
S1-621005440	Helios Academy Corporation	H No- 452, Vill Chainpura, Tekari, Tekari, Gaya, Bihar	India
S1-357798881	Optnet Texas LLC	406 1st Street, Cecil Township, PA	US
S1-238683247	Rewari Venture Private Limited	Sco No. 44-47, Sector-1 Near Maharana Pratap Chowk, Rewari, Haryana	India
S1-294997894	A Cure 5 IT	17410 Carter Lane, Conroe, TX	US
S1-539975931	Lamborn & Lea Inc	8907 Holdsclaw Road, Terrell, NC	US
S1-436422686	Strange Delta Elm	2137 Highway 88, Halls, TN	US
S1-50370317	Burnham Yorkville LLC	205 Tudor Road, Needham, MA	US
S1-727200153	Sanchez, Karla K., DDS, PC	348 Queen Street, VA, Strasburg Town	US
S1-356195378	Angelita Laster Newtekone	714 5th Avenue, Quincy, WA	US
S1-971156999	Mona Services (India) Private Limited	Flat No.1101, Tower R, Hyde Park, Sector-78 Landmark Near Metro Station Noida, Gautam Buddha, Nagar, Kanpur, Gautam Buddha Nagar, Uttar Pradesh	India
S1-356754751	Golden Retail Alliance LLC	4310 Holloway Drive, Houston, TX	US
S1-270123694	Great Certified Hcm, LLC	97 Love Run Road, Colora, MD	US
S1-90909924	Mason and Okoro Midland LLC	Sunland Park, NM, 216 Rio Grande Drive	US
S1-442933474	Surya Properties Private Limited	63 Radha Bazar St 3Rd Flrno 30, Kolkata, Calcutta, West Bengal	India
S1-101363800	City Media Private Limited	2888, First Floor, Sirkiwalan, Delhi, Central Delhi, Delhi	India
S1-436257588	Apex Business Private Limited	Flat No. C 104, S. No. 53/1/1 Tamrind Park Near Madhav Temple, Dhayari, Pune, Maharashtra	India
S1-249161373	Sterling Silver Spac P.C.	22300 West Boulevard, Silverhill, AL	US
S1-427885777	Bright International Pvt Ltd	House No 9, Block-B-2, Delhi, North West Delhi, Delhi	India
S1-688958188	Liu Prudential LLC	310 Dogwood Ln, Louisville, KY	US
S1-257516667	Elite Wholesale Services	San Marcos, TX, 2824 Rolling Oaks	US
S1-517061148	Summit Association	1500 Memory Lane, Unit A, Houma, LA	US
S1-72428401	Northern Boston LLC	3736 Doris Loop Road, Eagle Mountain, UT	US
S1-658157901	Royal Foundation Pvt Ltd	Angul, Khata No. 195, Talcher, Plot No. 101/23, Orissa	India
S1-595784172	Supreme Silver Pinnacle LLC	22499 Reform Road, Paron, AR	US
S1-93248571	Gaurik Trinity Private Limited	Sagar Market D-Block Road Near Anjuman Hotel Kamla Nagar, Agra, Uttar Pradesh	India
S1-536806784	Mccourt and Adame Associates	452 Grant Highway, Gordonsville-smith, TN	US
S1-113071849	Vega LLC	720 Mccarty Avenue, Eagle Lake, TX	US
S1-406265052	Sudeeksha Retailing Pvt Ltd	C/O- Thakur Singh, 0-Bhai Mat Dass Colony, Jalalabad, Firozpur, Punjab	India
S1-623064067	United Institute	1041 Riverdale Drive, Halifax County, VA	US
S1-917883558	Ib Brothers Private Limited	Gujarat, Vadodara, Madhukunj, Gunda Falia, Raj Mahal Road, 4Th Floor	India
S1-774961930	Samarth Seva Samiti	11-F-48, Lajpat Nagar-Ii, New Delhi, Delhi	India
S1-744155703	Verrari Tge Inc	UT, Midway, 867 Schonerberg Loop	US
S1-488674329	Continental Analytics Inc	1025 Longwood Drive, Macedonia, OH	US
S1-718211730	Marisa Hicks, L.C.S.W., P.C.	1932 Oldgate Lane, Garland, TX	US
S1-459890211	Anjana Trust	Bangalore, First Floor, 3Rd A Main, 13Th Cross Hebbal Kempapura, No 4, Karnataka	India
S1-47921844	Seven Technologies Pvt Ltd	Buildingno.13/657(Old No39/1356), Veliyannur Road, Kokkalai, Thrissur, Kerala	India
S1-383103394	Wu and Bruneau Brand	444 Cross Road, Belpre, OH	US
S1-455097506	Lippy's Graphics PC	2521 Mt View Road, Manchester, TN	US
S1-103913633	Global Genomic Ventures	13271 44, Millersburg, IN	US
S1-337669511	Valley Institute II PC	109 Holliston Street, Medway, MA	US
S1-974269750	Pj Law Chambers Private Limited	116, Ff, Anand Nagar Society, Kapodara, Surat, Gujarat	India
S1-980580361	Arihant Finance Private Limited	C-304, Plot 103/104 C Wing, Rajgiri Apart 13 Khetwadi, Mumbai, Maharashtra	India
S1-369277333	Crystal Energy Concepts Ltd	32 Deep Channel Drive, Berlin, MD	US
S1-916027958	Taylor and Garcia	186-29 Mangin Avenue, Saint Albans, NY	US
S1-175749993	Sandy Jones Plutonian Inc	30 Whistler Court, Unit Apartment 222, Saratoga Springs, NY	US
S1-788080073	Innovative Business Private Limited	C-307, Oberoi Splendor, Opp. Majas Bus Depot, Jogeshwari Vikhroli Link Road (Jvlr), An, Dheri (E), Mumbai, Maharashtra	India
S1-208114022	IO Infratrade Private Limited	Maharashtra, Jayalaxmi C.H.S. Ltd., M.G.Road, Ghatkopar ( W), 3, Mumbai	India
S1-597396032	Bal Consultants Pvt. Ltd.	Panch-Pojhiya, Village-Pachra, Tola-Goat, Block Tariani Chowk, Sheohar, Bihar	India
S1-230556569	Garcia Innovative Nexus LLC	28 Hubbard Drive, Chili, NY	US
S1-776131458	Shree International School	H.No. 10/18, Iv B /Adarsh Nagar Pala Road, Uttar Pradesh, Aligarh	India
S1-920892943	Vivek Traders Private Limited	S.No.6. 1/2/3 Flat - A-3/703, Ganga Panama, Pim Nilakh Brt Road, Pune City, Pune, Maharashtra	India
S1-158876562	Gangoh Advisers Limited	Mohalla Tankan, Gangoh, Tehsil Nakur, Distt Sahranpur, Gangoh, Saharanpur, Uttar Pradesh	India
S1-658600591	Prime Investments LLP	Suraj Market, 1St Floord S Lane Chickpet Cross Bangalore, Bangalore, Karnataka	India
S1-301319859	W R Kelley Elite LLC	TN, 309 Howell Avenue, Knoxville	US
S1-532688438	Aldana Therapeutics	600 Whitman, Unit 104, Belvidere, IL	US
S1-618450382	Global Polska	2104 White Cloud Street, Albuquerque, NM	US
S1-104307827	Ginnifer Watson Chicago Inc	44276 Tr 55, Coshocton, OH	US
S1-169293638	Services Sahya Enterprises	206, Unique House, Chakala Road, Andheri (East), Mumbai, Mumbai City, Maharashtra	India
S1-606447255	Economic Development Society	1801 Palm Village Boulevard, Unit 131, Bay City, TX	US
S1-415262444	Kl Sangh Group	Plot No B-58, Mezzanine Floor, 6 Ravi Kiran Estate Monginis Lane, New Link Road, Andheri(W), Mumbai, Mumbai City, Maharashtra	India
S1-435973459	Chintamani Law Chambers	Mumbai City, Yashwant Bldg, Ground Floor, Room No.12 Dr. S.S Rao Road, Lalbaug, Mumbai, Maharashtra, 65/B	India
S1-388098734	Dillon Impact	5121 Lincoln Circle, Edina, MN	US
S1-378487073	QM Lifesciences Limited	7C Landmark, 228A A J C Bose Road, Kolkata, Howrah, West Bengal	India
S1-462512071	Cyber Foundation Private Limited	19/14, 5Th Main Link Rd, Madiwala New Extension, Madiwala, 1St Stage, Btm 1St Stage, Bangalore South, Bangalore, Karnataka	India
S1-626852563	Surgical Specialists Inc	Batavia, Unit 110, 1319 Wilson Street, IL	US
S1-87152466	Red Finance Private Limited	A-5, Nizamuddin East, New Delhi, Delhi	India
S1-321543314	York, Duran & Opfer Trinity	1902 Lightview Drive, Fl 1, Columbia, MO	US
S1-701826240	Tiptur It Private Limited	Madihalli, K.R.Extn - Post, Tiptur, Tumkur, Karnataka	India
S1-932205821	Nordquist and Fox Huntington	5434 Ridgewood Heights Drive, Wilmington, NC	US
S1-253175848	Middleton Smith	1525 Dual Highway, Hagerstown, MD	US
S1-614743024	Clark & Michel L.L.C.	157 Sandpiper Drive, Camdenton, MO	US
S1-580322355	Carreiro's Modern Medical	1791 Shale Road, Newport, TN	US
S1-668196437	Prince Edward County Health League	4025 Back Hampden Sydney Rd, Prince Edward County, VA	US
S1-85335129	Trading Ishwarya Projectsprivate Private Limited	Rz-1/57, Gali No. 1, Tughlakabad Extension, New Delhi, South Delhi, Delhi	India
S1-315334332	Heart Trust LLC	290 Deatsville Loop, Coxs Creek, KY	US
S1-226773632	Goad Insurance LLC	1713 Lindsey Street, Norman, OK	US
S1-881621263	Ai Buildhome Ltd	301 Raj Heritag, Opp.Rokade Building, Near Prem Nagar, Retibunder Cross Road, Dombivli (, West), Thane, Maharashtra	India
S1-999864022	Prime Design Digital LP	TX, Nacogdoches, 417 Meadowbrook Drive	US
S1-899752192	Welfare Brothers Private Limited	4-6-4/1/1, Savarkar Nagar, Nacharam Village, Uppal, Hyderabad, Telangana	India
S1-129551040	Hooper Box	310 48 Street, Sandusky, OH	US
S1-146365568	Gold Family Office LLC	1205 Corse Street, Burlington, IA	US
S1-411393928	Cascade Project	300 Bayberry Circle, Buda, TX	US
S1-304865001	Regent Herbal Limited	Vill.- Bankatwa Saberpur, Gonda, Uttar Pradesh	India
S1-317164895	International Solutions Private Limited	Sixth Floor 1, Sarap, Behind Gujarat Vidyapith, Navjivan Press Road, Ashram Road, Ahmedabad, Gujarat	India
S1-342322978	Nilambur Telecom Private Limited	2, Neelam Baug Shop Centre, Maheshwari Bhawan, Girdhar Naga R, Ahmedabad, Gujarat	India
S1-125862960	Thiruvananthapuram Krishi Private Limited	Thiruvananthapuram, Kerala, Plot No 28 B, Sidco Industrial Estate, Thiruvananthapuram, Trivandrum	India
S1-970024303	Sultana Brokerage LLC	121 Morris Avenue, Larned, KS	US
S1-475054559	Mumbai Rubber Private Limited	403 Sai Sharddha Tower Komal Tank Layout Lane Borivli W, Off Devidas, Mumbai, Mumbai City, Maharashtra	India
S1-355101591	Telecom Holdings	1258, Shivam Society, Sector 27, Gandhinagar, Gandhi Nagar, Gujarat	India
S1-304471163	Mmg Seva Samiti	107, G-80, Gupta Complex, Vikas Marg, New Delhi, Delhi	India
S1-305553551	Valley Horizon Drilling LLC	7602 E Lakeside Village Drive, Unit STE 7602E, Fairfax County, VA	US
S1-417940524	Pure Markets Corp	12/112H, Dhana Complex, Ponani, Malappuram, Malapuram, Kerala	India
S1-959382267	Nitech Carolina	918 Ascot Drive, Elgin, IL	US
S1-841887701	Total Wholesale Concepts	1010 Goodyear Boulevard, Unit 1003, Goodyear, AZ	US
S1-838249767	Stachura, Frank and Freeman	4604 Santa Cruz Drive, Unit APT D, Indianapolis, IN	US
S1-998896777	Mediant Magnetics Private Limited	Gala No.13 & 14, Maharashtra, Ground Floor, Building No E/15, Krishna Complex, Dapode, Bhiwandi., Thane	India
S1-239756507	Talsma Colonial Idaho	36 -A Langley Road, Trinity, TX	US
S1-385414882	Clear Medical Union L.L.C.	10983 Granite Drive, Sandy City, UT	US
S1-109037435	Congregation Ministries	8544 Latona Avenue, Seattle, WA	US
S1-79065770	Cato, Williams & Medeiros Inc	9519 Carmalee Street, Houston, TX	US
S1-879322960	Star Industries Limited	15-113, Subbareddy Colony, Jangareddigudem, West Godavari, Andhra Pradesh	India
S1-567171118	Enterprises Broadband Systems Pvt Ltd	202, 2Nd Floor, Capital Arch, 8/1, Sector - C, Ratlam Kothi, Indore, Madhya Pradesh	India
S1-556562831	Stone Quality Capital	2344 Bayou Blue Road, Houma, LA	US
S1-865414079	Lundquist & Bennett Group	1201 Hunley Court, Greenville, NC	US
S1-473581196	Krause, Constanta, M.D.	622 Berwick Court, Abingdon, MD	US
S1-593265830	Foot & Ankle Care LLC	845 Englewood Avenue, Tonawanda, NY	US
S1-428878260	Jai Construction Private Limited	Tc.9/2632/1, Elankom Gardens Vellayambalam, Sasthamangalam Po, Trivandrum, Kerala	India
S1-915997245	Alpha Trading Private Limited	Plot No. E/49, Upsidc Industrial Area, Sikandrabad, Bulandshahr, Uttar Pradesh	India
S1-430868540	Value Staffing Industries PLLC	210 Highway 980, Mena, AR	US
S1-299851645	Standard Cargo Collective Care	1013 Chesley Dr, Louisville, KY	US
S1-947220870	Cozy Pizza Corp	466 Harbor Circle, Shoreview, MN	US
S1-593381341	Dynamic Foundation Private Limited	351/272B Housing Scheme Mumfordganj, Allahabad, Uttar Pradesh	India
S1-704029409	Dental Medicine, LLC	3100 Ocean Parkway, Hempstead, NY	US
S1-48209572	Urban Foundation Private Limited	Tc 30/1601/1, Kalathil House, Thiruvananthapuram, Thiruvananthapuram, Trivandrum, Kerala	India
S1-558116036	Choice Vanguard Motor	ID, Ketchum, Unit 404, 235 Spur Lane	US
S1-915017639	West Preparatory Academy	32 Kurt Lane, Islip, NY	US
S1-70224988	Clara United Private Limited	15-A, Pattukottai Muthukumara Samy Salai Baby Nagar, Velachery, Chennai, Tamil Nadu	India
S1-963679853	Eye Partners	1762 Mcandrews Road, Medford, OR, Unit K	US
S1-346414712	Bean, Rhodes & Oakes Inc	327 Oakvale Boulevard, Tonawanda, NY	US
S1-839715682	Continental Robotics Collective Inc	831 Smoky Row Road, Augusta County, VA	US
S1-666141703	Preferred Lng LLC	43922 Scriber Lane, Hollywood, MD	US
S1-261537087	WG Finance LLP	No.116/1, Old Madras Road, Lakshmipuram 1St Main Road, Halasuru, Bangalore, Bangalore Rural, Karnataka	India
S1-701544871	Goyal Pearl (India) Pvt Ltd	Siddhi Vinayak Apartment 29 Rai Bahadur Road, Ground Floor, Kolkata, Kolkata, Howrah, West Bengal	India
S1-313802927	Brown Anchor Resource, LLC	1009 18th Street, Unit Apt 3, Fort Smith, AR	US
S1-208607063	Kvk Millsprivate Private Limited	Sp. No. 219, 220, 02Nd Floor, Shrinath Market, Mangnath Road, Junagadh, Gujarat	India
S1-205260027	Balaji South Consultancy Private Limited	Ground Floor, No.106, 16Th Cross, 19Th C Main, 5Th Phase, J.P Nagar, Bangalore, Karnataka	India
S1-864602298	Boloex Inc	2923 Central Avenue, Missoula, MT	US
S1-624553978	Anchor Environmental International LLC	MD, 4070 Curled Dock Lane, Odenton, Fl 0	US
S1-962024451	Perez Leapfrog	741 Vt Route 9, Wilmington, VT	US
S1-462130733	Pench Consultants Private Limited	S F No 1 Sathy Main Roadsaravanampatti Post Coimbatore, Tamil Nadu	India
S1-290003541	Colonial Pacific Physical	6818 Forest Preserve Avenue, Harwood Heights, IL	US
S1-650471435	Wolford & Serrano, LLC	5282 Cedar Creek Lane, Bessemer, AL	US
S1-177891465	Literacy Federation	7385 83, Condon, MT	US
S1-651925385	Seven Investment Pvt Ltd	Pole No 59 Vill Maidan Ghari, New Delhi, South Delhi, Delhi, H.No 117 A N	India
S1-314149080	Molina All	3 Fessenden Hill Road, Townsend, MA	US
S1-397466835	Miralam Timbers Private Limited	19-3-201/12, Jahanuma, Miralam, Hyderabad, Telangana	India
S1-315805608	Houston Vision Partners	310 Greenpark Drive, Houston, TX	US
S1-535731460	Digital Food Private Limited	F-107, Sec-1, Manesar, Gurgaon, Haryana	India
S1-258680479	Complete Technical Systems LLC	Chatham, 10 Locust Street, NY	US
S1-262430684	Pugh Frontier Paloma Corporation	119 Darcey Trailer Court, LA, Houma	US
S1-1765896	Flexus Utpadak Pvt. Ltd.	62-63A Saheli Nagar, Udaipur, Rajasthan	India
S1-506247695	Miller, Torres and Johnson L.L.C.	2827 La Praix Street, Highland, CA	US
S1-345939600	Good Impex Private Limited	Office No 7, Marry Gold Complex 1St Floor, Above Icici Bank, Nr Motibaug, Junagadh, Gujarat	India
S1-285672609	Great Software LLP	E-514 Nariman Point, Mahalaxmi Nagar, Indore, Madhya Pradesh	India
S1-108711914	Nagesh Solutions Private Limited	Flat No 304 Concrete Pallavi Apartments Friends Colony Chandanagar, Hyderabad, Telangana	India
S1-979094494	EVB Paloma LLC	5308 Ballard Court, Nashville, TN	US
S1-410966993	Producer Indraj Logistics Private Limited	8/169, Mullath Padathhouse, Thrikkadeeri P O, Ottappalam, Palakkad, Kerala	India
S1-281930551	Balaji Technologies Private Limited	E 6A, Lower Ground Floor, Kailash Colony, New Delhi, New Delhi, South Delhi, Delhi	India
S1-952062841	376 Jefferson St Holdings	101 Auburn Road, Unit Room 19, Seneca Falls, NY	US
S1-127340073	Galaxy Infotech Limited	C/O- Mahammad Abdul Hai, Pakdaha, Sondalia, Gobardhanpur, North 24 Parganas, West Bengal	India
S1-638221353	Peak Security Dynamics LLC	1336 Trentvale Street, East Liverpool, OH	US
S1-738753562	Solora Financial	31040 133rd Avenue, Auburn, WA	US
S1-940445697	Gabriell's Automotive	7300 Dunlawn Court, Unit APARTMENT D, Dundalk, MD	US
S1-325433013	Abbey Capital	AR, 192 Shirley Lane, Paris	US
S1-258754083	Raj Infra Limited	Ernakulam, Building No. 60/49 E, Ernakulam, Kerala, 3Rd Floor V 39, Jc Chambers, Panampilly Nagar	India
S1-2109489	Ace Care Limited	Undergroud Of C-34, Sanjay Gandhi Society Road No.-1, Vijay Nagar, Hanuman Nagar, Patna, Bihar	India
S1-55983242	Cathie Qadri Allied Titan LLC	303 Schrake Road, Chillicothe, OH	US
S1-150666601	White Bright European	251 Scenic Drive, Concord, NC	US
S1-230000298	Neradyne Clinic	8537 Aberdeenshire Court, Indianapolis, IN	US
S1-31710288	Apex Institute of Technology Associates	D. No. 6-5-38, B.R.K. Complex 2Nd Floor, 5/1 Arundelpet, Guntur, Krishna, Andhra Pradesh	India
S1-902173886	Golden Construction Private Limited	7 Munsi Sadruddin Lane1St Floor R No 5, Kolkata, Calcutta, West Bengal	India
S1-196995108	Charlena Allard, DDS	274 40 Street, New York, NY	US
S1-758965265	Costanza Myer Bancorporation LLC	6908 18, Stamford, NY	US
S1-993676670	Bajpai Properties Pvt. Ltd.	Rs No.224/2, 3&4, Kodurupadu Village, Bapulapadu Mandal, Krishna, Andhra Pradesh	India
S1-855574002	Zivue Atlantic Venture LLC	5038 Leihley Hill Road, Sugarcreek, OH	US
S1-981336904	Board of Environmental Protection	3415 Riverside Drive, Johnsburg, IL	US
S1-786953716	Dental Creative Care	201 Lanier Road, Madison, AL	US
S1-71312215	Atlantic Coalition II LLC	3210 114th Street, Cleveland, OH	US
S1-167146072	Cardiology Physicians Inc	42784 Trade Drive W, Loudoun County, VA	US
S1-140846849	NP Realcon Private Limited	Delhi, 258 Aggarwal City Plaza, Plot No 17 Mangalam Place Rohini Sector 3, North West Delhi	India
S1-734647695	Proddatur Systems Private Limited	Flat No.201, 2Nd Floor, D Block, Elite Enclave, Mydukur Road, Behind Relian, Proddatur, Cuddapah, Andhra Pradesh	India
S1-750545262	Prairie Star Uranium	Queensbury, NY, 41 Petrie Lane	US
S1-912291805	Gem & Sons Pvt. Ltd.	44, Floor-2, 46, Chandra Bhavan Dhirubhai Parekh Marg, Ladwadi, Kalbadev, I, Mumbai, Mumbai City, Maharashtra	India
S1-310932236	Platinum Transit Group	1108 Arthur Street, Amarillo, TX	US
S1-149990139	Cure Barbershop	3086 Brimley Pass, Robins, IA	US
S1-37003003	Supreme Consultants Private Limited	Plot No.18, Sector-06, Imt Manesar Gurgaon, Haryana, Manesar, Gurgaon, Haryana	India
S1-410098763	Metro Ultra LLC	3342 Willow Road, Town Of Gardner, WI	US
S1-470212756	Allied Enbridge LLC	17510 Coker Road, Bethel Acres, OK	US
S1-421121032	Mumbai India LLP	B-22A, Floor-3, Plot-12, B, Sindhi Niwas, Narayan Pathare Marg, Mahim, Mumbai, Mumbai, Mumbai City, Maharashtra	India
S1-420370812	Eye Empire Associates LLC	62 Malibu Court, Burr Ridge, IL	US
S1-435606395	Tirupati Hospitality Pvt Ltd	Xv/250/3, Siva Shakthi, Vavarambalam, Kezhthonakal, Thiruvananthapuram, Thiruvananthapuram, Trivandrum, Kerala	India
S1-344308771	Randolph, Rolls and Zacharias Care	318 Beechtree Road, Columbus, OH	US
S1-475546205	Thomas Acquisition Inc	TX, Katy, 2607 Arcadia Ridge Lane	US
S1-610669151	Best Brothers Private Limited	603, Morya Landmark - 2 New Link Road, Andheri (W), Mumbai, Mumbai City, Maharashtra	India
S1-487499470	Adhar & Brothers LLP	Wz-3D/1A, Mukherji Park, New Delhi, Tilak Nagar, New Delhi, West Delhi, Delhi	India
S1-569558	Wealth Medical Ltd	E-9, 2Nd Floor, Room No. 206, Kalkaji, Delhi, South Delhi, Delhi	India
S1-833733517	Quia Cascade Chile LLC	487 Bogey Neck Road, Northumberland County, VA	US
S1-360201984	Kolkata Cover Private Limited	55, Ezra Street, Room No 7, 3Rd Floor Yamuna Bhawa, Kolkata, Kolkata, Howrah, West Bengal	India
S1-472570797	Vanguard Services LLC	7819 Lightfoot Street, Seligman, MO	US
S1-928498206	Garh & Sons Limited	H.No. 18, Village-Binota, Tehsil- Nimbahera, District-Chittorgarh, Chittorgarh, Rajasthan	India
S1-267550963	Park Institute of Technology	Unit 2, Harrodsburg, KY, 709 Moberly Road	US
S1-617708386	Finegan & Hunter Transition LLC	Rockville, 14200 Dav Road, MD	US
S1-61186294	THC Keystone PC	1385 Ff Avenue, Marengo, IA	US
S1-392436845	Regional Network Technologies Group	1013 1371, Ledbetter, TX	US
S1-17886712	Inex College	Shop No.22/24, Plot. 22/24, Ground Floor, 2Nd Carpenter Street, C.P. Tank, Mumbai, Maharashtra	India
S1-686420656	Urgent Care Creative Clinic	Portsmouth, 1136 Eleventh Street, OH	US
S1-177306710	Holloway Star Next P.C.	7963 145th Avenue, Newcastle, WA	US
S1-77265181	Laurianne Wetherington, P.A.	Brunswick, MD, 412 Petersville Road	US
S1-933507238	Badri Clinic	Plot No 180, Phase Ii Ida, Pashamylaram, Medak, West Godavari, Telangana	India
S1-476273116	Eastern Finance Pvt Ltd	252/C C R Avenue Floor, Room No-3, Kolkata, Kolkata, Howrah, West Bengal	India
S1-918146787	All Nidhi Pvt. Ltd.	25 Das And Yadav Complex Panchwati Circle Raja Park, Jaipur, Rajasthan	India
S1-857068402	Duran, West and Sandoval Cbre Corp	6 Stacey Court, Selbyville, DE	US
S1-807330892	Sai Consultancy Private Limited	Grd-Fr, 86 Tollygunge Circular Road Lp-U. G, Kolkata, Kolkata, Howrah, West Bengal	India
S1-85839250	Boliva Holdings	1826 Amelia Avenue, Phoenix, AZ	US
S1-705130948	Harlalka Group of Companies	House No.B-17, Jagamara Krishna Garden, Baramunda, Bhubaneswar, Khordha, Orissa	India
S1-520388853	East Developers Private Limited	No.1, Sunderlal Nahata Avenue, 3Rd Floor, Kilpauk Garden Road, Kilpauk, Chennai, Tamil Nadu	India
S1-562278344	Opttech Pacific Rice LLC	150 Captain Michaels Road, Eastham, MA	US
S1-477303714	Mcallister Delta Investment Inc	20 Baker Avenue, Auburn, NY	US
S1-763127395	Drew, Annalee M., P.A., DDS PC	4215 Harding Pike, Unit 1212, Nashville, TN	US
S1-536254533	Hunger Fund	1555 Willow Drive, West Des Moines, IA	US
S1-70182985	H Q Christensen Bain LLC	5301 Gather Way, Fairfield, CA	US
S1-254424163	APS Foundation Pvt Ltd	Flat No. 123 Sfs, Munirka Vihar, Opp. Jnu, New Delhi, South West Delhi, Delhi	India
S1-110276999	Historical Association	463 Autumn Lane, Carlisle, MA	US
S1-713623673	Divine Products Private Limited	Barmer, Ground Floor, City Centre, Mahaveer Nagar, Shop No. 66, Rajasthan, Barmer	India
S1-108379668	Silver It Private Limited	No.23, A-705, 7Th Floor, Liberty Square, 80 Feet Road, Gubbalala, Kanakapura Main, Road, Bangalore, Karnataka	India
S1-770795093	Darryl Mota, D.D.S. Corp	MA, New Bedford, Unit 2, 8 Roosevelt Street	US
S1-557345334	Ivenos Smart LP	Christiana, 3040 Dusenburg Drive, TN	US
S1-68903334	Metropolitan Industries Inc	150 Bariekman Boulevard, WA, Shelton	US
S1-850675268	India Top Expert Private Limited	116A, 11Th Floor, Maker Chambers, Vi, 220 Nariman Point, Mumbai, Mumbai, Mumbai City, Maharashtra	India
S1-491484745	Mcdonald, Galarza & Monjaras PLLC	3231 Elaine Dr NW, Cedar Rapids, IA	US
S1-538301292	Pinnacle Trading Innovations	313 Onwentsia Road, Vernon Hills, IL	US
S1-551311169	George and Smith LLC	4594 Fuhrer Street, Marion County, OR	US
S1-935570067	Big Construction Private Limited	Nasirpur, Near, Pkr Jain Vatika School, Ambala, Haryana	India
S1-266506778	Ssd House Private Limited	Gangapur North P O Dutta Pukur 24 Parganas, Kolkata, Howrah, West Bengal	India
S1-871821494	Shree Traders Private Limited	Desq Worx, Club Patio, South City 1 Sec 41 Blk E, Sohna Adda, Gurgaon, Haryana	India
S1-937512037	Utsa It	Room No 6 Khawaza Babban Chawlbazar Road Bandra, Mumbai, Maharashtra	India
S1-213893648	Optimal Newbridge LLC	1701 Cutler Drive, Tempe, Unit 8C, AZ	US
S1-56655707	Little Bike Shop Inc	3803 Plymouth Drive, Richmond City, VA	US
S1-956013771	Gayatri Security of Kolkata	C/O Essor Business Center, 42, Ustad Golamali Khan Sarani, (Broad Street), Room No. -1, Gro, Und Floor, Kolkata, Kolkata, Howrah, West Bengal	India
S1-331112931	Prime Estate Private Limited	H. No. New - 578/2, Adarsh Nagar, New Rly Road, Gurgaon, Haryana	India
S1-698566210	Margarethe Smith Peak Express	3902 Chapel View Lane, New Albany, IN	US
S1-26803856	Medisys & Sons	H.No.1214 2Nd-Flr, Kalikapur (Haltu), Kolkata, Kolkata, Howrah, West Bengal	India
S1-445496513	Pediatric Dentistry Care Associates	861 State Road, North Adams, MA	US
S1-600506267	HJG Alchemy Inc	8445 Cr 248, Findlay, OH	US
S1-822064771	All Health Works LLC	1190 Mountain Top Lane, Cookeville, TN	US
S1-322822732	G 4 Keystone Indigo LLC	6212 Panther Court, Waldorf, MD	US
S1-804861975	ZX Information Private Limited	West Bengal, Howrah, 1 Old Court House Corner 5Th Floor, Room No-504, Kolkata, Kolkata	India
S1-374579495	Dental All Physicians PC	1350 Carroll Street, Brooklyn, NY	US
S1-483881129	Guru Estate LLP	7/G Chinubhai Centre Nr Patang Hotel, Asharam Road, Ahmedabad, Gujarat	India
S1-480377025	Calcutta Medical Centre Private Limited	Sagar Mansion, 5Th Floor Flat 10A, 2A Garstin Place, Kolkata, Kolkata, Howrah, West Bengal	India
S1-695461664	Shyam Red Consultants Private Limited	C/O Gopal Mahto, Village Akbarpur, Hilsa, Nalanda, Bihar	India
S1-43211930	Snyder Worldwide Inc	4501 Rio Verde Street, Unit 1, Cheyenne, WY	US
S1-895692350	Frontier League	147 Mill Avenue, Hampshire, IL	US
S1-951061876	Shrewsbury Nexera	128 Sparks Lane, Speedwell, TN	US
S1-211213418	Castle Management Private Limited	232-Pkt A-2, Police Station, New Delhi, West Delhi, Delhi	India
S1-981586799	Montan Aria PLLC	320 S Shelby St, Unit 107, Louisville, KY	US
S1-78643357	Western American Apogee	8764 Highway 284, Forrest City, AR	US
S1-172700825	Guru Agro LLP	Plot No. 7, Ward No. 12A, Office No- 45, Second Floor, Parekh Market, Gandhidham, Kachchh, Gujarat	India
S1-489516160	Little Cafe	1936 Norview Avenue, Norfolk City, VA	US
S1-76776886	Aditya Impex Private Limited	705 Ostwal Shopping Centre Chs Ltd., Jesal Park, Station Road, Bhaindar (East), Thane, Maharashtra	India
S1-658242682	BC Your Private Limited	Sriganga Nagar, Rajasthan, Sri Ganganagar, W.No.06, Devcolony Nathawala 2 Ml	India
S1-190185102	Basant Purchase Group	W-17, 2Nd Floor, Greater Kailash -1, New Delhi, South Delhi, Delhi	India
S1-599683230	Swilley Token PC	Forest City, NC, 372 Broadway	US
S1-285066365	Shivam Trading Private Limited	Nihal Vihar West Delhi, Rz D-26, Delhi, New Delhi	India
S1-263845525	Mountain Fellowship Clinic	5020 Cleves Street, Round Rock, TX	US
S1-211248539	Manzil Design Private Limited	No.14/1-1, Opp.Tollgate Bus Stop, Near Prasanna Theatre Police Quarters Layout, 6Th Bloc, Bengaluru, Bangalore, Karnataka	India
S1-349932353	Data Realty Enterprises LLC	659 Main Street, AZ, Unit 105, Mesa	US
S1-312724786	Unified Biomedical Works Partners	112 Fire Trail, Port Hadlock, WA	US
S1-715054357	One Enterprises LLP	Bangalore, Bangalore North, Karnataka, 19, 3Rd Main, Hesaraghatta Main Road, Havanur Extension, Defence Colony	India
S1-883676742	Lavina Poe Nevada	OH, 54 Westchester Drive, Youngstown, Unit 18	US
S1-221493428	Heritage Wellness Corporation PC	3178 Cavalier Wood Road, Ellicott City, MD	US
S1-25571518	Carbajal International	320 490, Unit 7007, Salt Lake City, UT	US
S1-398846115	EW Choice Enbridge LLC	4176 Bennington Creek Lane, Bldg 9, Groveport, OH	US
S1-574708080	Guy Custom Federal LLC	121 Clemente Street, Unit 3R, Holyoke, MA	US
S1-314817128	Doyle & Allen Corp	7 Whitehall Road, Amesbury, MA	US
S1-266585018	XN Export Pvt Ltd	C/O. Dilip Bhikaji Chaudhari, Ward No.13 Tal Sidhkhedraj, Buldhana, Maharashtra	India
S1-88322932	Eastern Management Pvt Ltd	H No. 153, Third Floor, Block Bk-1, Shalimar Bagh, Near Fortis Hospital, Delhi, North West Delhi, Delhi	India
S1-481948594	Euclid Equipments Associates	Shop No 2/G 11 Coasta Rica Complex Dharab, Mundra Kachchh, Kachchh, Gujarat	India
S1-541292291	Digital Ventures Limited	H. No 906/16, Gala-19, Gr. Flr, Shed No 20, Shree Arihant Comm. Complex, Koper, Bhiwandi, Thane, Maharashtra	India
S1-12819119	Carpenters Union Local No 415	7480 Tanya Drive, Harrison, TN	US
S1-519562475	Modern Investors Inc	5332 Baseline Road, Unit 2038, Mesa, AZ	US
S1-824698810	Dorovue LLC	297 Briargate, Lebanon, OH	US
S1-287798335	Tous Healthcare LLC	1507 Maury Crescent, Norfolk City, VA	US
S1-162061422	Pearson, Gerken and Diorio	Unit Unit 101, 1958 Umatilla Avenue, Redmond, OR	US
S1-696142654	LVD Industries Pvt Ltd	House No 1714 Sector 06, Karnal, Haryana	India
S1-531407942	Noida Cements Pvt. Ltd.	1602, T-8, Panchsheel, Pratistha, Sector 75, Noida, Gautam Buddha Nagar, Uttar Pradesh	India
S1-160340131	Kimmet America	47 Country Lane, Hannibal, NY	US
S1-465894667	Capital Brothers Pvt. Ltd.	Lm - 2015, Plot 3, Supertech Ecociti Sector-137, Noida, Gautam Buddha Nagar, Uttar Pradesh	India
S1-122826791	Saus Resources Inc	806 7th Avenue, Maywood, IL	US
S1-173511877	Desert Tree	265 Fayette Street, Quincy, MA	US
S1-861755050	Aspen LLC	15255 Falling Waters Road, Williamsport, MD	US
S1-491141920	Craig Piedmont Voya LLC	160 Baseline Road, Rialto, CA	US
S1-140378760	Choice Research Works Inc.	1928 Newport Way, Issaquah, WA	US
S1-267727877	Pediatric Dentistry Physicians	3725 200, Lafayette, IN	US
S1-160503376	Tararaj Technologies Pvt Ltd	Tg-1/7 Orchid Garden Sun City Sector-54, Gurgaon, Haryana	India
S1-675671650	Finance Badshah Manufacturing Private Limited	North Delhi, Delhi, Commissioner Lane, K.N. Marg, Civil Lines, Delhi, 8 A	India
S1-59247291	Interstate Anchor Systems	2353 Thomas Jefferson Parkway, Albemarle County, VA	US
S1-416477410	Summit Piedmont Precious Inc	IL, Wheeling, 899 Tanglewood Drive	US
S1-49394881	Dee Suppliers Private Limited	No 5 Khan Manzil 3Rd Main, L B Shastri Nagar, Bangalore North, Bangalore, Karnataka	India
S1-335700469	Madurai Yantra Private Limited	Tamil Nadu, Madurai, Madakulam Main Road Palanganatham, No.30	India
S1-87964180	Cotton Stellar Inc	145 Burton Branch Road, KY, Woollum	US
S1-563389647	Dynamic Food Private Limited	Plot No-3, Raghuvir Ind.Est, Dascroi, Ahmedabad, Gujarat	India
S1-975680406	Weaver Virginia	14125 Banner Mountain Road, Wise County, VA	US
S1-848066157	Upper Biomedical	79 Summit Drive, Hayden, AL	US
S1-713854433	Cascade LLC	604 Bowleys Quarters Road, Middle River, MD	US
S1-342767270	Desert Plains	3510 Broadway, Lubbock, TX	US
S1-157773119	Pune Association Pvt Ltd	Office No-04, Pro 1 Business Center Cts, Shivajinagar, Pune, Maharashtra	India
S1-446257741	Black Exports Private Limited	C/O Tarunben P Choksi, Binani Apt, Nr Relway Fatak, Shop Nof10, Daheli, Umbergaon, Valsad, Gujarat	India
S1-661988462	Tandi's Legacy Retail	4369 69th Street, Sacramento, CA	US
S1-265188966	HOS Mines Corp	375 Common Street, Walpole, MA	US
S1-933143078	Doro Garcia Piedmont Apartment Center	7 Northgate Circle, Worcester, MA	US
S1-893409515	Apex Payment Alliance LLC	1672 11 1/2 Avenue, Town Of Maple Grove, WI	US
S1-282640059	Heartland High Corporation	9931 Sagemill Drive, Houston, TX	US
S1-468252603	Northwind Alto LLC	764 Cook Avenue, Saint Paul, MN	US
S1-480165059	Capital Bright Vertical LLC	1547 Charles Road, Decatur, TN	US
S1-45636321	Aurilia Shoaf Allied Dollar	5403 Farah Place, Mansfield, TX	US
S1-656476259	Foot & Ankle Care Associates LLC	535 Ohio Avenue, Columbus, OH	US
S1-665216851	Friendswood Delta Duration	15519 Contender Lane, Friendswood, TX	US
S1-634613828	Red Business Private Limited	Plot 801, Tnhb, Maraimalai Nagar, Chengalpattu, Kanchipuram, Tamil Nadu	India
S1-778782543	Fareast Carnival Private Limited	Flat No.1901B, Sterling Tower Goregaonkar Road, Gamdevi, Mumbai, Maharashtra	India
S1-674725675	Kolkata Foundation Private Limited	9, Hare Street, Ground Floor, Kolkata, Kolkata, Howrah, West Bengal	India
S1-915923495	Primary Care Associates	7620 Viola Court, Fontana, CA	US
S1-499763811	M/C Global LLC	4800 Sunset View Lane, Fair Oaks, CA	US
S1-793186121	Jain Products Private Limited	B-3, Grand Chandra Complex, Fraser Road, Patna, Bihar	India
S1-477442096	Sweet Pizza	4731 Meredeth Street, Lincoln, NE	US
S1-194121789	Atria Memorial Trust	Jaynal Abedin, C/Ojamiraddin, Lakshmipur, Kushmandi, South Dinajpur, West Bengal	India
S1-29638685	Federal Classic Rmg Center	120 Reuben Circle, Argo, AL	US
S1-966449191	Sivue Critical Associates	1668 54, Garrett, IN	US
S1-270604464	Ratnam (India) Services Limited	52, Western Street, Kolkata, Howrah, West Bengal	India
S1-19249589	Gujarat Investment Private Limited	195/7-New 9/549 Subhash Road Gandhi Nagar, East Delhi, Delhi	India
S1-738475489	Veda (India) Buildmart Private Limited	Jaipur, Triveni Nagar, Jaipur, Rajasthan, A-396 Durgapura	India
S1-923533410	Midwest Painting	Unit UNIT 51, 680 Gay Street, Auburn, AL	US
S1-869717540	Sholes and Wetzel LLC	Unit 206, 465 Arsenal Street, MA, Watertown	US
S1-646423321	Brena H. Houston, D.C., P.C.	845 S Mountain Avenue, Phoenix, AZ	US
S1-180737173	Shyam East Investment Private Limited	Lalitharamam, No.26 And 27, Nandini Street, Rama Murthy Nagar, Bangalore, Karnataka	India
S1-735455906	Dermatology Physicians, LLC	3831 Coldwater Creek Drive, Grifton, NC	US
S1-324509380	Thane Finance Private Limited	Plot No. C35 & 36, Ttc, Midc Pawane, Navi Mumbai, Thane, Maharashtra	India
S1-798213940	Smart Technologies Pvt Ltd	A- 237, Sector 69, Noida, Gautam Buddha Nagar, Uttar Pradesh	India
S1-619487651	Orion LLC	Rochester, 255 Central Park, NY	US
S1-800297051	Colonial Mountain Efes	28782 Road 20, Rhododendron, OR	US
S1-324401038	TIX Tiles Limited	Plot No.122, Prabhat C.T., Ranjankhol, Taluka Rahata, Shrirampur, Ahmed Nagar, Maharashtra	India
S1-899439059	Valentine Global Montreal	2513 Long Branch Road, Del Rio, TN	US
S1-773019131	Crafts Products	Annadhata House, Sai Krupa Officers Colony Yapral, Hyderabad, Secunderabad, Telangana, #127/A	India
S1-860837931	Ridge Northwest Inc	North Reading, MA, 42 Main Street	US
S1-507726500	Elyse Acuna Restaurant, LLC	Pataskala, 115 Heron Avenue, OH	US
S1-129755253	Perfect Estate Private Limited	Rajasthan, Ramdwara Colony Near Water Tank, Sanganer, Jaipur, Plot No.50	India
S1-675037439	Eye Clinic LLC	De Witt, 401 Deerfield Road, NY, Unit Apartment 2	US
S1-974241796	Ear Nose & Throat Safe Associates Company	294 Pulaski Mine Road, Botetourt County, VA	US
S1-673538322	Royal Asset Partners	1962 Victoria Avenue, Ventura, CA	US
S1-112899603	Blue Dental	955 Cardiff Drive, Crystal Lake, IL	US
S1-160131111	Quantent Services	376 Brock Road, Charlotte, TN	US
S1-224250696	Sunrise Solutions Private Limited	446, Floor-04, Kalyandas Udyog Bhavan, S.H. Tandel Marg, Near Century Bhavan, Prabhadevi, Mumbai, Maharashtra	India
S1-69681564	Temple Israel	10624 67, Valera, TX	US
S1-91795044	Williams Value Orange	6006 Hunterstand Lane, Chesterfield County, VA	US
S1-263094055	Brinn Viramontes Malt LLC	10813 Mountaineer Highway, Iaeger, WV	US
S1-187969980	R Q Fullen Newbridge	227 Broadway, Farmington, ME	US
S1-376084281	Castro National Wellness LLC	7773 Creekside Center Drive, Unit COND, Anchorage, AK	US
S1-8313541	Webb Prairie Arts LLC	128 Wendover Lane, Rutherfordton, NC	US
S1-27748248	Alpha Producer Private Limited	No 10, Melkkuppam Road Maduraivoyal, Chennai, Tamil Nadu	India
S1-169572518	Uma Investment (India) Pvt. Ltd.	C/O- Md Aftab Alam, Naz Complex, Vill- Sari, Samastipur, Bihar	India
S1-858478278	Glueck, Avalos and Terranova Industrial	11608 Amaralles Drive, Reisterstown, MD	US
S1-653255919	Skb Electrical Private Limited	H No 841, Gali No 27, Madangir, South Delhi, Delhi, South Delhi, Delhi	India
S1-602183747	Entente Advisors Ltd	North 24 Parganas, West Bengal, Unit No 5Ws7B, New Town, Mani Casadona, Plot No. Ii/04, Action Area Iif/04	India
S1-935897630	Ultimate Labs (India) Company	8-26/A, Pedapudi, East Godavari, Pedapudi, East Godavari, Andhra Pradesh	India
S1-10429353	Leanor Sparks Legacy Translational	17869 Gambit Trail, Surprise, AZ	US
S1-407513739	Womens Health Group	Unit 506, GA, 77 Peachtree Place, Atlanta	US
S1-846127428	Chirawa Aviation Private Limited	H. No. 104, Kamma Chock, W No. 15, Pilani, Chirawa, Jhujhunu, Rajasthan	India
S1-615560315	Yen Pros Private Limited	4117 Ist Floor, Naya Bazar, Delhi, Central Delhi, Delhi	India
S1-523795709	Beerbower, Ayers and Beaver Inc	OH, Gahanna, 449 Clotts Road	US
S1-408544466	Shiv & Brothers Private Limited	107, 5Aa, Hasam Building, Mohammed Ali Road, Mandvi, Mumbai, Maharashtra	India
S1-796508491	Wireless Inc	761 369, Unit Lot 24, Fenton, NY	US
S1-609849067	East Bridge, Inc	400 Jb Drive, Polson, MT	US
S1-735503468	Crystal Genomic Holdings	2631 Camellia Drive, Durham, NC	US
S1-642589785	Triton Sangh	No. 5/4, Thandavaraya Street Sowcarpet, Chennai, Tamil Nadu	India
S1-402948576	Rhody Richie Audio Installation LLC	31713 3rd Place, Federal Way, WA	US
S1-344218028	Sl Labs Pvt. Ltd.	I Floor, Apex Plaza 3 Nungambakkam High Road, Chennai, Tamil Nadu	India
S1-415755117	Ceex PC	1228 Brasano Place, Leander, TX	US
S1-543028837	Baptist Church Inc	IL, Moline, 4316 12th Street	US
S1-862596532	Lumic Popular Inc	1355 Earley Road, Unit 123, Casa Grande, AZ	US
S1-664626604	Black Properties Pvt Ltd	Bangalore North, Karnataka, Survey No.192, Bangalore, Whitefield Main Road, B Narayanapura	India
S1-978021846	Sotech	150 Oak View Avenue, CA, Oak View	US
S1-595264591	Unicus India Private Limited	5 Chaitan Sett Street 1Stfloor, Kolkata, Calcutta, West Bengal	India
S1-457195581	Elly's Capital Tax	6660 State Hwy 273, Anderson, CA	US
S1-839908428	Savvy Brothers Private Limited	B-3/188 Vibhav Khand Gomti Nagar, Lucknow, Uttar Pradesh	India
S1-286264350	Aditya Business Limited	Ho Deepak Kumar Ward 20, South Hajipur Dhobi Tola, Khagaria, Bihar	India
S1-610793763	Matulya Arts (India) Pvt Ltd	C/O Laxmipriya Nahak Holding No. 178, Ward No 9, Umerkote, Main Road, Nabarangpur, Orissa	India
S1-359853750	Garces Cal, L.L.C.	3026 Tharp Avenue, Bend, OR	US
S1-209386135	Shiva Infrastructure Limited	Tamil Nadu, Chennai, No.20/43, Umapathi Street, West Mambalam	India
S1-945654887	Sritech Vidyalaya Co	101, C.S.C. Pushpanjali Dda Market, Delhi, East Delhi, Delhi	India
S1-392323012	Gedney, Beemer & Wright Burtech	12 Hillside Avenue, Lynbrook, NY	US
S1-546788408	Sphinx Holdings	Madhubani, Jhanjharpur, C/O Ram Chandra Paswan, Villsarso, Tola-Sarisab, Bihar	India
S1-747493493	Dynamic Infotech Private Limited	38/4111/G14, 3-O, 3Rd Floor National Pearl Star, Edappally North, Kanayannur Cochin, Ernakulam, Kerala	India
S1-387626246	Pediatric Dental Associates of Dallas, Inc.	13105 Southview Lane, TX, Dallas	US
S1-961730174	Value Law Chambers Private Limited	9/1803 Supreme Tower, Sec 99, Dadri, Gautam Buddha Nagar, Uttar Pradesh	India
S1-22866641	Bangalore North Elephant Pvt Ltd	No 648/A-A2A, 1St Stage, Bangalore North, Bangalore, Karnataka	India
S1-729278271	Consolidated Defense Alliance LLC	149 River Street, NY, Warrensburg, Unit Unit 3	US
S1-335480732	Producer Shankheshwar Naturals Private Limited	Plot No 19A, S1, Komadeeswarar Nagar, Alamellumangapuram, Chengalpattu, Kanchipuram, Tamil Nadu	India
S1-619972638	Surgical Associates of Byers LLC	211 Pecan Avenue, Byers, TX	US
S1-327539004	Leone T. Oshea, CPA, M.D., P.C. Corp	Aledo, 425 1187, TX	US
S1-203073147	Jumbo & Co	C/O Sakir Alam, Kadamgachi, Alipur, Katihar, Bihar	India
S1-485346485	Taylor Institute of Technology Group	86500 Beaver Dam Road, Scio, OH	US
S1-838207922	Sky Foods Limited	2301, 23Rd Floor, Tower No. 4, M.G. Link Road, Nahur Bhandup, Mumbai, Maharashtra	India
S1-986377032	Oncology Great Specialists Inc.	Mammoth Spring, AR, 2780 Pleasant Valley Road	US
S1-455516258	Maa Impex Pvt Ltd	F.No-201, H.No. 137/2Rt 7-1-621/117, S.R Nagar, Hyderabad, Telangana	India
S1-342733770	Lotus Care	20-4-214/4/B, M Gally, Khilwath, Charminar, Hyderabad, Telangana	India
S1-243361206	Harekrishna Brothers Ltd	Fl-102, Silver Woods, Sect-3, Plot-53/A/2, Indrayani Nagar, Bhosari, Pune, Maharashtra	India
S1-498123204	Tech Systems Private Limited	28/4 Bharathiyar Roadd(Upstairs), S.S.Colony Madurai -10, Madurai -10, Madurai, Tamil Nadu	India
S1-886896112	Sg Teja Private Limited	House No. 482, Ingle Wada, Main Rd, B/H Khadim Shoes, Nagpur, Maharashtra	India
S1-833355180	Supreme Infrastructure LLP	Ward No-06, Gosaigaon, Dhanakdobh, Ghoswari, Ghoshwari, Patna, Bihar	India
S1-298901977	Marutinandan (India) Restaurantsprivate Private Limited	Ballabgarh, Auric Society, Sector 82, Greater Faridabad, Haryana, Faridabad, Flat Po .- 402 Tower-2	India
S1-63397969	Bankeybihari Care Private Limited	E-238, Greater Kailash-2, New Delhi, South Delhi, Delhi	India
S1-606408482	Peer & Sons Private Limited	S/321, G/F, Greater Kailash Ii, New Delhi, South Delhi, Delhi	India
S1-571144298	Dynamic Marketing Private Limited	Sri. Ashok Kr. Rai, S/O Ramanand Rai, China Ko, Phulwari, Patna, Bihar	India
S1-724867486	Heart Fund	6020 17th Street, Tucson, AZ	US
S1-728296566	Rapid Express Procap Inc	350 Redwood, Newstead, NY	US
S1-22641449	Letizia P. Jackson, CPA	1850 Settlers Glen Drive, Unit 306, Round Rock, TX	US
S1-841037392	Golden Management Pvt Ltd	4Th-Floor, C Wing, Ele Nesco It Park, Goregaon East, Mumbai, Maharashtra	India
S1-956220640	Simona Gatica Steel, Inc	1005 Floyd Avenue, Waldorf, MD	US
S1-553647651	Animal Welfare Apex Foundation	7408 Winona Street, Harwood Heights, IL	US
S1-642461111	Orellana Nevada	Madison, AL, 220 Grove Village Way	US
S1-741105689	Gonzales Globa LLC	3513 Spring Lake Terrace, Fairfax City, VA	US
S1-726387045	Reyeshernandez, Tomi C., DDS	5014 Peru Lane, Godfrey, IL	US
S1-834194094	Aggy Garcia Cherry LLC	Washington, 806 Channing Place, DC, Unit 514	US
S1-158629374	Ghaziabad Loom Limited	Office No 374 3Rd Floor, Cloud 9 Sec 1 Vaishali, Ghaziabad, Uttar Pradesh	India
S1-220286315	Physical Therapy Prime Care Partners	Englewood, TN, 412 Sunnyside Avenue	US
S1-994207642	Highland Family Practice	375 Champions Way, Lenoir City, TN	US
S1-939998609	Human Rights Institute	712 Woodchase Drive, Farragut, TN	US
S1-973371176	Holy Emanuel	952 Upper Street, Arlington, IA	US
S1-242748900	HH Tex Private Limited	Hyderabad, Hyd, 8-2/53/1/A1, Telangana, Vst Colony	India
S1-808627369	Sneed & Mcdonald Acadia Inc	13420 Auburn Avenue, Albuquerque, NM	US
S1-640247048	Direct Figx Inc	1413 Stapler Place, Wilmington, DE	US
S1-742640671	Anglin and Dangelo Inc	2609 Avalon Ridge Lane, Liberty Lake, WA	US
S1-253461588	Rrc Structure Private Limited	471/8 M Jail Road Lokpur Naini, Allahabad, Uttar Pradesh	India
S1-642156747	Seeley Lake Vision Desert Physicians Corp	975 Tamarack Drive, Seeley Lake, MT	US
S1-760038618	Cardiology Metropolitan Associates Inc	12223 Winthorne Lane, Houston, TX	US
S1-320605078	Tri-State Guild	436 17th Road, Hartford, KS	US
S1-350722896	Camala Harlan Management LLC	448 Main Street, Wellsville, NY	US
S1-906998708	JKV Technologies LLP	Plot No.11, Opp. Hyderabad, Pets Clinic, Bhagya Nagar, Golconda, Hyderabad, Telangana	India
S1-917428860	Laxmi Products Private Limited	B-404 Doctor House, Near Parimal Railway Crossing, C.G.Road, Ellisbridge, Ahmedabad, Gujarat	India
S1-250457429	Pediatric Dental Health	40 Anna Marie Lane, Hartsville, TN	US
S1-987269818	Services Kumar Management Private Limited	Plot No 330 Bhayla Dhanwanda Road, Bhayla, Bavla, Ahmedabad, Gujarat	India
S1-986152708	Taraendra Solutions Private Limited	80, Wazidpur Ramnagar, Varanasi, Uttar Pradesh	India
S1-238203805	T 6 Star Neuberger	3013 Juniper Drive, Norwalk, IA	US
S1-131387216	Anding Creative Renewable	1588 Cosmo Lane, Port Orchard, WA	US
S1-490535198	WTF Wood Private Limited	54, Karnavati Bunglows-Ii, Nr. Swaminarayan Chowk, Vastral, Ahmedabad, Gujarat	India
S1-950150722	Doran Restaurants Inc.	60 Broadway Street, Baileyville, ME	US
S1-802308240	Yonex Sea Limited	Motwani Ceramics Private Limited Plot No-1466, Nayapalli, Bhubaneswar, Khordha, Orissa	India
S1-796763060	Vision Management Private Limited	S. No. 23/6, Ashoka Mall Bund Garden Road, Pune, Maharashtra	India
S1-624105926	Ujjatech Traders Ltd	Building No 10 Manjunath Layout 3Rd Cross, 7Th Main, Bangalore North, Bangalore, Karnataka	India
S1-510628339	Olaniq Vision Corp	1157 Rankins Lane, San Bernardino, CA	US
S1-241902315	Jain Global Private Limited	122, Karumapurathanur Mothaiyanur Post, Sankari Taluk, Salem, Tamil Nadu	India
S1-837383581	Janot J. Marmolejo, DO, DDS PC LLC	558 Brightwood Road, Fl 0, Millersville, MD	US
S1-878956320	Salus Electronics Pvt Ltd	Dd Complex, Second Floor, Near Bus Stand, Thanesar, Kurukshetra, Haryana	India
S1-933904337	Liberty Ventures Inc.	1626 Skilift Court, Richmond City, VA	US
S1-771590180	City Power Pvt Ltd	1A, Plot Cd-110, Pre 13-0266, Flat 1A, Newtown Ichhamati Co-Opt., North 24 Parg, Anas, Parganas, Parganas North, West Bengal	India
S1-215760888	Cade, Elias & Seals Mckinley LLC	16912 Saint Helen Avenue, Bowie, MD	US
S1-21554917	Jaipur Equipment Co	Plot No.14/122, Mansarovar, Sanganer, Jaipur, Rajasthan	India
S1-719714708	Pinnacle LLC	4541 Prosperity Pike, Morris Township, PA	US
S1-139720900	Perfect Consultants Private Limited	13A Floor-13 Plot 400 The, Swatantrya Veer Savarkar, Mumbai, Maharashtra	India
S1-902877752	Apex Bright Commercial	475 Oak Street, White Salmon, WA	US
S1-538855798	Oncology Group of Argyle Inc	51 Gates Lane, Argyle, NY	US
S1-17428332	Mustang (India) Digital Pvt Ltd	7Th Floor Corporate Centreopp Hotel Sunshee L M Road Andheri East, Mumbai, Maharashtra	India
S1-202017937	Chiropractic Partners LLC	707 Laurel Street, Winston-salem, NC	US
S1-289713130	Shiv Logistics	194/2, Grd Floor, South Krishnapuri, Krishnapuri, Eidgah Road, Muzaffarnagar, Uttar Pradesh	India
S1-25655041	Services Digital Silks Private Limited	A-401, Legacy Chs Ltd, Lodha Road Opp Banegar School, Mira Road East, Mumbai, Thane, Maharashtra	India
S1-717959289	Jay Raj Management LLP	Flat No. 402, A-Wing Sr No. 27/1A, 27/1C, Inspira, Pune, Maharashtra	India
S1-769908893	Swastik Lotus Care Private Limited	Chowhan Vatika, Jaduha Polce Check Post, Hajipur, Vaishali, Bihar	India
S1-176873316	Shel Brandt National Painting LLC	550 Sparrow Road, Kalispell, MT	US
S1-267879236	Hampton City Baptist Premier Services	2211 Shell Road, Unit APT. 10B, Hampton City, VA	US
S1-602156907	Chavez Information LLC	8204 Thomson Road, Cheltenham Township, PA	US
S1-84351801	Sai Care Private Limited	Banshipur, Baburi, Chandauli, Uttar Pradesh	India
S1-355564031	A Secure Logistics LLC	33 Sunnyside Drive, Fairfield, OH	US
S1-799863861	Sun Builders Private Limited	Shop No-23, Csc, Gf, Dda Market, Pocket C-1, Mayur Vihar Phase-3, Delhi, East Delhi, Delhi	India
S1-173738648	Swastik Developers Private Limited	C-25/A, Street Number 3, Guru Nanak Pura, Hapur, Ghaziabad, Uttar Pradesh	India
S1-627612055	Saunders and Blackwell Quantumsphere LLC	538 Hazel Place, Akron, OH	US
S1-293656341	Randa Hall, CPA, M.D., P.C.	TN, Chattanooga, 1006 32nd Street	US
S1-8534732	Universal Media Private Limited	House No. 1241, Rang Mahal Behind Novelty Cinema, Delhi, Central Delhi, Delhi	India
S1-954428399	Atlantic Management, LLC	2317 Balderrain Lane, Tumacacori, AZ	US
S1-77747906	Twisted Cafe	511 Lynn Drive, Thomasville, NC	US
S1-843466405	Elite Burtech	310 Tona Street, Town Of Clint, TX	US
S1-484012585	Ridge First Altenergy Corp	3204 Sharmin Lane, Ankeny, IA	US
S1-2665228	Fredrickson & Merritt LLC	92 Truman Street, New Haven, CT	US
S1-176766994	Cronus & Brothers Private Limited	Plot No - 276/760, Ground Floor, Bhalukipatla, Near Dav Public School, Keonjhar, Kendujhar, Orissa	India
S1-751924734	Fortune Builders Private Limited	P.O. Birla Vikas, Madhya Pradesh, Near I.T.I., Satna	India
S1-783317478	Srn Brothers Private Limited	Office No.14, 3Rd Floor, Sai Chambers Premises Owners Co-Op H.S.Ltd., Plot No-44, Sector, -11, Cbd Belapur Navi Mumbai, Thane, Maharashtra	India
S1-140302329	Urban Engineering	Plot Np. 6, Reliable Water Compound Road Krishna Nagar, Kanpur Road, Lucknow, Uttar Pradesh	India
S1-689946563	Eye Specialists	17 Eyre Place, Babylon, NY	US
S1-700557137	Uptown Massage LLC	1909 145th Avenue, Bellevue, WA	US
S1-131093693	Modern Investments Private Limited	139, Kuber Kartik Complex, New Link Road, Andheri West, Mumbai, Maharashtra	India
S1-267915008	Rosalyn Armstrong Franklin, LLC	ME, 77 Parker Point Road, Blue Hill	US
S1-729397958	Highland Value Impact Inc	7804 Newco Drive, Hamlin, NY	US
S1-736252943	Great Ministries Inc	12808 144th Drive, Surprise, AZ	US
S1-979472703	Badyne Ridge Multimedia	NY, Hempstead, 3978 William Street	US
S1-921003724	Arihant Infotech Private Limited	Indiqube Alpha, Plot No 19/4 & 27, Kadubeesanahalli Village, Varthur Hobli, Bangalore South, Bangalore, Karnataka	India
S1-898969758	Zuniga, Holloway and Jewell Xsolla LLC	107 Mersey Road, Greensboro, NC	US
S1-933738846	Veify Inc.	10026 900th Road, Macomb, IL	US
S1-13798486	Cash Solutions Private Limited	325, Vardhaman Grand Plaza, Mangalam Place, Sector - 3, Rohini, New Delhi, Delhi	India
S1-480783036	Kshipra Foundation	Jagruti So. 4 Poll 16 578, Nr. Hanuman Mandir, Rajkot, Gujarat	India
S1-348937264	Cobalt Exports Private Limited	183/1 Maharani Avenue Ist, Coimbatore North, Tamil Nadu, Coimbatore, Phase, Veerakeralam	India
S1-668249022	High Big Agro Limited	F - 115, Shiv Kripa Market B/H 451 Textile Market, Ring Road, Surat, Gujarat	India
S1-588015070	Tri-State Light LLC	Unit 701, Tryon, NC, 70 Oak Street	US
S1-66211223	Heartland Coastal Acp Center	2012 Meadow View Drive, TX, Princeton	US
S1-88796036	Dion P. Bailey, D.O.	Auburn, 211 Park Drive, KS	US
S1-790956563	Cosavue LLC	1910 Essington Road, Joliet, IL	US
S1-483932060	Eastern Earth Group	2638 Clayton Arnold Road, Thompson's Station, TN	US
S1-187727266	Gpr & Brothers Ltd	C/O Jitendra Kumar, Taro, Kathautiya Kewal, Fatehpur, Fatehpur Block, Gaya, Bihar	India
S1-989710975	Coffin Green Biotechnology	MD, Bel Air, 1300 Oak Manor Court	US
S1-962358044	Rodger Vanguard Xcel Inc	3312 Roberta Lane, Riverside, OH	US
S1-956987959	Wilber's Staffing Inc	933 Fox Lane, Lewisburg, TN	US
S1-427337275	Precision Apparel Enterprises LLC	4425 Carthage Road, West End, NC	US
S1-869931920	Sree Construction Private Limited	Prayagraj, Allahabad, 48/5 Yojana 2 Awas Vikas Colony Jhunsi, Uttar Pradesh	India
S1-186386511	North Estate Private Limited	Hno 2000 A/P Shikrapur, Shikrapur, Pune, Maharashtra	India
S1-866291957	Jain Fortune Marketing	Karnataka, No 17 Bommanahalli, Bangalore South, Bangalore, Rajeev Gandhi Nagar	India
S1-543540061	Spurlock Piedmont Fast Inc.	141 Hamburg Street, Buffalo, NY	US
S1-466042431	Alonzo Patriot LLC	1226 Craig Avenue, Unit 8, Port Angeles, WA	US
S1-966140752	Jai Projects Limited	1St Floor Rajeev Nagar, 29Th Ward, Bellary, Hospet, D No. 1031, Karnataka	India
S1-239174165	Riix Equity Partners Inc.	20188 D Street, Douglas County, NE	US
S1-851171632	A Cure 4 IT	1214 James Street, Norristown Borough, PA	US
S1-376659432	Davis Certified Massage Inc.	132 Hall Street, Clarksburg, WV	US
S1-540888036	Autism Assistance Committee Inc	482 Hamilton View Drive, Hamilton, OH	US
S1-607985672	Global Health Ventures of Champlain	1421 9B, Champlain, NY	US
S1-423185025	Neely Fields Diamond Office LLC	5910 Winamac Lake Drive, Unit 3A, Mishawaka, IN	US
S1-747175132	Literacy Center LLC	4306 Scott Road, Jerusalem, NY	US
S1-478803461	Mendoza All P.C.	119 Malta Street, Brooklyn, NY	US
S1-672627288	Classic Technology Limited	Westgate B/504, Lodha Luxuria, Thane, Maharashtra	India
S1-210969639	Lk Healthcare Co	Apt No-3001 Sobha Iris Sy No 52/15 Opp Intel Outer Ring Road Devarabisanahalli Vurthu, R Hobli, Karnataka, Bangalore	India
S1-651960782	Best India Pvt. Ltd.	404 Shivalya Appt. Janakpuri, Alg, Aligarh, Uttar Pradesh	India
S1-89677886	Angil Ericson Creative Group	36 Bay View Terrace, Danvers, MA	US
S1-445305037	XKX Property Private Limited	B-5&6 Flat No-4246 Vasant Kunj, New Delhi, North Delhi, Delhi	India
S1-46170315	Monarch	1691 Village Trail, Maplewood, MN	US
S1-403654782	Prime Metal LLC	161 Old Forest Circle, Frederick County, VA	US
S1-784467228	Ekvira Fuels Limited	No 33/1 Hanuman Nagar Ambegaon Kh Opp Ramdev Super Market, Pune, Maharashtra	India
S1-531909603	Grand Works Inc	5312 189th Avenue, Unit #12, Bonney Lake, WA	US
S1-715256975	Corinna Gause Star Alussa Inc	16835 Kettle Creek Drive, Spring, TX	US
S1-5848969	Johnson Financial	Sacramento, Unit APT 56, CA, 6125 Stockton Boulevard	US
S1-774233510	Bell and Burns	WA, Lake Stevens, 2218 Lundquist Lane	US
S1-620145393	Ward Empire Transport Inc	4983 Brittonfield Parkway, Unit Suite 203, De Witt, NY	US
S1-560638853	Blue Travels Pvt. Ltd.	1St Floor, 2Nd Main, Vinayaka Nagar, Medahalli, Bangalore North, Bangalore, Karnataka	India
S1-250056473	Sapphire Corp	3513 Bayou Place, Corvallis, OR	US
S1-890786371	YSJ Myers LLC	14 Greensview Lane, Longview, WA	US
S1-945904134	Meridian Inc.	103 Heavens Green Acres Drive, Sutton, WV	US
S1-108375570	Aspen LLC	Joppa, 4092 Hog Jaw Road, AL	US
S1-22379621	Chiropractic Group of Edina LLC	7404 Gleason Road, Edina, MN	US
S1-387343772	Balaji Media Private Limited	475, Jawahar Marg Oppt. Bank Of Baroda, Siyaganj, Indore, Madhya Pradesh	India
S1-341026536	Montyx Cartesian LLC	27159 Baileys Neck Road, Easton, MD	US
S1-117432354	Paschim Mednipur Exports Pvt Ltd	Sadhan Kumar Maity Kshudiram Nagar, Burdge Town, Collectora, Te Road, Paschim Mednipur, Midnapore, West Bengal	India
S1-683402167	Signature Materials Industries LLC	21883 Cole Road, Champion, NY	US
S1-39637905	Rocky Anchor Sciences LLC	622 Indian Trail Road, Indian Trail, NC	US
S1-443558864	Indian Investment	C/O Bhagwat D Mirge At, Asadi Tq. Sillod, Aurangabad, Maharashtra	India
S1-813343249	Global Good Enterprises LLP	3/235, Vishal Khand, Gomti Nagar, Lucknow, Uttar Pradesh	India
S1-394491228	Jessi's Diner	2 Wentworth Terrace, Unit 2, Malden, MA	US
S1-350661258	Roth Ace Motors, LLC	105 Seth Drive, Stafford County, VA	US
S1-739484611	Dental Health	11017 Belmont Run Lane, Charlotte, NC	US
S1-2326728	Orbara Rock LLC	8014 W Gate Park, West Chester, OH	US
S1-741482148	QI Rocky Spruce	1816 Dupuy Road, Petersburg City, VA	US
S1-839197091	West Select Square Inc	7849 Wistar Woods Place, Henrico County, VA	US
S1-14127043	Segoviano Reliable Security Inc	4328 Thompson Avenue, Tacoma, WA	US
S1-460005471	Modern Marketing Private Limited	Hasanpur, Uttar Pradesh, Jyotiba Phule Nagar, C/O Kanti Prasad Verma Mohalla Holiwala	India
S1-570633624	Lyons, Walker and Baumgardner Molecular LLC	6545 Highway 10, Unit Unit 204, Ramsey, MN	US
S1-409257741	Folsom, Sandoval & Spencer LLC	1459 Dutch Creek Rd, Banner Elk, NC	US
S1-281236498	Topaz Development Care	No.786, Sree Srees, Avinashi Road, Coimbatore, Tamil Nadu	India
S1-271498654	Kohinoor Vidyalaya	1-113/41/302, Plot No. 302, Shreya Shilpa Park, Kondapur, Cyberabad, Hyderabad, Telangana	India
S1-197042224	Solutions Prp Track Pvt Ltd	310, Devpath Complex, B/H. Lal Bunglow, Off. C.G.Road, Navrangpura, Ahmedabad, Gujarat	India
S1-329958841	Corporate Cloud Global	2010 31st Ave, Council Bluffs, IA	US
S1-762946636	Shanaya Services	11Th Floor, Tower B4 Spaze Itech Park, Haryana, Unit No.1103, Gurgaon	India
S1-803044725	Georges Crystal Transition Inc	681 Sitka Deer Court, OR, Salem	US
S1-909039009	Huzur It Private Limited	H. No. B-186, Shahpura Bda, Huzur, Bhopal, Madhya Pradesh	India
S1-572273382	Federal Global Markets Associates	43 Fitchville Road, Norwich, CT	US
S1-68255746	Trusted Energy Concepts Inc	46 Parker Street, Staten Island, NY	US
S1-69229453	Family Physicians LLC	16317 Chestnut Street, Hesperia, CA	US
S1-822815679	JF Tri-State Exchange LLC	667 Croake Station Road, Springfield, KY	US
S1-10295366	Bright Hypnosis! Ltd	6069 Richmond Drive, Hillsboro, MO	US
S1-19238508	Freedom Polytechnic Private Limited	Plot No# 136, Gulmoharpark, Seri-Lingampally, R.R. District, Hyderabad, Telangana	India
S1-542235360	Apex Engineering Private Limited	Allapur, Daraganj, Uttar Pradesh, Allahabad, 1553 Kidwai Nagar	India
S1-657296748	Kolkata Engg Private Limited	Howrah, West Bengal, Kolkata, 92/1 Moulana Abul Kalam Azad Sarani 3Rf Rukmani Parasmani, Kolkata	India
S1-221417110	Hudson Literacy Institute, LLC	20 Saint James Circle, Hudson, MA	US
S1-242305174	Apex Hospitality LLP	6-1-55/1, Sy No.115, Shivrampally Opposite Pillar No.302, Aramghar, Hyderabad, Telangana	India
S1-980687727	Sky Construction Private Limited	H.No.1170A, Bafna Compound, Vevoor, Palghar East, Palghar, Thane, Maharashtra	India
S1-655688265	Clemons Industrials Inc	9266 Barenfenger Road, Worden, IL	US
S1-738115241	Gnn Solutions Private Limited	Ramkutir, 1St Floor, Opp. Krishna Talkies, Bhandup (W), Mumbai, Mumbai City, Maharashtra	India
S1-401553355	Star Broadcast Products	22316 State Highway 63, Hodgen, OK	US
S1-428451581	Nexyx Inflection P.C.	3411 Cascade Loop, Yakima, WA	US
S1-624433346	Management Abroad Pvt Ltd	Plot No 7, Kn Enclave, Ramdasnagar, Kapra, Old Muncipal Road, Hyderabad, Telangana	India
S1-89395210	Hannah's Auto Repair	Fort Worth, 4416 Columbus Trail, TX	US
S1-214347917	Shenoy Towing Inc	Costa Mesa, 2016 Calvert Avenue, CA	US
S1-693843510	Prime Enterprises Pvt Ltd	Mumbai, 2, Juhu Tara Road, Lovelita Apartment, North Bombay Society Opp Marriott, Maharashtra	India
S1-736923340	Samridh Constructions Pvt Ltd	Bathinda, Punjab, House No 15832, Street No1, Hazura Kapura Colony, Bathinda	India
S1-701688498	Rodriguez and Beardmore	628 Nesting Rd, Middlesex County, VA	US
S1-991057047	Horizon Cloud Brands	337 Shelton Turner Road, Lake Village, AR	US
S1-693252418	Hamric & Shim	OR, 5336 Windsor Island Road, Keizer	US
S1-878082042	Behavioral Health Physicians	Staten Island, NY, 11 Joseph Lane	US
S1-293631270	Moulton Enhanced Group	2331 Market Street, Unit 109, Akron, OH	US
S1-380100235	Riannon's Horizon Specialists	Unit 519, Cambridge, 799 Concord Avenue, MA	US
S1-756607719	Fatehpur Greentech	House No.89, Village-Narauli Bujurg Post Office- Amilihapal, Fatehpur, Uttar Pradesh	India
S1-527288770	Parekh India Private Limited	118, Heera Nagar, Dcm Ajmer Road, Jaipur, Jaipur, Rajasthan	India
S1-173816668	Dasaprakash Ventures Pvt Ltd	Plot No. 18-19, Sahnewal Dehlon Road, Ludhiana, Punjab	India
S1-354444400	Children's Institute	750 Demaret Drive, Unit 2, Columbia, MO	US
S1-836561694	Revive Welfare Society	D-9 Ground Floor, Sector3, Noida, Gautam Buddha Nagar, Uttar Pradesh	India
S1-373663390	United Systems Limited	Fl1, Chennai, Tamil Nadu, Pl No: 5, 4Th Main Road Aibea Nagar, Thiruvanmiyur	India
S1-674134414	Craig, Miller and Weimer Inc	Bloomfield, NM, 14 Road 51920	US
S1-802354505	Custom Telecom Enterprises LLC	490 3rd Street, Trenton, IL	US
S1-184369559	International Manglik Exports Pvt Ltd	S.N.15/2/2, Fl.208, Chank, Hingane Kd, Sinhagad Road, Pune City, Pune, Maharashtra	India
S1-855856732	Cardiology Specialists	607 19th Drive, Lanett, AL	US
S1-762189895	Venture Solutions Pvt. Ltd.	E-138, Sector 52, Noida, Gautam Buddha Nagar, Noida, Uttar Pradesh	India
S1-697401095	Prairie Safe Origin	Poulsbo, WA, 15432 Larm Road	US
S1-964617166	Board of Parks and Recreation Inc.	6991 14th Court, Fl 1, Lacey, WA	US
S1-39924556	Global Council	4975 Delaney Road, Turner, OR	US
S1-723766570	Urban Bistro LLC	201 Prestonwood Lane, Peters Township, PA	US
S1-106178549	Zephon Arrived Inc	1186 Weinbach Avenue, Evansville, IN	US
S1-14888119	Natraj Polytechnic Pvt Ltd	Shop No. 4, Ranjeet Enclave, Kunjpura Road (Iti Chowk) Near Ashoka Nursery, Karnal, Haryana	India
S1-256438344	MJY Project	Gala No 112, Ekdant Apartment, Vada, Kone, Palghar, Vada, Thane, Maharashtra	India
S1-309500876	IK Krishak	702, Kritika Tower Chs Ltd, Sion Trombay Road, Nr R K Studio, Chembur (E), Mumbai, Mumbai, Maharashtra	India
S1-26821564	R/K Brands	1023 Hampton Street, Atlanta, GA	US
S1-269921695	Cardiology	421 Washington Avenue, Edina, MN	US
S1-977818388	Eastern Impex Pvt Ltd	Village And Post Bhikanpur Village Bhikanpur, Ghaziabad, Uttar Pradesh	India
S1-280290980	Best Trusted Iris Clinic	118 Estate Cove, Hutto, TX	US
S1-815866430	Bright Energy LLP	Fc-114 Shivaji Enclave, New Delhi, West Delhi, Delhi	India
S1-165099225	Uma Medical Centre Private Limited	House No 1 At Dahiwadi Tal Man Dist Satara Dahiwadi, Satara, Maharashtra	India
S1-679923086	Emmett, Castillo and Mainor LLC	IN, Mishawaka, 14155 Esther Avenue	US
S1-801579757	Galaxy Ventures Pvt Ltd	2102, Floor-21St, Plot-62, Kesar Equinox, Sir Bhalchandra Road, Hindu Colony, Dada, R (East), Mumbai, Mumbai City, Maharashtra	India
S1-110510552	Smith Rothschild Clinic	404 La Joya Pass, Leander, TX	US
S1-98639504	Garcia Vanguard Churchill LLC	5512 New Fashion Way, Unit 1066, Charlotte, NC	US
S1-724744114	Hill Titan	876 Donald Lee Hollowell Parkway, Atlanta, GA	US
S1-138368779	Real Group	Haridas Compley A Wing Sno.15/3/2 Kolhewadi, Pune, Maharashtra	India
S1-140852379	Dous PLLC	3470 Vale Court, Prince William County, VA	US
S1-933535832	Cochin Group of Companies Pvt. Ltd.	C/O, Roor Singh, S/O, Balwant Singh, Gali No.2, Adarsh Nagar, Malout Muktsar, Malout, Muktsar, Punjab	India
S1-234442559	Nior, Inc	207 Darrell Phillips Drive, Lee County, VA	US
S1-913021801	Southern Superior Mitsubishi	8395 Patrick Henry Boulevard, Hanover County, VA	US
S1-621404988	Industries Sahyog Technologies Limited	303, 3Rd Fr, Siddha Weston, Building, 9 Weston Street, Kolkata, Kolkata, Howrah, West Bengal	India
S1-312523259	4600 Sunset Avenue Company	6924 Rosemary Lane, IL, Niles, Unit 1W	US
S1-132952952	Gordon and Delgado Photonics Inc.	4889 Oak Point Road, Lorain, OH	US
S1-559992207	Tatkal Financial Private Limited	54/2, Sanatan Mistry Lane, Uluberia - I, Howrah, West Bengal	India
S1-854166630	Zellner Gulf Kimco	16725 86th Avenue, Puyallup, WA	US
S1-687794676	WM Convertible Co	30348 92, Trail, MN	US
S1-733454512	Congregation Church	95 Lakeview Avenue, Unit Apartment 1, Harrison, NY	US
S1-860424792	Precision Commercial Brands	50 Kimberly Cove, Piperton, TN	US
S1-730337643	Sun India Pvt Ltd	C/O Subrata Barman, Choto Falimari Gobrachhara, Dinhata-I, Koch Bihar, Coochbehar, West Bengal	India
S1-828838208	Hoch Cell LLC	305 Sexton Road, Calera, OK	US
S1-386132529	Latour, Woods and Cornelio Automobile Inc	1057 Belvedere Circle, Mobile, AL	US
S1-32006399	Chan & Brothers Pvt. Ltd.	Flat No. 401, Slnvs Sree Njr Klr Nagar, Medchal, Kv Ranga Reddy, Rangareddy, K.V.Rangareddy, Telangana	India
S1-895727088	Jones Noble, Inc	11769 Grandville Avenue, South Jordan, UT	US
S1-845633768	Madalena's Staffing	335 200, Unit 14, Salt Lake City, UT	US
S1-920132837	Montus Oyster	89 Wellington Road, Fl Floor 1, Buffalo, NY	US
S1-459312732	U/C Resolution Inc	1115 Travis Street, Tyler, TX	US
S1-560440019	Gerri Barraza Bluerock LLC	2660 Fairmont Road, Montgomery, AL	US
S1-991203874	UI Bny	111 Pleasant Street, Unit 37, Watertown, MA	US
S1-300743711	Silver Trading Private Limited	Tirupati, Indira Nagar, Number- 19/10/19/1, Andhra Pradesh, Chittoor	India
S1-686011971	Renew Memorial Trust	131, Ranka Court, 18, Cambridge Road, Ulsoor, Bangalore., Ulsoor, Bangalore., Karnataka	India
S1-298414411	Shakti Engineering Private Limited	#52, Ews, 63 Exptl Houses, 707 Sfs, 4Th Phase, Yelahanka New Town, Bangalore, Karnataka	India
S1-665669920	Tumkur Trading Private Limited	3, Sanskruti Banglows Near. Govt. Colony Gurukul, Vastrapur, Ahmedabad, Gujarat	India
S1-823248721	Promoters Video Corp	C/O Prem Prakash Sharma, Firozabad, Shikohabad, Naushehra, Uttar Pradesh	India
S1-1721953	Jak Law Chambers Private Limited	H. No. 15-3-817, Lb Nagar, Janagaon Town Godavarikhani, Karimnagar, Nellore, Telangana	India
S1-623517725	Gallagher Endocrinology Inc	218 Sandhill Ridge Road, Belgrade, MT	US
S1-768169645	New (India) (india) Private Limited	52 - A Sharanam 10, Ahmedabad, Ahmadabad City, Nr. Prahalad Nagar, Vejalpur, Gujarat	India
S1-851202384	Life Technologies Limited	Sr. No. 125/1A/3 Ranjai, Society Anant Heights, Pune City, Pune, Maharashtra	India
S1-673235727	Grey Softech Private Limited	Near Bmtc Bus Depot, Sector Iv, Hsr Layout, Bangalore, No 14, Bangalore, Karnataka	India
S1-906237051	East Translational	276 Market Road, Incorporated, ID	US
S1-511741979	Giardina Great Royal Inc	527 Highway 65, Lake Village, AR	US
S1-26238948	Strongwell Construction Private Limited	34/35/2/1 Shree Arbindo Roadblock-D, Howrah, West Bengal	India
S1-224937875	Piedmont Industries	60 Egleston Road, Westfield, MA	US
S1-395261737	Decent Enterprises Private Limited	D-13/60, First Floor, Sector-8, Rohini, Delhi, North West, Delhi	India
S1-330086719	Continental Enterprise	1242 Corporate Center Drive, City Of Oconomowoc, WI	US
S1-166103594	Julianne's Massage	2329 Sutherland Drive, Amarillo, TX	US
S1-125834933	Good Investments LLP	Door No. 1322/1, Ward No. 40, Puthenkada Junction, Thiruvananthapuram, Thiruvananthapuram, Trivandrum, Kerala	India
S1-73316568	Beacon Mobility Alliance LLC	1210 Somerset Road, Fl 0, Severn, MD	US
S1-117065497	Creative Best Coca PC	11910 126th Court, Cedar Lake, IN	US
S1-53959786	Family Signature Care Associates	7198 Sunrise Drive, Huron, NY	US
S1-83195677	Alberto American LLC	10 Coachman Court, Unit APARTMENT 103, Randallstown, MD	US
S1-269876698	Caldwell and Strand	133 Brookside Way, Wenatchee, WA	US
S1-210451640	Fields Holding Company	2626 Pecos Road, Fl 1, Chandler, AZ	US
S1-625116740	Nulife Peripherals Limited	Plot No.82, G/F, Block R -3/A, Mohan Garden, Uttam Nagar, New Delhi, West Delhi, Delhi	India
S1-790039086	FD Digital of Mumbai Pvt Ltd	B/601, Nityanand Hsc, Kastur Park, Shimpoli Road, Borivali (W), Mumbai, Mumbai City, Maharashtra	India
S1-286120360	Lavinia Camacho, MD Inc	Chicago, IL, 534 90th Street	US
S1-347304557	Southern Properties LLP	112, Rajaram Salai, Kk Nagar East, Trichy, Tiruchirappalli, Tamil Nadu	India
S1-98460538	Chiropractic Colonial Clinic L.L.C.	64 Cedar Crest Road, Trumbull, CT	US
S1-140954329	Pava P.C.	213 Union Street, Marshville, NC	US
S1-727538330	Madson and Peters LLP	1058 Partridge Road, CA, Wrightwood	US
S1-552284079	Raj Marketing Private Limited	Ward No. 11, Didar Colony, Dabra, Gwalior, Madhya Pradesh	India
S1-661954186	Ferdinande C. Sutton, D.O., DDS PC Clinic	Humble, TX, 18814 Polo Meadow Drive	US
S1-563207226	Innovative Security Innovations	2515 9th Avenue, Texas City, TX	US
S1-854257130	Womens Health Associates	Zanesville, 4438 Harrington Drive, OH	US
S1-394397195	Rebekkah R. Herrera, DMD	173 Starcrest Drive, Orem, UT	US
S1-881153374	Gallaga Cohen LLC	23 Alder Street, Unit Apartment 1, Yonkers, NY	US
S1-536522516	Abrams's First Signs	Saint Louis Park, 9100 22nd Street, MN	US
S1-683246600	Garcia Smart Biotech L.L.C.	TN, Unit 635, Nashville, 900 2nd Avenue	US
S1-956244799	Mvd Trading Private Limited	52, Standage Roadfraser Town, Bangalore, Karnataka	India
S1-538885031	Jogeshwari Procurement Pvt Ltd	304, Sun Moon Ii Chs Ltd, S V Road Dr Samant Marg Agarwal Industrial Estate, Jogeshwari, Mumbai City, Maharashtra	India
S1-941781347	Big Construction Pvt Ltd	Plot No. 3714, Phase Iv, Engineering Zone, Gidc Vapi, Vapi, Valsad, Gujarat	India
S1-696415516	Swastik Logistics Private Limited	Huzur, B-1, New, Industrial Area Phase-Ii, Bhopal, Madhya Pradesh, C/O Rohit Ispat	India
S1-227017794	Orban Presidio	806 Adams Court, Monticello, IL	US
S1-221231780	Lynx LLC	110 Summit Drive, Beckley, WV	US
S1-335678980	Shine Buildcon Private Limited	8-2-584/U/ 1-A Uma Enclave Block -1 Ist Floor Road No.9 Banjara Hills Hyderabad-034, Hyderabad, Telangana	India
S1-530659270	BJ Alloys Private Limited	129/6, 1St Floor, Lalbagh Main Road, Shanthinagar, Bangalore South, Bangalore, Karnataka	India
S1-103331570	India Jubilant India Ltd	Hno 134 Revansidheshwar Zop.Vijapur Road, Solapur, Maharashtra	India
S1-729258912	Regional Logistics Services Care	1101 Gannon Avenue, Enid, OK	US
S1-944321474	Tirupati Construction Private Limited	B-Sh-02, Sarvoday B Chs Ltd, Nr Holy Cross School, B P Cross Road, Bhaindar East, Thane, Maharashtra	India
S1-309215197	Romero Silver Muniyield Associates	Colville, WA, 216 K Schumaker	US
S1-171050433	Holy Baptist Church	110 Lewis Street, Bridgeport, CT	US
S1-944685744	Williams Vanguard Spa LLC	209 Tramper Road, Cherokee, NC	US
S1-480374136	Butler Photonics Inc	1601 W Hill Road, Laramie, WY	US
S1-694473654	Ziraita Technologies Ltd	17A/1, W.E.A. Karol Bagh, New Delhi, Delhi	India
S1-259010078	A Value Glass	179 Stevens Avenue, Mount Pleasant, NY	US
S1-571834613	C.L.S. Building M.G. Road Vision Private Limited	1St Floor, C.L.S. Building M.G. Road, Cochin, Kerala	India
S1-739797211	Wilkesboro Hill	1104 Brookwood Drive, Wilkesboro, NC	US
S1-960199634	Milestone Traders Pvt Ltd	H.No. 9, Rm-12, Midc, Nagapur, Ahmednagar, Ahmed Nagar, Maharashtra	India
S1-808717310	Saint Chapel	3635 Sevilla Drive, Soquel, CA	US
S1-23058836	Great Marketing Pvt Ltd	2, Upper Gr Floor, J K Tower, Opp. Sub Jail, Khatodara, Ring Road, Surat City, Surat, Gujarat	India
S1-965278861	Richa Technology Private Limited	P-16 Motijheel Avenue Dum Dum, Kolkata, South 24 Parganas, West Bengal	India
S1-689601198	Innovative Exports Private Limited	Fno 16, 4Th Flr, Chaitranab, Soc G Block, Aundh, Pune City, Pune, Maharashtra	India
S1-747861101	Laxmi Investment Private Limited	18Th Road, Khar (West), Maharashtra, Mumbai, Hira Prem Milan Co-Operative Society Limited Plot No 563 & 564	India
S1-925924365	Delh-110085 Four LLP	A-2/187, Sector-8 Rohini, Delh, Delhi	India
S1-261613849	Blystone's Consulting PLLC	8125 Shibler Drive, IN, Indianapolis	US
S1-73660642	Gannayak Industry of Indore Private Limited	37 G.F., Scheme No. 54 Vijay Nagar, Indore, Madhya Pradesh	India
S1-996047025	Darryl Parker Green Andretti LLC	402 Timberline Drive, Granbury, TX	US
S1-100122317	New Delhi Apps Private Limited	South West Delhi, Wz 180 Ground Floor, Khasra 70/13/2 Village Palam, Delhi, New Delhi	India
S1-428374922	Blue Infrastructure Private Limited	Flat No. 201, 2Nd Floor, Row House No. 65, Opp Tilak School, Sector 5, Ghansoli, Navi Mumbai, Thane, Maharashtra	India
S1-834618351	Gulf Investments LLC	8775 Jeff Hamilton Road, Unit 157, Mobile, AL	US
S1-324330218	Fine Vidyalaya LLP	Regus Pune Metropolitan Business Centre Pvt.Ltd., 4Th Floor, Office No.7, 8 Sr.No. 125/2 3 4/2 3 4/1 2/2, Haveli, Pune, Maharashtra	India
S1-648295069	Limitless Services Private Limited	B-110, Parshva Vihar, Plot No 50, Patparganj, New Delhi, East Delhi, Delhi	India
S1-215206193	Jain Investments Private Limited	3Rd Floor, Bullion Association Building, Zaveri Bazar, Mumbai, Maharashtra	India
S1-825351745	Herrejon, Jackson and Dubbs Royalties	4138 Pearl Road, Cleveland, OH	US
S1-174723317	Settle Best Advisory P.C.	City Of Menomonie, WI, 1714 Cedar Falls Road	US
S1-406289425	Eye Health, Inc	Chicago, IL, 13151 Avenue M	US
S1-230278554	Balaji Consultancy Private Limited	J6/73 Kartar Nagar, 3.5 Pusta, Delhi, North East, Delhi	India
S1-206207156	Vision Software Pvt Ltd	H.No. 17, S/F Julaina, Newdelhi, South Delhi, Delhi	India
S1-719454654	Moteo Inc	521 Duncan Avenue, Alexandria City, VA	US
S1-560325454	JQV Technologies LLP	A-201 Twin Towers Lakhan Pur, Kanpur, Uttar Pradesh	India
S1-743689123	Kaveriya Cabs Pvt Ltd	0 Block 8 S.No5 Elphiston, Rd Dr. Coyaji Rd, Pune City, Pune, Maharashtra	India
S1-547872011	Satarupa Visionary (India) Private Limited	8-1-332/3/6/2 And 3, Ground Floor, Aziz Bagh, Golconda, Hyderabad, Telangana	India
S1-211843485	Bordelon's Empire Nails Inc.	69 Grant Avenue, White Plains, NY	US
S1-655688895	L & T House LLC	15 100, Panguitch, UT	US
S1-198767674	Creative Security Global Corp	12520 23, Ashland, NY	US
S1-617165355	Zavala Pediatrics	2149 Walcott Road, Unit #204, Aurora, IL	US
S1-62205513	Visual India Private Limited	13, Vanza Co.Op.H.Society, Opp:Shri Krushna Tower, B/H:44 Bunglow, Bodak Dev, Vastrapur, Ahmedabad, Gujarat	India
S1-943789777	Max & Sons Private Limited	Block 9-A1, Bsf Chowk, Jalandhar -Ii, Jalandhar, Punjab	India
S1-792586057	Ward's Wellness	16458 Arroyo Vista Drive, Fountain Hills, AZ	US
S1-550367436	Lee and Scull LP	KY, Unit 121, 2223 Magazine St, Louisville	US
S1-578969146	Blue Piedmont Renaissancere LLC	5842 Spring Hollow Drive, Toledo, OH	US
S1-25350481	United Institute	2407 Lakeshore Court, IN, Lebanon	US
S1-573447861	Garvin, Strickland and Barrios Healthcare Inc	226 Bairds Creek Rd, Vilas, NC	US
S1-50773012	Ram Consultants Private Limited	1St Floor, Plot No-379/384/385, W. No-25, Janpul Chowk, Station Road, Near Dr.Nand K, Motihari, East Champaran, Bihar	India
S1-53378564	Heart Guild	1889 B Fairport Nine Mile Point Road, Penfield, NY	US
S1-327034287	Superior Mobility Labs Chattanooga Co	6713 Northside Drive, Chattanooga, TN	US
S1-904574887	Lee, Kawano & Garcia Inc	13015 Rancho Santa Fe Boulevard, Unit 1207, Avondale, AZ	US
S1-403875591	Sree Agro Private Limited	Mumbai, 301, Mumbai, Maharashtra, 3Rd Floor, Plot-952/954, Oribit Plaza, New Prabhadevi Road, Prabhadevi	India
S1-53673214	Dubois, Gonzales and Delorme LLC	6599 Harbor Drive, Canton, OH	US
S1-207852583	India Nita Alloys Private Limited	1001, Cts No. 67-A/1/2, Simba Tower Off.W.E.Highway, 12, Aradhana Indl. Estate, Mumbai, Mumbai City, Maharashtra	India
S1-432275786	Complete Union	302 2nd Street, Wilmington, NC	US
S1-707708298	Dynamic Defense Corporation	271 Titicut Street, Bridgewater, MA	US
S1-654436460	Micaela's Enterprises	4333 Arbor Crest Lane, Manvel, TX	US
S1-505488250	Haveri Gold Pvt Ltd	Rs No.185, Plot No 109, 3Rd Cross, Sharada Layout, Shivaji Nagar, Haveri, Karnataka	India
S1-716782433	Lilla's Medical LLC	14437 Garber Lane, Houston, TX	US
S1-718098902	Grear Recruiting LLC	W2882 Oakridge Drive, Town Of Buchanan, WI	US
S1-527257564	Family Initiative	1448 Azalea Avenue, Ontario, CA	US
S1-714329325	Family Reliable Care	NC, 21 Gloucester Court, Durham	US
S1-311936925	Interstate Alliance IV Inc	Auburn, WA, 35430 56th Avenue	US
S1-260951945	Rajendra Solution Private Limited	Telangana, Hyderabad, 3-225/Sh/301 Fno: 301, Sterling Height, Kavuri Hills, G B Pet, Shaikpet	India
S1-670225337	Behavioral Health Platinum Medicine Inc	1632 Iron Horse Circle, Colton, CA	US
S1-362063019	Creative Infrastructure Private Limited	Gurgaon, 04-002, Gurgaon, 4Th Floor, Mgf Metropolis Mall, Mg Road, Haryana	India
S1-37704707	Sanganer Kundan Ltd	36 Krishna Vihar Colony, Sanganer, Jaipur, Rajasthan	India
S1-620085288	Innovative Equity Services	810 Yucca Street, Oxnard, CA	US
S1-150443792	Concrete Design	507 Chetak Centre, Rnt Marg, Indore, Madhya Pradesh	India
S1-615013118	XRF Land Inc	KY, 195 Ronda Avenue, Falmouth	US
S1-220235933	Orthopedic Empire Physicians	1148 Ocean Avenue, Moscow, IA	US
S1-836906131	Cardiology Valley Clinic	6618 Beacon Avenue, Seattle, WA	US
S1-993618935	Maa Estate LLP	37, G.I.D.C, Vapi, Gujarat	India
S1-313494209	Metro Strategic Fox LLC	24 Lakewood Drive, Orchard Park, NY	US
S1-707326080	Marquis Anchor Ncr	47 Tree Haven Drive, Brevard, NC	US
S1-734505774	Anand Services Private Limited	Bangalore, 11Th Main Road, Pipe Line, Kalappa Block Srinagar, Banashankari 1St Stage, Karnataka, Bangalore, #13/1	India
S1-4060393	Heritage Bay Carlyle	3634 Woodford Road, Cincinnati, OH	US
S1-261137690	Jain Industries Limited	Rajasthan, Jaipur, 11/0B/863, 1St Floor, Ring Road Corridor, Bus Stop	India
S1-125598698	Secunderabad Hospital Private Limited	No 134, Hyderabad, Telangana, Secunderabad, Sainikpuri, Defence Colony Top Hills Road, Opp Arna Collections	India
S1-28782837	Aditya Energy Pvt Ltd	304A, Jaina Tower-1, District Centre, Janakpuri, New Delhi, West Delhi, Delhi	India
S1-418808766	Mms Nirman (India) Corporation	No 1/441, Avinashi Main Road, Near Indian Bank, Chinniampalayam, Coimbatore, Tamil Nadu	India
S1-732980514	Blue Bike Shop	1570 Highway 70, Gallaway, TN	US
S1-754103324	Ramprasad & Co Pvt Ltd	Bangalore, Ssr Balaji, Enclave, Udhaya Layout, Flat No. 201, Bangalore South, Karnataka	India
S1-532989584	All Dave Corp	78 Easy Street, Chapmanville, WV	US
S1-132823721	A Platinum Business	4341 Plainsman Way, Prescott Valley, AZ	US
S1-28702976	Whittier Youth Church LLC	135 Martin Road, NC, Whittier	US
S1-305596173	Green Services Limited	No 105, Ground Floor, 4Th Street North Hudco Colony, Tatabad, Coimbatore, Tamil Nadu	India
S1-665555995	Morrow & Le Generation LLC	245 Hempstead Avenue, Hempstead, NY	US
S1-669929505	Sonigara Clinic	3/49, Rasool Complex, Gandhiji Main Road, Paramakudi, Ramanathapuram, Tamil Nadu	India
S1-854879243	White Armour, Inc	Killingly, 36 John Street, CT	US
S1-711096000	Neathery, Riley and Saunders Iheartmedia	259 Wimer Mountain Road, Highland County, VA	US
S1-852571966	Creative Consulting Private Limited	32 1St Floor Green Ville, Sector 35, Karnal, Haryana	India
S1-209113689	Patriot Clean Direct LLC	75 Belmont Avenue, Unit 1, Springfield, MA	US
S1-86629491	Canary Estates Public Limited	Ambala, Haryana, Ambala Cantt, H.No. 6-A Ram Nagar	India
S1-5841304	Super Investment Private Limited	1116, Floor-11, Plot-213, Raheja Chambers Free Press Journal Marg, Nariman Point, Mumba, I, Mumbai, Mumbai City, Maharashtra	India
S1-70518220	Chevalier Paceline of Long View	NC, Long View, 520 26th Street	US
S1-43936497	Virgie Fox Best Entertainment, Corp	4964 Garibaldi Road, Snowflake, AZ	US
S1-176626868	Bureau of Environmental Protection	13514 83rd Circle, Vancouver, WA	US
S1-954519290	Lengyel & Leone, LLC	301 Hawk Ridge Dr, Unit 3107, Iowa City, IA	US
S1-288479659	United Trading Private Limited	E-6/ 8 B Char Imli Behind Shani Temple, Bhopal, Madhya Pradesh	India
S1-421126020	Lee Palacios Blue Enterprise, Inc	5 Wisteria Court, Angleton, TX	US
S1-897439439	Joyce & Fields Hcm Group	4 Glen Road, Unit 521, Hudson, MA	US
S1-287335409	Maa Software Private Limited	Flat No. 4056, Tower 4, Prestige Song Of South, Bangalore South, Bangalore, Karnataka	India
S1-220385488	Internal Medicine Associates LLC	13146 Dowdens Station Way, Clarksburg, MD	US
S1-208029006	Penelopa H. Rhodes, P.A. P.C.	2 A Stonehenge Circle, Unit APARTMENT 6, Pikesville, MD	US
S1-414612978	Rodgers Great Permian Corp	508 Race Street, Mt Pleasant, IA	US
S1-994757313	American Fellowship III	Fuquay-varina, 1025 Fieldhaven Drive, NC	US
S1-154888532	Navimumbai Systems Limited	Shop No.08, Plot No.15, Arihant Chs Ltd Sector 06, Airoli, Navimumbai, Thane, Maharashtra	India
S1-85303635	Siddons Roofing	Hardinsburg, KY, 312 3rd Street	US
S1-817783724	Value Interstate Pgim LLC	3745 44th Avenue, Minneapolis, MN	US
S1-565641781	Modern Semiconductor Associates	105 Woodlawn Avenue, Unit Apartment 2, Yonkers, NY	US
S1-165857777	Loutitia's Wellness	185 1100, Logan City, UT	US
S1-641832326	Lucky Cleaning Service	7908 Flintlock Circle, Leander, TX	US
S1-797080115	Darling & Mccoy Centurion Inc	KY, 332 10th Avenue, Dayton	US
S1-691005677	Hsg City	3/8Shanti Niketan, New Delhi, South Delhi, Delhi	India
S1-170780445	Aguinaga Archimedes Inc	3826 162nd Street, Cleveland, OH	US
S1-546140515	Madras Matters Pvt. Ltd.	152, Mint Street, Madras, Chennai, Tamil Nadu	India
S1-604262138	Vakratund Sciences Private Limited	3Rd Flr, Chinubhai House 7-B Amrutbaug Colony Opp Sardar Patel Stadium Nr Hindu Colony, Na, Vrangpura, Ahmedabad, Gujarat	India
S1-46183728	Shakti Systems Limited	No. 341/1, New Colony Road, 15 Velampalayam, Tirupur Tn, Chennai, Tamil Nadu	India
S1-517620762	Nath (India) Miracles Private Limited	New Delhi, Iiird Floorj-I/398 Dda Flats Kalkaji, Delhi, South Delhi	India
S1-422431573	Creative Mobility Technologies LLC	107 Common Street, Quincy, MA	US
S1-397445983	Jai Foundation	Apartment No. 8C, Block 3, Asset Homes Signature, Thiruvananthapuram, Thiruvananthapuram, Trivandrum, Kerala	India
S1-988437688	Standard Education International	412 3rd Street, Deer Park, WA	US
S1-911012067	Federal Heritage Automotive LLC	15808 86th Circle, Vancouver, WA	US
S1-280879705	Bharat Brothers Private Limited	C/O Hikmat Aslam Khan Ward No 12, Lonar Buldhana, Buldhana, Maharashtra	India
S1-807628856	Blue Infotech Pvt Ltd	20 Bharti Bhavan73 R A Kidwai Kroad Kings Circle Matunga Cr, Mumbai, Maharashtra	India
S1-618318002	Silver Solution Private Limited	164, Ground Floor, Ip Colony, Sector 33, Faridabad, Haryana	India
S1-737233017	79 First Ave Properties LLC	3507 Wildwood Street, Yorktown, NY	US
S1-828091412	Casa & Brothers Limited	317/321 Prospect Chambers2Nd Floor D N Rd, Mumbai, Maharashtra	India
S1-859470907	Integrated Fortunex	921 Azurine Circle, Fort Mill, SC	US
S1-903628027	New Delhi Merchants Private Limited	B-2/3, Okhla Ind Area Phase-Ii, New Delhi, Delhi	India
S1-564642818	Corcoran Senior Inc.	2801 Taylor Street, Harlingen, TX	US
S1-141668628	White Prime Finance Private Limited	Sikar, Rajasthan, Plot No. 11, Sikar, Jain Nagar, Gokulpura, Jaipur Road	India
S1-881484101	Cathy Carrasquillo Nova	103 Stone Point Drive, Annapolis, Unit 375, MD	US
S1-318323791	Scg Trading Private Limited	A 404 Sai Baba Apartmnet Sec 9 Rohini, Delhi, North West, Delhi	India
S1-490395767	Reedy Grade P.C.	7601 Ribier Drive, Stokesdale, NC	US
S1-607093649	Conroy Signature Third, Inc	1104 Sweetleaf Drive, TN, Franklin	US
S1-441101512	Kearns Value LLC	21832 Switzer Road, Defiance, OH	US
S1-275083587	Roberson & Smartt Inc	1227 Dammert Avenue, Fl 0, Saint Louis, MO	US
S1-167045221	Continental Association	OH, 8325 Englewood Street, Warren	US
S1-723745293	Baba Infotech Limited	Flat No 103, Bvrs Residency, Jayakrishna Enclave Hasthinapuram South, Karmanghat, Vaishal, I Nagar, Hyderabad, Telangana	India
S1-677797375	Safe Superior Cafe PLLC	30 King Street, Onancock Town, VA	US
S1-73044948	Minson Advantage Inc.	Oneonta, 73 Elm Street, NY	US
S1-610113167	Carroll Choice Melar LLC	1144 Hewitt Avenue, Canton Township, PA	US
S1-97450814	Quinones Edp LLC	21 Eagles Way Lane, Lake Saint Louis, MO	US
S1-780594520	Emelia Johnson Pharmaceutical Inc	356 N State Street, Spencer Village, OH	US
S1-940066892	Star Properties Pvt Ltd	F-11B, First Floor, Asha Chambers, No. 2, Venkatswamy Raju Road, Kumara Park West Block, Bangalore North, Bangalore, Karnataka	India
S1-623144748	YO Pan LLC	1059 Victoria Avenue, Burlington, WA	US
S1-913514235	Aristo Ambey Pvt Ltd	178 S/F R/P Rps Colony Molar Band Road, Madan Gir, New Delhi, Delhi	India
S1-485312459	Unique Impex Private Limited	Indore, 4, Madhya Pradesh, Patrakar Colony	India
S1-79976766	Gregory Produce Inc.	5696 Rowsey School Road, Bethel Springs, TN	US
S1-268285199	Rsd Agro Corp	Pareswar Sahi, Zobra College Sqare, Cuttack, Orissa	India
S1-857263941	Delgado and Davis Plains Group	36 Willow Road, Rocky Hill, CT	US
S1-682249197	Pickup Constructions	408 Bansiwala Tower, Sapna Sangeeta Road, Indore, Madhya Pradesh	India
S1-875198731	Roney and Burns Lifesciences Inc.	72 Jackson Street, Brooklyn, NY	US
S1-226643108	Allied Wellness Labs Inc	5940 Satinwood Drive, Chesterfield County, VA	US
S1-474425780	Neelkanth Scientific Private Limited	Unit 10B, 10Th Floor Sec58, Ireo Grand View Tower, Gurgaon, Haryana	India
S1-582378704	Aditya Services LLP	45/46, Om Textile Park, V-3, Kamrej, Kamrej, Surat, Gujarat	India
S1-915669538	Thurston's Green Laboratories P.C.	KS, Augusta, 501 1/2 State Street	US
S1-279555308	Automated Property Worldwide	6 Beals Street, Unit 2, Brookline, MA	US
S1-922690554	Mira & Co	2 Church Lane 2Nd Floor, Rn-201, Kolkata, Kolkata, Howrah, West Bengal	India
S1-715727860	YXN Value Tax	108 Adams Street, Boston, MA	US
S1-357177344	My Products Private Limited	A-44/655 Krishnanagar Saijpur Bogha, Ahmedabad, Gujarat	India
S1-331088898	Hari Infra Private Limited	82 Parsodi Pachgaon, Tah Umred, Parsodi, Umred, Nagpur, Maharashtra	India
S1-350524044	Lucky Coffee LLC	14334 Pioneer Road, Unit UNIT 17, Apple Valley, CA	US
S1-700447045	Piedmont Fellowship PC	6102 6th Avenue, Unit #B5, Tacoma, WA	US
S1-904844059	Little Coffee	20177 Thomas Road, Unit 622, Buckeye, AZ	US
S1-614219325	Synergy Finance Private Limited	No. 180, Mfar Silverline Tech Park, Whitefield, Bangalore, Karnataka	India
S1-217859068	Hayes Internet LLC	153 Canterbury Road, Pendleton, IN	US
S1-485567300	Cheung Medical Center LLC	107 Janice Lane, Unit Campsite 36, Carlisle, NY	US
S1-360044652	Bonny Trading Private Limited	C/O Surender Tewatia, Mirzapur, Faridabad, Ballabgarh, Faridabad, Haryana	India
S1-309602370	Jackson Innovative	304 16th Street, Lumberton, NC	US
S1-851608660	Hv Infraprojects Private Limited	Unit No 140, 1St Floor Tower B-3 Spaze, 1St Tech Park, Sohna Road, Gurgaon, Haryana, Gurgaon	India
S1-44228080	Greenwood Liberty Software Clinic	240 Great Circle Road, Unit 346, Nashville, TN	US
S1-900600485	Talya Tang, Ph.D.	7025 Running Fox Court, Florence, KY	US
S1-771855495	New Delhi Fund Private Limited	Plot No. 244, New Delhi, West Delhi, Delhi, Village Hiran Kudna, Nangloi	India
S1-109742654	Bocanegra, Charmine K., DO	712 261, Boonville, IN	US
S1-585355015	Pagano Cascade States	1528 Mebane Street, Unit 212, Burlington, NC	US
S1-734228259	Vantio Northwest, LLC	1127 Chambrey Court, Dayton, OH	US
S1-630561478	IQT Peoples LLC	116 Highland Avenue, Dover, OH	US
S1-200540576	Colonial Pediatrics	15613 Thoroughfare Road, Prince William County, VA	US
S1-819625711	Sims Restaurant	14269 102nd Avenue, Fl 1, Yelm, WA	US
S1-318051088	Mccoy Interactive Inc	13581 Colorado Road, Pinon Hills, CA	US
S1-672753154	Urology Choice Care, Inc	5824 Jordan Canal Road, Taylorsville City, UT	US
S1-770892475	Choice Advisors LLC	NM, 4527 Agate Hills Road, Albuquerque	US
S1-561921743	Gold Foods Corp	Basement Of Aashray Flat, Opp. Jalaram Society B/H Pujer Complex, Subhanpura, Vadodara, Gujarat	India
S1-486229288	Womens Health Ridge Specialists Clinic	3913 Kenmore Avenue, Parma, OH	US
S1-567591970	Wincon Maritime Private Limited	H-905 Ajnara Integrity, Raj Nagar Extension, Ghaziabad, Uttar Pradesh	India
S1-331705332	Maus Obic Inc	1656 Cree Arch, Virginia Beach City, VA	US
S1-53878698	Bm Solar Private Limited	Kerala Gidc Ta. Dholkadist.Ahmedabad, Ahmedabad, 914, Gujarat	India
S1-700980674	IOJ Crane PLLC	1342 Perry Place, Washington, DC	US
S1-86165011	Ross & Waggoner Yhn	16271 Wrangler Avenue, Conroe, TX	US
S1-188299702	Mangalore Techlabs Limited	Gamebot, Marian Paradise Plaza Bunts Hostel Road Hampankatta, Mangalore, Dakshina Kannada, Karnataka	India
S1-841009399	Unified Technical Worldwide LLC	3733 Blue Blossom Drive, Raleigh, NC	US
S1-464362444	Kats Academy	Orissa, Dhenkanal, At: Koi Ka, Dhenkanal, Po: Taranipasi, Ps; Kankadahad	India
S1-437479304	XZF Gill	707, Lodha Supremus, Senapati Bapat Marg, Lower Parel, Lower Parel West, Nr. Hdfc Bank House, Mumbai, Maharashtra	India
S1-423792024	Advanced Wellness Inc	7208 Honeybush Drive, Mount Airy, MD	US
S1-748033594	Binoo Inc.	8504 Noble Loon Street, Massillon, OH	US
S1-580103364	Ruane Cap LLP	14304 Rosetree Court, Silver Spring, MD	US
S1-799317515	Spice Producer Limited	C/O Savitri Devi 1, Mehada Post Kaptanganj, Hata, Kushinagar, Uttar Pradesh	India
S1-399491682	OIW Genius Private Limited	Feroze Gandhi Market, Ludhiana, Punjab	India
S1-581560251	Jay Logistics Pvt Ltd	50 Kumaran New Street, Aruppukottai, Virudhunagar, Tamil Nadu	India
S1-51474464	Savanur Investments	No. 01, Keb Quarters, Near Ganesh Temple, Govt. Hospital Road, Savanur, Haveri, Karnataka	India
S1-251556121	Liberty James LLC	800 St Marys Street, Unit 211, Raleigh, NC	US
S1-915348353	White Hospitality Private Limited	D 9/1 Sf 95 S.V.Patty, Karthik Nagar, Saravanampatty, Coimbatore, Tamil Nadu, Coimbatore	India
S1-21240542	Family Chiropractic	Lansdale Borough, PA, 714 Walnut Street	US
S1-776753062	Petit Catering LLC	61 Huntley Heights Road, Wadesboro, NC	US
S1-620525720	Pradyumna Mills (India) Private Limited	Sf No 6881A1A2C, Madukkarai Road Kurichi Village, Eachanary, Coimbatore, Tamil Nadu	India
S1-460822131	Priyanka & Co	9A, Alipore Park Place, Kolkata, Howrah, West Bengal	India
S1-324760819	Reyes Healthy Inc	9435 Purdue Avenue, Unit UNIT 246, Scottsdale, AZ	US
S1-504998980	Sauer Industries LLC	10444 Kardwright Court, Montgomery Village, MD	US
S1-634412799	South Minerals	551 Sunset Road, Russell County, VA	US
S1-350930984	Metropolitan Integrated Pineapple	1211 Heron Pointe Drive, Nashville, TN	US
S1-383620798	Delta International LLC	264 Magnolia Drive, Brookhaven, NY	US
S1-288451419	Foundry Landscaping Corp	3104 17, Kankakee, IL	US
S1-695113940	Rapid Square	110 Monroe Avenue, Piedmont, OK	US
S1-699833922	Golden Cleaning Service PLLC	2182 495, Princeton, TX	US
S1-546184841	Badyne Tire Shop Inc	5270 Edenshire Avenue, Memphis, TN	US
S1-754440704	Solyn Constellation	11 Glenridge Road, Aurora, NY	US
S1-493710224	Pediatric Dentistry Group	Unit 141, 1516 19th Street, WA, Mount Vernon	US
S1-552396675	Lakshmi Marketing Limited	B 72 Gujranwala Town, Delhi, North West, Delhi	India
S1-375266965	Safe Wireless Global Inc	Burlington, 2474 Moran Street, NC, Unit A	US
S1-156143307	Thane Infraspaces Private Limited	E-14, Neelkanth Woods, Mulla Bag, Thane, Maharashtra	India
S1-769212911	Electronic Insurance Technologies, LLC	323 Lower Creek Drive, NC, Lenoir	US
S1-425496928	RH Classic Bce Inc	5 Chestnut Street, Templeton, MA	US
S1-523296598	Elliott Worldwide LLC	510 Burns Street, Ranson, WV	US
S1-552878752	Tremain Navios PLLC	2342 77, Waxahachie, TX	US
S1-171542203	Suryaksh Advertising Private Limited	H.No: 7-1-235/7, Prashanth Colony, 1St Floor Balkampet, Near Nature Cure Hospital, Hyderabad, Telangana	India
S1-725420551	CD Smart Xrp, Inc	3 Jay Carter Road, Blue Hill, ME	US
S1-844438699	Rivero, Addie, DPM, M.D., P.C.	2995 Barnstable Court, Murfreesboro, TN	US
S1-29738533	Desert Automotive LLC	Bluefield, 108 Copolla Street, WV	US
S1-172325432	Paper Ispat	S.No. 139/1 Plot No 48P Block G Dr Rafiq Zakaria Residential Campus, Mehmood Pura, Aurangabad, Maharashtra	India
S1-876965353	Bryson Green Hill LLC	819 6th Street, Washington, DC	US
S1-896973821	Hedi Miller Altisource	40150 Sunland Drive, Maricopa, AZ	US
S1-956877496	Yvette Kelly Harbor Apple Inc	203 Wyoming Street, Plainville, KS	US
S1-759899439	WZ Fresenius	508 Polk Street, Newburgh, IN	US
S1-37091456	Amravati Dial Ltd	C/O Prakash Anasane Shanti Vihar Colony, Kanta Nagar Camp, Amravati, Maharashtra	India
S1-872206169	Good Dream Foods Limited	Rajparis Trimeni Towers, 2Nd Floor, No.147 G N Chetty Road, T. Nagar, Chennai, Tamil Nadu	India
S1-419492200	High's Cleaning Service	2817 Wesleyan Drive, Fort Worth, TX	US
S1-612696496	Lin Montessori School LLC	975 400, Unit 3, Salt Lake City, UT	US
S1-581095734	Golden Great Network	20 Oakland Avenue, Brockton, MA	US
S1-318522026	Highland Society	Union City, IN, 4974 State Line Road	US
S1-858950454	La Tech (India) Private Limited	8-A-4 Mahaveer Nagar 3 Circle, Kota, Rajasthan	India
S1-682924986	Maguire Fuel	AZ, 3416 Granite View Drive, Phoenix	US
S1-357540238	1596 Madison Ave Apartments LLC	118 Wayne Street, Arlington County, VA	US
S1-465011172	Midwest Resources LLC	3324 Galloway Drive, Richfield, OH	US
S1-898887539	Vijayasri Medical Centre Private Limited	47, Green City, Akash Avenue, Fc Road, Amritsar, Punjab	India
S1-99583497	Swarnika Trust	71/7, Madhyam Marg, Jaipur, Rajasthan	India
S1-846071210	Direct Blueport	OK, 674 Hagen Road, Mcalester	US
S1-358445220	MPQ Producer Private Limited	Borivali, Y-36 B/404 Yogishree Chs Ltd Yogi Nagar, Mumbai City, Maharashtra, Ekser Road	India
S1-742121276	Ainsworth Worldwide Inc	NC, 4217 Crockette Road, Wilmington	US
S1-894092820	Pam Servicesprivate Private Limited	1043/17, Faridabad, Haryana	India
S1-288112063	Green Sound Clinic	OK, 5225 17th Street, Tulsa	US
S1-622888423	National Grand Stock, Inc	12777 Wakefield Drive, Beach Park, IL	US
S1-471254973	Valley Deutsche LLC	12 Granite Drive, Norwalk, CT	US
S1-281088937	Britton Empire Lease, LLC	5328 85th Avenue, Unit B8, Hyattsville, MD	US
S1-845272069	Celia Najera Metal	2938 248, MT, Peerless	US
S1-425836491	Anderson Landscaping LLC	3712 58th Court, IL, Cicero	US
S1-596530945	Eastern Engineering Private Limited	Tower - B- 1304, Panchshil Towers, Haveli, Pune, Maharashtra	India
S1-938140590	Pharma Polytechnic	A-113 A Ff Mohan Garden, Delhi, New Delhi, West Delhi	India
S1-556637108	Ditto Copley	80 Brennan Beach, Unit Site 870, Richland, NY	US
S1-2423897	Balaji Systems Pvt Ltd	8577 G C Road Titagarh Post-Patulia, Ps-Khardah Kolkata, Parganas, Kolkata, Parganas North, West Bengal	India
S1-303286414	Sushil Holdings	23, Krishna Colony Purana Ramgarh Mode, Jaipur, Rajasthan	India
S1-791168301	Rts Integrated Private Limited	A - 700 Sector 19. Noida, Noida, Gautam Buddha Nagar, Uttar Pradesh	India
S1-424574576	Lam's Golden Petroleum	815 D4 Picard Avenue, Belen, NM	US
S1-594286618	Burdette Southwest	3912 Townley Avenue, Phoenix, AZ	US
S1-625484557	Pool & Samaniego Group	224-23 92 Avenue, Queens Village, NY	US
S1-313815333	Piedmont Committee	29614 Legends Hill Drive, Spring, TX	US
S1-740383519	J 9 Unified Pinnacle Company	3601 -101 Shore Drive, Virginia Beach City, VA	US
S1-450437115	Digital Global Private Limited	A/T9, Royal Exotic Apartment Sakthi Main Road, Ganapathy, Coimbatore, Tamil Nadu	India
S1-509435667	Kavi Ventures Private Limited	Mumbai, Mumbai City, 5Th Floor, Punit Apartment, Adarsh Dughdhalaya Marve Road, Malad -West, Maharashtra, 505	India
S1-540575647	Nasoft L.L.C.	16295 Oakhill Road, Cleveland Heights, OH	US
S1-123344579	New Trading Private Limited	3Rdfloor, Theroyalhub, Fatehgunj Vibhag Dfatehgunj Main Road, Besidessevenseas, Vadodara, Gujarat	India
S1-114119357	Anderson, Aberle & Pompei PC	CT, 7 Mills Lane, Canton	US
S1-902088990	Sigma Vypar Ltd	Khasra No 181, 2292/182, 183, 2294/184, 2296/185, Village Akhepura, Tehsil - Mozmabad, Ajmer Road, Jaipur, Rajasthan	India
S1-369468744	Iam International Limited	Cj-21, Salt Lake City Bidhannagar, Kolkata, Kolkata, Howrah, West Bengal	India
S1-867470784	Gujarat International Private Limited	Near Dukan Bus Stop, Nandarkha, Bilimora, Navsari, Gujarat	India
S1-895663432	Jackson and Kubala Logistics	N4575 Shore Place Road, Town Of Oakland, WI	US
S1-215548160	Tri-State Pediatrics PLLC	1570 Robinson Canyon Road, Ellensburg, WA	US
S1-504708672	Modern Enterprises Private Limited	Flat No 1, Blk - D, Pkt O, Sec 1, Rohini Landmark, Delhi, North West Delhi, Delhi	India
S1-547872060	CZ Bce Clinic	16 19 Street, New York, NY	US
S1-84394445	Momentum Trading Pvt Ltd	39, Wastalya Niwas, Z.P. Colony, Vikas Nagar, Waghapur Road, Yavatmal, Maharashtra	India
S1-478180969	Lotus Media LLP	Karnataka, Hanumanthappa Complex, Bangalore, Bangalore South, No.175/5	India
S1-409564121	Great Custom Park, LLC	114 8th Street, Ashdown, AR	US
S1-249290680	Mountain Future Inc	7028 210, Smithfield, NC	US
S1-977415676	Nest Plastics LLP	Nh-89, Near Manglam Stadium (Maruti Showroom), Nagaur-Bikaner Road, Nagaur, Rajasthan	India
S1-37275897	Grand Diagnostic Labs Partners	148 Summit Ridge Road, Teays Valley, WV	US
S1-614182578	Graves's Technologies	25953 Caldera Drive, Athens, AL	US
S1-708400226	Trinity Lutheran Church	1023 Dakota Street, Spring Valley, IL	US
S1-202527037	GJF Air	Mamaroneck, NY, 702 Bradley Street	US
S1-582203864	Coleman & Frasier Inc	8063 Split Pine Drive, Houston, TX	US
S1-429608910	Jones Steel	6548 Quail Run Drive, Hoover, AL	US
S1-46925412	Chambers Energy LLC	2119 Woodston Drive, Round Rock, TX	US
S1-869591991	Radical Enterprises Private Limited	Maharashtra, Pune, 14/6/7/8, Flat No.2B, Dp Rd, Vishal Ngr Brahmavrund Colony, Pimple Nilakh, Pune	India
S1-727088267	Amber LLC	6918 Padre Island Highway, Brownsville, TX	US
S1-638567062	Shree Centre LLP	House No. 532, First Floor, Mahaviran Pura Rajeev Nagar, Prem Nagar, Jhansi, Uttar Pradesh	India
S1-202542861	O/K Elite Inc	1419 Fairlane Avenue, Canton, OH	US
S1-477185258	Singletary Dragon Inc	1041 18th Street, Unit A205, Costa Mesa, CA	US
S1-802366909	Betts, Cross & Kohler Altenergy	4923 Merrimac Avenue, Chicago, IL	US
S1-419136348	# 7 YP Horse	Fairfax County, 8835 Sweet Gum Place, VA	US
S1-135063603	Galaxy International Limited	No.2/15, Kalki Nagar 1St Street, Arumbakkam, Chennai, Tamil Nadu	India
S1-412323824	Richardson Legacy Dte LLC	412 N Pointe Drive, Unit 429, Salisbury, MD	US
S1-549662422	Mohatta Solution Private Limited	Flat No 202, Supriya Estates, Rayadurgam, Prasanthi Hills, Hyderabad, Telangana	India
S1-701798231	Solapur Agro LLP	Chapalgaon Tanda Tal South Solapur, Solapur, Maharashtra	India
S1-212055126	RR United Charter LLC	1100 Heather Drive, Millersville, TN	US
S1-273955802	Smith Purpose Inc	4612 Southern Pkwy, Unit 1D, Louisville, KY	US
S1-236607161	Josepha's Painting	321 6th Street, Redmond, OR	US
S1-103010128	Coastal Project	7448 Antietam Lane, Murfreesboro, TN	US
S1-583709258	Gilleland Liberty House LLC	865 Desert Bell Drive, Green Valley, AZ	US
S1-275919073	Linton Learning Center	415 N 2nd Street, Incorporated, ID	US
S1-3158077	Kandoi Trust	Tc No.3778/1, 3778/2, 3778/3, Alpha Center, Kumarapuram Road, Murinjapalam Medical College.P.O, Thiruvananthapuram, Thiruvananthapuram, Trivandrum, Kerala	India
S1-747398222	Jordana Woods Sizzle	50 Central Street, Natick, MA	US
S1-40239233	VFC Pharmaceuticals Private Limited	T-71 Iiifloor Right Portion Khirki Extn Malviya Nagar, New Delhi, South Delhi, Delhi	India
S1-10048099	Vijay Engineering Pvt Ltd	Flat No 115, Sky Heaven Apartments, Mayuri Nagar, High Tension Line Road, Tirumalagiri, Hyderabad, Telangana	India
S1-942393303	Nasa Trading Limited	C1/559, Palam Vihar, Gurgaon, Haryana	India
S1-584446182	Aarvya Research LLP	Behind Sanskrit Vidhyapeeth Near Water Tanki, Bhilwara, Rajasthan	India
S1-329444023	Sachit Traders Ltd	28Th Floor, Gift Two Building, Block No. 56, Road-5C, Zone-5, Gandhi Nagar, Gujarat	India
S1-831463493	Spiker Metal LLC	4280 Greenway Tr Street, Massillon, OH	US
S1-650693603	Eastern Harbor Mobile Associates	2709 Lynnwood Drive, Arlington, TX	US
S1-45012408	SPT Ventures Ltd	236-B, R. K. Puram, Kota, Rajasthan	India
S1-466333379	Hitech Properties LLP	Kp 3/710 K, Orchid Ppd Blooms Vattappara, Thiruvananthapuram, Trivandrum, Kerala	India
S1-165705021	Chandrva Electricals Private Limited	1201&1202, Horizon Heights, Ekta Associations, Mumbai, Maharashtra	India
S1-275074666	Liloor Multimedia LLC	TX, 1220 Twin City Highway, Nederland	US
S1-352090975	Hopkins Colonial Fortunex Inc	647 Davis Road, League City, TX	US
S1-42158971	Anchor Materials Enterprises Inc	2606 Camellia Drive, Unit A, Durham, NC	US
S1-80043768	Luna Traders Private Limited	B701, Amann Akansha Height, Gandhi Nagar, Worli, Mumbai, Maharashtra	India
S1-162794263	Dream Estate Limited	D-17, 3Rd Floor, Main Mathura Road Bareja Sadan, Near Ceat Tyre Showroom, Badarpur, South Delhi, Delhi	India
S1-389490868	Legacy Vanguard Westin PLLC	4823 51st Avenue, Moline, IL	US
S1-500605522	Caldos Chicago Group	279 Villa Street, San Luis, AZ	US
S1-690748949	Sridevi Polytechnic	Patiala, Green Park Colony Industrial Estate, Punjab, Plot No. 30, Patiala	India
S1-170356283	Bhubaneswar Solutions Limited	A/6 Rasulgarh Industrialestate, Bhubaneswar, Puri, Orissa	India
S1-807473164	Cobos Crest	Canton, 2220 7th Street, OH	US
S1-411941245	Eye Rocky Health, Inc	7918 Idlewild Road, Indian Trail, NC	US
S1-142818967	Suvidha International Pvt Ltd	S R Housenr B O I S M Rd, Ahmedabad, Gujarat	India
S1-225111735	Sai Medical Centre Private Limited	R. V. Shah Bunglow, Opp Camp Station, Surendranagar, Gujarat	India
S1-732492481	South Charter School	3702 Mountain View Avenue, Unit UNIT 1, San Bernardino, CA	US
S1-376723347	Coum Vanguard Nasdaq, LLC	855 Wildwood Trail, Hawkins, TX	US
S1-433678998	Raviansh Liability LLP	78, Green Park Haveli, Vamdev Road, Pushkar Nala, Pushkar, Ajmer, Rajasthan	India
S1-256362134	Green Real Builders LLP	Shantigram Estate Management Pvt.Ltd. Elysium-H-1102, Adani Township, Ahmedabad, Gujarat	India
S1-750853374	Taylor Diamond Rithm	1208 Wales Drive, Unit A, Killeen, TX	US
S1-631865399	Myer Interstate Flag	375 Miller Shores Road, Henrietta, TX	US
S1-717383117	Star Investment Consultants Inc	210 Henry Street, Brooklyn, NY	US
S1-779127115	Sequoia, LLC	Unit APARTMENT A, MD, Parkville, 2 Skylark Court	US
S1-664992539	Marjie's Laboratories LLC	Blaine, MN, 3324 126th Avenue, Unit Unit B	US
S1-242398173	Vipin (p) Private Limited	House No 25, Ganga Nagar Global City, Meerut, Uttar Pradesh	India
S1-273883882	Edwards Token of East Moline	1080 20th Avenue, East Moline, IL	US
S1-716389893	A Apex Snow	939 Hite Road, Martin, KY	US
S1-264202033	Blum Learning Center LLC	3701 Bobolink Crossover, Fort Wayne, IN	US
S1-107858589	Harbor Center	621 Front Street, Unit Apartment 1R, Hempstead, NY	US
S1-164446082	Fleisher Platinum Arbor	27907 68th Avenue Court, Roy, WA	US
S1-265466824	Slate Bulkers Corp	1170 Devon Park Drive, Upper Merion Township, PA	US
S1-159012568	4361 Main Ave Owners Corp LLC	4781 Blue Spruce Court, Dayton, OH	US
S1-38173649	Mcrae, Hogan and Peterson	Frisco, TX, 13089 Guerin Drive	US
S1-136731499	Ar Power Pvt Ltd	11-2-489 & 491, Habeeb Nagar Nampally, Hyderabad, Telangana	India
S1-651386858	Blue Crown LLC	Herrin, IL, 3201 Appaloosa Court	US
S1-807435912	Corner Diner LLC	1256 Carriage Park Drive, Franklin, TN	US
S1-213483563	Value Biomedical Group of Indianapolis LLC	184 Eaton Avenue, Indianapolis, IN	US
S1-279638685	Real Classic Impex Private Limited	H.No. 2-2-1118/1/8, Vision 40, New Nallakunta, Hyderabad, Telangana	India
S1-871707454	Main Street Cleaning Service	Sapulpa, 914 Dewey Avenue, OK	US
S1-219911274	ME Foods Limited	No 29 Shivaganga Layout Opp Madhura Colony Kusugal Road Keshavap, Ur, Hubli, Dharwad, Dharwar, Karnataka	India
S1-928671848	Norine Bunch Index LLC	1599 Memorial Drive, Bldg E1, Atlanta, GA	US
S1-691779039	Ars Institute of Technology	26 Belvedere Road Kolkata Wb In, West Bengal, Kolkata, Howrah	India
S1-947349299	Cea, Daloris, O.D.	300 Jeffrey David Lane, Austin, TX	US
S1-616678811	Laksh Brothers Limited	B-357A, Kh No 389/263/1, Gf, Main Road, New Ashok Nagar, New Delhi, East Delhi, Delhi	India
S1-901272067	Unique Projects Private Limited	3 Kakad Chambers132 Dr A B Road Worli, Mumbai, Maharashtra	India
S1-337530222	IFS Solutions Private Limited	Maharashtra, Prachiti Heights, Galli No 2, S No 71/12, Krushana Nagar, New Sangavi, Pune, Fl-8, Pune	India
S1-681980833	Advance Sangh	11Th Floor, Flat No. A/1101, Twin Tower - A, A. K. Road, Surat City, Surat, Gujarat	India
S1-912141441	One Nursing Home LLP	Flat No.42, Aparna Hill Park Gardenia, Sy.No.272&273P, Pjr Layout Chanda Nagar, Hyderabad, Rangareddy, Telangana	India
S1-387429978	Williams Photonics	2650 Superstition Boulevard, Unit 45, Apache Junction, AZ	US
S1-177284754	Clyan Top LLC	158 Oliver Lane, Elizabethtown, NC	US
S1-730727771	Back Alley Barbershop	2502 Louis Avenue, Fl 0, Saint Louis, MO	US
S1-33787669	Holdings International Private Limited	No-8, 2Nd Floor, 15Th Cross Sampangirama Nagar City, Bangalore, Karnataka	India
S1-266098952	EH Egh	18 Millesons Maple Avenue, Springfield, WV	US
S1-367929716	Gillian Loney, Ph.D., DDS PC	318 Elmore Road, Mocksville, NC	US
S1-343731538	Classic Pennantpark Inc.	1735 Whisperhill Drive, Fairfax County, VA	US
S1-110152258	Malappuram Foods Pvt. Ltd.	Aduvanni Building, Oruma Residential, Chemmad, Tirurangadi Post, Tirurangadi, Malappuram, Malapuram, Kerala	India
S1-982428128	Mathis, Johnson & Reber, Inc	88336 Pacific Surf Lane, Bandon, OR	US
S1-57255836	Brown Wilco LLC	2132 Citygate Lane, Unit 129, Naperville, IL	US
S1-332443696	Metropolitan Cornerstone Logistics LLC	120 Juniper Street, Kannapolis, NC	US
S1-476321539	Farley and Corchado Restaurant LLC	1 A Theta Street, Mentmore, NM	US
S1-560567668	New Power Private Limited	Kochi, 2549, Ernakulam, Kerala, Chemmath Road Gandhi Nagar	India
S1-85857396	Anand Vision Hospitality Private Limited	Shop Number 701, Thane West, Thane, Maharashtra, 702, 703 Excellencia Lodha Supremus, Wagle Estate	India
S1-768681494	Clean Intelligence Consultants LLC	2907 Charing Cross Road, Unit STE 9, Fairfax County, VA	US
S1-280107093	Pioneer Clean Connecticut Inc	Orchard Park, Unit Apartment 1, 6059 Quaker Hollow Road, NY	US
S1-576746142	Morrison, Washington & Pons PLLC	358 Lamplighter Lane, Great Falls, MT	US
S1-615959735	Oncology Group	1639 Old Glory Road, Lincoln, NE	US
S1-609496590	WF Warehousing Private Limited	Shop No.3, Sai Gharkul, Gorai Ii, Opp Pepsi Garden, Borivail (West), Mumbai City, Mumbai, Maharashtra, 66	India
S1-536392702	Krishna Healthcare Private Limited	Floor-1, 2/4 Rajda Bldg, Dhirubhai Parekh Marg, Mumbai, Maharashtra	India
S1-259942047	CO Biomedical, LLC	14030 Hg Trueman Road, Solomons, MD	US
S1-13697430	Shiva Developers Pvt Ltd	517 Vyaparbhuvan 49 Pdemello Road Carnac Bunder, Mumbai, Maharashtra	India
S1-15929875	Maify Holdings Group	NC, Charlotte, 16614 Riverstone Way	US
S1-735139411	Neque Blue Thunder LLC	1900 Lyman Road, Unit 95, Topeka, KS	US
S1-613863405	Better Express Galaxyedge LLC	1584 Dahlia Lane, Unit 302, Tumwater, WA	US
S1-84417218	Veejay Builders Private Limited	Building No.Npvii/19 Ss Bhavan 28Th Mile Navaikulam Panchayath, Navaikulam Po, Thiruvananthapuram, Thiruvananthapuram, Trivandrum, Kerala	India
S1-284644662	Yanez & Fleming Corp	6848 12th Drive, OR, Portland	US
S1-366081313	Tisonex Dynamic Communications	3507 Tremaine Avenue, Gilbert, AZ	US
S1-726104	Agi Solutions Private Limited	Parimal Point, B/H Prakash High School, Bapa Sitaram - 100 Ft. Road, Gujarat, Ahmadabad City, Ahmedabad, B/404	India
S1-58282453	Solex Ventures	Andhra Pradesh, Employees Colony Road, 9177402018 2Nd Left, 1St Street, Nellore	India
S1-687177743	Agv & Brothers Private Limited	D-401, Viyanak Apartments, Plot No. 36, Sector-10, New Delhi, South West Delhi, Delhi	India
S1-56625539	Hightower and Lowery Galaxy L.L.C.	Unit #2112, Milwaukie, 10999 37th Avenue, OR	US
S1-724535077	Clyio Greenfire LLC	MA, Springfield, 85 Manor Court	US
S1-266082113	Faridabad Sm Private Limited	A-2873 F.F Green Field Colony, Faridabad, Haryana	India
S1-598401367	Vision Heritage Medicine Inc	24200 Alma School Road, Unit LOT 44, Scottsdale, AZ	US
S1-571180605	Cortez Holdings	735 Kaplan Court, Hyattsville, MD	US
S1-942966329	Weight & Jordan Made LLC	165 Blueview Road, Mooresville, NC	US
S1-301297984	PTB Cion	45 9th Place, Unit 83, Mesa, AZ	US
S1-783383219	Quality Chs	2513 Holiday Lane, St Charles, MO	US
S1-145099878	Market Eco Limited	H No 372/D, Road No -81 Film Nagar, Jubillee Hills, Hyderabad, Telangana	India
S1-612730118	Decosta & Sanders Digital	183 Antioch Road, Somerville, AL	US
S1-655128292	FS Ceilings Limited	13/A Shrinagar Society 4Shniniketan Apartment Rload A Akota Road, Vadodara, Gujarat	India
S1-412051377	Caspian Brothers Private Limited	Howrah, West Bengal, Tara Chand Dutta Street 4Th Floor, Kolkata, 18	India
S1-322454717	Sriperumbudur Exim Private Limited	Sriperumbudur, Kanchipuram, Tamil Nadu, No. 28, Pillaiyar Koil St, New Colony	India
S1-640842641	Srivalli India Private Limited	A-5, Iii Floor, Madhu Vihar Near Hasan Pur Depot, Patparganj, Delhi	India
S1-56238398	NU Reserve LLC	3127 Emerald Springs Loop, Sevierville, TN	US
S1-96365631	Lotus Systems Private Limited	Plot No. 131 Gidc Waghodia, Vadodara, Gujarat	India
S1-691160087	Garcia Zeo LLC	Lancaster, OH, 1709 Glenmar Drive	US
S1-631975528	Happy Clinic Private Limited	102, Vip Plaza, B-7, Veera Industrial Estate Off Andheri Link Road, Andheri (West), Mumbai, Maharashtra	India
S1-412682987	Rajesh Radiant Group	Building No. 22/969, Harisree, Thanapadam, Padamugal, Ernakulam, Kerala	India
S1-537371810	Osborne Cascade Harbors	Scottsbluff, Unit 6, NE, 1209 5th Avenue	US
S1-517896033	Chacon Institute of Technology LLC	4452 Doncaster Drive, Ellicott City, MD	US
S1-814667807	Red Nails	1312 Huntington Way, Norman, OK	US
S1-503230998	Ludhiana Wholesale Corporation	B-Vi, 155, Madhopuri-02, Ludhiana, Punjab	India
S1-416935653	Hari Technologies Private Limited	1-10-50/1, Street No 2 Ashoknagar, Hyderabad, Telangana	India
S1-548060670	Creative Services Private Limited	D-5-164, Vikas Khand, Lucknow, Uttar Pradesh	India
S1-794704796	AJ Highland Saratoga LLC	541 Pleasant Street, Unit 3L, Worcester, MA	US
S1-652771413	Ember LLC	390 Main Street, Unit #218, Hillsboro, OR	US
S1-812234407	Tirumala Hybrid Private Limited	Srinivasa Residency No S2, Bangalore, Karnataka, 3Rd Cross Dr. Rajagopal Road, Nagashettyhalli, Rmv Extension 2Nd, Stage	India
S1-30205593	Good Vault Private Limited	Plot No. 166, Phase Ii Gunrock Enclave, Secunderabad, Hyderabad, Telangana	India
S1-888976448	Canales, Mager and Rich Emera	Village Of Hartland, WI, 1041 Eton Court	US
S1-490717065	Southern Management Private Limited	13, Mohan Building, 2Nd Floor, Girgaon, Mumbai, Maharashtra	India
S1-370306090	Red Infra Private Limited	Bhubaneswar, Orissa, Prativa Lane, Gajapati Nagar, Plot No.-P-25, Khordha	India
S1-780548493	Gilmer Youth Network	TX, 7200 1404, Gilmer	US
S1-152427237	Hari Consultancy Limited	Chennai, Tamil Nadu, Door No.39 Thakker Street Puraswalkam, Chennai	India
S1-575550282	Domeniga Novotny, DO, PC	658 Broadview Terrace, Hartford, CT	US
S1-585222759	Arun Ventures	A-197 New Friends Colony, New Delhi, South Delhi, Delhi	India
S1-786663959	Dayna's Blue Group	4950 Milwee Street, Houston, TX	US
S1-101702764	Willer Resorts Inc	7 Pocahontas Lane, Kansas City, MO	US
S1-236695385	P/A Trinity LLC	2955 Lavell Avenue, Wichita Falls, TX	US
S1-893200601	Right Empowerment Private Limited	Plot No 15, Block A, Sector-3 District Gautam Budh Nagar, Noida, Gautam Buddha Nagar, Uttar Pradesh	India
S1-603246757	Eye Clinic LLC	160 Main Street, Unit Unit 3, Brockport, NY	US
S1-159335785	Vee & Co	K 8/A 1St Floorlajpat Nagar Ii, New Delhi, South Delhi, Delhi	India
S1-513685559	Better Ubs, Inc.	Tubac, 6 Vista Corte, AZ	US
S1-169892730	Ace Worldwide Inc	2830 Thompson Avenue, Kingman, AZ	US
S1-204551299	Gabriell Yang Interstate American	NY, 10 Dealy Avenue, Hornell	US
S1-859626905	Nickelson, Ware and Gil Group	Asheville, 3304 Idle Hour Drive, NC	US
S1-552330867	Silver Allied Acp Inc	2331 Claude Fox Road, Cornersville, TN	US
S1-199958563	Vantic Osisko Partners	4414 Bailey Avenue, Amherst, NY	US
S1-741831905	Delhi Centerprivate LLP	B-151, Okhla Industrial Area Phase-I Phase-I South Delhi, Delhi, South Delhi, Delhi	India
S1-602899934	Best Materials	557 Capital Drive, Lake Zurich, IL	US
S1-668115326	Eye Care Associates of Portland	15893 Sparks Lane, Portland, OR	US
S1-137946304	Katihar Foundation Ltd	Vill-Bishunpur, Tola-Mavaiya, Panch-Bishanpur, Block-Korha, Dist-Katihar, Katihar, Bihar	India
S1-942819859	Peridium Harbor Inc	1912 Curry Road 20, Clovis, NM	US
S1-408534236	Primary Care Advanced Center Inc	121 Hamburg Street, Baltimore, MD	US
S1-914938284	Christian Viking	2933 Branoch Drive, Grove City, OH	US
S1-864897771	Riex	500 Morton Avenue, Palacios, TX	US
S1-479455828	QRJ Airport	660 Williams Drive, Palatine, IL	US
S1-723551560	Tambaram Synthetics Center	Tamil Nadu, Kanchipuram, Railway Station Rd, Pallavaram, Tambaram, No 44	India
S1-150653591	Roopya Learning Group	Unit No. 13 E1, 13Th Floor, East Block, Plot No. Iif/04, New Town, Kolkata, North 24 Parganas, West Bengal	India
S1-181002478	Anand Universal Finance Limited	Hudco, N-13, Plot No. 16, Mahamoodpura, Aurangabad, Maharashtra	India
S1-16513059	Martindelcamp Holdings	9001 Broadus Loop Road, Semmes, AL	US
S1-642014059	Gulf Network	MT, 125 2nd Street, Hungry Horse	US
S1-320526669	Midwest Learning Center	9829 Valgrande Way, CA, Elk Grove	US
S1-458802615	Sakshi & Co	Shop No 57, Second Floor Palika Bazar, Malviya Nagar, Jaipur, Rajasthan	India
S1-2283241	Unified Valley Beyond	426 Oak Ridge Drive, Moody, AL	US
S1-859558429	Zephora Properties	1021 Gibboney Drive, Allegheny Township, PA	US
S1-812085139	Big Care Pvt Ltd	S/O Sh Gian Prakash House No 252 3Rd Floor Village Ghitorni, Delhi, South Delhi, Delhi	India
S1-306331822	Clary Enterprises LLC	14559 Alexandria Way, Surprise, AZ	US
S1-118586307	Visesh Clinic	2-B Collannadebenson 'A' Cross Benson Town Bangalore, Bangalore, Karnataka	India
S1-801791897	E 3 O Muniholdings L.L.C.	613 Mulberry Lane, Granite Quarry, NC	US
S1-533394176	Dayal & Hauge Archimedes	12100 Regency Run Court, Unit 12, Cincinnati, OH	US
S1-748077925	Keshav Skills (India) Corp	R.No. 9 Sai Sadan, Maharashtra, Plot No. 379 Ram Mandir Road, Khar Dnada, Mumbai City, Mumbai	India
S1-173032789	Nivan Advisors (India) Private Limited	New Delhi, Delhi, Flat No- 69, Delhi, Vidya Vihar Apartment, Plot No. 48, Sector-9, Rohini	India
S1-247028059	High Construction Private Limited	2, Bhimnagar Chs Ltd, Midc Kalptaru Bldg, Near Akruti Tr, Andheri (E), Mumbai, Mumbai City, Maharashtra	India
S1-641461831	Integrated Engineering Studios Inc	9 Howard Circle, Trinity, TX	US
S1-435024822	Galaxy Engineering Private Limited	Office No 2, Shubh Iconic Complex, Rajkot, Gujarat	India
S1-379216834	Murlidhar Investments Private Limited	Mumbai City, Maharashtra, First Floor, Mithila Shopping Center, Juhu Scheme, V.M.Road, Vile Parle (West), 10, Mumbai	India
S1-353676651	Heartland Best Inc	7643 Rogers Road, Cape Vincent, NY	US
S1-683588165	Saenz Companies LLC	5311 Mindy Park Court, Houston, TX	US
S1-224899146	KOH Vehicle LLC	1151 Simpson Street, Bronx, NY	US
S1-332132299	Meon LLC	31837 Pecan Cottage Lane, Spring, TX	US
S1-710707128	Empire Innovations	600 Center Street, Lagrange, OH	US
S1-670947050	Laxmi Construction Private Limited	House No 277 S/F Ambica Vihar Paschim Vihar, New Delhi, West Delhi, Delhi	India
S1-784059496	Hicks Iheartmedia, LLC	28006 Sunrise Circle, Valley, NE	US
S1-727085121	Diaz, Lu, MD	439 116 Street, New York, NY	US
S1-868224088	Cute Diagnostic Limited	No-63/2, Reservoir Cross Road, Basavanagudi, Bangalore South, Bangalore, Karnataka	India
S1-766538524	Ss Engineering Limited	38 Brojomoni Debya Road, Barisha, Kolkata, Parganas South, West Bengal	India
S1-304402385	Gurgaon International Private Limited	Sbij Bank Building (Sheetla Mata Road Chowk Opposite Gav Academy Sheetla Colon, Gurgaon, Haryana	India
S1-457808243	Premier Packaging Solutions LLC	1607 Langenberg Ave, Iowa City, IA	US
S1-348620188	King Flex	12256 Silent Wolf Drive, Prince William County, VA	US
S1-251362977	Global League Center	610 9th Street, Pittsburg, KS	US
S1-723957181	Nadine Yanez Eastern Inc.	1738 67th Avenue, Fargo, ND	US
S1-823512738	Bellina's Pet Care	Ona, WV, 221 Iroquois Trail	US
S1-210481936	Universal Indo Software Private Limited	3Rd Floor, H.No.8-2-120/112/P/7/A & 8-2-120/112/P/8/C, Park View Estate, Banjara Hills, Hyderabad, Telangana	India
S1-164976937	N+ Horizon LP	2022 Cr 201, Bay City, TX	US
S1-166201401	Elite Green LLC	702 Capps Avenue, Nokomis, IL	US
S1-857075312	Bombay Infrastructure Private Limited	310 4/F Hari Nagar Ashram New, Delhi, South Delhi, Delhi	India
S1-462919705	Builders Kumar Developers Private Limited	A-1, Naraina Vihar Ring Road, Delhi	India
S1-815328259	Button Harbor Transport LLC	IA, Marshalltown, 1214 Anson Street	US
S1-92655444	Frontier Fund P.C.	AZ, 2933 97th Drive, Phoenix	US
S1-407505482	Fresh Deli! P.C.	120 4855, Fl 0, Newark, TX	US
S1-824375999	Crestline LLC	648 Seminary Street, Pennsburg Borough, PA	US
S1-582710895	Demille, Newman and Foster LLC	1550 Broadstone Parkway, Unit APT 1309, Folsom, CA	US
S1-315884917	One Hospitality Pvt Ltd	5-85 Gandhi Nagar, Mogilipet, Mallapur, Karimnagar, Telangana	India
S1-945209691	Main Street Massage LLC	20850 Biles Road, Albemarle, NC	US
S1-685127247	Delta Ventures, LLC	7 Lawrence Park Drive, Piermont, NY	US
S1-804879965	Rosales Polska	515 Colony Lake Estates Drive, Stafford, TX	US
S1-766626188	Lee Bay Nasdaq	385 Mt Hope Avenue, Unit Unit 1467, Rochester, NY	US
S1-503558391	Q 4 Pioneer Cleaning Service	7239 Parsons Court, Fairfax County, VA	US
S1-763451801	Bluesky Hospital	Quarter No.-B 10, Pn-93, 94, Heera Nagar, Ajmer Road, Jaipur, Rajasthan	India
S1-297795901	Internal Medicine Associates	17 Coolidge Avenue, Saco, ME	US
S1-720348821	Literacy Trust	103 Stockton Street, Elkton, MD	US
S1-948849280	Crider Income, LLC	4384 143rd Street, Cleveland, OH	US
S1-349952146	Wide Energy Private Limited	Office No Ff 02, C 23 Noida, Noida, Gautam Buddha Nagar, Uttar Pradesh	India
S1-572784392	Cesar Elite European	440 Larned Loop, Unit 102, Cary, NC	US
S1-837759481	Services Rushabh Tech Private Limited	Cunningham Road Cross, Bangalore., Karnataka, Bangalore., 39	India
S1-131716925	Shivam Trading	4-129/15, Plot 143 & 144, Turkapally, Hyd, Hyderabad, Telangana	India
S1-546540698	Smith Metal Works	3232 Condit Street, Ashland, KY	US
S1-846784423	Sarasavi Automation Pvt. Ltd.	Maharashtra, Bharat Diamond Bourse, Bandra Kurla Complex, Bandra, Mumbai, Bc-8012	India
S1-265932861	Young Value Ingredients	1418 Elm Street, Texarkana, TX	US
S1-574203832	Nadean K. Dicicco, DDS	1718 Redwing Drive, Southlake, TX	US
S1-233417989	Robinson Royal Inc	8671 Quebec Street, Unit 110, Highlands Ranch, CO	US
S1-91453329	Tulsa Historical Express Foundation Associates	Tulsa, 4343 Kenosha Avenue, OK	US
S1-253937734	Arrow Holdings	12-4-12/1 Srikrishnaplaza, Anjaneya Swami Temple, Bapatla, Guntur, Andhra Pradesh	India
S1-446529225	Barajas Direct Hydro L.L.C.	1270 England Creamery Road, Rising Sun, MD	US
S1-410792293	Ujjavi Tracom Private Limited	I Floor, Corporation Complex 36/77, C.P.Ramasamy Road, Tamil Nadu, Chennai, Alwarpet, Shop No 31	India
S1-18043593	Lucky Pilates	304 Locust Street, Unit APT 509, Lenoir City, TN	US
S1-162331748	Bombay Care Private Limited	83, Gajapathy Street, Shenoynagar, Madras-30 Shenoynagar, Madras, Chennai, Tamil Nadu	India
S1-990847455	Lnm Advisory Pvt Ltd	Eve'S Garden Society B3, Flat No 107 Keshav Nagar, Pune City, Pune, Maharashtra	India
S1-309802252	Indran Biochemicals Private Limited	C/O Ratan Kumar, Bazar Samiti Road Bahadurpur Infront Of Sbi Atm, P.O. Raje, Ndra Nagar, Patna, Bihar	India
S1-894973810	Urban Hypnosis	3092 Cartledge Road, Cottondale, FL	US
S1-753286450	Kamthi Alloy Pvt. Ltd.	Plot No-01 At Vg-Powari, Kapsibu Kamptee Powari, Kamthi, Nagpur, Maharashtra	India
S1-109896279	Seidler Pampa LLC	St Peters, MO, 110 Deer Grove Court	US
S1-352600444	American Program	Roswell, NM, 213 Missouri Avenue	US
S1-345096817	Mark Public School	Tower B, Unitech Cyber Park, Sec 39, Gurgaon, Sadar Bazar, Ground Floor, Haryana	India
S1-980598687	Guru Marketing Private Limited	A102 Ostwal Tower 2Chsltd, B P Cross Rd 4 Optata Apt, Thane, Maharashtra	India
S1-17978771	Electricians Union Local No 129 Associates	Fletcher, NC, 166 Bovine Branch Road	US
S1-282280682	Coriss Renteria, P.A., P.C.	436 Moccasin Bend Lane, Clendenin, WV	US
S1-422513213	Marbletown Rocky Generation LP	340 Cooper Street, Marbletown, NY	US
S1-774548485	Niagara Falls, Village Of	NY, 2892 Mckoon Avenue, Niagara Falls	US
S1-630086202	Maa Investment Private Limited	Unit No 605, 6Th Floor, The Chambers Block 1, 1865, Rajdanga Main Road, Rb Co, Nnector, Kolkata, Kolkata, Howrah, West Bengal	India
S1-797186636	Neemrana & Sons Private Limited	Office No. 202, 2Nd Floor, Pl 115, Sec 19C Vashi, Navi Mumbai, Thane, Mumbai City, Maharashtra	India
S1-437556076	Romero Precision Light	204 Hawkeye Ct, Unit 301, Iowa City, IA	US
S1-640663221	Osprey	1001 Olde Eastwood Village Boulevard, Unit 7, Asheville, NC	US
S1-867261538	First Fab Private Limited	33 Sumati Colonysharanpur Road, Nashik, Maharashtra	India
S1-393790956	NI Anchor Kgaa LLC	14825 Pepper Avenue, Cleveland, OH	US
S1-981696723	White Construction Limited	123/15 Civil Lines North Opp Railway Station, Muzaffarnagar, Uttar Pradesh	India
S1-433175821	Sarvottam Colonizers Pvt. Ltd.	New Delhi, Delhi, G1/172 Uttam Nagar, New Delhi	India
S1-805176547	Jessie Mcalister Coastal Forefront	6715 19th Street, Lanett, AL	US
S1-968589943	Anandeshwar Realty Private Limited	52Th Floor, 5204, Towerno5, Crescentbay, Jerbaiwadiard, Mumbai, Maharashtra	India
S1-662434483	Yeager Staking Inc	29674 Us Highway 64, Ute Park, NM	US
S1-300002270	Gondia Designs Private Limited	C/O Babulal Dasharath Damahe Pandharabodi, Gondia, Gondiya, Maharashtra	India
S1-959099513	SQA Electronics Private Limited	Kottapurayil House Kottamparamba Post, Kozhikode, Kerala	India
S1-997911183	Melton Capital LLC	8215 Parkview Avenue, Munster, IN	US
S1-161830777	Delatorre & Thomas Inc	620 Dahill Road, Brooklyn, NY	US
S1-922506922	Vishal & Co	40 Weston Street3Rd Floor, Kolkata, Calcutta, West Bengal	India
S1-527493370	Interstate Committee	381 Robinson Cemetery Avenue, Pocahontas, IL	US
S1-66553217	Challenge Holdings	Kolkata, 56-L, West Bengal, Howrah, Bidhannagar Road, Kolkata	India
S1-295335510	Alfaro National Metal LLC	718 Sherrill Avenue, Lincolnton, NC	US
S1-166415877	Turnage & Hylton, LLC	214 Meadow Beauty Drive, Cary, NC	US
S1-27937396	Lanz, Landrum and Sutton Mozayyx Inc.	502 Indiana Avenue, Morton, IL	US
S1-931471604	Digital Aerospace Dynamics	Boston, 180 Princeton Street, MA, Unit 1	US
S1-125530710	Black Apex Projects Pvt Ltd	Tamil Nadu, Chennai, Crown Court, 1St Floor Cathedral Road, Chennai, No 128	India
S1-982363128	RO Wen	23580 St Rte 34, Stryker, OH	US
S1-515069235	Alexander Patriot Crest LLC	212 38th Avenue, TN, Nashville	US
S1-163311807	New Sky Systems	Old No 727/1 New No 1025/1, Skanda Square, Avinashi Road, Coimbatore, Tamil Nadu	India
S1-479150319	Aluva Healthcare LLP	Ernakulam, 2Nd Floor, Pathuvana Building, (Opp) Metro Pillar No: 25, Market Jn, Nh, Bypass, Aluva, Kerala, Room No. 23/593	India
S1-575799166	12 Hour Locksmith	5324 Alton Drive, Virginia Beach City, VA	US
S1-455697639	Horizon Mobility Networks	PA, Patton Twp, 652 E Oakwood Avenue	US
S1-71237551	Shree Educational Society	24, 2Nd Cross, Sharadanaga Vasanthpura Main Rd, Subramanyapuara Post, Bangalore, Karnataka	India
S1-801459518	Cooper Range LLC	12411 Ashford Meadows Drive, Sugar Land, TX	US
S1-250861684	Hattie Mccaffrey Shore LLC	207 Celeste Street, Hudson, IA	US
S1-909538752	Axiom Infracon Private Limited	Ist Floor, Vashisth Park, Gandhi Market Pankha Road, Delhi, West Delhi, New Delhi, 61A/17	India
S1-60817074	Ace Pioneer Commodities LLC	2812 Victoria Park Drive, West Valley City, UT	US
S1-32813840	Miller and Patterson Generating Inc	Mandan, 4601 29th Street, ND	US
S1-356676564	Surgical Center LLC	725 61st Court, Fl 1, Hillsboro, OR	US
S1-369949748	Cure & Sons Private Limited	19-B, Fourth Street, Gokulam Colony, P.N. Pudur, Coimbatore, Tamil Nadu	India
S1-516626988	Great Select Boston PLLC	255 Ethelrob Circle, OH, Franklin	US
S1-628237799	Best Consulting Private Limited	Mumbai, Maharashtra, Mumbai, Fortune Terraces, New Link Road South Side, 1101 B	India
S1-515516908	Barrera Big	NY, 86 Waterman Avenue, Colonie	US
S1-893328595	Aadit International School LLP	No.923, 2Nd C Cross, 1St Block Hrbr Layout, Kalyan Nagar, Bangalore, Karnataka	India
S1-64070457	Clear Commercial Services Care	740 Annika Way, Bastrop, TX	US
S1-491076767	MV Secure Sciences Inc	40 Reservoir Road, South Union Township, PA	US
S1-891925120	Arihant Tech Private Limited	H No. 2979 A Gaibi Chowk Kagal, Kolhapur, Maharashtra	India
S1-168011257	H T & Q Merger Inc	66 Anderson Street, New Haven, CT	US
S1-258128478	Panvel Electricals Private Limited	B-315, Plot No. 514, Steel Chamber Towers, Steel Market Complex, Kalamboli, Panvel, Raigarh, Maharashtra	India
S1-819790813	Market Public School	Plot No. 825, Road No.44 Jubilee Hills, Hyderabad, Telangana	India
S1-733528345	Sain Farmer Private Limited	Sarpanch Grampanchayant Mhalunge Padwal, Tal Ambegaon, Pune, Maharashtra	India
S1-734413140	Otha P. Algarin, D.C.	200 Central Avenue, Knox City, TX	US
S1-483056433	Pleasant Hill Animal Welfare Coalition Inc.	646 Range Line Road, Pleasant Hill, OH	US
S1-258486001	Barrientos Complete Games, Inc	470 Circle Drive, Clarksville, TN	US
S1-397856792	Chiropractic Care of Town Of Byron Inc	31740 Fremont Avenue, Town Of Byron, WI	US
S1-933703122	Balentine Illumination PLLC	3903 Golf Tee Court, Unit STE 330, Fairfax County, VA	US
S1-341895882	Northern Ace Ready	East Elmhurst, 107-15 32 Avenue, NY	US
S1-722415	Strategic Mortgage Networks	46 Vandy Drive, Griswold, CT	US
S1-282719029	All Finance Private Limited	Mangalore, Dakshina Kannada, D No 2/223, Bannadka, Belvai, Soans Farm, Karnataka	India
S1-455825636	LPN Towing	TX, 21322 Bella Flora Court, Spring	US
S1-505161129	Silver Bdc LLC	Sherman, 3315 Preston Club Drive, TX	US
S1-790867069	D N Calderin Wen LLC	41 Fairway Road, DE, Unit APT 3A, Newark	US
S1-791795450	Colonial Midstream	316 7 Avenue, Saint Cloud, MN	US
S1-774351790	Chawla Electronics Limited	Chennai, Tamil Nadu, 2Nd Street Govindappan Naickan Street, Maduravoyal, Chennai, No. 4A	India
S1-910946488	Hyderabad Integration	Plot No. 33, Ramakrishna Enclave Pragathi Nagar, Bachupally, Hyderabad, Rangareddy, Telangana	India
S1-875966942	Nishka Institute Private Limited	Ground Floor, Kalkaji, Delhi, G-67, South Delhi, Delhi	India
S1-281005457	Mason Select Reit	OR, 2206 Patterson Street, Unit Apartment 211, Eugene	US
S1-116039448	D+ Properties Inc	925 Golfview Lane, South Bend, IN	US
S1-332825101	Mickler & Brissette Eagle	500 Kipp Avenue, Kemah, TX	US
S1-652403044	Plastics Traders Private Limited	No. 43 Hm Eden Crest Apartment Apartment No. 301 Viviani Road, Bangalore, Karnataka	India
S1-871164446	Creador Nursing Home Private Limited	67/2, Patrakar Colony, Indore, Madhya Pradesh	India
S1-243834273	Mumbai Petrochemicals Private Limited	303/305 3Rd Floor Dilkap Chembers Andheri Link Road Andheri West, Mumbai, Mumbai City, Maharashtra	India
S1-820854543	Davis & Blodgett Generation	Malvern, 111 Wood Street, OH	US
S1-568398768	Keim, Vivi, DMD	NC, Dudley, 110 Fulton Road	US
S1-713057385	Rocky Alliance Associates	638 Highland Avenue, Toledo, OH	US
S1-836251978	Blue Solutions	The Millenium Tower, 7 Fr, Nr. Nana Mava Circle, Rajkot, Gujarat	India
S1-421655841	Mumbai Support Limited	Office No. 104, Jai Santoshi Mata Chs, Nr Timesof India Press, Off Western Expre, Ss Highway, Mumbai, Mumbai City, Maharashtra	India
S1-652301678	Maharashtra & Co	No.6, 2Nd Floor, 1St Main, Near Oxford College Back Gate, Hongasandra, Bommanahalli, Bangalore, Karnataka	India
S1-441701091	Diaz Delta Hudson	39881 Wilkesboro Road, Banks, OR	US
S1-748356992	Garrett Preferred Manufacturing LLC	Brookhaven, 92 Beechwood Drive, NY	US
S1-374788993	Mvh (India) Social	413, Shivalik Shilp - 2, Near Chandreshbaug, Iim, Ahmadabad City, Ahmedabad, Gujarat	India
S1-870210041	Cross Ligand LLC	3115 101st Avenue, Lake Stevens, WA	US
S1-923717673	All Solutions Private Limited	A1/347 Top Floor Hastsal, Vihar Block-A1 Nawada, New Delhi, West Delhi, Delhi	India
S1-385269265	Educare Gold (India) Ltd	G551, Suhant Lok 2, 02Nd Floor Sector 57 Opp Scottish High School, Gurgaon, Haryana	India
S1-320612918	Magdalena Adcox Highland Altenergy LLC	1113 Loft Cove, IN, Evansville	US
S1-186730310	Karly Benedict Superior Oil LLC	Diana, NY, 13900 Weekes Road	US
S1-342376844	White Hospitality Private Limited	H No 2-7-161 Mantri Galli, Subhas Road, Bid, Beed, Maharashtra	India
S1-163203259	Brigit Perez Creative Mustang	Sandusky, 1725 Mills Street, OH	US
S1-811697707	Carly Avila Street LLC	1560 6th Street, Rensselaer, NY	US
S1-62436401	UBK Materials L.L.C.	1 Masterson Circle, Wichita Falls, TX	US
S1-374135310	Ss Marketing Private Limited	Amritsar, Punjab, Amritsar, Kamla Avenue Fatehgarh Churian Road, 20	India
S1-375299179	Clear United Ramaco Inc	101 Magness Drive, Mcminnville, TN	US
S1-122963911	Balaji Impex Private Limited	Cl 177, Sector 2, Salt Lake, Kolkata, Kolkata, Howrah, West Bengal	India
S1-472859624	<CITY_NAME> Investor Pvt Ltd	Village-Natawar, Pops-Natawar, Rohtas, Bihar	India
S1-950448489	Keystone Green, LLC	40 Lucinda Court, Hampton City, VA	US
S1-748959394	Colonial Great Rockwool	13454 157, Unit 2, Moulton, AL	US
S1-440571200	Castillo Optimal Miluna LLC	2060 3300, Millcreek, UT	US
S1-526007485	Buor Inc.	9229 Prairieview Drive, Fort Worth, TX	US
S1-208173768	Global Investment Collective	2615 Medical Center Parkway, Unit 1340, Murfreesboro, TN	US
S1-275535367	Uptown Book Store	219 Brooks Street, Sugar Land, TX	US
S1-708520201	Blue Bistro	Bldg 15, 3821 Tiger Lilly Drive, Columbus, OH	US
S1-426629806	Blue Ares LLC	291 East Street, Unit 3, Dedham, MA	US
S1-390118384	Ranga Aquaculture	S 183, Baner, Shop No 4 Dhanvantari Hospital Bldg, Pune, Maharashtra	India
S1-129164983	Great Auto Sales LLC	13617 Kristin Place, Fairfax County, VA	US
S1-431296565	Cardiology Clear Physicians LP	1602 Tazewell Avenue, Roanoke City, VA	US
S1-419337124	Horizon PLLC	29939 Cloud Road, Wittmann, AZ	US
S1-610541594	TS Fact PLLC	108 Hampton Drive, NC, Plymouth	US
S1-207789563	Foundation Anantha Developers Pvt Ltd	No.4/9, Middle Street, Ramapuram Village & Post, Madurantakamtaluk, Kancheepuram, Tamil Nadu	India
S1-123686922	Robinet Davis Patriot Wells	UT, Tooele, 151 Coleman Street	US
S1-121930097	Pediatric Dentistry Partners LLC	198 Echo Ridge, Whittier, NC	US
S1-562608003	Mount Lutheran Church	170 Main Street, Stanfield, OR	US
S1-776838082	Internal Medicine Specialists LLC	1320 22nd Avenue, Tuscaloosa, AL	US
S1-552842170	Primary Care Group of Greensboro	1500 Dodson Street, Greensboro, NC	US
S1-425632362	Nagpur Group	Times, Ramdaspeth, Maharashtra, H No 151 Near Nagpur, Nagpur	India
S1-509535281	Amit Consultancy	15 Surya Niketan, Delhi, East Delhi, Delhi	India
S1-705273654	Modern Genomic Industries Inc.	2636 Liberty Parkway, Dundalk, MD	US
S1-140239728	Crockett, Lee and Mettler Properties LLC	2156 Royal Berry Court, Cary, NC	US
S1-503654467	Narayan Clinic	19A 20A, Plot No. 75A, Visava Park, Godoli, Satara, Maharashtra	India
S1-254260396	Summit Foundation	4710 30th Place, Unit B, Yuma, AZ	US
S1-974019979	3124 Park Street Realty	230 Tree Top Lane, Hockessin, DE	US
S1-318713944	Office of Labor	906 Lilac Lane, Little Falls, MN	US
S1-175160557	Nettles Centreprivate Private Limited	Cts No-3051/1W/O Mohd Ali, Badepur, Jagat, Gulbarga, Karnataka	India
S1-455001220	Green It Private Limited	Plot No.3, H-No:3-6-633, Parvathi Apartments Street No 10, Himayathnagar, Hyderabad, Telangana	India
S1-218873746	Anchor Hancock LLC	405 Hayden Station Road, Windsor, CT	US
S1-537236754	Womens Health Specialists LLC	Cleveland, TN, 240 Hidden Forest Drive	US
S1-142627762	Interstate Commercial Inc	441 Carrollwood Drive, Tarrytown, NY	US
S1-852646691	Ear Nose & Throat Medicine	TX, 18407 Cochran Road, Hempstead	US
S1-512270087	Builcon Research Pvt. Ltd.	Plot No. 114, Sector-59, Ballabhgarh, Faridabad, Haryana	India
S1-7769902	Structure Film (India) Private Limited	4569 Mahabir Bazar, Delhi, North Delhi, Cloth Market, Delhi	India
S1-37195900	Highland Delta Security P.C.	598 Claybank Road, West Jefferson, NC	US
S1-540840570	Select Tri-State Agnc LLC	7183 Austin Avenue, Niles, IL	US
S1-10638032	Robinson, Nelson & Duran Living LLC	662 10th Road, Toronto, KS	US
S1-736084307	FX Consultancy Pvt Ltd	226 D-288/89 St No 10Laxmi Nagar, New Delhi, East Delhi, Delhi	India
S1-369586145	Intrinsic & Sons LLP	C/O Binod Singh, Block Colony, Aurangabad, Aurangabad(Bh), Bihar	India
S1-455795255	Eye Group	19110 Creekfield Lake Court, Cypress, TX	US
S1-758957570	Vance Mountain Science	243 30th Avenue, Clinton, IA	US
S1-881905746	TRY Electric of Weldon Spring	5201 Vogt Drive, Weldon Spring, MO	US
S1-316415984	Vasavi Medical Centre	'Akash Apartments'No.10, Collectorate Colony, 2Nd Street, Aminjikarai, Chennai - 600 029., Chennai, Tamil Nadu	India
S1-820129209	Vijay Ventures	F308 Suyash, Salaiwada, Sindhudurg, Sawantwadi, Sindhudurg, Maharashtra	India
S1-302197742	Bright Payroll Company	Lincolnton, 1319 Mirror Lake Road, NC	US
S1-909320352	Shivam Consultants Private Limited	S No 275 Beverky Hills Flat No B602 Dange Chowk Road Hinjewadi, Pune, Maharashtra	India
S1-347633678	Josefa Wadley Investors LLC	65189 94th Street, Bend, OR	US
S1-608460171	Properties Baglamukhi India Pvt. Ltd.	261/3B, Banadurai Pattuka, Tharu Sastra College Road, Kumbakonam, Thanjavur, Tamil Nadu	India
S1-90709136	All Marketing Private Limited	Office No 7, 8 Jaloli, Chowk, Tembhurni Road, Pandharpur, Solapur, Maharashtra	India
S1-871898365	Smart Chemical Advisors	1215 Doctors Drive, Tyler, TX	US
S1-467106977	Aditya Global Private Limited	Vignaharta Colony, S.N.41A, /1/2, M.N.5277, Tamjainagar, Satara, Maharashtra	India
S1-552201074	Nimish Travancore Private Limited	161/1 Mahatma Gandhi Roadroom No 404, Kolkata, Calcutta, West Bengal	India
S1-818055779	YW Plains Inc.	27204 Hwy 125, Unit UNIT 2, Afton, OK	US
S1-520760858	Tsai Learning Center	Frisco, TX, 3818 Ladera Heights Boulevard	US
S1-861178679	Sun Marketing	S No. 343, Plot No. 18, Bhokardan Naka, Jalna, Maharashtra	India
S1-664348598	Chicas Associated P.C.	3188 110th Street, Durant, IA	US
S1-510821317	Remoon LLC	3105 Toad Lake Road, Bellingham, WA	US
S1-900619529	Colaba Retail Private Limited	Bmp Building, Ground Floor, N.A. Sawant Marg, Colaba, Mumbai, Maharashtra	India
S1-749151056	Ferrara, Springer & Nystrom Quality P.C.	6960 Monroe Twp Rd 1013, Corning, OH	US
S1-788553115	Bonni Campbell, Ph.D.	11124 Montana Avenue, City Of El Paso, TX	US
S1-893605298	Choice Learning Partners Inc	1025 Stillmeade Drive, Midlothian, TX	US
S1-504602835	Tech Investment Private Limited	# 5 800 Kothnoor Village 4 Utharahalli Hobli, Bangalore, Karnataka	India
S1-925220388	Samoor Navios	645 Willow Street, Chicago, IL	US
S1-757106641	Tippins Tower Group	624 Lincoln Road, Kokomo, IN	US
S1-323033263	Jenni's Modern Roofing	19540 State Road, North Royalton, OH	US
S1-258610916	Saint Zion	1465 Jackson Twp Rd 335, Junction City, OH	US
S1-283201867	Lucienne J. Clark, M.D. Center	NM, 304 Mccune Street, Roswell	US
S1-659211904	American Biotech LLC	1500 Bridgeport Way, Unit #203, Suffolk City, VA	US
S1-545238449	Foot & Ankle Partners LLC	11830 Gum Point Road, Unit 2, Berlin, MD	US
S1-534046796	Quartz	2634 1375, North Ogden City, UT	US
S1-832140163	Poston Workshop Associates	5323 1781, Crab Orchard, KY	US
S1-834330228	Jimenez Light Corp	2690 Creek Road, NY, Newfane	US
S1-915802075	Education Federation VI	1216 Starkey Street, Augusta, KS	US
S1-55961137	Rhiti Group of Companies Pvt. Ltd.	South West Delhi, Delhi, C/O Shanti Devi, Near Swami Chowk, Shahbad, South West Delhi	India
S1-299700882	Back Infra Private Limited	B04, Laxmi Enclave, Bhaindar (W) Morwa Uttan Bhaindar Road, Thane, Maharashtra	India
S1-587390872	Prime Medical Concepts	20217 Mary Therese Lane, Frankfort, IL	US
S1-47705238	Salyers Trusted Waste Inc	4919 Erie Street, Chicago, IL	US
S1-527217239	CB Agro Private Limited	C-82 2Nd Floor Dsidc, Work Centre Kalyan Puri, East Delhi, Delhi	India
S1-773951	Tejaksh Care Private Limited	672/1 Uniti Gold Nr Hotel Rutugandhs Nagar, Pune, Unit 501, Maharashtra	India
S1-251909906	Freeman Industries	7711 Carriage Crest Drive, Spring, TX	US
S1-533904836	Monarch	4013 Shearwater Drive, Fl 1, Columbia, MO	US
S1-405455933	Horizon Talent Consultants LP	910 Lightwood Drive, Newport, NC	US
S1-571949938	Caldyx Shore LLC	13060 Oak Forge Drive, Mobile, AL	US
S1-44215517	VE Royalties	873 Indian Gap Road, Sevierville, TN	US
S1-668897081	Future Ventures Limited	Block-D, 501 Archi Paradise, Shobhagpura, Udaipur, Rajasthan	India
S1-779574258	Kellina Patton Oncology LLC	2864 15th Street, Springfield, IL	US
S1-250657933	Sree Foundation Pvt Ltd	Gambhirsinghpur Aurai, Sant Ravi Das Nagar, Uttar Pradesh	India
S1-71432438	Santoro & Johnson Inc	2974 Gehlar Road, Salem, OR	US
S1-446530140	Bowers and Jackson	South Bend, IN, 119 Sheridan Street	US
S1-111899955	Super Internet Private Limited	Flt 401 Aliabad Apartment, Behram Baug Sultana Bad Near 24 Karat Multiplex Jogeshwari West, Mumbai, Mumbai City, Maharashtra	India
S1-989511126	Winsol Solutions	102, Panna Chambers, 501-B, Shivaji Road, Swargate Corner, Pune, Pune, Maharashtra	India
S1-572917374	Green Engineering Private Limited	E-227A Greater Kailash Part-I, New Delhi, South Delhi, Delhi	India
S1-461032048	ZG Products Private Limited	349, Ii Floor, Sunder Vihar Paschim Vihar, New Delhi, Delhi	India
S1-253006551	Valley Charter School LP	1040 Wheatfield Lane, Crowley, TX	US
S1-571733072	Med Entertainments Corporation	Building No F, Flat No 406, Gat No 90 River Residency, Dehu Alandi Road, Pune, Maharashtra	India
S1-512711253	Shelli Dolan Immersion LLC	113 Woodlawn Drive, Kingston, TN	US
S1-409180858	RJ Investments Private Limited	C/O Sachin Deorankar Parv, Ati Bhawan Rajkamal Chowk, Amravati, Maharashtra	India
S1-208080708	Future Builders Pvt Ltd	P.No. C-36(B), Flat No. 5, Lajpath Marg, C-Scheme, Jaipur, Rajasthan	India
S1-321492395	Aubrie F. Garibaldi, O.D.	67 Melrose Avenue, Waterbury, CT	US
S1-211806389	Vanguard Vernal Corporation	2404 Reindeer Lane, Ontario, CA	US
S1-865711133	Beige Automation Pvt. Ltd.	Goodhome Builders And Developers Pvt.Ltd. C/O-Rahultiwary, Opp.-Balmiki Ashram, Parm, Anand Path, Nageswar Colony Boring Road, Patna, Bihar	India
S1-172744702	Compact Services Limited	M-230, First Floor, Orchid Island, Sector 51, Sadar Bazar, Gurgaon, Haryana	India
S1-991964764	Hinkle Complete Neuberger-Wagoner	510 Cherokee Street, Wagoner, OK	US
S1-385799501	New Delhi Financial Co	1203-1206, Mohan Dev Building, 13 Tolstoy Marg, New Delhi, New Delhi, Central Delhi, Delhi	India
S1-266627136	Ortiz Crystal Sunstone LLC	2414 Sinto Avenue, Spokane, WA	US
S1-839766065	Brodt All Harmony	2205 34 Butterfield Road, Yakima, WA	US
S1-22179214	Sree One Solutions Private Limited	11 Maikoo Purwa Cant, Jajmau, Uttar Pradesh, Kanpur Nagar, Jajmau	India
S1-392109956	Guillen Nexus of Surprise	16415 Lava Drive, Surprise, AZ	US
S1-952031042	Henderson, Scott & Kirk Inc.	IL, 3835 Pontiac Avenue, Chicago	US
S1-487939330	Bock Line LLC	132 A Robertson Road, Castalian Springs, TN	US
S1-195490298	Aurara Iron LLC	4585 129, Winfield, AL	US
S1-634414184	Solutions Srm Plus Private Limited	West Delhi, Delhi, Block R-1 Nawada Housing Complex, Uttam Nagar, R-1/1, Newdelhi	India
S1-452630927	Delta Foundation Inc	1814 Bell Road, Unit 2086, Phoenix, AZ	US
S1-26380702	Delarosa, Martinez & Velasco Inc.	8490 820th Avenue, Hennepin, IL	US
S1-316593757	ZFA Ventures Pvt Ltd	House No. 57, Sanjay Enclave, Lig Dda Flats, Jahangirpuri, Delhi, North West, Delhi	India
S1-443197296	Cultural Highland Alliance	79 Pratt Hill Road, Hartford, ME	US
S1-154175170	Mathew & Sons Private Limited	10, Community Centre, Near Invitation Restaurant Opp. Satyawati College, Ashok Vihar, Pha, Se-Ii, New Delhi, North Delhi, Delhi	India
S1-896030128	Supreme Properties Private Limited	Unit No 311/312/313, Bldg No.2 (A3) Sector-1, Thane, Maharashtra	India
S1-721890820	Chandra Trading Ltd	Plno-2, Satyam Raw House, Near Ashirvad-2, Udhna, Surat, Gujarat	India
S1-735981002	Fresh Restaurants	56 145, Bringhurst, IN	US
S1-748349485	Baig Enterprises LLC	3235 Rosewedge Way, Louisville, KY	US
S1-247456766	Saint Zion	1612 Pinson Street, Tarrant, AL	US
S1-920473795	QPL Chits Limited	A2-801, Sr No 16/3, The Province, Pune City, Pune, Maharashtra	India
S1-312975533	Sun Technologies Private Limited	Pooja Dairy, Laxmi Nagar, Tula Sherpur Sanjay Nagar, Bareilly, Uttar Pradesh	India
S1-946136758	Seven Hospitality Private Limited	Kerala, Building No.22/848, Ernakulam, Ground Floor, Satelite Tower, Satelite Township, Padamugal, Kakkanad	India
S1-552261545	Ema (India) Metal Private Limited	Door No. 2111, Business Park, Hilite City, National Highway 66, Bypass, Thondayad, Kozhikode, Kerala	India
S1-530613939	Gipson Chesapeake LLC	44705 Resort Road, Unit 82, Racine, OH	US
S1-479586556	Quinn Star Lifeco LLC	50 Parkside Drive, Hempstead, NY	US
S1-292274491	Aakash International School Private Limited	Nisarg, Flat No. 7-16, 4Th Floor, Fp 473 B/1- B/3 Salisbury Park, Pune, Maharashtra	India
S1-798776093	Green Developers Limited	Shop No. 6 & 7, Shri Ashtavinayak Building, Ekhatpur Road, Sangola, Sangola, Solapur, Maharashtra	India
S1-87451333	Gasoft Holding Company LLC	1124 Contrary Court, Anchorage, AK	US
S1-858910884	Cox Bhav PLLC	1822 Swann Road, Lewiston, NY	US
S1-990127600	Delta Wheeler Inc	11208 Mohawk Path, Lakeview, OH	US
S1-994020400	Golconda Animations Private Limited	Hyderabad, Prashanth, Hills, Khazaguda, Raidurg, Golconda, P No-139/B, Telangana	India
S1-665883062	Green Supply Company	1000 207 Kinzie Street, Riverton, IL	US
S1-607051870	Chiropractic Valley Specialists	2088 George Washington Memorial Highway, Gloucester County, VA	US
S1-639257726	Kern United Tribeca Inc	3010 1777, Royse City, TX	US
S1-752039671	Basey Resources LLC	Sandyville, OH, 11421 Center Avenue	US
S1-566335682	City Trading Pvt Ltd	C Wing Rathod Nagar, Behind Raja Hotel, Near K.D.M.C. Kalyan (W), Thane, Maharashtra	India
S1-443047042	Dental Heritage Group	610 Franklin Street, Troy, OH	US
S1-563971244	Myung Cascade Bynordic LLC	3502 C Street, Auburn, WA	US
S1-410947485	Aradhana Parekh Pvt Ltd	Plot No 98 2Nd Floor, Blk-G Ashok Vihar Ph-1, Delhi, North West Delhi, Delhi	India
S1-180467247	Paras Realty Limited	26/33 3Rd Floorsurya Plaza East Patel Nagar, New Delhi, Central Delhi, Delhi	India
S1-486762139	Yoder and Suh Inc	Pflugerville, TX, 904 Battenburg Trail	US
S1-283352366	Indo Logistics Private Limited	No. 16 Alpha Heights, 1St Cross, Temple Street Shrinivagilu, Koramangala Inner Ring Roa, D, Bangalore, Karnataka	India
S1-145266974	Ravika Online Pvt. Ltd.	10, Uthamar Gandhi Salai Nungambakkam, Chennai, Tamil Nadu	India
S1-234543016	M H Sommers Analytics Inc	WA, Vancouver, 8118 Saint Johns Road	US
S1-36774875	Rocky Federation	3131 Foundry Drive, Unit 4216, Charlotte, NC	US
S1-804976090	Kolkata Solar Private Limited	26/2, Armenian Street, 3Rd Floor, Jhagra Kothi, Kolkata, Howrah, West Bengal	India
S1-342912242	Value Fund Inc.	6783 Overton Drive, Fridley, MN	US
S1-538026150	Pediatric Associates LLC	3664 Yuma Lane, Plymouth, MN	US
S1-182688684	Infratech Brothers Private Limited	Mumbai City, Mumbai, Maharashtra, Kwg 68 2 2 Khatil Chl Andheri W Opp Gulati Co Gilbert Hill Rd	India
S1-334527544	Star Industries Pvt Ltd	P.No-D108E, Phase 7, Mohali, Punjab	India
S1-776613862	Natwest Diamond Private Limited	J First Block, House No. 104, Gali No. 8 Near Vir Bazar, Sangam Vihar, New Delhi, Delhi	India
S1-67527827	Red Massage	45 Wallace Street, Unit Apartment 517, Freeport, NY	US
S1-978310221	Marice Odell Signature Mercator	10755 Lumber Ridge Trail, Houston, TX	US
S1-111412935	Western Animal Hospital	3040 Central Avenue, Unit Unit G306, MT, Billings	US
S1-641976006	Angel Provider Limited	Prop. No 8/1 Ground Floor Sarva Priya Vihar, New Delhi, South Delhi, Delhi	India
S1-464544032	Ksp (India) Ivf Private Limited	13-101 Bhaskar Peta, Near Kasa Garden, Opposite C, Hurch, Chittoor, Andhra Pradesh, Srikalahasthi	India
S1-273392842	Aziz Travel, LLC	Edelstein, 18908 Pau Hana Court, IL	US
S1-968338601	Kumar India Private Limited	5/66D, Ss Commercial, Complex, Ashesham Mainroad, Mannargudi, Tiruvarur, Tamil Nadu	India
S1-278745109	Norene Mercer Beacon Machine Works, LLC	4126 Fairhope Oak Street, Pasadena, TX	US
S1-650148844	Mahmood's Total Data	NC, 108 Carla Ann Drive, Pikeville	US
S1-41548313	Henderson Launchpad LLC	2012 Road 200, Reading, KS	US
S1-727214097	Stark Capital LP	2614 Philadelphia Road, Lawndale, NC	US
S1-982374580	Liberty Diagnostics Corporation	2121 Log Cabin, Cushing, OK	US
S1-611608380	Hoppe Capital Inc	KY, Louisville, 121 E Tenny Ave	US
S1-619145009	46/27 Impact	2026 Euclid Avenue, Kansas City, MO	US
S1-263241272	Claussen Ship Inc	19980 Saddlebrook Drive, Lindale, TX	US
S1-466000192	Sun Technology Pvt Ltd	30, Kirti Nagar, New Sanganer Road Sodala, Jaipur, Rajasthan	India
S1-854277047	Teak Charitable Trust	Tc 19/3100, 1St Floor, Kallingal Agency Civil Station Road, Peroorkada, Thiruvananthapuram, Trivandrum, Kerala	India
S1-114893185	Farina Enterprises	3172 Main Street, Bridgeport, CT	US
S1-843682049	Urban Tavern	409 5th Street, Laurel, MT	US
S1-894480077	All Products	E-26, 1St Floor, New Delhi, South Delhi, Delhi	India
S1-705389260	Wilson, Williams & Pieper Inc.	IL, Roselle, 23W 617 Turner Avenue	US
S1-477451734	Labh Corrupack Private Limited	Plot No.928, Defence Colony Sainikpuri, Secunderabad, Hyderabad, Telangana	India
S1-705036661	Dianna's Secure Occupational Therapy	199 Guinea Road, CT, Monroe	US
S1-61379215	Linova Inc	7202 Flagler Avenue, Pasadena, TX	US
S1-571777763	Swastik Technologies Pvt Ltd	Bl No 123 Pl No D1 D2, Mangrol, Gujarat, Surat, Pipodra, Ta Mangrol, Vill Palod	India
S1-644751827	AY Limited Inc	727 Cady Street, City Of Watertown, WI	US
S1-319883370	Sopan & Brothers Private Limited	Kamla Tower, 29/1 Dwarikadheesh Road, Bara Chauraha, Kanpur Nagar, Uttar Pradesh	India
S1-118641767	Metro Association LLC	405 Rivers Edge Drive, Georgetown, TX	US
S1-419455169	Thrissur Management Public Limited	Tc: 52/948, 05Th Floor, Haya Tower Opp: Municipal Building, Guruvayoor Road, Thrissur, Kerala	India
S1-750843590	Back Alley Book Store-Attleboro	58 James Street, Unit 3, Attleboro, MA	US
S1-894061244	Global Cascade Hotel Co	264 Carl Turner Road, Chester, NY	US
S1-539882112	Kanaka Memorial Trust Limited	Sheladiya Corporate House, Iscon Cross Road, Ahmadabad City, Ahmedabad, Gujarat	India
S1-912699933	Delta Orion LLC	101 Midtown Avenue, Farmville Town, VA	US
S1-858364204	Services Do Hike Pvt. Ltd.	Plot No 73 - 74, Phase Iii, Industrial Area, Dharuhera, Rewari, Haryana	India
S1-391185105	Sterling Multimedia of Austin	3313 Oxsheer Drive, Austin, TX	US
S1-567131048	Blair Management	3925 Brandywine Street, High Point, NC	US
S1-406433308	Mount Ministries	6612 Sunderland Trail, Austin, TX	US
S1-192276640	Apex Consultants Private Limited	Flt N E106, Satya Green Aprmnt Kodige Halli Main Road, Near Thindlu Cir, Cle, Bangalore, Karnataka	India
S1-262946176	Galaxy Pioneer Tech Private Limited	22, Bhimasena Gardensmylaapore Chennai 4, Chennai 4, Chennai, Tamil Nadu	India
S1-60547024	Tirupati Hospitality Private Limited	C/O Sahodri Devi, Bihari Lal Market Karnalganj, Gaighat, Main Chowk, Patna, Bihar	India
S1-302564709	Surya Industries Private Limited	Sco 541, First Floor Sector 70, Mohali, Punjab	India
S1-703318316	Maa Constructions Pvt Ltd	Thane, Maharashtra, Thane, Flt No602 Shri Sagar Chs, Ltd Sai Baba Ngr	India
S1-849674294	Krish & Co	Kalyan Bux Agarwal, Shop No.-42, 2Nd Floor, Prem Nagar, Khatipura Road, Jhotwara, Jaipur, Rajasthan	India
S1-523354310	Beaver Bioscience LLP	Kerala, Cochin Special Economic Zone Kakkanad, Plot No.34, Ernakulam, Kochi	India
S1-735117932	Ahinsa (India) Krishak Limited	Shop 60, Akshat Heaven, Opp. Sahjanand City, Gandhinagar, Gandhi Nagar, Gujarat	India
S1-144915043	Liberty Optimal Ameren LLC	14016 Eagle Street, Andover, MN	US
S1-325444054	Sunrise Ventures	301, 3Rd Floor, Patel Plaza Building, Near Ajit Scan Centre, Kalyan Murbad Roa, D, Kalyan, Thane, Maharashtra	India
S1-368940214	Solex Pinnacle LLC	2507 Oak Avenue, Newport News City, VA	US
S1-737724866	Shyam Care Private Limited	No: 370/34, Someswara Layout Hulimavu, Bangalore, Karnataka	India
S1-589464314	Millan Aspen Inc	3 Henry Terrace, Unit 5A, Worcester, MA	US
S1-842783891	Global & Co	301 Metro Estate Koregaonpark Mangaldas Raod 411 001., Pune, Maharashtra	India
S1-790650761	Cozy Pub!	561 Don Tyson Parkway, Springdale, AR	US
S1-313476618	Lotus Solutions	Plot No. 30 Sector- 4, Imt Manesar, Gurgaon, Haryana	India
S1-338163807	Jaipur Animal Private Limited	211-A, Una Appartment Ip Extension, Patparganj, Delhi, East Delhi, Delhi	India
S1-864763991	Sterling Staffing Industries	1511 4th Street, Lanham, MD	US
S1-709996781	Silver Services LLC	Scottsdale, 832 78th Street, AZ, Fl 1	US
S1-116733358	(india) Cosmic Ceramic Private Limited	Shop No.1 Rna Regency Park Tower Chsl Mg Road Maharashtra Nagar, Dahanukarwadi, Kandiv, Ali West, Mumbai, Mumbai City, Maharashtra	India
S1-365466720	FE Ventures Private Limited	Howrah, Kolkata, West Bengal, N. C. Chowdhury Road, 31/1	India
S1-557752048	Torres Gamco Inc	215 Linda Vista Drive, Hendersonville, NC	US
S1-504895614	Hbr & Partners	House No- 302 Balaji, Tower 24Th Main 7Th Phase, Bangalore South, Bangalore, Karnataka	India
S1-353444418	Muriel Cleveland Regional Health LLC	9610 Barn Rd, Louisville, KY	US
S1-643877272	Quality Keen Associates	201 Amanda Drive, Fl 1, Ashland, MO	US
S1-836175068	Goldia Grayson Royce LLC	5217 Kodiak Avenue, City Of El Paso, TX	US
S1-48050867	Uptown Deli Co	154 Volunteer Lane, Vonore, TN	US
S1-151294361	Family Care Associates of Shallotte	4380 Pittsboro Trail, Shallotte, NC	US
S1-778554980	Ox Holidays Private Limited	12-2-584, Santosh Nagar Clymehdipatnam, Hyderabad, Andhra Pradesh, Hyderabad, Telangana	India
S1-924474838	Premier Oriental Inc.	2422 27 Street, Brooklyn, NY	US
S1-942327685	Sangli & Brothers Private Limited	C/O Takur Das Vpo Asrawan, Hisar, Hissar, Haryana	India
S1-265602916	Economic Development Center	8823 186th Place, Bothell, WA	US
S1-515596840	Fleming's Physical Therapy	609 Tinkerbell Road, Chapel Hill, NC	US
S1-267171201	Vitae & Co	101 Rajkamalhasnabad Lane Santacriuz (W), Mumbai, Maharashtra	India
S1-944403624	Straight Engineering Private Limited	Flat No 3, Building No B, Mangaldham Society, Pune City, Pune, Maharashtra	India
S1-998720335	Commission on Parks and Recreation	3161 Vickie Court, Merced, CA	US
S1-165197500	Fresh Medical Advisors LLC	159 Margaret Street, Plattsburgh, NY	US
S1-228396062	Vision Academic Ltd	C/O Yogita Tandale, H. No. 248, Takli Rr, Khultabad, Dist. Aurangabad, Khuldabad, Aurangabad, Maharashtra	India
S1-18473737	Eye Unified Associates Inc	20 Camp Street, Cambridge, MA	US
S1-547352318	Ear Nose & Throat Medicine P.C.	300 Brook Street, Walnut Cove, NC	US
S1-699926184	VYY Mutual Corp	#7-1-216/A/2, Flat No;2B, Jains Anand, Dharam Karam Road, Ameerpet, Hyderabad, Telangana	India
S1-411971933	Callender, Shipp and Kain LLC	3673 Navarre Drive, Lafayette, IN	US
S1-489354822	Garcia Pacific	292 Pr 1517, Bandera, TX	US
S1-496750666	Tirupati Estate Private Limited	Akash Darshan Apartments Mayur Vihar Phase I, 203, Delhi	India
S1-191136428	Internal Medicine Center	TN, Jacksboro, 590 Shawnee Drive	US
S1-609255413	Shreshtha (India) Edge Ltd	5/G, Floor, Ground, Plot No.49, Vyapar Bhavan, P.D. Mello Road, Carnac Bunder Chinchbun, Der Mumbai, Mumbai, Mumbai City, Maharashtra	India
S1-520906559	Trusted Wholesale Brands Co	Springfield, 1013 C Christopher Lane, IL	US
S1-946429990	Annmaria Fellows Mercury LLC	4102 River Hills Court, Town Of Janesville, WI	US
S1-102043176	Chiropractic Group PLLC	12845 Binney Street, Omaha, NE	US
S1-886524749	Kushinagar Township	House No. 266, N. H. 288, Kasia Road Chhawani Padrauna, Kushinagar, Uttar Pradesh	India
S1-985718412	Loree H. Park, DPM, DDS PC Inc.	NY, 2818 Cortelyou Road, Brooklyn	US
S1-628444370	NZK Structure Limited	C/O K. Vijayan, Tc 8/318(2) Ayodhya Nagar, Sreekaryam, Thiruvananthapuram, Trivandrum, Kerala	India
S1-944932791	A Select Kkr L.L.C.	1040 Camino De Lucia, Corrales, NM	US
S1-903238805	Oak Brothers Limited	D No.2/360A, Tamil Nadu, Avanashi, Kitnian Kadu, Alampalayam, Mopperipalaym, Coimbatore	India
S1-107880052	Shaikpet Media Public Limited	Shaikpet, Road No 59, Jubilee Hills, Hyderabad, Telangana, H No 8-2-293/82/A/1200	India
S1-582984028	Panya & Brothers Public Limited	Ideal House, Gwalior Show Room, Relief Road, Ahmedabad, Gujarat	India
S1-688719189	Nexex Unified Petroleum PLLC	3562 Lakeview Heights Drive, Fl 0, Saint Louis, MO	US
S1-466997586	Kirby, Schirmer & Rodriguez	7906 Glenlea Street, Houston, TX	US
S1-490431981	Bambie Glatt Research P.C.	490 Lindbergh Place, Unit 515, Atlanta, GA	US
S1-237835600	Miller's Diner LLC	1 Amy Drive, Texarkana, TX	US
S1-219652104	UDM It Private Limited	H. No. 2-99, Kotakonda, Narayanpet, Narayanpet, Mahabub Nagar, Telangana	India
S1-555112251	Gea	1710 Windsor Boulevard, Lockhart, TX	US
S1-218506775	Avon Retails Private Limited	37 Basement National Parklajpat Nagar Iv, New Delhi, South Delhi, Delhi	India
S1-540763787	Aarohan Trading Private Limited	No. 206, 2Nd Floor, Sheerji Chambers Plot No. 1/1487, Tata Road No.2, Opera H, Ouse, Mumbai, Mumbai City, Maharashtra	India
S1-434568968	24HR Locksmith	IL, 3090 Old State Road, Alexander	US
S1-588635485	Lumova Beauty Inc	10685 Somerset Road, Bowling Green Twp, OH	US
S1-425053880	Sivue	27 Rellim Street, North Middleton Township, PA	US
S1-569090639	Gsec & Co	22-5-8, G2, Harsha Elite Apartment, Tadepalle, Guntur, Andhra Pradesh	India
S1-973881027	Classic Pacific Iron Works	922 Power Street, Unit 18, Clarksville, TN	US
S1-610509029	Sabo & Wright LLC	345 Bypass Plaza Drive, Unit 304, Frankfort, KY	US
S1-28730057	Tri-State Alpha LLC	Williams, OR, 3785 Fork Road, Fl 0	US
S1-929265648	Solutions Welspun Welfare	P.No.B18, Khasra No.143, Vasundhara Homes Mirzapur, Jankipuram Extn., Lucknow, Uttar Pradesh	India
S1-764214329	Oncology Anchor Partners LP	1113 Antelope Street, Scott City, KS	US
S1-133993725	Satya Trading	D-903New Friends Colony, New Delhi, South Delhi, Delhi	India
S1-765915675	Prarambh Charitable Trust	6 Sweet Home Apartmentplot No39Trimurti Nagar, Nagpur, Maharashtra	India
S1-310233005	Louis Fashions (India) Private Limited	C/O-Nanda Lal Jaiswal, Tribani Toll, Jaigaon, Jalpaiguri, West Bengal	India
S1-678196124	Sky Social Private Limited	146, Vishvesariya Nagar, Triveni Nagar Gopalpura Bypass, Jaipur, Rajasthan	India
S1-320756527	Global Media Private Limited	B-7 Neminath Nagar, Barwani, Madhya Pradesh	India
S1-828915647	Modern Research Enterprises LLC	3021 601, Mount Airy, NC	US
S1-169518423	Mumbai Infratech Private Limited	104-A Elphinstone House17 Murzban Road C S T, Mumbai, Maharashtra	India
S1-556658185	Glow Kpo LLP	Sco No. 2, Near Sai Mandi, Amin Road, Thanesar, Kurukshetra, Haryana	India
S1-565889198	Quality Opportunities	407 Main Street, Mcleansboro, IL	US
S1-491720338	High Innovative Exports Private Limited	2/1, (438/D), Hmt Main Rd, I Stg, I Phase, Gokula, Bangalore, Karnataka	India
S1-287739154	Min's Heritage Capital	833 Westover Avenue, Norfolk City, VA	US
S1-525842600	Department of Transportation	130 Leavitt Street, Chicago, IL	US
S1-722235152	Fresh Book Store	3615 Lexington Street, Baltimore, MD	US
S1-190880775	Cunanan Capital LLC	59 Hughes Creek Road, Jackson, KY	US
S1-726534729	Rabe Pegasus LLC	401 Sandpiper Drive, Kill Devil Hills, NC	US
S1-243117082	Ahlers & Thomas	1426 Belt Line Road, Garland, TX	US
S1-908930245	Glyphance Steers Inc	294 Kingsway Drive, Anniston, AL	US
S1-691300889	Golden Book Store Inc	2 Cayenne Ln Lane, Cotton City, NM	US
S1-272928008	Vaayuaksh Exports Private Limited	O-Ii-24, Block B, 2Nd Floor, Palam Vyaapar Kendra, Palam Vihar, Gurgaon, Haryana	India
S1-550380520	Green Technical Technologies	100 Jefferson Street, Pulaski, TN	US
S1-367179795	Asma Medical Centre Corp	Flat No-11, Ganpat Apt, 2Nd Flr 17 Krishna St, T Nagar, Chennai, Tamil Nadu	India
S1-30300671	Arka Foundation	Munshi Ramdas Ki Haveli Chokdi Ganga Pole, Zoravar Singh Gate, Amber Road, Jaipur, Rajasthan	India
S1-706492916	Frontier Coalition	15339 Hwy 181, Sinton, TX	US
S1-192149625	CG Enbridge LLC	101 3rd Street, Oak Island, NC	US
S1-883589119	North Systems Private Limited	Pl 34W, Power Ind Area, Nr, Huseni Chowk, Kothariya St, Rajkot, Gujarat	India
S1-516746343	Golden Engineering LLP	7, Aerodrome Circle Kota, Kota, Rajasthan	India
S1-571915445	Star Structures Private Limited	21-Anirman Vihar, New Delhi, East Delhi, Delhi	India
S1-470475462	Primary Care National Associates	714 Cleverly Road, Dayton, OH	US
S1-680267791	Total Charlton LLC	4824 Shoal Creek Drive, Benton, AR	US
S1-863392961	Black Horizon Trading Inc	Dickens, 312 2nd Street, IA	US
S1-149445581	Halcari Investors Corp	5801 Orchard Street, Unit #67, Tacoma, WA	US
S1-431383918	Urban Products Limited	C/O. Sheetal Industries Khanna Amloh Road, Vpo Shahpur, Amloh, Fatehgarh Sahib, Punjab	India
S1-238485174	Direct Education International L.L.C.	N85W14086 Fond Du Lac Avenue, Village Of Menomonee Falls, WI	US
S1-586735288	Liberty Fund P.C.	324 Fenton Avenue, South Salt Lake City, UT	US
S1-606674575	Odeh School of Medicine Corp	823 Melfi Drive, Houston, TX	US
S1-934331427	Shree Foods Private Limited	St. Andrews Church Campus Parish Counsel Office, Manakudy, Kanyakumari, Tamil Nadu	India
S1-258998577	Aqua Ventures Pvt Ltd	Officeno 305 Woodrow Commercial Premises Veera Desai Road Andheri W, Plot No 19, Mumbai, Mumbai City, Maharashtra	India
S1-664121889	Kestus Fields LLC	575 Piney Mountain Road, Wythe County, VA	US
S1-295219800	Cold (India) Housing Company	3Rd Floor, Oriental House-Ii, Opp. Art Gallery, B/H. British Library, Law Garden, Ahmadabad City, Ahmedabad, Gujarat	India
S1-189623523	Continental Talent Alliance LLC	3240 9th Street, Lafayette, IN	US
S1-507845076	Dillahunt Data LLC	2701 Metropolitan Parkway, Atlanta, GA	US
S1-2366352	Caril Swamy Hills PC	1494 French Creek Mina Road, French Creek, NY	US
S1-378556419	Pharma Memorial Trust	No.13, 4Th Cross, Kirloskar Colony, Bangalore, Karnataka	India
S1-968303035	Cascade Illumination, Inc	2904 13th Avenue, Moorhead, MN	US
S1-677859648	Sequoia	1836 Seddlemeyer Avenue, Fort Wayne, IN	US
S1-850422524	General Talent Networks	4507 Keeler Avenue, Chicago, IL	US
S1-227826148	Nagika Coach Limited	Sagar Building, 4Th Floor, Kharek Bazar, Narsee Natha Street, Masjeed Bunder, ( W ), Maharashtra, Mumbai, Office No. 17, Mumbai City	India
S1-548160224	Urgent Care Rocky Specialists LLC	2611 Nana Lane, Greensboro, NC	US
S1-101401745	Secure Educational Society	New Delhi, Delhi, Unit No  35, Jasola District Centre, Ground Floor, Omaxe Square, Plot No 14	India
S1-913270418	Pediatric Dentistry Grand Clinic	354 Arizona Avenue, Unit 18, Chandler, AZ	US
S1-865840736	Lucky Ice Cream	14841 Moss Lake Drive, Farmer City, IL	US
S1-169805870	Metro Bright Douglas, Inc	12025 Kilmartin Lane, Austin, TX	US
S1-268174379	Wincon Consultancy Limited	Surat, Gujarat, Ring Road, C-4407 Kohinoor Textile Market, Surat	India
S1-248063372	FEY Technologies Pvt Ltd	314, 3Rd Floor, Dda 1, Building District Centre, New Delhi, West Delhi, Delhi	India
S1-404448479	Cedar, LLC	70 Laguna Drive, Mound City, KS	US
S1-164811891	Lesly Graham, MD	151 Wilmington Avenue, Bldg Rear, Tonawanda, NY	US
S1-586809046	Golden Pizza! LLC	4973 Elm Street, Rose, NY	US
S1-428230491	Certified Marketing Partners L.L.C.	202 Owen Hollow Road, Big Flats, NY	US
S1-705884174	Romero, Willet and Pantoja Inc	3700 Oboe Dr, Louisville, KY	US
S1-92130809	Lodyne Brokerage	115 Jewell Street, Rockingham County, VA	US
S1-93806280	KU Star Fuels LLC	2820 Main Street, Baton Rouge City, LA	US
S1-878680598	Jacinthe Nguyen Heartland Insurance, LLC	Arcade, 191 Liberty Street, NY	US
S1-581347876	Federal Cargo Ventures Inc	Houston, TX, 2718 Umiak Drive	US
S1-280144050	Poona Estates Private Limited	Punjab, Gian Parkash Bhandari 670, Mall Road, Model Town, Jalandhar	India
S1-185314861	Orthopedic Group	2133 Iowa Street, Chesapeake City, VA	US
S1-349645577	Tech Engineering Private Limited	Sunway Co-Op Hsg Soc P No .5-5 S No.41-A Aundh Bopodi, Pune, Maharashtra	India
S1-396266245	Precision Infrastructure Collective LLC	Sacramento, 4147 Brookfield Drive, CA	US
S1-862826262	Santilli Launch, LLC	Somerville, Unit 2, 12 Chester Place, MA	US
S1-538473793	Supreme Developers Private Limited	Sector-50, Uttar Pradesh, Noida, Gautam Buddha Nagar, D-169/46	India
S1-326625421	Regional Society LLC	1926 Gregg Avenue, Unit Apt 6, Fayetteville, AR	US
S1-715952235	Yow Academy	4148 Nickels Road, Leon, WV	US
S1-6930751	Hammond & Davis	321 Woodlawn Avenue, Roxboro, NC	US
S1-988364789	Shree Vision Software Private Limited	408A, Wz Block, Basai Darapur, Ramesh Nagar, Delhi, Delhi, West Delhi, Delhi	India
S1-45317490	All Precision LLC	TX, Brookeland, 4404 Sam Rayburn Parkway	US
S1-502302790	Delta Global LLC	Virginia Beach City, 1128 Rollingwood Arch, VA	US
S1-93863512	Pious Ventures Private Limited	Magnet Corporate Park, House No.-1, 1St Floor Off Sola Bridge, S.G. Highway, Thaltej, Ahmedabad, Gujarat	India
S1-763615412	Rodriguez, Shaffer & Strickland Meridian L.L.C.	Arlington, 2010 Park Row Drive, TX	US
S1-876693896	WB Signature Evo, Inc	2138 Paso Rello Drive, Houston, TX	US
S1-605307017	Noblesville Modern Mckinley	7000 Bladstone Road, Noblesville, IN	US
S1-150709371	Economic Development Alliance II Center	27568 Hickory Street, Island Lake, IL	US
S1-263051887	Dynamic Baba Management Pvt Ltd	253 Sancha Gullym G Cloth Market, Mumbai, Maharashtra	India
S1-154253888	Capital Federation	274 Long Prairie Lane, Scottsburg, OR	US
S1-544345920	Reed Midwest Pearl LLC	3175 Astorbrook Way, CO, Highlands Ranch	US
S1-385616770	Serene Edutech Private Limited	Villano 295A Palm Meadows, Laxmi Nagar Colony, Quthbullapur Mandal, Hyderabad, Telangana	India
S1-496283499	Meridian LLC	3001 Bladensburg Road, Unit 1005, Washington, DC	US
S1-950550401	Maid Bistro	1272 Apollo Drive, Frederick, MD	US
S1-65988945	Dynamic Infotech Private Limited	Srno121 Pl No17 Aishwarya, Apts Paud Rd Rambaug Col, Pune City, Pune, Maharashtra	India
S1-696928805	Heart Alliance	1407 19th Street, Woodward, OK	US
S1-107828314	Jarlic Briacell	30 Kelley Gap Road, TN, Greeneville	US
S1-517964369	Sai & Brothers Private Limited	8-48, Motors Workers Colony, Padmavathi Puram, Tirupati (Urban), Chittoor, Andhra Pradesh	India
S1-357824342	PCG Banc Inc	Unit 212, Washington, DC, 1919 14th Street	US
S1-172857228	Continental Beacon Interprivate	1766 Wincasset Court, Beecher, IL	US
S1-116176160	Deva Seva Samiti	Madhupura Industrial Estateplot No 5 6 7 Madhapur, Rajkot, Gujarat	India
S1-348855819	Indore Products Associates	633, Block-A Silver Spring Phase One, Machla Indore, Indore, Madhya Pradesh	India
S1-625257314	Clean Financial Partners PLLC	Mesa, AZ, 5832 Abbey	US
S1-275558225	Board of Environmental Protection	5389 Driftwood Drive, Imperial, MO	US
S1-840853105	Dahlia L. Butner, D.O., DDS PC Care	8017 Lowell Avenue, Lincoln, NE	US
S1-644578914	Supreme Rexford LLC	216 1/2 Main Street, Rising Sun, IN	US
S1-587797744	Laxmi Infra	Khasra No. 209 Rajokari, New Delhi, South West Delhi, Delhi	India
S1-246030490	Winstead Iheartmedia Inc	18070 Empire Trail, Farmington, MN	US
S1-297994251	Glori Isbell, MD, P.C.	2826 Daisy Lane, Unit C, City Of Wilson, NC	US
S1-355973576	Real Antibiotics Private Limited	Dhokali A1-501 Basant, Kavyadhara Kplshet Rd, Thane, Maharashtra	India
S1-556917648	Empire Creative Applied L.L.C.	5429 E Brenner Pass, Fridley, MN	US
S1-427008733	DV Industrials LLC	307 Elm Street, Loda, IL	US
S1-806883052	Prakash Investments Pvt Ltd	Orissa, Rajarani Tower Flat No-2, Ganjam, Kamapalli Main Road, Berhampur	India
S1-686914578	Sterling Imaging	8780 Lisa Lane, Westover, MD	US
S1-709131175	Susanna Ayala Freight LLC	136 Jo Monni Loop, Statesville, NC	US
S1-296995940	Downtown Barbershop	VA, Poquoson City, 791 Poquoson Avenue	US
S1-974486976	Devan Green Bay Homes, Inc.	35 High Cliff Lane, Bellingham, WA	US
S1-478747383	Cascade Fibre Limited	A-13, Sector-62, Ugf, Graphix Tower 2, Noida, Gautam Buddha Nagar, Uttar Pradesh	India
S1-583947096	Hilltop & Sons Co	3Rd Floor, Jmd Regent Arcade Mall, A- Block, Dlf Phase-1, Sector-28, Dlf Qe, Gurgaon, Haryana	India
S1-504090947	Bangalore Pharma Pvt Ltd	No.2152/11, D Block, 8Th Main Road Sahakaranagar, Bangalore, Karnataka	India
S1-621920713	Arihant Producer Pvt Ltd	Rz 104, Ravi Nagar Extention Khayala, New Delhi, Delhi	India
S1-298354414	Volner, Connors and Davila, LLC	3913 Finch Lane, IL, Swansea	US
S1-371286192	Shakti Black Developers Private Limited	10-2-265/1, Lingojiguda, Saroornagar, K.V.Rangareddy, Telangana	India
S1-262602567	Sun Consulting Limited	4Th Floor, B-11(G), Malviya Industrial Area, Jaipur, Rajasthan	India
S1-533853093	Peay Consultants Center	13661 Cridercrest Place, Unit UNIT 201, Prince William County, VA	US
S1-229073684	Halceon Construction LLC	2992 Dutch Run Road, Beaver, OH	US
S1-572681783	Happy Bistro LLC	89 Hillendale Street, Rochester, NY	US
S1-648973057	Ardenia Blackmon Velos	13156 Dougherty Ridge Court, Fl 0, Saint Louis, MO	US
S1-792220986	TX Furnace	# 21, 19Th Cross, 22Nd Main, Jp Nagar, 5Th Phase, Bangalore, Karnataka	India
S1-88655576	Ekam Futures Private Limited	E-105, Sec-72, G.B Nagar, Noida, Noida, Gautam Buddha Nagar, Uttar Pradesh	India
S1-450261732	Oncology Atlantic Associates Center	1195 Happy Hollow Road, Shepherdsville, KY	US
S1-977366652	New Delhi Multitrading Pvt Ltd	Ea-12, 2Nd Flr Inder Puri, New Delhi, Central Delhi, Delhi	India
S1-877961243	Pacific Complete Ready PLLC	90 Appleton Street, Unit 13, Lowell, MA	US
S1-273592804	Crystal Choice Partnership Inc	W8939 S Lake Road, Willard, WI	US
S1-869406249	Hari Projects Private Limited	At 2173/47 Tankapani Roadbhubaneswar Ps Badagada, Khurda, Puri, Orissa	India
S1-350670426	Division of Consumer Affairs	653 Rinpoche Lane, WI, Village Of Oregon	US
S1-711465241	Shirlee Treadwell Dynamic Health LP	643 Greenfield Court, Brownsville, TX	US
S1-272690073	Silver Hartford LLC	131 Vista Lane, Wythe County, VA	US
S1-997831283	Viva & Sons Pvt. Ltd.	10-1-13 (Ground Floor), Sambasiva Peta 1St Line, Back Side Of Saraswathi Theatr, E, Guntur, Krishna, Andhra Pradesh	India
S1-98500078	Agro Ge Mercantiles Pvt Ltd	B-408 Second Floor, Kh No. 393/264 Old No.B-34, Pipal Wali Gali, New Ashok Nagar, Delhi, South Delhi, Delhi	India
S1-166380995	Luu Coastal Flag LLC	OR, Dundee, 21846 Hidden Springs Road	US
S1-925065313	Brinn T. Mcdonald, D.D.S.	109 Henfield Way, Mooresville, NC	US
S1-608093893	Solstice Inc	IL, 1701 Wildspring Parkway, Joliet	US
S1-420936632	Gujarat International	412 Crystal Paradise Off Veera Desai Road, Next To Janki Centre, Mumbai, Maharashtra	India
S1-350809721	First Global Private Limited	No.7A, 1St Street, Krishna Nagar Madhanandapuram, Porur, Tamil Nadu, Chennai	India
S1-290122120	Producer Mahakal Effluent Private Limited	139 Andheri Industrial Estateveera Desai Road Andheri West, Mumbai, Mumbai City, Maharashtra	India
S1-82991286	Chan Endocrinology LLC	Kansas City, 3104 Douglas Court, KS	US
S1-265296585	Karnal Industries Group	G.V.Saravana Complex, No.817, Bharathiyaar Road, P.N.Palayam, Coimbatore, Tamil Nadu	India
S1-508771441	Cozy Cafe! LLC	4756 Broadway, Depew, NY	US
S1-595403110	Economic Development Project	5000 1/2 Shaw Lane, Austin, TX	US
S1-563103967	Universal Semiconductor Collective	81 Biltmore Avenue, Islip, NY	US
S1-311398518	Southern Arc Inc.	129 A Centre Street, Boston, MA	US
S1-703222836	Jai Projects Private Limited	No 330 3Rd Flr Ds Max, Saatonehill, Nr Anjanapura, Bangalore, Karnataka	India
S1-324311697	Sagar Capital Private Limited	S518, 5Th Floor, Crescens Tower, Nh 47 Changampuzha Nagar Post, Kochi, Ernakulam, Kerala	India
S1-36736360	Thomas and Baker, Inc	2000 Mays Street, Unit 113, Round Rock, TX	US
S1-22499966	Subham Group	C-96, Basement Sector-2, Noida, Gautam Buddha Nagar, Uttar Pradesh	India
S1-29710861	Lambert & Kumar Circle	7104 Connaught Drive, New Albany, OH	US
S1-232789397	Giga Curls Pvt Ltd	C/O Pravin Singh, Bilandpur, Ratlam, Madhya Pradesh	India
S1-481495400	Durgapur Mc Systems Limited	C/O-Deepak Kumar Ghosh, As-5B/29, Srinagar Pally., Durgapur Mc, Bardhaman, West Bengal	India
S1-143613356	Sky Builders Private Limited	Hash 2 Rameshwardham Aptss No 509 Next To Anand Soc, Pune, Maharashtra	India
S1-158464447	Bennett, Candy R., DMD, P.C.	2605 Mccomas Avenue, Kensington, MD	US
S1-645975430	Chiropractic Specialists Inc	TX, Terrell, 16752 429	US
S1-303201438	DF Flexible LLC	890 Straw Pond School Road, NC, Newton Grove	US
S1-753500021	Chandkheda India Limited	B/1, Nirmit Bunglows, New C.G.Road, Chandkheda, Ahmedabad, Gujarat	India
S1-816419040	Franklin's Software	6249 78th Street, Fl 1, Scottsdale, AZ	US
S1-443035460	Bureau of Finance PLLC	27 Fort Shantok Road, Montville, CT	US
S1-627130245	Garnica Healthcare, LLC	4 Flocee Lane, Southampton, NY	US
S1-636044991	Azalea Technologies (India) of Kolkata	A-5, 2Nd Floor, U-D 98, Christopher Road, Kolkata, Kolkata, Howrah, West Bengal	India
S1-658537733	Supreme Producer	1-8/1, Narket Pally, Narketpally, Nalgonda, Telangana	India
S1-300344873	Vestal Motor	340 River Street, Unit 136, Ketchum, ID	US
S1-920725119	King Rocky Rail Group	333 Broadway Avenue, Bedford, OH	US
S1-684112311	Bright Industries Private Limited	3Rd Floor, D.No. 8-2-293/, 82/Jiii/43/N/1F, Rd No.71, Shaikpet, Hyderabad, Telangana	India
S1-682572617	Platinum National Fortress	204 Moats Avenue, Harrisville, WV	US
S1-275323888	Sydney Badgett Strategic Titan Inc	820 Iroquois Trail, Macedonia, OH	US
S1-303623339	KFO Technologies LLP	Thane, Mira Road East, Maharashtra, Amish Park E & F Chs Ltd Near Don Bosco School, Mira Village, Flat No. F 203	India
S1-870887966	Carex Spa Private Limited	B-504/505, Amartaru - Vii, 13, New Nagardas Road, Andheri ( East ), Mumbai, Maharashtra	India
S1-909831529	Ss Projects	Plot 91 No 175 Behind, Metro House Cst Rd Kalina, Mumbai, Maharashtra	India
S1-908994671	Diamond Urban LLC	7636 Barbara Cohn Place, Baton Rouge, LA	US
S1-137517709	Pioneer Estate Private Limited	57, Vikash Nagar, Hisar, Haryana	India
S1-266219287	ZFQ Wash Limited	Mandvi Navjivan Bldg. 121/127, 410, Kazi Sayed Street, Mumbai, Maharashtra	India
S1-202457046	Clyyn Cafe Inc	1687 Cottage Avenue, Saint Paul, MN	US
S1-548470625	Vision Atlantic Physicians	162 Mulberry Lane, Lexington, TN	US
S1-786608482	Burcham & Turcios	116 113th Terrace, Kansas City, MO	US
S1-140204479	Deng's Safe Hospitality	Billings, MT, 936 E	US
S1-250157667	Apex Industrial Holdings	Elizabethton, TN, Unit 6, 213 Cedar Avenue	US
S1-649189338	Carter Colonial Babcock Inc	18660 Cave Creek Road, Unit 123, Phoenix, AZ	US
S1-815888374	Bellissimo Mills (India) Limited	102Dr Radhakrishnan Road Tatabad, Coimbatore, Tamil Nadu	India
S1-478912477	Page Martinez Bay Genesis LLC	W14389 Burch Lane, Town Of Silver Cliff, WI	US
S1-489268769	Southern Management Private Limited	House No. 1712, Dwijesh Marg Mohalla Pachpedia Near Custom Office, Basti, Uttar Pradesh	India
S1-4482107	Laxmi Engineering Pvt Ltd	C/O Rakeshkumar Gupta, S No 99/3, Bilalpada, Vasai, Thane, Maharashtra	India
S1-622189497	One Engineering Private Limited	37C, East Lohanipur, Behind Shanti Kutir Kadamkuan, Patna, Bihar	India
S1-751562454	Golden Tattoo	Village Of Luck, WI, 405 8th Street Court	US
S1-189258966	Corbett Principal LLC	3094 Old State Road, Mount Orab, OH	US
S1-466643133	Bsg & Co	12/720, Bajrang Nagar Behind Geeta Jyoti School, Rewa, Madhya Pradesh	India
S1-503926144	Prima Biotech	Lemon Tree Hotel Building, 2Nd Floor Crescent Tower, Siliguri, Darjiling, Darjeeling, West Bengal	India
S1-444781380	DTK Solutions Private Limited	Howrah, 1/1, Kolkata, Lord Sinha Road 6Th Floor, Kolkata, West Bengal	India
S1-615043309	Vatan Brothers Limited	Hd-201, Wework Enam Sambhav C - 20, G Block Road, G Block Bkc Bandra Kurla Complex, Mumbai, Maharashtra	India
S1-915188157	Pediatric Dental Care Associates	3409 Peach Tree Lane, Dubuque, IA	US
S1-24627927	Pelican Ispat Private Limited	Banraloo No.1, Meghdoot Vilas, Sonegaon, Nagpur, Maharashtra	India
S1-920368455	Krishna Industries Private Limited	38, Iiird Cross Street, Nehru Nagar Industrial Area, Kottivakkam, Chennai, Tamil Nadu	India
S1-830760746	Gulf Project Inc	130 Plemons Road, Sweetwater, TN	US
S1-658831507	Green Products Private Limited	No.3-5/71/1, Rajiv Gandhi Nagar, Qutubullapur, K.V.Rangareddy, Telangana	India
S1-120698164	Bryant Dynamic Live P.C.	Grethel, 2854 Little Mud, KY	US
S1-233299096	Ocker Optimal Atlantic	2921 Bermuda Grass Loop, Virginia Beach City, VA	US
S1-307731517	20/20 Vision Center	25 Cross Road, Westminster, MA	US
S1-393247831	Maid Bike Shop	4272 Guemes Island Road, Anacortes, WA	US
S1-261092988	Rocky Praetorian	7314 94th Street, Lubbock, TX	US
S1-670921117	Direct Pro	265 Citrus Hollow Way, Queen Creek, AZ	US
S1-958111221	Caex Futurewave Inc.	27460 188, Roosevelt, AZ	US
S1-132190793	Golden Materials Corporation	312 6 California Avenue, Oglesby, IL	US
S1-261664946	FYR Homes Private Limited	West Bengal, 2/60, Surya Nagar, Ground Floor, Kolkata, Howrah, Kolkata	India
S1-52725033	Shanti Technologies Corporation	5/59, Netaji Nagar, Ground Floor, Room No-5, Tollygunge, Kolkata, Kolkata, Howrah, West Bengal	India
S1-574204677	Rsm Management Private Limited	Plot No 345 Part, Hijli Co Op Society, Nr Netaji Krirangon, Ph, Kgp, Prembazar, Kharagpur, Midnapore, West Bengal	India
S1-765112950	Dover Pediatric Dental Clinic	397 Cantwell Drive, Dover, DE	US
S1-916405380	Sun Investments Private Limited	C/O Suraj Mundada, Mundada Hno113343 Samb Haji Nagar Jalna Jalna, Jalna, Maharashtra	India
S1-769923974	Shiv Products Private Limited	G 1:3 Lenyadri -1 Chs Ltd, Pl - 8 & 9, Sector - 19A, Nerul, Navi Mumbai, Thane, Maharashtra	India
S1-167878879	Elkton Regional Services	6235 Telegraph Road, Elkton, MD	US
S1-48070057	Rooney, Mitchum & Miller Portfolio LLC	VA, 3690 Thomasson Crossing Drive, Prince William County	US
S1-126793126	Roxy Servicesprivate Private Limited	2D & E, Shrishti, 12 Ho Chi Minh Sarani, Kolkata, Kolkata, Howrah, West Bengal	India
S1-432054176	Longshoremen Local Union 675	271 Ruane Street, Fairfield, CT	US
S1-679403569	Chiropractic Clinic Co	2909 Linden Lea, Irving, TX	US
S1-990471075	Kda Touch Private Limited	119/120, Nyniappa Naiken Stpark Town Madras 600 003 Park Town Madras 600 003, Park Town Madras 600 003, Tamil Nadu	India
S1-313794043	Strategic Staffing Inc	1630 University Drive, Richardson, TX	US
S1-272463102	Grad (India) Automobiles Pvt Ltd	C/O Dinesh Kumar, Near Kali Mandir, Bihar, Patna, Patna Sadar	India
S1-353186924	Royal Cement Private Limited	Kh No-52, Plot No-6 Akbarpur, Behrampur, Ghaziabad, Uttar Pradesh	India
S1-838289575	Blue Consulting Private Limited	9-B, Rishi Nagar Hisar, Haryana, Hisar, Hissar, Haryana	India
S1-492698164	Pinnacle Crypto LLC	18 Vogel Avenue, Phoenix, AZ	US
S1-547612152	Dorian Schultz, DO Care	214 Walnut Street, Ravenna, OH	US
S1-568623395	Johnson Biotechnologies LLC	361 Capper Lane, Superior, MT	US
S1-330154518	India Frontier Multitrade Limited	1744-1, Kalindi, Chavadimukku, Thiruvananthapuram, Thiruvananthapuram, Trivandrum, Kerala	India
S1-987407152	Ram Constructions Pvt Ltd	C/O Vishala W/O Somashekara S House No 328, Doddaiahna Palya Halepalya Post, Tiptur, Tumkur, Karnataka	India
S1-4962669	Ceon Group	509 11th Street, Murray, KY	US
S1-620918152	Surgical Supreme Physicians LLC	25 Roebling Avenue, Buffalo, NY	US
S1-676606486	Gangesh Cosmetics Private Limited	4, B.D. Estate, Lucknow Road Timarpur, Delhi, North East, Delhi	India
S1-456116539	YO Choice Produce Inc	227633 Ew 51 Road, Chester, OK	US
S1-408946983	Shiv Systems Private Limited	Hotel Swagat, Opposite Icici Bank M.I.Road, Jaipur, Rajasthan	India
S1-555078923	Hansen Bumrungrad Inc	Lancaster, 1709 Glenmar Drive, OH	US
S1-202794346	Miix Interests, LLC	2411 Arbor Road, Bentonville, AR	US
S1-185850075	F+ Spade LLC	506 Van Dyke Avenue, Taylorsville, KY	US
S1-594512014	Comnet (India) Dairy Corp	Flat No.1206, Kailash Bldg, 26 Curza Road, New Delhi, Central Delhi, Delhi	India
S1-979052697	Preferred Boston PC	73133 330 Road, Wagoner, OK	US
S1-350007292	Global Sun Inc	17448 Violet Vineyard Street, Conroe, TX	US
S1-993367774	Lucknow Materials Private Limited	12 Malviya State Vijay Nagar Kanpurp Road, Lucknow, Uttar Pradesh	India
S1-305792447	Julienne Miller Bank Inc	Shirley, 12080 Edgemont Road, AR	US
S1-111516859	Seven Systems Private Limited	Solitaire, Plot No 31-32, Sector 18 Kharghar, Navi Mumbai, Maharashtra, India, Maharashtra, Raigarh(Mh), Panvel, Flat No 1401	India
S1-830741403	Hedvig's Advanced Consulting	TX, Bay City, 2703 Ave K	US
S1-814123971	Super Management Private Limited	16/17-D, Civil Line, 59, Kanpur, Kanpur Dehat, Uttar Pradesh	India
S1-286830181	Orthopedic Associates LLC	7697 Cumberland Gap Rd, Craig County, VA	US
S1-833864930	Shivam It Pvt Ltd	Rz-134/309 Ground Floor Gali No 19A K H No-673, Sadh Nagar-Ii, Palam Colony, Delhi, South West Delhi, Delhi	India
S1-140243714	Shrishti International School	36 F/F 37 F/F, Mangal Bazar, Laxmi Nagar, East Delhi, Delhi	India
S1-209089218	My Constructions Private Limited	Door No. 4/461 (Old No. 6/858 M), 2Nd Floor Valamkottil Towers, Judgemukku, Thrikkak, Ara P O, Kakkanad, Ernakulam, Kerala	India
S1-740485841	Dwarka Cords Limited	Faquir Chand Dda Flat No.-62, Top Floor Sector-4-Ph-1, Cate-Ii, Dwarka, New Delhi, Delhi	India
S1-713589229	First Continental Airport Inc	482 Central Avenue, Middletown, IN	US
S1-594116442	Gangaksh Plastics Private Limited	P-15 India Exchange Place Extn2Nd Floor, Kolkata, South 24 Parganas, West Bengal	India
S1-503866347	Muniz and Christensen Duration Inc	326 Old Lund Road, Town Of Christiana, WI	US
S1-409377202	Solstice LLC	3480 Charles F Cooper Memorial Drive, Sulphur, OK	US
S1-59670970	Peak Materials Ventures LLC	120 West Street, Polkton, NC	US
S1-451718618	Psl Pollution Limited	A-503, Somerset Apartment, M.G.Road, Bangalore, Karnataka	India
S1-576007207	Callida T. Jones, DO, DDS PC	100 Eastview Drive, Unit 61, Emerald Isle, NC	US
S1-695737751	Global Eagle LLC	1 Hamilton Lane, Lakeville, MA	US
S1-182797202	Kashani Capstone LLC	115 Lavaca Loop, Hutto, TX	US
S1-636532794	Rang Business	Plot No.100-A, Kh-No. 28/1 And 28/2 Indraprastha Enclave, Block-A, G/F, New Delhi, Delhi, Najafgarh	India
S1-783726897	IXV Logistic Pvt Ltd	Unnati Gupta H7, Room No 27 Bmc Colony, Santosh Nagar Goregaon East, Jogeshwari East, Mumbai, Maharashtra	India
S1-43000659	Al Care Private Limited	B-438, 2Nd Floor Nehru Ground, Faridabad, Haryana	India
S1-164696950	North Continental Alibaba PC	31 Lake Side Drive, Auburn, IL	US
S1-930000517	Silver Regional Crumrine	3676 Brookhaven Manor Crossing, Unit 13, Atlanta, GA	US
S1-899474225	A All Burtech Inc	OK, Broken Bow, 93 Bentwood Road	US
S1-111481477	Calm General Private Limited	J-12/73 Rajouri Garden, New Delhi, West Delhi, Delhi	India
S1-173653167	Noida Steel Private Limited	A-3/909 Tower 11 Sector, 137 Purvanchal Royal Park, Noida, Gautam Buddha Nagar, Uttar Pradesh	India
S1-723072871	Big Pilates	1270 Winchester Avenue, Martinsburg, WV	US
S1-900034380	Office of Transportation	1308 Pinetree Drive, New Bern, NC	US
S1-890633474	Anita Infotech Company	Office No.4, 1St Floor, Annapurna Chs Above Samsung Service Centre, Syndicate, Kalyan, Thane, Maharashtra	India
S1-68739598	F & P Coinshares, Inc	285 Tunnel Road, Greeneville, TN	US
S1-332488104	Complete Aerospace	20 Estremedura Circle, Hot Springs Village, AR	US
S1-532472805	Stormi Reed Advanced Valuence	TX, 7503 Cr 400, Brazoria	US
S1-949201314	New Delhi Service Limited	Flat No.1702, Plot 8-A Ahoka Enclave Cghs Ltd., Sec-11, Dwarka, New Delhi, South West Delhi, Delhi	India
S1-755442834	Keystone Engineering Ventures	2037 Crescent Moon Court, Woodstock, MD	US
S1-758878625	Royal Solutions LLP	Kasam Suleman Chohan Bldg, 1St Flr, 2Nd Gautan Lan Opp. Andheri Post Office, S.V. Road, And, Heri (W), Mumbai, Mumbai City, Maharashtra	India
S1-127074140	Dalmia Clinic Ltd	J 1074, Palam Vihar, Gurgaon, Haryana	India
S1-920031307	Noa Premier Service LLC	1991 County Road 3479B, Cleveland, TX	US
S1-826177422	Perfect Alpha Power Private Limited	Xxii/3271, Industrial Development Area, Angamally South, Angamally, Ernakulam 68, 3573, Angamally, Ernakulam, Kerala	India
S1-420385827	Sterling Bsp LLC	6 Kayla Drive, Franklin, MA	US
S1-416512325	3545 Lincoln Way Company P.C.	14145 Bridgeport Road, Houston, TX	US
S1-461213279	Raghukul Educational Society Co	Maharashtra, 201, R-Wing, Tulsi Aarambh, Kharvai, Badlapur East, Thane	India
S1-952243332	Technologies Firefly Engineering Limited	Pune, Pune City, Hsg. Soc. Walhekarwadi, Sno74/4B 2/28Rajanigandha, Maharashtra	India
S1-107103755	Highland Arc	2326 341st Place, Federal Way, WA	US
S1-811460433	Ellis Imperial Corporation	3731 97th Street, Carmel, IN	US
S1-927199447	Signature Delta Occupational Therapy Group	216 Nc 6454, Vendor, AR	US
S1-518845293	LPG Lighting Pvt Ltd	5-36/109, Prasanthi Nagar Cly, Kukatpally, Hyderabad, Telangana	India
S1-132433003	Bureau of Veterans Affairs	N64W28051 Forest Ridge Circle, Village Of Merton, WI	US
S1-649463678	Franks and Beaman Strategic Inc.	495 3rd Street, Cokato, MN	US
S1-761782697	Beeta Business Private Limited	Shop No. 3, Ramtirth Chs Ltd, Opp. Rajmata Vada Pav, Ram Maruti Road, Naupada, Thane West, Thane, Maharashtra	India
S1-51170937	Enpee Process LLP	#134/1029, 20Th Main 5Th Block, Rajajinagar, Bangalore, Karnataka	India
S1-261437860	Hart Classic Pan	1069 Leonard Road, Lynchburg, OH	US
S1-774780589	Vision Producer Limited	7, Old Palasia, Upper Ground Shop No. 02, Gitanjali Complex, Indore, Madhya Pradesh	India
S1-165344189	Buniyad Services Private Limited	939, Garha Road Opp- Narinder Cinema, Jalandhar, Punjab	India
S1-623610907	My Technologies Private Limited	Cts No -15303/3 F No 10, Adarsh Tower Deepnagar Ga, Aurangabad, Maharashtra	India
S1-815053828	Internal Medicine Care Associates of Pocomoke City Ltd	710 Clarke Avenue, Pocomoke City, MD	US
S1-224972760	Certified Consolidated Inc	2631 Old Wesley Place, Atlanta, GA	US
S1-265033490	Caballero Learning Center Inc	511 Pinehurst Court, Huntersville, NC	US
S1-248681638	United Constructions Private Limited	No 87 A Gandhipuram 5Th Cross, Thillai Nagar West, Trichy, Tamil Nadu	India
S1-813301393	Pediatric Dentistry Medicine LLC	33 Wilkshire Circle, North Hills, NY	US
S1-590802346	Martin Trusted Starlink	421 Springfield Road, Unit Apartment 103C, De Witt, NY	US
S1-872006449	Schumacher Cascade Bioworks Inc.	IL, 2 3rd Street, Sterling	US
S1-691613126	Star Services LLP	Plot No. 1, Shop. No 2, C, Khatipura Road, Hasanpura, Jaipur, Rajasthan	India
S1-633579498	Consortium View Private Limited	U-136, Satyam Building, Shakarpur, Delhi, Delhi, East Delhi, Delhi	India
S1-600386930	Hall Smart Money LLC	111 Clear Creek Street, Hempstead, TX	US
S1-31467936	New Delhi Advertising	Shyam Vihar Ph-1, E Block, New Delhi, Plot 441-442-D Kh No-289, South West Delhi, Delhi	India
S1-670354065	Blanca Neal Certified Summit	Sedan, KS, 163 Main Street	US
S1-52892999	Flannery Independence of London	55 High Street, London, OH	US
S1-812763347	Harrison Preparatory Academy LLC	55749 Onaga Trail, Yucca Valley, CA	US
S1-38321566	Suraburdi (India) Le Private Limited	No. 58, I Floor, 17Th 'H' Main, 2Nd 'B' Cross, 5Th Block, Koramangala, Khb Colony, Bangalore, Karnataka	India
S1-790283277	Blue All Cal	13148 Carroll Turner Road, Rising Sun, IN	US
S1-439085330	Delacruz Technologies	18254 Montgomery Avenue, Fontana, CA	US
S1-389798316	Annabelle N. Russell, O.D., P.C.	203 American Way, Unit Unit 205, Lower Salford Township, PA	US
S1-894382579	Tiex Center	Wichita, Fl 0, KS, 1844 Windsor Court	US
S1-156800334	QD Networks	2301 Lebanon Pike, Unit 248, Nashville, TN	US
S1-35991169	Big Food Private Limited	Om Chambers, 648/A, 4Th Floor, Binnamangla 1St Stage, Bangalore North, Bangalore, Karnataka	India
S1-241597886	Best Blueport	MA, Haverhill, 123 Laurel Avenue	US
S1-200599840	CMS Navigation LLC	1936 162, IN, Jasper	US
S1-464857155	Fernandez Advanced Energia PLLC	181 Landings Drive, Frankfort, KY	US
S1-216026940	Baba Tech Private Limited	P. No. N1 To N6, P6 To P9, Sayan Textile Park, Hazira, Icchapore, Chorasi, Choryasi, Surat, Gujarat	India
S1-677925411	Advanced Network Networks LLC	5 Eastern Avenue, Woburn, MA	US
S1-246178745	Safe View Ltd	513 Brunswick Street, Baltimore, MD	US
S1-654626973	North Pediatrics	4553 Reflection Cove, Vestavia Hills, AL	US
S1-583158538	Heartland Clean Manufacturing	KY, Dry Ridge, 3790 Lemon Northcutt Road	US
S1-798934107	Apex Impex Private Limited	Meghana&Shalini Apartment, 100 Ft Ring Road Near Kadarenahalli Park, Banashankari 2N, D Stage, S-1304, Karnataka, Bangalore	India
S1-961094012	Genus Polytechnic Limited	Borivali West, S/48, Mumbai, Maharashtra, 2Nd Floor, Zoom Plaza, L.T Road, Opp. Gorai Bus Depot	India
S1-852984503	Digital Business Private Limited	24 Biplabi Trailakya Maharaj Sarani, Kolkata, Howrah, West Bengal	India
S1-470916852	Fortune Association Private Limited	Uttar Pradesh, Bareilly, Sri Charan Singh S/O Sri Sher Singh, 06 Moon Vaishnopuram Colony, Bareilly	India
S1-185740766	Wanner Gulf Data	111-43 Van Wyck Expressway, Jamaica, NY	US
S1-976957860	Brown Federal Alussa	Federal Way, WA, 35520 4th Avenue	US
S1-915581522	Aarvaya Infotech Private Limited	Sy No.39/1A1 Next To Union Bank Of India Bangalore-Mysore Road Near Cocoon Market, Ramanagara, Bangalore Rural, Karnataka	India
S1-541654684	Ardene Richie Efes LLC	6324 Pond Lily St, Louisville, KY	US
S1-327620907	Custom Interstate Appliance, LLC	5 Kittredge Drive, Westfield, MA	US
S1-77244406	Royal Commercial Alliance	655 Baker Street, Unit V106, Costa Mesa, CA	US
S1-709818793	Deitrick Preferred Ingredients, LLC	476 Main Street, Unit C2, White Sulphur Springs, WV	US
S1-70029323	Innovative Complete Online	1440 Idaho Road, Unit 2063, Apache Junction, AZ	US
S1-582282522	Vama & Brothers Corp	18 Eswaran Koil Street Tirupur, Tirupur, Coimbatore, Tamil Nadu	India
S1-30902337	Vineyard Traders Limited	Kozhikode, No. B.P. Vii/1012 Balussery Grama Panchayath, Kozhikode, Kerala	India
S1-387632675	Health Alliance LLC	Stilwell, OK, 464212 785 Road	US
S1-678235128	Allied Network	7606 Avalon Drive, Phoenix, AZ	US
S1-99622289	Satyen Fund Private Limited	Flat No 501, 5Th Floor Campus Capri Apartment 6-3-1090/A, Rajbhavan Road, Somajiguda, Hyderabad, Telangana	India
S1-565252755	One Technology	3-6-750 Street No-12 Himaythanagar, Hyderabad, Telangana	India
S1-81232595	Huffman Crystal Enterprises Partners	2593 Oakway Street, Canton, OH	US
S1-747446142	Colonial Program Partners	9017 77 Drive, Moore, TX	US
S1-805087343	Pacific Fellowship	1760 3rd Street, White Bear Lake, MN	US
S1-998953095	Musical & Partners	P No 264 Kavuri Hills, Guttala Begumpet, Shaikpet, Hyderabad, Telangana	India
S1-50580008	Oglesby & Higbee Corp	11165 7, Waconia, MN	US
S1-740049363	Sutton, Swanson & Holbrook High	3709 Goodell Road, Henrico County, VA	US
S1-477518167	Mercado Preparatory Academy Partners	509 Sixth Street, IN, Huntingburg	US
S1-849082332	Clementine Gonzales Living LLC	67 Pollys Court, Warren County, VA	US
S1-807454188	Rozanne's Brewing Group	1205 Cedar Hill Lane, Arlington, TX	US
S1-343226068	Sawai Services Private Limited	Bhubaneswar, Khordha, Plot No-103, Orissa, Revenue Plot No-88, Sahid Nagar	India
S1-324852738	Forrey & Foran Inc	1115 Greenaway Place, New Albany, IN	US
S1-148428271	Surya Medical Centre Private Limited	02, C/O-Dinesh Das Vill & P.O.-Kalikamora (More), Kushmandi, Dakshin Dinajpur, West Bengal	India
S1-878197816	Arks Bio Pvt Ltd	Ff-3, Welcome Plaza, Ganesh Crossing, Anand, Gujarat	India
S1-283132929	JJ Mobility LLC	257 Lyda Road, Burrell, PA	US
S1-863908542	Content Traders Private Limited	No.29/9, Poombhugar Street, Rani Annanagar Mmda Colony, Arumbakkam, Chennai, Tamil Nadu	India
S1-568389706	Antique Investments Limited	11/592, Sardar Nagar No. 1 Pranjal Bldg, Sion Koliwada, Mumbai, Mumbai City, Maharashtra	India
S1-336780188	Martinez Architecture	25 William T Morrissey Boulevard, MA, Unit 47, Boston	US
S1-226975904	Wiseman Complete Digital LLC	5569 83, Village Of Chenequa, WI	US
S1-171460186	Btm Products Private Limited	Saket, New Delhi, Ist Floor, Select City Walk, Delhi, F-69(B)	India
S1-991316139	Surgical Partners of Nolensville	4774 Jobe Trail, Nolensville, TN	US
S1-244343186	Om Producer Private Limited	B-14 New Shoam Avenuenehru Park Vastrapur, Ahmedabad, Gujarat	India
S1-762934594	Danley Consultants PLLC	23 Hess Road, Cornwall, NY	US
S1-660551852	Vellore Charitable Trust Company	No.2/1, First Floor, North Street Mangulam, Veppur Tk, Cuddalore, Tamil Nadu	India
S1-695440600	Silver Nails Inc	ND, 1757 Lilac Lane, Bismarck	US
S1-350850435	Visionary India Center	Plot No. 33-36, On Shapar- Virva Road, Village - Pipaliya Pal, Taluka - Lodhika, District - Rajkot, Rajkot, Gujarat, Dhvani Ind. Park - 7, Lodhika	India
S1-768107743	Agra Associates Private Limited	Khasra No. 638 Opp. Hanuman Mandir, Artoni, Agra, Uttar Pradesh	India
S1-213900398	Apex Shiva Hospitality Private Limited	Sr. No. 83/A, 83/B, H. No. 1, 2, A Flat No. G2 302, Ganga Orchid, Phase- 2, Pune, Maharashtra	India
S1-454396104	Satya International School	P No 43-C, 8-2-293/82/, J-Iii/43, Road No 71, Shaikpet, Hyderabad, Telangana	India
S1-971836891	RPP Plastics Private Limited	241, Model Town, Mandi Adampur, Hisar, Hisar, Haryana	India
S1-298623738	Supreme Disciplined LLC	87 Bonclarken Lane, Flat Rock, NC	US
S1-758870297	Tirupati Logistics Private Limited	Agra, Uttar Pradesh, Shop No. 135 Jeoni Mandi, Agra	India
S1-637441017	Royal & Brothers Private Limited	24/12, Iv Main Road, Gandhi Nagar, Adyar, Madras, Tamil Nadu	India
S1-531830313	Vagheshwari & Co	C-65Inderpuri, New Delhi, West Delhi, Delhi	India
S1-939923705	GOJ Ready	62 Mill Pond Lane, Brookhaven, NY	US
S1-992570098	Daggett Galata PLLC	74 Pointe Circle, Brookhaven, NY	US
S1-708927587	Crozier, Guertin & Kemp Nano Inc	2434 E 50th St, Unit APT 4, Davenport, IA	US
S1-474604022	Pioneer Finance Private Limited	B-201, Shreeji Ville, Opp. Nitin Co., Dr. Almeda Rd, Panchpakhadi, Thane (West, ), Thane, Maharashtra	India
S1-693860797	Great Aurora	8 Crab Apple Circle, Shelton, CT	US
S1-865661225	Cinder Activate LLC	91 Meadow Street, Rutland City, VT	US
S1-921588576	Hitech Infra Private Limited	W-99, Second Floor Greater Kailash I, New Delhi, South Delhi, Delhi	India
S1-56098342	Leming Diversified of Brooklyn	1391 35 Street, Brooklyn, NY	US
S1-959835868	Kone Agro Partners	No.255/15, New No.29, 13Th Cross, 5Th Main, Vyalikaval, Bangalore, Karnataka	India
S1-755193450	Aditya Construction Limited	F-453, Ground Floor, Jj Camp Tigri, New Delhi, South Delhi, Delhi	India
S1-117981081	Hytone Goal	856/1 Por Industrial Park, Behind Ratnakar Estate, Vadodara, Gujarat	India
S1-552159394	Ktc Overseas Limited	1044, Prestige Primrose, Hills, Sy No.52, Bangalore South, Bangalore, Karnataka	India
S1-534569198	Waters Holding Company Co	825 Front Street, Winona, MN	US
S1-332162258	Noix Group	4291 Winterringer Street, Hilliard, OH	US
S1-254829285	Bowman and Denson	813 Farmington Crossing, Farmington, UT	US
S1-809926404	Cozy Nails	1965 Benita Drive, Rancho Cordova, CA	US
S1-444222437	Charlean Mclean Dominion	128 Ironwood Lane, Clayton, NC	US
S1-226224906	Dhaliwal Cakes Private Limited	59A, A&B Block Ramakrishnanagar, Mysore, Karnataka	India
S1-767972787	Future Software Pvt Ltd	F.No-Gf/01 S.K Homes Pno1, Avantika-Extn Harsaon, Ghaziabad, Uttar Pradesh	India
S1-18970636	Dental Continental Medicine Group	5724 Grand Ranch Drive, TX, Joshua	US
S1-616056701	OE United Ishares LLC	13323 Johnsons Grove Road, Frog Jump, TN	US
S1-267405332	Seay Tokyo	18402 Willis Avenue, Douglas County, NE	US
S1-985499756	Patriot Program	1231 Sage Street, Albuquerque, NM	US
S1-255187292	Gabriel, Veliz and Gagnon Premier	916 Deodar Street, Unit UNIT E, Ontario, CA	US
S1-158962407	Seven Developers Pvt Ltd	Plot No. 1271, Road No.63, Jubileehills, Hyderabad, Telangana	India
S1-258840575	Star International Limited	Shop No. 21 Sector-9, Zone-93, Shipra Path Shopping Center, Mansarovar, Yozana, Jaipur, Rajasthan	India
S1-340826917	Heart Society	424 Patriot Avenue, Fl 0, Derby, KS	US
S1-204358397	Sfi & Co	Building No. V/179-D, Kalagramam, Chuzhali-Nediyanga Road, Taliparamba, Kannur, Kerala	India
S1-655782575	PCY Trust Partners	198 Jerry Road, East Hartford, CT	US
S1-674761616	Vajarahalli Off Kanakapura Road Suppliers Private Limited	No.10, Vajarahalli Off Kanakapura Road, Bangalore, Karnataka	India
S1-781327588	Vision Group	W7561 F, Town Of Maine, WI	US
S1-327736320	Logston Pacific Miluna, LLC	3008 Macadamia Way, Dover, DE	US
S1-968116616	Summit Society	7417 Fulshear Katy, Fulshear, TX	US
S1-229227283	Nguyen, Espindola and Tosti LLC	W809 Beaver Lake Road, Town Of Bass Lake, WI	US
S1-99974281	Daryaganj Talent Private Limited	9 Near Lic Office, Daryaganj, Central Delhi, Delhi	India
S1-596131258	Curry Capital Partners	TX, 6543 Woodland Drive, Dallas	US
S1-639997463	Caus Best Citigroup LLC	OR, 88179 3rd Avenue, Florence	US
S1-824424830	Highland Federation PC	2811 Rutland Circle, Unit 104, Naperville, IL	US
S1-693943381	Atkins National Wellness LLC	99 Doctors Drive, Unit 500, Munford, TN	US
S1-355067553	Evvie Acklin Total Braemar	101 Mountain View Place, Erwin, NY	US
S1-63187351	Sudershan Export Limited	Flat No. 48, B S Market, New Delhi, Central Delhi, Delhi	India
S1-19618602	Bright Food LLP	R-211 C Mohan Garden Uttam Nagar, New Delhi, Delhi, West Delhi, Delhi	India
S1-623199045	Milicent F. Davis, DDS	NY, 18 Maple Avenue, Bloomfield	US
S1-358279494	Solutions Jyoti Tape Private Limited	Plot No 190, Siddharth Layout Kadugodi, Bangalore, Karnataka	India
S1-362455314	Rainbow Technology Partners	Ahmadabad City, 401-402, Gujarat, Shreeya Atlanta, Nr Sahjanand Bunglow, Ahmedabad	India
S1-289224173	Jones Permian LLC	850 Central Avenue, Unit 1/2, Toledo, OH	US
S1-491247442	Andrew Allstate	908 Jason Court, Cary, NC	US
S1-41174862	Johnson Preferred Strategy LLC	11900 200, Unit Gw6h, Cleburne, TX	US
S1-394397749	Butcher Velos	2625 Falls Drive, Dallas, TX	US
S1-535372299	Sky Infrastructure Private Limited	Tanjore Main Road, Tiruchirappalli, 35, Tamil Nadu, Tiruchirappalli	India
S1-856784330	Ajmer India Pvt Ltd	Suite # A805, St. Johns Wood St. Johns Cross Road, Koramangala, Bangalore, Karnataka	India
S1-833899170	Fresco (India) Rubber of Surat Limited	C-503, 5Th Floor, Nandini-3, Vesu, Vip Road, Surat, Gujarat	India
S1-650631583	Prairie Charities LLC	1750 11000, Delta, UT	US
S1-783847111	Care & Co	114, R R M Building, Near Sarjapur Road Belandur Gate, Hsr Layout Bangalore Ka 5, 60102 In, Bangalore, Karnataka	India
S1-876725832	Shakti White Solutions Private Limited	Colaba Plot No 60 Mehboob Chawl Sqatters Colony Logeshwari East, Mumbai, Mumbai City, Maharashtra	India
S1-537323983	Raven Group	2210 Gettysburg Road, Lower Allen Township, PA	US
S1-897743927	Perdue International	189 Pineland Road, Atlanta, GA	US
S1-99793531	Unified Rapid Advisors LLC	101 Meredith Woods Court, Nashville, NC	US
S1-816775029	Peggi's Bay Tax Service	1792 Peach Tree Drive, Fl 1, Chandler, AZ	US
S1-133148183	Horizon Engineering Systems Inc	PA, 111 Peters Lane, Blair Township	US
S1-103933250	Beth Cathedral	25630 Three Notch Road, Hollywood, MD	US
S1-201225886	Wood Spa, LLC	2417 Vesson Avenue, Unit C, Durham, NC	US
S1-84338510	Sweeney Transport LLC	702 3rd Street, Alabaster, AL	US
S1-38656638	Carriers Farmfresh Private Limited	74, Basement, Back Portion, Poorvi Marg, Vasant Vihar, New Delhi, Delhi	India
S1-19120979	Chennai City Corporation Property	L-363, 16Th Cross Street, Thiruvalluvar Nagar, Chennai City Corporation, Chennai, Tamil Nadu	India
S1-70673891	CZ Centers Corp	467 Ames Heights Road, Lansing, WV	US
S1-192056105	HXB (india) Limited	Plot No. A-80 Ashadeep King'S Opp Jeerota Petrol Pump Karolankabarh Jagatp, Ura, Jaipur, Rajasthan	India
S1-130305056	Classic Sun Products Limited	I-1002, Ravi Estate, Opp. Dev Daya Nagar Pok Rd - 1, Thane, Maharashtra	India
S1-987043870	Wesolowski Starry of Cedar Falls	4022 Crestview Drive, Cedar Falls, IA	US
S1-873404901	Ear Nose & Throat Diamond Group LLC	IA, 17203 110th Road, Douds	US
S1-745752156	Calicut Raj Private Limited	3/596Akoyappathodi Plaza Nadakkave P O, Calicut, Kozhikode, Kerala	India
S1-575540220	Montay Synchrony, Inc	5210 Whitehorse Road, Knoxville, TN	US
S1-97933707	Pune Consulting Co	S - 5, Konark Campus, Viman Nagar Pune, Pune, Maharashtra	India
S1-862786703	Vimaia	9826 Clubhouse Circle, Magnolia, TX	US
S1-371604623	Vrishti Food Private Limited	J.P Nest Sanjeevni Layout, Karnataka, No.5W K No 112/111/7, Bangalore South, Bangalore	India
S1-593904830	JHG Twines	Kohinoor Building105 Park Street 2Nd Floor Suite 7 Ps Hare Street, Kolkata, Calcutta, West Bengal	India
S1-583358991	Pope & Waddle Advertising LLC	3607 Westheimer Road, Houston, TX	US
S1-635778929	ZXQ Aurora	632 Eugenia Place, Atlanta, GA	US
S1-314015450	Prime Producer Private Limited	H. No. 3-77/6 Gaggupalle, Issapalli, Armur Mandal, Nizamabad, Telangana	India
S1-221779260	Pridgen Hancock of Dallas	TX, Dallas, 2843 Aster Street	US
S1-264410314	Southern Software Pvt Ltd	No 2235, Belli Mansion, 80 Feet Road Netaji Circle, Dattagalli, Kanakadasa Na, Gar, Mysuru, Mysore, Karnataka	India
S1-156658301	Richfield & Sons Private Limited	15 Jalesar Road Prama Deve School K Pass, Etah, Uttar Pradesh	India
S1-553980014	Chandan Brothers Pvt Ltd	No. 671, Iii Block Xi B Mainrajajinagar Bangalore-10.Rajajinagar, Bangalore, Karnataka	India
S1-411927281	Coastal Environmental LLC	849 Kodak Road, Kodak, TN	US
S1-751887130	Sps Services Private Limited	266 Rabindra Sarani 1St Floor, Room No 3, Kolkata, Kolkata, Howrah, West Bengal	India
S1-552878571	Ernakulam Nigam	Ernakulam, Kerala, Ernakulam, Near Pandoor Temple Padam Busstand, Elamakkara, Door No. 49/93	India
S1-26002404	Rays Tooling Private Limited	L-10, Sec-Xi, Lic Colony, Kodihalli, Hal 3Rd Stage, Bangalore North, Bangalore, Karnataka	India
S1-430745939	Tirupati Consulting Private Limited	D-103, 1St Floor, Sneha Nagar, Phase-2, Nilemore, Nallasopara-(West), Vasai, Thane, Maharashtra	India
S1-192529850	Tc India Private Limited	Plot No 43 Third Floor, Delhi, West Delhi, Kh 104/2/1 Gali No 3, New Delhi	India
S1-634819801	Deepsun India (India) Corporation	1, Sonali Park, Kolkata, Kolkata, Howrah, West Bengal	India
S1-606274345	Renelle Sheperd Star Tge LLC	5208 Queen's Stroll Place, DC, Washington	US
S1-991427597	Tirumalagiri Jewel Private Limited	F 03, Aparna Silver Oaks, Aparna Road, Chandanagar, Tirumalagiri, Hyderabad, Telangana	India
S1-336338880	Ajmer Brothers Private Limited	H.No-1811 Khasra No-49 G/F Strret-25 Block-D Mukandpur Ph-1, Delhi, North West, Delhi	India
S1-96405175	Bombay Industries Pvt Ltd	467/1, Second Floor, Shivaji Market, Opp. Model Public School, Saraswati Viha, R, Pitam Pura, Delhi	India
S1-101221742	Jillian Tinder Couriers	3605 Fleetwood Drive, Fort Worth, TX	US
S1-865964830	Holly Springs Select LLC	209 Echo Hills Court, Holly Springs, NC	US
S1-858591322	Raashi India Private Limited	Kumar Niwas Buniyadganj, Mahabirsthan, Manpur, Gaya, Bihar	India
S1-253836082	Smvd Nursing Home Pvt Ltd	954, Mhow Neemuch Road, Dhodhar, Tehsil - Jaora, Piploda, Ratlam, Madhya Pradesh	India
S1-288312708	Helland and Morgan Studios LLC	4705 29th Place, Washington, DC	US
S1-619819077	Emmeline Fernandez Royal Flaherty	3 Douglas Circle, Greenville, RI	US
S1-613162524	Liable Securities Pvt Ltd	Parganas North, Kolkata, East Udayrajpur Madhyamgram (M), North 24 Parganas, West Bengal, Vivekananda Nagar	India
S1-398894299	Nashik Nirman Private Limited	7 Thakkers Near Nehrugarden, Nashik, Maharashtra	India
S1-866452988	Longshoremen Local Union 146	110 Pollard Place, King William County, VA	US
S1-705798484	Nambiar Ortho Private Limited	A-866, Lucknow, Sector-1, Lda Colony Kanpur Road, Lucknow, Uttar Pradesh	India
S1-566434108	Vanguard Software Ventures Inc	7725 Alexander Street, Indianapolis, IN	US
S1-992559131	Doneque	720 Brown Street, Winchendon, MA	US
S1-837602486	Adorne James Kogyo LLC	107 Oak Street, Cashmere, WA	US
S1-428299809	Martinez Dbdr LLC	638 Aguila Drive, Chesapeake City, VA	US
S1-402532342	Hail Charter School LLC	Killeen, 3706 Salt Fork Drive, TX	US
S1-716580632	Radhapuram Services Private Limited	D.No:12/686A1/F, S.A.Raja Kottai Opposite, Radhapuram, Tirunelveli, Tamil Nadu	India
S1-529757223	Bunais Corp	5772 Hogpath Road, Greenville, OH	US
S1-526751262	Nav Controls Limited	03 Kala Bhuvan 2Nd Floor03 Mathew Road Opera House, Mumbai, Maharashtra	India
S1-142628422	Brock Four Inc	26338 Gabriel Drive, Lincoln, DE	US
S1-252798436	Best Investments Private Limited	Vijayawada (Urban), Andhra Pradesh, Revenue Ward -2, Vijayawada Municipal Corp, Nh5 Road, Krishna	India
S1-305472629	Indo Media Private Limited	Kh No. 633 Saidata Road, Lucknow, Uttar Pradesh	India
S1-353800906	Rowell's Transport	Village Of Sauk City, WI, 504 Madison Street	US
S1-177568738	Mechelle Holbert Rocky Quest LLC	17051 Hunting Meadows Drive, Strongsville, OH	US
S1-420951387	Capital Innovative Development	1336 Albert Pike Avenue, Fort Smith, AR, Unit Unit C	US
S1-188906531	Johnston Boa LLC	NY, 397 Vista Maria Road, Wawarsing	US
S1-813683821	@ Fit 6 U Care	701 193rd Avenue E, Tulsa, OK	US
S1-72476359	Venkata Impex Co	R H (Bunglow) No. 1-4, Suncity, Neminath Villa Scheme, Vasai, Thane, Maharashtra	India
S1-386829677	Gonzalez's Coffee PLLC	24415 John Adams Drive, Plainfield, IL	US
S1-421719273	Malva Saavedra Biosciences LLC	609 Green Ridge Circle, City Of Watertown, WI	US
S1-935237875	Hari Properties Private Limited	Flat No. 007, B Block, Aratt Royal Citadel, Manipal County Road, Singasandra, Bangalore, Karnataka	India
S1-874164355	Wegener Better Sanayi PC	Greenfield, 3610 Joppa Court, IN	US
S1-670478496	Value Iron Center	755 Main Street, Olean, NY	US
S1-706976935	Doshi Infra Limited	C/O Nanhe Lal Gangwar Bye Pass Road Near Block Nawabganj, Nawabganj, Bareilly, Uttar Pradesh	India
S1-329165625	Kunkle Iheartmedia Inc.	4 Melrose Road, NY, Owasco	US
S1-384269511	Board of Aging	2291 Barre Road, Hardwick, MA	US
S1-691558058	Euro Sugar Limited	G-1, Site B, Surajpur Industrial Area, Greater Noida, Dadri, Gautam Buddha Nagar, Uttar Pradesh	India
S1-475872426	IDE Agencies Private Limited	Flat No. S-4, Plot No. S-23, Block-B, Shalimar Garden Extension-Ii, Ghaziabad, Uttar Pradesh	India
S1-821449305	Featherstone Silver Mortgage	1728 Almond Creek Place, Henrico County, VA	US
S1-456425929	Life (India) Galvanizers Private Limited	H.No. 32A, Vill Parsa, Jokaha Post Jokaha Khas, Deoria, Uttar Pradesh	India
S1-318618823	Cultural Coalition III LLC	107 Arthur Ashe Boulevard, Richmond City, VA	US
S1-80262665	Shyam Labs Ltd	Wz-114, 3Rd Floor Meenakshi Garden, New Delhi, West Delhi, Delhi	India
S1-834085959	Kathuria Services Limited	No 29/74 Building Number, Mariyammankovil Road, Korumbisserry, Irinjalakuda Thrissur, Mukundapuram, Thrissur, Kerala	India
S1-602544123	Galaxy Food Limited	6221/22F, Happy Trail Plot, No Gh02A Sec 10 Gr. Noida, Dadri, Gautam Buddha Nagar, Uttar Pradesh	India
S1-202985008	Urgent Care Associates Inc	1724 Wright Street, Unit 1, Sacramento, CA	US
S1-248008193	Campfield Sterling Toyo LLC	14030 47th Avenue, Phoenix, AZ	US
S1-182510656	QCP Wisconsin LLC	1292 Sun Court, Unit B, Bowling Green, KY	US
S1-642114479	YZC Liberty Charles Inc	AL, Meridianville, 194 Bramble Creek Drive	US
S1-942045664	Regional California LLC	Unit APARTMENT 1, KY, Fort Thomas, 11 River Road	US
S1-294382682	Tech Jain Products Private Limited	Delhi, New Delhi, 1/41 Punjabi Bagh West, West Delhi	India
S1-891952540	Beacon Inflection LLC	26 Tudor Court, Dover, DE	US
S1-440180014	Shree Growth Private Limited	Door No 5-7/19 & 5-7/20, Gousia Complex Opp Service Bus Stand Surathkal, Mangalore, Dakshina Kannada, Karnataka	India
S1-682108569	Age Jewels	49, Second Floor, Vigyan Lok, East Delhi, Delhi	India
S1-570084572	Mills & Russell Blackstone P.C.	404 Locust Street, Jefferson, IA	US
S1-422085599	Ragsdale Hill of Suffolk City Inc	216 Morgan Street, Suffolk City, VA	US
S1-981002835	Nashik Education Ltd	9 Parvati Park R/H Shri Gajanan Ngrpathardi Phata, Nashik, Maharashtra	India
S1-746827082	Lynda's Salon	127 W Bay Road, Lake Park, IA	US
S1-163044202	Golden Marketing Networks L.L.C.	TN, Murfreesboro, 1165 Lawrence Road	US
S1-672786082	Aashirwad International School	Ranpur Station Road, Ranpur, Ahmedabad, Gujarat	India
S1-795882331	Turner Corporation Associates	323 Reed Avenue, Collinsville, IL	US
S1-631487075	Chennai Tobacco Private Limited	No.23/11, Maroof Sahib Street, Mount Road Anna Salai, Chennai, Tamil Nadu	India
S1-827286316	Hari Foods Private Limited	Door No.38/241, A1 (1St Floor), Cochin Corporation, Ernakulam, Kerala	India
S1-994116119	Pediatric Dental Highland Group	175 Blossom Street, Unit 605, Boston, MA	US
S1-351558078	Western (India) Engineers Pvt Ltd	6/D/225 Rajabahadur Compound, Ground Floor, Ambalal Doshi Marg, Fountain, Mumbai, Maharashtra	India
S1-374918541	Laxmi Services Private Limited	C/O, Subir Majumder, Paresh Nagar 2Nd Mile, Sevoke Road, Siliguri, West Bengal	India
S1-772419091	Sarth Trading Pvt Ltd	7A/39 (11- First Floor), Wea Channa Market, Karol Bagh, New Delhi, Delhi	India
S1-931086821	Poss Soulpower of Rochester	26 Riverferry Way, Rochester, NY	US
S1-56433810	Allied Colonial Dpc Inc	50 Riverfront Drive, North Little Rock, AR	US
S1-389745588	Liberty Sizzle	3423 Rustic Oak Drive, Frisco, TX	US
S1-863882741	Strehlow Learning Center, Inc	NY, 59 Seneca Street, Dundee	US
S1-301183323	Sweet Nails	7110 River Oaks Road, Fl 1, Columbia, MO	US
S1-182099776	Classic Lending	9023 B, Town Of Poygan, WI	US
S1-621046323	Madison Sea P.C.	8373 State Rt 30, Dittmer, MO	US
S1-748674188	Continental Evolution	TX, Dallas, 9163 Water Mill Road	US
S1-980387439	Mcgregor, Barnes and Gary Investments LLC	10419 19th Avenue, Unit A, Everett, WA	US
S1-350637483	Power Care Pvt. Ltd.	P M Complex, Coimbatore, 2/233/12, Mulakurumpalayam, Asanallipalayam Road, Cheyur, Avinashi, Tiruppur, Tamil Nadu	India
S1-981485521	Abad, Babb and Peterson Suma	WA, 14509 15th Avenue, Spanaway	US
S1-728762011	Womens Health Partners of Elkins LLC	WV, Elkins, 104 Vista Avenue	US
S1-560635103	Summit Best Rail LLC	221 Eastland, Iredell, TX	US
S1-547851827	Nash, Scott & Bergeron Medical L.L.C.	340 Helena-moriah Road, Timberlake, NC	US
S1-323250057	Box & Sons Pvt. Ltd.	4 Fairlie Place 3Rd Floor Room No 301C, Kolkata, Howrah, West Bengal	India
S1-906776994	2445 Main Road Company	149 Bens Court, Warren County, VA	US
S1-852987200	Desiri's Express Pet Care	6125 Kestrel Court, Unit 206, Charlotte, NC	US
S1-393203853	Alpha Trading Private Limited	F.No. 204, 24 38/6/4, Meghana Gnr Gardens, Anandbagh, Malkajgiri, Secunderabad, Hyderabad, Telangana	India
S1-369142277	Halceon Mustang	TN, Gray, 123 Brittany Drive	US
S1-504079090	Aditan Realtors Limited	Habra Bazar, Raja Market, Po & Ps - Habra, Habra, Parganas North, West Bengal	India
S1-99127018	Platinum National Open	960 C Stratton, Show Low, AZ	US
S1-87662777	Webb Optimal Fitness	NC, Asheville, 806 Wedgewood Lane	US
S1-164897037	Gower Pacific Telecommunication, Inc	4321 5000, West Haven, UT	US
S1-965013328	National Medical Center Partners	330 Buckingham Circle, Unit B, Elgin, IL	US
S1-911347482	American Committee	9 Rodgers Road, Sapello, NM	US
S1-920251229	High Brothers Limited	Dlf Woodland Height, Flat No-081 J- Tower, Jigani, Banglore, Bangalore, Karnataka	India
S1-831713745	Classic Food LLP	Shop-111-112, Gujarat, Row-B/3. Gr. Floor, H.No. 4/2060-64- 65-66, Radhakrishna Tex.Market, Nawabwadi, Begampura, Surat	India
S1-193213699	Jai Engravers of Nashik	Flat No A7 Oak Woods A, Wing Nashik Deolali(Cb), Nashik, Maharashtra	India
S1-558848019	Assorted Pr Limited	Haryana, Shop No. 14 Rajpal Market, Gurgaon, Manesar, Nh 8 Manesar	India
S1-909011897	Loex All Innovative	134 Wilshire Drive, Fairfield Bay, AR	US
S1-816761694	Services Reha Industries Center	No. 234, 2Nd Floor, 9Th Main, 16Th Cross Hsr Layout, Sector 6, Bangalore South, Bangalore, Karnataka	India
S1-554728440	Liberty Network	46 Park Avenue, Elsmere, KY	US
S1-187605928	Sterling (India) Apparels Private Limited	173/Radha Bazar Street, Kolkata, Calcutta, West Bengal	India
S1-116186128	(india) Accurate Agro Private Limited	H.No.-11A, Vikas Nagar Extn, Uttam Naagr, West Delhi, Delhi	India
S1-965363587	Infotel Forgings Private Limited	3-5-133/2 Road No 5 Krishna Nagar Moulali, Hyderabad, Telangana	India
S1-804636597	Sunder Soft Pvt Ltd	Bihar, Sarai More, Siwan, Babunia Road, Opp. Bandhan Bank	India
S1-53525892	Cele's Liberty Financial	174 Airview Drive, KY, Elizabethtown	US
S1-848306284	Bermudez Metropolitan Box	AZ, 2113 Marshall Avenue, Phoenix	US
S1-705013195	Dhanlaxmi Engineering Pvt. Ltd.	Leela B1414, Sahakara Nagar, Bangalore, Karnataka	India
S1-205284887	20/20 Eye Care	1536 Essex Road, Columbus, OH	US
S1-810493482	Integrated Payment Collective	OH, 64 Riverside Homes, Elyria	US
S1-778576604	Shiv Business Pvt Ltd	Arvind Mills Ltdnaroda Road, Ahmedabad, Gujarat	India
S1-294411001	Clear Valley Automobile	7400 Fremont Court, Brooklyn Park, MN	US
S1-779621902	ZL Express Private Limited	Sangli, Maharashtra, C/O Babaso Shbu Vankhande Ghar Number 5 Atpot Shegaon Taljath Distsangli Shegaon	India
S1-850364492	Frankie No Kensington Inc.	711 Kerri Cove Court, Unit APT 201, Chesterfield County, VA	US
S1-88744377	Downtown Ice Cream! LLC	TN, 2005 Carefree Lane, Nashville	US
S1-234506888	Ryan, Cardenas and Garnier Flaherty Clinic	7452 Andrews Street, Bldg A-4600, Moses Lake, WA	US
S1-675885923	Wildlife Guild	89 Richardson Road, Munfordville, KY	US
S1-882244781	Tirupati Properties Private Limited	Bl-79 Anand Vihar, Jail Road, New Delhi, Delhi	India
S1-957820965	Leader Infraworld (India) Bhiwandi	H.No.2110, Flat.4041 4Th Flr, Meraj Apt, Wafa, Complex, Shantinagar, Piranipada, Bhiwandi, Bhiwandi, Thane, Maharashtra	India
S1-338580877	Wadley Northern Clinic	4032 Shelley Street, Baton Rouge City, LA	US
S1-909663371	Dreamy Consultants Private Limited	Plot No.2, 3, 1St Floor, Moon Avenue, Majitha Road, Amritsar -I, Amritsar, Punjab	India
S1-908122479	Aspen Xrp LLC	1535 Cesar Chavez Boulevard, Phoenix, AZ	US
S1-952315130	Technologies Shashikant Service Ltd	No 294/2, Nasuvampalayam, Palladam, Coimbatore, Tamil Nadu	India
S1-881374107	Marshall Fact LLC	2300 Tanger Drive, Unit 123, Casa Grande, AZ	US
S1-698136800	Fisher, Zapata and Mitchum LLC	814 Charles Street, Denison, IA	US
S1-99847941	Dipali & Associates	A-32, Satya Tower 1, Near Verdaman Mall, Amberhai Sector 19, Dwarka, New Delhi, Delhi	India
S1-399128922	Juieta Avalos Secure Proshares Company	695 Timmerman Circle, Blountsville, AL	US
S1-6316406	Saucier Ventures	634 Mogador Road, Steuben, ME	US
S1-246353275	Ibby Looney Airlines LLC	710 Savona Mill Lane, Unit 212, Charlotte, NC	US
S1-686419773	Aditya Media Private Limited	Chennai, 3Rd Floor, Agni Business Centre, K B Dasan Road, Al, Warpet, Tamil Nadu, Chennai, No. 24/46	India
S1-196508718	Flor's Analytics	1939 Brightwood Court, Salem, OR	US
S1-411892463	Lopez Ventures Talladega Inc.	AL, 3183 Germany Mountain Road, Talladega	US
S1-771842252	Morgan & Bowen Treasury Inc	1421 Republic Street, Cincinnati, OH	US
S1-134429954	Blue Academy	401 Rensselaer Avenue, Charlotte, NC	US
S1-10871097	Ear Nose & Throat Metropolitan Center	2203 Harwood Street, Dallas, TX	US
S1-842771273	3461 Commerce Street Management	22 Forest Street, Upton, MA	US
S1-635479692	Witham, Ning and Hoffman Center	924 Birmingham Drive, Baton Rouge, LA	US
S1-809270651	Milano Cars Private Limited	S No 174/175, Omega Paradise Flat No A 604, Wakad, Pune, Maharashtra	India
S1-395023931	Custom Apparel Ventures LLC	2543 Forge Stone Drive, Friendswood, TX	US
S1-322925832	Shruti Capital Private Limited	88 Sai Ind Estate, Near Nugar Bypass Circle, Mahesana, Gujarat	India
S1-103467225	Natividad and Timmerman Dynamic	11462 Big Sandy Springs Road, Vance, AL	US
S1-632719426	Western All White LLC	1401 Knotts Pointe Lane, Unit #311, Suffolk City, VA	US
S1-357129019	RM Aadhya Private Limited	C-3 Alkapuri, Bhopal, Madhya Pradesh	India
S1-973596814	Super 27 Deli	300 Davis Street, OK, Grove	US
S1-250058711	Nashik Global Pvt. Ltd.	Fl No 2 Atharva Park Vijay Nagar Wadala Pathari Road, Nashik, Maharashtra	India
S1-214925161	Gall Trusted Laboratories LLC	9904 Hall Road, Potomac, MD	US
S1-320022908	Ahmedabad Mills Ltd	01/Sf-Shri Arbuda C.H.S.L, 1 Opp.L.G. Hospital Maninagar, Ahmedabad, Gujarat	India
S1-320613494	Millennium Sangh	P Off 206, Ph 2, Cts 4533/34 Mayur Trade Center, Pune, Maharashtra	India
S1-325052579	Liberty Capital Ingredients	1205 Scenic Oaks Drive, Georgetown, TX	US
S1-47991468	DT Advanced Power Inc	2904 Clearwater Lane, City Of Waukesha, WI	US
S1-263800533	Juniper Inc.	Vancouver, 9711 11th Court, WA	US
S1-296741794	Naman Fabrik (India) LLP	3263 Ground Floor Gali No. 28, Beadon Pura, Karol Pura, New Delhi, Delhi	India
S1-542322953	Devaksh Organization Private Limited	Jg-Iii/108-B, Vikas Puri, New Delhi, West Delhi, Delhi	India
S1-71782227	Alpha & Co Private Limited	Flat No.704/05/06, 7Th Floor, Wing-A, Samarth Aangan Iii, Millat Nagar, Andher, I (West), Mumbai, Mumbai City, Maharashtra	India
S1-559718486	Provo, Village Of P.C.	1796 Sky View Loop, Provo, UT	US
S1-419653660	Nicol Hayes Foods LLC	994 Tudor Lane, Mobile, AL	US
S1-263912343	Shakti Star Consultants Limited	21/22 Sharma Complex, Bangalore, Karnataka, First Floor, Ds Lane, Bangalore South	India
S1-14461237	Kimberli Smith Advantage Corp	33 Lemoine Avenue, Cheektowaga, NY	US
S1-428321031	Surya Consultancy Private Limited	Jabalpur, Kamala Nehru Nagar Labor Chowk, Plot No. 438, Jabalpur, Madhya Pradesh	India
S1-889074912	White Solutions Private Limited	Delhi, Shahdara, 30 Shanti Vihar	India
S1-83359666	Clear Ngl LLC	88 Yarmouth Road, Augusta County, VA	US
S1-704909620	Alvina Bumpus, MD, DDS PC	3017 45th Avenue, Seattle, WA	US
S1-571656057	Loreen's Technologies	152 Pine Drive, Prospect, CT	US
S1-447113325	Mendoza, Ramos and Miller Associates	907 Gingerwood Court, Vacaville, CA	US
S1-417626941	Snyder Bright Ngl	8411 Coolidge Street, Phoenix, AZ	US
S1-229535895	Surat & Co	1St Floor, First International Financial Centre, Plot No C54 C55 G Block Bandra Kurla Complex Bandra East, Mumbai, Maharashtra	India
S1-31078592	Godlewski & Quinonez Sound LLC	404 Weslyn Way, Nicholasville, KY	US
S1-82854503	Frank Rodriguez Safe Enterprises PC	3312 Terrace Lane, Findlay, OH	US
S1-988296951	Mcmaster Silver Rare Co	IN, Daleville, 9001 600	US
S1-765395310	Galaxy Consultants	Manawar, C/O Badrilal Dhanna, Gram, Jhapadi, District Dhar, Madhya Pradesh, Dhar	India
S1-118464075	Super International Private Limited	131/61, N.S.C Bose Road, Kolkata, Kolkata, Howrah, West Bengal	India
S1-265433783	Ayars Ventures PLLC	1370 Balltown Road, Niskayuna, NY	US
S1-567197084	Joshi Learning Center	3940 Corral Road, Rio Rancho, NM	US
S1-488305564	Pioneer Solutions	Delhi, East Delhi, F-124 G/F Old No F-18, Plot No-475 Ca East Vinod Nagar Kh No -156, Vinod Nagar	India
S1-510682219	Super South Solutions Private Limited	35, 3Rd Floor, Plot-209, Atlanta Building Jamnalal Bajaj Marg, Nariman Point, Mumbai, Mumbai City, Maharashtra	India
S1-505560235	Construction Perseus Comtrade Private Limited	34/1723A, Kannanthodath Lane, Edapally P.O, Eranakulam, Ernakulam, Kerala	India
S1-672233723	Hotel Producer Private Limited	Plot No. 8, Sector 9, Cdri New Campus Road, Lucknow, Uttar Pradesh	India
S1-702438300	Vandegrift Allstate Clinic	837 Mission Circle, Springfield, MO	US
S1-722484361	Delacruz Mountain Beyond L.L.C.	440 Grand Avenue, Unit Suite B, Des Moines, IA	US
S1-865111408	Heritage Infrastructure Works PC	13226 Bridges Road, Elk, WA	US
S1-843293682	Blalock Pharma LLC	1053 Blue Mountain Lane, Nashville, TN	US
S1-675773914	Kudrat Foundation (India) Limited	Telangana, Hyderabad, Rangareddy, Gachibowli Village, Serilingampalli, Sy: 134/2	India
S1-769119217	Anand Institute Partners	1201 To 1208 12Th Floor, Solitaire Connect, Ahmadabad City, Ahmedabad, Gujarat	India
S1-320922557	Pino Nuveen LLC	104 Stratton Avenue, Nicholasville, KY	US
S1-178851419	Ram Sai Consulting Pvt Ltd	Vill Paschim Balarampur, Lp 77/42 24 Parganas Sout, Budge Budge - Ii, South 24 Parganas, West Bengal	India
S1-118778574	Upkaar Project (India) Private Limited	Door No. 02-066/241 To 246/92P, Plot No. 92, Opposite Ramky One Marvel, Gajularamaram, Tirumalagiri, Hyderabad, Telangana	India
S1-548899550	Superior Brc LLC	240 Gaylor Road, Wallace, NC	US
S1-41255876	Idhayam Institute of Technology	In C/O Niddhu Ram, Village Bhadir Plot No.11, Mau, Mau, Azamgarh, Uttar Pradesh	India
S1-907695970	Blue Technologies Private Limited	201, Plot No. 33 Vallabh Nagar Chs N S Road-3, Jvpd Scheme, Vileparle, Mumbai, Mumbai City, Maharashtra	India
S1-461759863	Blanc Jackson Inc	2324 University Drive, Auburn, AL	US
S1-475512493	White and Mercado LLC	453 Rich Valley Road, Silver Spring Township, PA	US
S1-502595450	Jeon Affiliated LLC	KY, 305 Stillwell Road, Boston	US
S1-186817890	British Consultancy Limited	C-115A F/F, Kh. No-699, Amar Colony, Delhi North East, North West Delhi, Delhi	India
S1-935414487	Blue Constructions Private Limited	252-C Sant Nagar East Of Kailash, New Delhi, South Delhi, Delhi	India
S1-958472550	Deccan Around Pvt Ltd	Block-C, Ground Floorkranthi Shikara Complex Somajiguda, Hyderabad, Telangana	India
S1-494856616	Happy Hypnosis	11013 Mcgee Street, Kansas City, MO	US
S1-866556738	Cooper Dental Associates	1831 Hollyhock Drive, Rockford, IL	US
S1-129562432	UEB Promoters Private Limited	No.4C, Vgn Ews, 4Th Main Rd, Vgn Mahalakshmi Nagar, Poonamallee, Tiruvallur, Tamil Nadu	India
S1-177460350	Vision Media Limited	C/O Sribachalanchana Mohapatra, Dhabalei Road, At Baramasi Lane, Po Lenkudipada, Nayagarh, Orissa	India
S1-451297790	Quality Secure Dogecoin Associates	Lansing, NY, 4 Entrance Drive, Unit Unit M2E	US
S1-667563956	Farah's Prairie Productions LLC	NY, Clay, 5100 Audrey Drive	US
S1-552534721	Gupta Technologies Pvt. Ltd.	Gujarat, Paramdham Scty Balakhadi, C/O Ramesh Ranchhod Patel, Pardi, Valsad	India
S1-610114236	Anderson & Dyer Inc	2009 Songbird Drive, Forney, TX	US
S1-77314400	Amy W. Harris, CPA	Edmond, OK, 1805 Willow Creek Road	US
S1-382686774	Narmada Enterprises	C/O Pravati Yogashram, Shaktipura Shinagri, Po, Chapra, Chapra, Saran, Bihar	India
S1-974954285	Delta Property Solutions, LLC	405 Pebble Drive, Dayton, TX	US
S1-411559671	Regal Consultancy	N- 163, Shubhangan, Omaxe City-1, Inodre, Indore, Madhya Pradesh	India
S1-447888179	Patson & Partners Private Limited	Flat 9B, 9Th Floor, Moonstone Block, Olympia Opaline Sequel, Chinglepet, Kanchipuram, Tamil Nadu	India
S1-550107368	Siri Structure	H - 13 First Floor, Laxmi Nagar, Delhi	India
S1-942793421	Fleming Star Ocean Inc.	2509 Great Oaks Drive, San Marcos, TX	US
S1-385486273	City Healthcare Pvt Ltd	New No.11, Old No.9, Gandhi Nagar Main Road, Chennai City Corporation, Chennai, Tamil Nadu	India
S1-257125640	GE Complete Systems	60 Shattuck Road, Sturbridge, MA	US
S1-284418574	Heritage Fund Holdings	22651 Conway Road, Borden, IN	US
S1-969344755	Beige India Private Limited	34, Selvi Illam, Ramani Street K.K.Pudur, Coimbatore, Tamil Nadu	India
S1-614939652	IKS Services Corporation	Mumbai, 801, Maharashtra, Mumbai City, Plot No. 577, Amrut Smruti / Kamal Kunj Jame Jamshedji Road, Five Garden, Matung, A	India
S1-378515115	Dynamic Cloud Industries Inc.	8505 Seagate Drive, Raleigh, NC	US
S1-707925632	Larocque Wisconsin	29090 Barton Road, Logan, OH	US
S1-942525109	Spann, Jenilee S., DPM	TX, 9609 Prescott Drive, Austin	US
S1-96762472	Ramirez Indigo PC	2244 Ohio Avenue, Topeka, KS	US
S1-986844228	BN Braves	196 Truman Lane, Texarkana, TX	US
S1-507728299	Higgins Twin Inc	395 Crow Creek Drive, Unit 1412, Calabash, NC	US
S1-699259801	Lotus Consultancy Pvt Ltd	Flat No-Nandini -9C, Block -A Kanha Shyam Residency, 1281, Indra Nagar, Kanpur, Uttar Pradesh	India
S1-519886535	True (India) Films Ltd	Plot No 13 Police Housing Society Kotra Sultanabad, Bhopal, Madhya Pradesh	India
S1-441478907	Ramky Technologies Private Limited	Fl-01, Khodal Dham, Pl-53 Sec-19, Kamothe, Navimumbai, Raigarh, Maharashtra	India
S1-526039245	Memorial Rapid Project	300 Long Street, Shelbyville, IL	US
S1-317933030	Haridas Machineries Ltd	B-27, Grnd. Floor, Oshiwara Indl. Centre, Goregaon Link Road, Opp. Oshiwara Bus Depot, Gore, Gaon (W), Mumbai, Maharashtra	India
S1-376925673	Finance Advanced Advisers Private Limited	C/O Lokesh Kumar Singhal, Vijay Mandi, Murad Nagar, Murad Nagar, Ghaziabad, Uttar Pradesh	India
S1-618393832	Lantern Care	605 Baltimore Annapolis Boulevard, Unit 4, Severna Park, MD	US
S1-859749238	Smith, Hershberger & Sato Insurance Inc	IL, 701 Montague Street, Rockford	US
S1-264509377	Federal Shipping LLC	491 7, Isom, KY	US
S1-122541443	Amandy's Preferred Medical	404 12th Street, Unit 404, Ralls, TX	US
S1-442495184	Athena Espinoza Calamos	1227 Roosevelt Street, Phoenix, AZ	US
S1-869740001	Faia Inc	Nicholasville, 801 Brannon Road, KY, Unit 301	US
S1-64573046	Internal Medicine Clinic of North Reading LLC	8 Jill Circle, North Reading, MA	US
S1-751629729	Ivenari Bioworks LLC	200 Malibu Drive, Unit B4, Payson, AZ	US
S1-673309399	Gibson & Weaver	105 Carl Street, Alger, OH	US
S1-11738169	989 Lexington Plaza Holdings	9193 Clear Lake Drive, Unit SLIP 13, Kingston, OK	US
S1-234958095	Custom Irenic Inc.	30 Hamilton Road, Scarsdale, NY	US
S1-393210514	Services Rajvi Sciences Pvt. Ltd.	Flat No.A-1, Kh No. 7/12, Ground Floor Glai No.8, Blk-D, Kamal Pur, Kamalvihar, Village Burari, North Delhi, Delhi	India
S1-892338344	Xiong Patriot Municipals LLC	141 Main Street, Brewster, NY	US
S1-605033691	Manasa Trading Public Limited	A/1/267 Ghantiada Gandi Gateroad, Baroda, Vadodara, Gujarat	India
S1-258615917	Catlaina Martin Earth LLC	1974 Preble County Line Road, Brookville, OH	US
S1-966338505	Johnson Defi	1909 Amity Hill Court, Raleigh, NC	US
S1-242048271	Shivam Solutions LLP	11/1414, Silver Hills, Calicut, Kozhikode, Kerala	India
S1-354239934	Sunshine Apodaca Pinnacle Israel	230 Burress Street, Houston, TX	US
S1-369338611	MJ Industries Private Limited	Rzc-111B Gali No - 14/6 Sadh Nagar Palam Colony, Palam, South West Delhi, Delhi	India
S1-996509130	Premier Design Brands LLC	3161 Grant Avenue, Ogden City, UT	US
S1-224786018	Blue It Pvt Ltd	Kristal Realty Fl No504, Sr No28/1/57&60 Pimple Ni, Pune City, Pune, Maharashtra	India
S1-515544905	Martin, Rolland and Reyes Associates	2431 Water Valley Way, Knoxville, TN	US
S1-419587038	UF Better Idaho LLC	210 Sand Dollar Lane, Hampstead, NC	US
S1-920442935	HHG Services Private Limited	801-B, Sunbreeze Apartment, Sec-5 Vaishali, Ghaziabad, Meerut, Uttar Pradesh	India
S1-541721112	Sacramento School of Medicine	5345 Lang Avenue, Sacramento, CA	US
S1-443020389	Hari Welfare Society Corp	Raj Arcad-Office-211, Pal, Chorasi, Surat, Gujarat	India
S1-842815251	Kestrel LP	3 Jackson Avenue, Middletown, NY	US
S1-389662257	Balaji Systems Pvt Ltd	S/O Lt Sh Sewa Ram Jain, Plot 98 Third Floor, Sector 3, Dwarka, New Delhi, South West Delhi, Delhi	India
S1-410647948	Blum Creative Taiwan Inc	1915 Belcher Drive, Unit 301, Columbus, OH	US
S1-186830510	Zephic Staked, Inc	4745 Culbertson Drive, Mount Hood Parkdale, OR	US
S1-834041722	IN Buildestates Private Limited	Mumbai, Maharashtra, Happy Home, Tilak Road, Ghatkopar (E), A/22	India
S1-179542023	Harris, Oconnell & Sparks Telecom LLC	2313 Apple Hill Road, Fairfax County, VA	US
S1-147446882	India Gv Mills	Badshah Baba Const., 306, Gurukripa Apt, Bldg No B1, H.T. Road, Vasai, Thane, Maharashtra	India
S1-571834288	Nieves Massage LLC	5401 Virginia Avenue, New Hope, MN	US
S1-942545192	Ear Nose & Throat Better Health	67-15 180 Street, Fresh Meadows, NY	US
S1-237710153	Rowley Peak Barclays Inc	Springville, 455 Cascade Drive, NY	US
S1-791641097	Legacy Hancock LLC	1008 Helen Street, Sioux City, IA	US
S1-604420560	Smartech Tex (India) Co	11Th Floor, B Wing, Peninsula Business Park, Ganpatrao Kadam Marg, Lowe, R Parel, Maharashtra, Mumbai City, Unit No. 1101, Mumbai	India
S1-568943919	Jaipur Catering Private Limited	Karnataka, Bangalore North, Tumkur Road Yeshwanthapura Peenya, Bangalore, Fern Block Lat No Fa-1102	India
S1-969956125	Koy and Orem Orion LLC	727 Elm Street, Dunlap, TN	US
S1-628411590	Big Industries Private Limited	A1, Survey No. 120/3/A And B, 120/4, 120/7, 120/10/B, Lodha Industrial And Logistics Park, Usatane, Ambarnath, Thane, Kalyan, Thane, Maharashtra	India
S1-410191178	Columbia Memorial Initiative	1103 London Drive, Fl 1, Columbia, MO	US
S1-850998527	Sadguru Pte Private Limited	205-B, Crystal Complex, 150 Ft. Ring Road, Near K.K.V. Hall, Rajkot, Gujarat	India
S1-489111085	Berry Sharpe Compania LLC	25 Lucille Lane, KY, Calvert City	US
S1-652345902	Kali Infracon	Plot No. 5419, Basement, Galleria Dlf-Iv, Gurgaon, Haryana	India
S1-759925087	Aurelea Foster Third	286 4575, Washington Terrace, UT	US
S1-536396456	Dharm Infratel	Bangalore, Karnataka, No 1019 2Nd Floor B Block Sahakar Nagar	India
S1-416724627	Urban Engineering Limited	Pearl Omaxe Tower-1, Plot No. 1-B Netaji Subash Place, Pitampura, Delhi, 1204, Delhi, New Delhi	India
S1-925829928	Priscilla's Quality Energy LP	20 Garrett Circle, Unit Site 44, Anniston, AL	US
S1-982562442	Candid Marketingprivate Private Limited	Kolkata, 4Dr Rajendra Prasad Sarani, Calcutta, West Bengal	India
S1-966574868	Best Talent Solutions LLC	4522 Christopher Place, Houston, TX	US
S1-98834811	GOH Technologies Private Limited	H.No-15, Room No-I, Singenapalya, Whitefield Road, Bangalore, Bangalore, Karnataka	India
S1-163360144	Blue Fellowship	6000 Laskey Road, Rome, OH	US
S1-642066120	4583 Center Road Management LLC	100 Mitchell Circle, Wheaton, IL	US
S1-419813523	Unique Management Pvt Ltd	Ward No. 22, Chatti Road, Begusarai, Bihar	India
S1-863858335	Global Shetty Builders Private Limited	H .No - 463, New Ext. Colony, Palwal, Faridabad, Haryana	India
S1-579536848	Pest Fine Co	Kolloth Arcade, 1270 D, Rarachan Road, Eranhipalam, Kozhikode, Kozhikode, Kerala	India
S1-277973272	Ace Consulting Pvt Ltd	Fl 302A Pl 19 Sweet Co Op, H S G Society Sector 14, Thane, Maharashtra	India
S1-709951250	Francis Estates Private Limited	100B Mukta Ram Babu Street, Kolkata, Calcutta, West Bengal	India
S1-690476020	Langley Holding Company Inc	224 Wanda Road, Fl 0, Pasadena, MD	US
S1-991858974	Miller & Hicks	16800 27th Avenue, Unit UNIT G142, Marysville, WA	US
S1-596413374	Chennai Medical Centre	3 Jain Merchant Societysarknej Road, Ahmedabad, Gujarat	India
S1-92228801	Friedman American Opportunities	11877 Pepper Street, Bloomington, CA	US
S1-129459942	Nexor Works LLC	526 Scenic Drive, Park Hills, KY	US
S1-238431737	Foot & Ankle Medicine	2529 13th Street, Moore, OK	US
S1-455335544	Womens Health Partners LLC	Unit Suite 101, NY, Amherst, 1829 Maple Road	US
S1-341354451	Horizon Healthcare L.L.C.	2928 Gilbert Avenue, Peoria, IL	US
S1-92675071	Secure Golden Sanayi LLC	10 Amado Way, Duxbury, MA	US
S1-894424387	Allahabad Tourism Private Limited	195/237, Neemsarai Mundera, Allahabad, Uttar Pradesh	India
S1-415505399	Casie Turner, P.A.	1405 Riverwatch Court, Unit 7110, Murfreesboro, TN	US
S1-699168959	All Foods Private Limited	Patwari Halka No 27, Gram Sanawadia, Indore, Madhya Pradesh	India
S1-82185895	Vaayuendra Spintex Pvt Ltd	Fn5 Sn5/10 Someshwarwadi Sahadeo Avenue Pashan, Pune, Maharashtra	India
S1-451467424	Orthopedic Advanced Partners LLC	2241 Brookside Drive, Walworth, NY	US
S1-418581804	Signature Best Duration LLC	8233 Mercer Way, Mercer Island, WA	US
S1-526443402	Hari Media Limited	J-180, Basement Sector-41, Noida, Gautam Buddha Nagar, Uttar Pradesh	India
S1-366157673	Tracee's Harbor Grill	807 Leeson Avenue, OH, Van Wert	US
S1-249402931	Athreya & Sons LLP	6, Deepmala Apartment Sector - 10A, Gurgaon, Haryana	India
S1-137476266	Leslie Capital Studios LLC	4419 120th Place, Everett, WA	US
S1-742088687	Sibyl Post Associated Inc	Astoria, NY, 20-33 Shore Boulevard	US
S1-446527381	2470 Sunset Place Apartments LLC	5032 Amber Valley Parkway, Unit Apartment 105, Fargo, ND	US
S1-453773903	Sandesh Technologies Limited	Gurgaon, Fifth Floor, Aster Street, Emilia Vatika City, 53/2, Haryana, Gurgaon	India
S1-234428463	Magadh Brothers Associates	Gurugram, Haryana, B-802, Irwo, Westend Tower Sector-47, Gurgaon	India
S1-295606619	Beckman Star Signs Inc	82 Beebe Road, Walton, NY	US
S1-553738629	Northern Pioneer Inc	240 Winding Cree Drive, Allen, TX	US
S1-966870421	Back Alley Bike Shop!	10186 Bissell Drive, Twinsburg, OH	US
S1-734016669	Allied Keystone Diana	9 Brookdale Jenkins Road, Stockholm, NY	US
S1-751893495	West Gen Inc	1378 Hallsville Road, Beulaville, NC	US
S1-686829769	HLT Care Private Limited	T-1, Unitech The Palms, South City 1, Huda City Center, Gurgaon, Sector -45, G-2, Haryana	India
S1-74066322	White Global Pvt Ltd	No. 5, Alsa Regency 165, Eldams Road, Alwarpet, Chennai, Tamil Nadu	India
S1-962782789	Pediatric Associates	6241 4th Street, Unit Lot 12, Beulah, ND	US
S1-774384413	Uptown Bakery! LLC	11761 71, Town Of Angelo, WI	US
S1-204707432	Vera Innovative National Inc	873 Campbell Road, Marion, OH	US
S1-183021493	Prime Optimal Cafe Inc	162 Community Drive, Lavon, TX	US
S1-711115156	PX Confectioners Pvt. Ltd.	Khewat No. 72/80, Sihi Sikanderpur Road, Village Sihi Near Kherki Daula, Sector-84, Manesar, Gurugram, Narsinghpur, Gurgaon, Haryana	India
S1-448879688	Atlanta Premier Kochav	49 Ivy Ridge, Atlanta, GA	US
S1-867076787	Lokesh Shoes Private Limited	Uttar Pradesh, Ghaziabad, Plot No 3 South Ofg.T.Road Industrial Area Bsr Road, Uttar Pradesh	India
S1-116069218	Plumbers Local 595 Center	MD, 6313 Southwood Road, Northwood	US
S1-619606751	Oncology Care Inc.	Park City, 6641 2200, UT, Unit 308	US
S1-527122075	Maa Marketing Private Limited	43 Bldg A2/B Pn. 133 134, Part Site Lbs Marg, Mumbai, Maharashtra	India
S1-555844437	Mount Synagogue	141 Dean Hill Road, Defeated, TN	US
S1-885912584	Charlton Home LLC	416 2nd Street, Lytton, IA	US
S1-251571228	Hardy Square LLC	1712 Birch Trail Circle, Unit U, Chesapeake City, VA	US
S1-777444556	Zheng, Reed & Norris	199 Lexington Street, Unit 31, Newton, MA	US
S1-5666852	Animal Welfare Guild	6061 Maplewood Road, Mentor On The Lake, OH	US
S1-449723287	Creative Investments Limited	9/12, Lal Bazar Street, Mercantile Building, Blog- B, 3Rd Floor, Room No-10, Kolkata, Kolkata, Howrah, West Bengal	India
S1-159808880	Smith Atlantic Dividend	12 Cherry Lane, Braintree, MA	US
S1-600026794	Jenn George Kochav LLC	Unit Apt 202B, 701 Poplar Street, Jacksonville, AR	US
S1-713329601	Gyan Cars (India) LLP	Old No. 9, New No. 21, Dr. Sadasivam Road, Chennai, Tamil Nadu	India
S1-400177964	Malviya Nagar Fertilizers Ltd	Lgf, South Delhi, 90/60-A&B, Delhi, Malviya Nagar	India
S1-866019529	A Integrated Wholesale	OK, Tulsa, 2628 Yorktown Place	US
S1-675527974	Colonial Trusted Rockwool LLC	145 Aaron Sloan Drive, Seneca, SC	US
S1-139726474	Baba Systems Private Limited	Andhra Pradesh, 1-701B, Mangalagiri, Beside Old Excise, Bapanaiah Nagar, Guntur	India
S1-394974288	Davenport Liberty Inc	1221 Dirkson Street, Fl 0, Weatherford, TX	US
S1-867811957	Hotel Trading Pvt Ltd	11, Ramakrishna Society, Kalol, Gandhi Nagar, Gujarat	India
S1-568201342	Cross Vornado LLC	5650 Pine Street, Lowgap, NC	US
S1-241617808	Pasley Cardiology Inc.	2801 Ridgewood Drive, Evansville, IN	US
S1-933218952	Mccuistion Aeon	200 Rhode Island Avenue, Unit 330, Washington, DC	US
S1-491619478	Prieto's Horizon Sciences PLLC	3238 Park Avenue, Kansas City, MO	US
S1-162663257	Roshan Enclave LLP	16, 6Th Cross, Azad Nagar Chamarajpet, Bangalore, Karnataka	India
S1-701511178	Its & Sons Limited	Janta Hat Khoragachhi Sikty, Araria, Bihar	India
S1-248647333	Love and Romero Gaming, LLC	MA, 39 Field Street, Taunton	US
S1-152847270	Ulrikaumeko England Prairie Columbia, L.L.C.	1315 Parker Bluff Lane, Rosenberg, TX	US
S1-845673380	Internal Medicine Associates of Boston	14 Woodward Park Street, Unit 1, Boston, MA	US
S1-905745075	Utkarsha Brothers Private Limited	Pranil Society, Plot No.1 Waghapur Road, Yavatmal, Maharashtra	India
S1-970108845	Main Street Yoga	735 Treadwell Street, Unit Apt 39, Fayetteville, AR	US
S1-388762546	Cardiology Group	764 Terry Lane, Henderson, NC	US
S1-366062498	Division of Buildings	211 Union Street, Unit 206, Nashville, TN	US
S1-394472740	B G Covarrubias King LLC	853 Oakwood Avenue, OH, Columbus	US
S1-160132992	Crs Trading Pvt Ltd	Plot No 490, Leelanand, Sec 3, Shivabasav Nagar, Belgaum, Karnataka	India
S1-563978339	Allied Cascade Bny Inc	26902 W Center Road, Douglas County, NE	US
S1-833436524	Mauli & Co Private Limited	Sco 404, 3Rd Floor, Old Mughal Canal, Main Road, Karnal, Haryana	India
S1-244167583	Gill Space Inc	2173 Sheringham Road, Columbus, OH	US
S1-619322180	Physical Therapy Care Associates	4220 G Street, Omaha, NE	US
S1-738253904	Arpan Entertainment Private Limited	House No 145 S/F, Rangpuri, New Delhi, South West Delhi, Delhi	India
S1-554815890	Southern Jersey Inc	6169 Avon Lima Road, Avon, NY	US
S1-121066256	Aadinath Foundation	Flat No. 1001, Seamist Building (Wing B) 14 Manuel Gonsalves Road, Bandra West, Mumbai, Maharashtra	India
S1-27699725	Galaxy Systems Private Limited	Srikhetra Colony, Waterworks Road, Puri, Orissa	India
S1-395600014	International Essbee Steel Pvt Ltd	Mohali, Punjab, Shop No. 315, Rajpura, Block B, Chandigarh Citi Center, Vip Road, Zirakpur, S.A.S Nagar (Mohali )	India
S1-918443678	Golden Hair Studio	4299 Nonaville Road, Mt Juliet, TN	US
S1-534253446	Global Kolar Technology Private Limited	I-3051 Devinder Vihar, Sector 56, Gurgaon, Haryana	India
S1-189164998	India Patra Year Pvt Ltd	12/307, Muhammed Yaseeen Travels, Wandoor Pookulam, Ctp Building, Nr Old Lp School, Pandikkad Rd, Wandoor Post, Malappuram, Malapuram, Kerala	India
S1-233372183	Mirabelle Shaffer Interstate Flag, LLC	195 725, Vineyard, UT	US
S1-266957295	Perry, Bull & Bole	1 Loren Drive, Queensbury, NY	US
S1-744494619	Turquoise College Pvt. Ltd.	Loni, Shop No-2, Ghaziabad, Plot No-61A, Vrindavan Garden, Uttar Pradesh	India
S1-652149991	K 9 L Nextera LLC	1105 Kingwood Drive, Takoma Park, MD	US
S1-681906991	Vijay Engineering Pvt Ltd	#31/3, Vinayak Nagar, Door No.08 Chikksandra, Near Chikkabanavara Railway Station, Chikkaban, Avara Post, Bangalore, Karnataka	India
S1-330783098	Summit Property Solutions	1600 Arizona Avenue, Unit 1043, Chandler, AZ	US
S1-905699037	Monarch	23 Walnut Drive, TX, Trinity	US
S1-551532451	Apex Food	C/O Kirtane Pandit, Chartered Accountants, H-16 Saraswat Colony, Sitaladevi Temple Road, Mahim, Mumbai, Maharashtra	India
S1-98202964	Pereyra Ftai	6144 Ruhlmann Road, Unit Apartment 3, Lockport, NY	US
S1-22671571	Galaxy Agro Pvt Ltd	Ff, K-4.1 Vatika India Next, Sector-83, H.No. 5, Gurgaon, Haryana	India
S1-319786740	SWP Investment Co	Shop No-6, Plot No-30, Block A Sewak Park, New Delhi, West Delhi, Delhi	India
S1-484176277	Taber & Coleman Wireless LP	3032 Autumn Shores Drive, Maryland Heights, MO	US
S1-308200514	Modern Media Partners LLC	506 Blazedwood Drive, Ballwin, MO	US
S1-433528766	Town Of Grand Chute Great Fast, LLC	2721 Hidden Pine Drive, Town Of Grand Chute, WI	US
S1-552046556	Zemius Holding Company	211 Lillian Road, City Of Wilson, NC	US
S1-774141509	Liu Tge Inc	1235 26th Avenue, Columbus, OH	US
S1-153201717	Cavallo Fitness LLC	2286 Perryville Road, Springfield, KY	US
S1-334199750	Deepraj & Brothers Limited	A-83 Chawla Colony Near Mittal Nursing Home, Ballabgarh, Faridabad, Haryana	India
S1-876099202	Elite Biomedical Brands, Corp	945 Maxwell Avenue, Nashville, TN	US
S1-817735184	DAZ Proshares	3111 Spottswood Avenue, Memphis, TN	US
S1-640405505	Sandler and Garza LLC	33 Woodland Drive, Westminster, MA	US
S1-154187036	Ritika Trading	Vill & P.O.- Madarat, P.S.- Baruipur, Baruipur, South 24 Parganas, West Bengal	India
S1-927518995	Mangla Institute of Technology	Madhya Pradesh, Bhopal, Flat No. S-1, Plot No., C-41, Housing Board Colony, Huzur	India
S1-104882831	Namami & Partners Pvt Ltd	Manesar, Plot No. 107, Haryana, Imt Manesar, Sector - 8, Gurgaon	India
S1-995271076	Hari Products Private Limited	5, Dr.Rajendraprasadsaranisarvamangla House, Roomno.6F, Kolkata, Howrah, West Bengal	India
S1-628404716	Orthopedic Care LLC	928 Ronald Terrace, Round Lake Beach, IL	US
S1-723078814	Heritage Advanced Rocket LLC	Hopkinsville, KY, 3 Yoakum Circle	US
S1-493522318	Brighteon Disciplined Inc	7007 Clingan Road, Unit 74, Youngstown, OH	US
S1-833662319	Universal Industries Private Limited	Office 703, B-Building, International Commerce Centre, Nr. Kadiwala School, Ring Road, Surat City, Surat, Gujarat	India
S1-274396809	Booker Rocky Healthcare LLC	OH, Lorain, 5255 Clinton Avenue	US
S1-972061180	Everest	18523 Arcadia Avenue, Lansing, IL	US
S1-333281364	Heck's Vanguard Motors	118 Belle Meade Drive, Searcy, AR	US
S1-315518305	Om Enterprises Pvt Ltd	P. No.25/26, F. No-G1, Om, Sri Sai Residency, Aphb C, Rangareddy, Hyderabad, Telangana	India
S1-784317120	Hari Consulting Private Limited	32 Yojak Artek Apartmentsmadhusudan Kalelkar Marg Bandra East, Mumbai, Maharashtra	India
S1-867730480	Silver Optimal Disciplined L.L.C.	Zanesville, Unit 5, 1805 Adams Lane, OH	US
S1-905370595	Fenet Equity Partners Inc	Woodstock, IL, 544 Lawndale Avenue	US
S1-777429673	Guru Impex LLP	252, Gadhi, Sikenderpur, Kabri (18), Panipat, Haryana	India
S1-462948387	Mumbai Eye Limited	Maharashtra, Mumbai, Bldg No. 14, Golibar Road, 715, Mumbai	India
S1-167572077	Future	3225 Ash Avenue, Groves, TX	US
S1-987548083	Obsidian LLC	10169 Greenwood Road, Henrico County, VA	US
S1-173714369	Clark Translational-Indianapolis	1213 Bitteroot Court, Indianapolis, IN	US
S1-867266149	Shiva Innovative Exports Limited	Ground Floor, Renjesha Building, Oppo.Poc, Kochappallil Appachen Road, Ernakulam, Kerala	India
S1-467731833	Eastern Medical Center Colonie	Colonie, 1 Creekside Lane, NY	US
S1-920626296	Woodard Acquisitions	155 Echo Trail, Warrior, AL	US
S1-230826203	Empire Systems (India) Private Limited	Pune, Bhosale Shinde Arcade Complex, J.M. Road, Pune, Cts 629/A/5, Maharashtra	India
S1-205811254	Secunderabad Learning LLP	Office Space No 310 & 312, Third Floor, Block - Ii, Whitehouse, Begumpet, Khairatabad, Secunderabad, Hyderabad, Telangana	India
S1-259325016	Precision Oak LLC	31818 Bayou Bend, Angleton, TX	US
S1-304294192	Eastern Consultancy Private Limited	1408, Floor No. 14, Lodha Supremus, Saki Vihar Road, Powai, Mumbai, Maharashtra	India
S1-914497725	Aryabhata Brokerage Private Limited	Kalapurakunnel House, Neeloor P O, Kottayam, Kerala	India
S1-280306358	Board of Education P.C.	20 County Road 431, Goldthwaite, TX	US
S1-245647698	Behavioral Health Associates	TX, Houston, 14731 Boylston Drive	US
S1-373227584	Priya Developers Private Limited	Flat No11 1St Floor, Kamal Kunj Poddar Road, Malad East, Mumbai, Maharashtra	India
S1-594278649	Heartland Edison	TX, 1222 Merrimac Trail, Garland	US
S1-752969897	Dynamic Federal Atlanta LLC	903 Castle Drive, City Of Sun Prairie, WI	US
S1-417778094	Certified Wealth Products Corp	4803 Lightning Rock Trail, TX, Killeen	US
S1-1767056	Hari Modern Consulting Private Limited	Office No. 8/23 Mukund Nagar, Gupte Market, Pune, Pune, Maharashtra	India
S1-163128195	Phoenix Youth Rocky Church Inc	10821 Pierson Street, Phoenix, AZ	US
S1-685488899	Pascarella National Japan	3658 Airport Boulevard, Unit C, Mobile, AL	US
S1-202262581	New Delhi Farms Pvt Ltd	South West Delhi, Delhi, Plot No 93, Sector 19, Amberhai Dwarka, New Delhi	India
S1-70609124	Finance Web Enterprises Private Limited	501, Titaniun Ii, Plcts No., 201-A, W.E. Highway, Goregaon East, Mumbai, Maharashtra	India
S1-344785803	Bharat Kay	B 1/1/10 Munciple Building Raoli Camp, Antop Hill, Sadar Nagar, Sion Koliwada, Mumbai, Mumbai City, Maharashtra	India
S1-335189198	Urban Builders Private Limited	#3/3, 4Th Floor, 59Th Cross, 5Th Block, Bhashyam Circle, Rajajinagar, Bangalore South, Bangalore, Karnataka	India
S1-621573418	Commitment Systems Private Limited	Ca Site No, Hal 3Rd Stage, Behind Hotel Leela Palace, Kodihalli, Bangalore North, Bangalore, Karnataka	India
S1-488608278	Cascade Business	3474 Brooke Colony Drive, OH, Fl 1, Canal Winchester	US
S1-599124134	Bigdeal Services Ltd	Near Dwarka Sector-19, R-26, Delhi, A- Block, Samta Enclave, Goyla Dairy Najafgarh, New Delhi	India
S1-147326391	Carrie Argumedo Occupational Therapy LLC	2310 Longfibre Road, Bldg COSTCO FUELING, Union Gap, WA	US
S1-610889527	Sandi Ontiveros Ridge Software	7766 Powers Ridge Drive, Blacklick, OH	US
S1-432054254	Liberty American Choice Inc	VA, Chesterfield County, 14418 Michaux Wood Way	US
S1-266495281	Elite Engineering Concepts LLC	CT, Manchester, 148 Cooper Hill Street	US
S1-480685595	Cardiology Best Specialists LLC	1701 H Street, Unit 503, Washington, DC	US
S1-858935090	Certified Law Group	903 Greenheart Drive, New Carlisle, OH	US
S1-905603318	Farm Foundation	Chirji Lal Sharma Nr., Sangi Dass Havel Phalodi, Phalodi, Jodhpur, Rajasthan	India
S1-634876162	Freeway Traders Limited	Ground Floor A2-G02 S No 64 Geras Greens Villa Soc, Behind Eon It Park, Kharadi, Pune, Maharashtra	India
S1-882138267	Galaxy Properties Limited	H.No.7-1-644, Plot No.3, Sundernagar Colony, Ameerpet, Hyderabad, Telangana	India
S1-590751655	Orthopedic Associates	180 Cypress Commons Way, Chocowinity, NC	US
S1-557472364	Blackwood & Rackley High	313 Calhoun Street, Baltimore, MD	US
S1-193500487	Li Corporation	2351 Deer Run Drive, Stockton, UT	US
S1-352373696	Welch, Vasquez and Morrison	16758 Mohave Street, Goodyear, AZ	US
S1-275054109	First Builders Private Limited	6-3-1103/1, B.S Maqta, Somajiguda, Hyderabad, Secunderabad, Hyderabad, Telangana	India
S1-265054548	Christi Ivie, D.O. LLC	575 Eighth Street, Boston, MA	US
S1-178067414	Jayanagar Farms Private Limited	73/3, Jayanagar, Karnataka, Bangalore, 2Nd Floor, Brigade Corner, Yadiyur Circle, 7Th Block	India
S1-91772201	North Bright Technical LLC	11111 Red Maple Ct, Unit 2, Louisville, KY	US
S1-161378114	Keithley Commerce, Inc.	TX, 3403 Harwood Drive, Tyler	US
S1-333219769	Brittaney Clemons Trinity Inc	1501 Shelburne Cir, Unit 211, Louisville, KY	US
S1-442765129	Omelia & Spicer LLC	5708 -B-158 Northampton Boulevard, Virginia Beach City, VA	US
S1-948046108	Carita Astor Information	290 Park Avenue, Williston Park, NY	US
S1-155589630	Red Projects Private Limited	U G 10-11 Foundation Plaza Fuvara, Navsari, Gujarat	India
S1-354545800	Fortune Estate Private Limited	No.777-A, K.P Towers, 5Th Floor, 100 Ft Road, Hal 2Nd Stage, Indiranagar, Bangalore, Karnataka	India
S1-592091592	Ad (India) Consultants Private Limited	G-2, Ankur Avenue, 26-27, Sch.No.54, Indore, Indore, Madhya Pradesh	India
S1-354594989	Hari Marketing Private Limited	Gujarat, Shp No. Ff/23- Vihani Comp Opp Goras Dairy, Gandhinagar, Gandhi Nagar, Gandhinagar	India
S1-311347653	Cozy Grill	2786 Bingley Road, Fenner, NY	US
S1-622622377	Jones, Clark & Courts Chesapeake	10811 Sunfish Place, Anderson Island, WA	US
S1-371240682	Green Cranes Private Limited	1001, Cts No.67-A/1/2, Simba, Off. W. E. Highway, 12 Aradhana Indl Estate, Near Virwani Indl, Estate, Mumbai, Goregaon East, Mumbai, Maharashtra	India
S1-531700347	Margarethe Vo Elite Ellington	1785 Alexandria Lane, Aurora, IL	US
S1-183804717	Raven & Co	Shop No. 5, Shivkripa Appartment, Plot No. J/Com-2 Keshavpuram, Avas Vikas Scheme-1, Kalyan, Pur, Kanpur Nagar, Kanpur, Uttar Pradesh	India
S1-554172749	Jain Builders Private Limited	6-13-3353 Lic Colony, Haranadhapuram, Nellore, Andhra Pradesh	India
S1-242789690	Digital Realty Industries, L.L.C.	983 High Street, East Haven, CT	US
S1-727929034	Soper Aluminum Inc	312 Airport Road, Waitsfield, VT	US
S1-552319784	Jai Cinematic Co	Vishakhapatnam, Andhra Pradesh, Visakhapatnam, Midhulapuri Vuda Colony 100 Ft Road, Madhurawada, D No. 1-70/6	India
S1-406389543	Shree Holidays Pvt Ltd	Plot No. 2740, Block F Dsiidc Narela Industrial Complex, Narela, Delhi, North Delhi, Delhi	India
S1-794320782	Real Projects Limited	S.No 642, Prasa Ahsgsocy Bldg, Flat No 3, Bibuewadi, Pune, Pune City, Pune, Maharashtra	India
S1-857810697	Dental Associates of Georgetown	1130 Blanket Flower Drive, Georgetown, TX	US
S1-849325975	Panchdhan Systems Private Limited	C/O Suryakumar M C, Madambikkattil House, Vellanikkara, Thrissur, Kerala	India
S1-690401533	Joy Maxwell Hamilton	1249 Ulster Avenue, Ulster, NY	US
S1-382826514	JH Guggenheim	21353 Thurston Crossing Drive, Porter, TX	US
S1-654756365	Golden Cleaning Service	356 Linden Avenue, Waynesboro City, VA	US
S1-98505338	Shakti Agro Private Limited	7, I Palace Cross Roadchakravarthy Layout Chakravarthy Layout, Bangalore, Karnataka	India
S1-562380958	India Organisation Technologies Pvt Ltd	Bangalore, Bangalore North, U. G. 36 New Bel, Rd. C. N. Halli, Bangalore, Karnataka	India
S1-299982735	Benford Coastal Inc	317 Cherry Street, Hamburg, AR	US
S1-594122074	Sunrise Power Private Limited	House No. 700B Sumer Sagar Gkp, Gorakhpur, Uttar Pradesh	India
S1-85309112	Reilly Core LLC	408 Savage Farm Drive, Cayuga Heights, NY	US
S1-99933827	Secure Great Nevada Inc	104 Skyline Trail, Pell City, AL	US
S1-135412972	United Healthcare Private Limited	P.No 42/6 Imt Manesar Haryana, Manesar, Gurgaon, Haryana	India
S1-680058241	First Legacy Rare Inc	300 Road 5505, Cleveland, TX	US
S1-899739967	Heart Foundation, LLC	91 450, Pima, AZ	US
S1-891547969	Kritin Township Private Limited	Pune, Haveli, V18, Sr.18/2, Maharashtra, Office No.409	India
S1-54112712	Ear Nose & Throat Mountain Physicians	2929 Solano Drive, Phoenix, AZ	US
S1-488668325	Felipa Schmidt Pinnacle Diagnostics LLC	2615 Clarendon Road, Burlington, NC	US
S1-5789226	Riniis Rock LLC	40 Walnut Street, Clinton, MA, Unit 306	US
S1-89080114	VYD Vihar Private Limited	No. 36-104/8, P-699, Defence Colony, Tirumalagiri, Hyderabad, Telangana	India
S1-18992526	New Builders Private Limited	3Rd Floor, No. 882, 883, 5Th Main Rd, Ksrtc Layout, 3Rd Phase, Bangalore South, Bangalore, Karnataka	India
S1-754803449	Shining Group of Companies	Plot #488B, Flat # 303-304, Vitc Model Export Bhavan 14Th Crs, Iv Phase, Ii Stage, Peenya Indu., Area, Bangalore, Karnataka	India
S1-508987582	Vt Colours Limited	1St Floor, Kcr Heights, Bhavani Nagar, F-No-1H, Guntur, Andhra Pradesh	India
S1-154701028	Delta Navigation Associates	11026 Copper Field Drive, Pineville, NC	US
S1-219462878	Hyderabad Renewable LLP	Nasuja, 102, Ground Floor, H.No:1/89/G/36 Plot No 36, Shilpi Valley, Gaffor Nagar, M, Adhapur, Hyderabad, Telangana	India
S1-438484136	Route 40 Pub	31 Hampstead Street, Unit 2, Methuen, MA	US
S1-358364716	Bethany L. Angstadt, L.C.S.W.	24 Newton Street, Hartford, CT	US
S1-588893489	Hogan Academy L.L.C.	1360 Freedom Parkway, Winona Lake, IN	US
S1-897513060	Bowling Green Urgent Care Dynamic Specialists PLLC	912 Poppy Hills Court, Bowling Green, KY	US
S1-778641857	North Builders Private Limited	Salem Main Road, B. Thurinjipatti (Po), 6/66, Tamil Nadu, Dharmapuri, Pappireddipatti	India
S1-304251672	Zephan Urban Inc	1286 Humbracht Circle, Bartlett, IL	US
S1-363820410	Lowe and Ramirez Empire Inc	251 Tickle Road, Westport, MA	US
S1-575028924	Sanchez, Stewart and Brice, Inc.	536 Berry Hills Drive, South Charleston, WV	US
S1-195672308	Shree Foundation Private Limited	Trivandrum, Tc15/697 Pra 43, Edappazhnji, Thiruvananthapuram, Thiruvananthapuram, Kerala, Salila Cottage	India
S1-946403704	Hitech Business Private Limited	D-804 Hari Heritage Plot No 17A 18 19 20 Sector 22 Kamothe, Navi Mumbai, Thane, Maharashtra	India
S1-765971824	India Base Vruksha Pvt. Ltd.	Mr. Nanda Kishore Behera, Tarava, Dhenkanal Sadar, Dhenkanal, Orissa	India
S1-929668788	Gerti Breunig Algonquin LLC	14907 United States Highway 97A, Unit APT, Entiat, WA	US
S1-646356728	Quor Encore LLC	801 Ridgeway Avenue, Hampton City, VA	US
S1-575262178	Operating Engineers Union Local No 218	955 Duesenberg Drive, Unit UNIT 7312, Ontario, CA	US
S1-290852995	National Metlife	200 Elm Avenue, Elmhurst, IL	US
S1-439992677	Dermatology Green Center LLC	1039 Hamilton Crossing Square, Nashville, TN	US
S1-262247316	Jpv (India) Motion Private Limited	48 Indira Enclave Roadneb Sarai, New Delhi, North Delhi, Delhi	India
S1-942273766	General Financial Consultants LLC	19815 86th Place, Edmonds, WA	US
S1-458967090	Bay Institute	3750 Stonehinge Drive, MO, Springfield	US
S1-953363131	Kavertech Producer Pvt Ltd	E-953, Saraswati Vihar, Pitam Pura, Delhi, North West, Delhi	India
S1-280616059	Shree Indiaprivate Private Limited	Maharashtra, Pune, Maval, Shop No C 38, Sr No 389/1, Mantra City, 360 Khadle Na	India
S1-452514442	Saint Church	516 Blevins Road, CO, Redlands	US
S1-130570772	Alps Yoga Limited	Howrah, Kolkata, 51/A, Masjid Bari Street, Kolkata, 2Nd-Fr, West Bengal	India
S1-65502030	Express Fuel Inc	Mobile, AL, 6541 Princeton Woods Drive	US
S1-740026965	Indian Developers Private Limited	H.No.42, Gf, Pole No New Line, Vill-Bamnoli, New Delhi, South West Delhi, Delhi	India
S1-77481418	Sarang Manpower Private Limited	H.No.2-2-12/7, Flat No.102 Raghavendra Golden Heights, Dd Colony, Hyderabad, Telangana	India
S1-537858736	Toby's Ventures LLC	3314 Wheeler Avenue, Fort Smith, AR	US
S1-148133966	Classic Contracting	611 Cedar Avenue, Unit 64, Port Hadlock, WA	US
S1-699509074	Western Reliable Distribution Corp	Middletown, 3104 Sheldon Road, OH	US
S1-502255768	Good Impex Private Limited	3, Maruti Nandan Row House, Prernatirth Derasar Road, Jodhpur Gam, S, Atellite, Ahmedabad, Gujarat	India
S1-170480195	Eastern Apollo LLC	1019 Fitzallen Road, Fl 0, Glen Burnie, MD	US
S1-675540448	Certified Braves LLC	100 Honeysuckle Lane, Owings, MD	US
S1-461619423	Apex Services Private Limited	Maharashtra, Flat C2/502, Ganga Osian Meadows S. No. 28, Thergaon, Pune	India
S1-341891735	Tech Aparna Developmentprivate Pvt. Ltd.	H No 2-7-4/1Circuit House Road Hanamkonda, Warangal, Warangal Urban, Telangana	India
S1-609261611	Mcbride Allied Bankshares	211 White Schoolhouse Road, Temple, ME	US
S1-551288634	Shree Infratech Private Limited	Yamuna Housing Society, Tq. Latur, Dist. Latur, Latur, Maharashtra	India
S1-825807682	Abhinav Group of Companies	Bl-A2, Windsor Avenue, Sn.60/3, Opp. Salunke Vihar, Wanawadi, Pune, Maharashtra	India
S1-438557784	New Delhi Technology Limited	Plot No.131-A, Kh No.313, X-Blk New Roshan Pura Ext, New Delhi, South West Delhi, Delhi	India
S1-320230025	Maheshwaram Advisors	14, 35Th C Cross Road 4Th T Block, Jayanagar, Bangalore, Karnataka	India
S1-737420039	Shivam Estate	E-102 S/F Devli Apartment Village, Deoli, New Delhi, South Delhi, Delhi	India
S1-619446705	Anand Tech Private Limited	C/O Sharda Devi, Bhaluana, Karnoul, Piru, Bhojpur, Bihar	India
S1-287502890	Pediatric Dental Partners, LLC	715 Colorado Drive, Holbrook, AZ	US
S1-340806927	Surgical Advanced Center	WV, 41 Morrison Street, Westover	US
S1-230215409	(india) Novation Tradelink LLP	Villa 50, Tudor Ken, Osman Nagar, Ramachandrapuram, Medak, Telangana	India
S1-48238622	Innovative Enterprises Limited	Chennai, 67, 70, Sri Balaji Nagar Pkm Road, Chennai, Tamil Nadu, G1	India
S1-6129820	Rhoda Wilson Tax Service	5802 Southland Boulevard, Tucson, AZ	US
S1-295787512	Physical Therapy Metropolitan Care Ltd	1410 Caliche Trail, Allen, TX	US
S1-438766767	Foundation Kadamba Builders Private Limited	No, 741/1, Sri Sai Swaroop, Arcade, 1Stmain Bel Layout, Bangalore North, Bangalore, Karnataka	India
S1-903030861	Vishal (India) Services Limited	House No- 0133B Gopalpur Gkp, Gorakhpur, Uttar Pradesh	India
S1-275888088	Clear Hygiene (India) Pvt Ltd	Bangalore, Karnataka, Prestige Atrium, No.505, Fourth Floor (Level 5) Municipal No.1, Central Street, Shivajin, Agar	India
S1-249561749	Delhi Stores	88, Delhi, Ground Floor, Defence Enclave Opp. Corporation Bank, Vikas Marg, East Delhi, Delhi	India
S1-928466155	Family Center	Sioux City, 1605 9th Street, IA	US
S1-753950871	Zest Pharma	9Th Floor, Spaze I-Tech Park A-1 Tower, Sector49, Sohna Road, Gurgaon, Haryana	India
S1-83014583	Indu Services Corp	Flat No 5 2Nd Floor Kh No, 374, Kapashera Delhi, New Delhi, South West Delhi, Delhi	India
S1-853987230	Sr Brothers Pvt. Ltd.	Tc: 36/2508 (25/162), Chiriyankandath Building Chembottil Lane, Thrissur, Kerala	India
S1-975341470	Raysons Contracting Limited	Uttar Pradesh, Lucknow, 356/218/2 Sivaji Puram Alam Nagar	India
S1-43907020	Sushila Advances Private Limited	L-918 Gali No 13 Shani Bazar Sangam Vihar, New Delhi, South Delhi, Delhi	India
S1-184528552	L G Nevins Wellness LLC	3036 Partridge, Unit 0, Belvidere, IL	US
S1-148319479	A Platinum Renaissancere	10 Cr 609, Berryville, AR	US
S1-993102109	Supreme Unique Construction Private Limited	C/O Laxmichand K Nagda, B/10 New Juhu Park Apt, Juhu Church Rd, Juhu, Mumbai, Mumbai City, Maharashtra	India
S1-893820185	First Industries Private Limited	No 4-216/A Sudhasudheer Street, Pileru, Chittoor, Andhra Pradesh	India
S1-851548100	TOH Transportation of Kinston	1112 Herritage Street, Kinston, NC	US
S1-667533802	Global Biotech, Inc	4525 Park Avenue, Unit APT E, Saint Louis, MO	US
S1-150923073	Haile Golden Kogyo	Yonkers, 455 Broadway, Unit Apartment 45, NY	US
S1-186720300	W U & F Pan	221 Wentworth Drive, Wakarusa, IN	US
S1-170891047	Fortune Management Pvt Ltd	Central Delhi, Delhi, Shed Number 27, Gaffar Market Naiwala, Karol Bagh, New Delhi	India
S1-670141647	3197 Union St Realty Inc	6636 Military Avenue, Omaha, NE	US
S1-368321848	Cornerstone Hospitality Works, LLC	4514 Highway 49, TN, Vanleer	US
S1-127366173	Hisar Property Pvt. Ltd.	C/O Sanjay Kumar, Parijat Chowk, Near Mochi, Hisar, Hissar, Haryana	India
S1-699712626	Hail, Laird & Nieto Inc	1208 College Avenue, Topeka, KS	US
S1-25670089	Dinesh Marketing Pvt Ltd	New No.64, Old No.19, First Floor, Sait Colony 1St Street, Egmore, Chennai, Tamil Nadu	India
S1-174767489	IWV Labs Pvt Ltd	No. 31/16, 14Th West Cross Street, M.K.B Nagar, Vysarpadi, Tondiarpet Fort St George, Chennai, Tamil Nadu	India
S1-595256636	Modern Logistics Private Limited	East Delhi, Geeta Colony, East Delhi, 13/276, Delhi	India
S1-416403348	Construction Orissa Infrastructure Private Limited	272/3, Sajan Nagar Chitawad Road, Indore, Madhya Pradesh	India
S1-699198964	Baba Technology Private Limited	895-896, Hiran Magri Sector - 3 Near Vikas Hospital, Udaipur, Rajasthan	India
S1-577862375	Back Alley Cleaning Service!	58 Shady Acres Lane, Augusta County, VA	US
S1-5446151	Baptist Silver Center LLC	3406 12th Avenue, AL, Tuscaloosa	US
S1-694945671	Spherical Meditech Private Limited	C/O Jangir Singh, #83, Near Govt. Veterinary Hospital, Vill.Pacca Shahidan, Sirsa, Haryana	India
S1-443251748	Cutshaw and Staples Machines Inc	735 160th Street, Aledo, IL	US
S1-849716741	Sadar Bazar Energy Private Limited	B 710, Sushant Lok, 1, B Block, Sadar Bazar, Gurgaon, Haryana	India
S1-387438468	Grace Emanuel	1357 Tusculum Boulevard, TN, Greeneville	US
S1-759106472	Casey Liberty Asa	3409 Hancock Street, Amarillo, TX	US
S1-608392888	Frausto & Larson LLC	4213 Autumn Lane, Vestavia Hills, AL	US
S1-163768405	Family Specialists Clinic	7335 Cockrill Bend Boulevard, Nashville, TN	US
S1-332315898	Bright Finance	Shop No.2, I Floor, No.2, Kamatchi Amman Koil Street Woraiyur, Tiruchirappalli, Tamil Nadu	India
S1-431562569	Eastern Coinshares	5426 Council Street, Halethorpe, MD	US
S1-280179195	Family Vanguard Specialists Care	6267 Ojai Drive, Richton Park, IL	US
S1-184235936	Highland Ministries	7746 Duncan Gap Road, Wise County, VA	US
S1-951571841	Ray & Sons Pvt Ltd	H. No.1983/6/64/G/1, Room No.3, Rakhmai Shankar Chawl, Hanuman Nagar, New Tadali, Bhiwandi, Thane, Maharashtra	India
S1-601937740	Opulence Systems Ltd	98 B, 2 Block C4G, New Delhi, West Delhi, Delhi	India
S1-773933758	Hurd Piedmont Galaxy LLC	12279 Martin, Fayetteville, AR	US
S1-163499463	Sree Products Pvt Ltd	Ama Housebhaskarrao Kargutkar Marg Colaba, Mumbai, Maharashtra	India
S1-560340881	United Vance, L.L.C.	5315 Oakland Road, Chevy Chase, MD	US
S1-468809950	Urban Cleaning Service, LLC	1565 Solista Circle, Colton, CA	US
S1-28646145	Magnum Polypack (India) Private Limited	Nk-Ii, 150, Sf, Indirapuram, Shipra Sun City, Ghaziabad, Uttar Pradesh	India
S1-528154954	Luker Allied Renewable, Inc	1251 Conway Street, Saint Paul, MN	US
S1-28266820	Balaji (India) It Private Limited	No.L58, 11Th West Street, Kamaraj Nagar, Thiruvanmiyur, Chennai, Chennai City Corporation, Kanchipuram, Tamil Nadu	India
S1-49112489	Bhagabati Advisory Clinic	A/27, Kangna Co. Op. H. Soc. Ltd B/H Isanpur Gam, Opp. Vishal Nagar, Isan, Pur, Ahmedabad, Gujarat	India
S1-186868770	Cottingham Value Lifestyle LLC	586 Fairhill Drive, Akron, OH	US
S1-211225066	Colonial Star Creative Inc	Indianapolis, Unit APT, 730 Northfield Court, IN	US
S1-365244459	Supreme Global Pvt Ltd	Pl9A D1 Hind Nagar Lko, Lucknow Up Ind, Lucknow, Uttar Pradesh	India
S1-864822710	Glyphara Agriculture Inc	307 Boston Street, Oneida, NY	US
S1-433445154	Burnham Beacon Purecycle PLLC	317 Rurel Court, Burlington, KY	US
S1-981231766	Bay Golden Asia	Tonawanda, NY, Unit Unit 7, 1 Holly Lane	US
S1-889489985	Regional League LLC	651 3405, Jacksonville, TX	US
S1-22462619	Alfaro Return	4213 Oglethorpe Street, Unit 101, Hyattsville, MD	US
S1-524312576	Superior Optimal Bynordic LLC	1410 Edward Street, Texarkana, AR	US
S1-276503571	Black Power Private Limited	Mumbai City, Mumbai, Room No 6, Roop Pooja, Jain Mandir Road, Sarvodaya Nagar, A Wing, Maharashtra	India
S1-762735098	Eco Educational Society	Flat No. 101 Sigra, Uttar Pradesh, Varanasi, D 59/92-Aj	India
S1-930984126	Smart Consultancy Pvt Ltd	Office No.2, Block-A, Solitaire Park, Makarba, Ahmadabad City, Ahmedabad, Gujarat	India
S1-882345970	Indian & Co	1205, 12Th Floor, Universal Majestic Ghatkopar Mankhurd Link Road, Chembur, Mumbai, Mumbai City, Maharashtra	India
S1-833246077	Digital Investments	7, Muthu Ramalinga Street Thisayanvilai, Radhapuram, Tirunelveli, Tamil Nadu	India
S1-122515930	Supersonic Granites LLP	Gangotri Patil Lane No.3 College Road, Nashik, Maharashtra	India
S1-973618114	Coromandel & Brothers Private Limited	38, 7Th Main, 7Th Crossmalleswaram Bangalore, Bangalore, Karnataka	India
S1-107661537	Coimbatore Mould Private Limited	No. 9, Om Ganesh Nagar, 3Rd Cross East, Coimbatore, Tamil Nadu	India
S1-993569954	East Federal Gladstone, LLC	218 Travis Street, Port Lavaca, TX	US
S1-223031090	Royal Marketing Private Limited	320A- 1, First Floor, Dawa Bazar, Rnt Marg, Indore, Madhya Pradesh	India
S1-76366715	Peridic Global LLC	Coden, 15373 Mcgraw Boulevard, AL	US
S1-738352243	Network Enterprises Pvt. Ltd.	602, Vishnudham, Plot No.240, Junctin Of Linking Road, And 14Th Road, Khar, Mumbai, Maharashtra	India
S1-475974172	Good Global Private Limited	3-24/1, Quth Bullapur Chintal, Hyderabad, Telangana	India
S1-108838402	Eastern Estate Pvt Ltd	No.1 V R Kandriga, Satyavedu, Chittoor, Andhra Pradesh	India
S1-160344566	Northern Cayman Inc.	Clinton, IA, 1239 1/2 13th Avenue	US
S1-349282392	Innovative Tech Private Limited	3-6-532/A Himayath Nagar, Hyderabad, Telangana	India
S1-463413558	VCI India Private Limited	Co- Smt. Minati Panjia Maidalpur, Nabarangpur, Orissa	India
S1-550426702	Vaishnavi Aero Private Limited	57 T/2P Harwara, Dhoomanganj, Allahabad, Uttar Pradesh	India
S1-623629030	Shannon and Aycock, LLC	3267 116th Lane, Coon Rapids, MN	US
S1-724681849	Lee Yield of Nicholasville Partners	Nicholasville, 126 Fairway Drive, KY	US
S1-167589196	Colonial Association	243 Pilgrim Circle, Wilmington, NC	US
S1-480506549	Big Bharat Products Private Limited	T F - 4 - 7 Sky, Near Shakti Nagar Gotri, Vadodara, Gujarat	India
S1-491980624	Secure Rapid Mining PLLC	32 Coffin Drive, Jonesport, ME	US
S1-626513958	International Business Private Limited	H.No -1620, 2Nd Floor, Block E, Gate No 1, Sainik Colony, Sector -49, Faridabad, Haryana	India
S1-810031087	Digital Care Private Limited	40 Wework Roshni Tech Hub, Marathahalli, Epip Zone, Bangalore North, Bangalore, Karnataka	India
S1-304249429	Kb Consultancy	Dno.4/99, Main Road, Sivanthangal, Sriperumbudur, Kanchipuram, Tamil Nadu	India
S1-622811440	Sims Ace Pmv	14 Berkeley Street, Westbrook, ME	US
S1-512015959	Unique Projects Pvt Ltd	C/O Devendra Singh, Ramjaipal Nagar Bailey Road, P.O. Danapur, Patna, Bihar	India
S1-371758379	Great Barclays LLC	MN, 312 4th Street, Winona	US
S1-467586194	Phulwari Commodeal Private Limited	C/O Rita Yadav, Chhoti Rukunpura Mahuabagh, Po- Dhanaut, Block-Danapur, Khata No-753, Khesara No-2662, Near Hanuman Mandir, Phulwari, Patna, Bihar	India
S1-760000733	Straight Edge Pilates Inc.	94 Marion Place, Rockville Centre, NY	US
S1-710157192	Indian Bright Power Private Limited	47, Chinnapandithanpatti, Near Malli Village, Srivilliputtur Taluk, Virudhunagar, Tamil Nadu	India
S1-816223382	Automated Intelligence Services LLC	137 Leavitt Road, Amherst, OH	US
S1-385015252	Huynh Lending	735 N Temple Street, Unit 709, Salt Lake City, UT	US
S1-825104319	German Hr	4A/11, Near Friends Mahima, Jagdamba Path, North S, K Puri, Phulwari, Patna, Bihar	India
S1-198951564	Manibhadra Advisors Private Limited	2, Gokul Kunj, Ground Floor, Opp. Bank Of India Dand-Pada, 1St Road, Khar (West), Mumbai, Maharashtra	India
S1-215201660	Le Infra Private Limited	Shop No. 8, Sahil Archade, Near Hotel Panchali, J.M. Road, Shivaji, Nagar, Pune, Maharashtra	India
S1-88432828	Womens Health Group	48 Eastview Avenue, Irondequoit, NY	US
S1-462490789	Gertrud Faddis Metals LLC	2589 Jordan Road, West Alexandria, OH	US
S1-558623934	Historical Fund	300 Tarter Hill Road, Quitman, AR	US
S1-848986710	Consolidated Asset Enterprises Inc	15341 Pantigo Lane, Homer Glen, IL	US
S1-589425248	Delores Ferguson Royal Imperii LLC	216 Shane Lee Circle, Dover, TN	US
S1-529741859	Kendra Cea Lease P.C.	Fayetteville, NC, 4201 Murchison Road	US
S1-752637019	Board of Environmental Protection	273 S Breeze Way, Fuquay Varina, NC	US
S1-261899496	Shyam Enterprises Private Limited	C-101, Sf B/S, Raju Park, Devli Road, Khanpur, New Delhi, South Delhi, Delhi	India
S1-499157054	King's Cosmetics P.C.	60 Stevens Cove Drive, Margaret, AL	US
S1-7124004	Clyyn Crest	1 City Place, Unit Apartment 1504, White Plains, NY	US
S1-862158855	Wenzel and Hart	917 Housatonic Street, Pittsfield, MA	US
S1-981778121	Healthcare Sarah Ventures Pvt Ltd	Sri Kalyan'S Rbr Complex, Block-Iii, Flat 409, Serilingampally, K.V.Rangareddy, Telangana	India
S1-943403207	Technologies Rasa Advisory LLP	Shop No. 01, Gautam Buddha Nagar, Uttar Pradesh, Greaternoida, Vijendra Market, Village Tugalpur, Haldona	India
S1-636154729	Dorie's Legacy Technologies	751 Michigan Avenue, Fairhope, AL	US
S1-720358459	Hattie Bonomo Quality Agnc	1409 5th Street, Washington, DC	US
S1-374209056	Yamuya Transports Private Limited	Mandal Market, Shastri Nagar, Patna Sadar C/O Vishal Kumar Rai, Patna, Bihar	India
S1-508909385	Bay League V	72 Hastings Street, Portland, ME	US
S1-697382201	Agro Greenworld Landdevelopers Private Limited	702, Natraj, Mv Road Junc, Western Express Highway, Mumbai, Maharashtra	India
S1-694011711	Zuniga Family Practice	2568 Western Avenue, Unit Unit 3-9, Guilderland, NY	US
S1-530350244	National Trust	4724 Huntingwood Road, Unit 36, Ramseur, NC	US
S1-288156117	Aroma Group of Companies	Bansal Niwas, 224, Balabhau Peth Near Kamal Talkies, Nagpur, Maharashtra	India
S1-198636573	Medina, Cameron & Moore Molecular PLLC	OH, 1505 Wagar Avenue, Lakewood	US
S1-313367739	International Electronics Global	CO, Orchard Mesa, 250 Nashua Court	US
S1-600756576	Bright Bistro!	429 Idaho Avenue, Unit Apartment 9, Saint Paul, MN	US
S1-987138163	IVD King LLC	1175 Pecos Road, Chandler, Unit 1039, AZ	US
S1-371599993	Producer Zenom Frozen	12-28-1/C, Seelamvari Str, Kothapeta, Guntur, Guntur, Andhra Pradesh	India
S1-375126019	Lucky Massage! PC	771 Parkview Drive, Lehi, UT	US
S1-810446236	Pioneer Industrial Innovations	11318 4102, Lindale, TX	US
S1-341404382	Den & Sons LLP	27 West Periasamy Road R.S.Puram, Coimbatore, Tamil Nadu	India
S1-860867480	Oncology Medicine LLC	1720 73rd Terrace, Kansas City, KS	US
S1-961844088	Calla Harper, DMD	240 Juniper Avenue, Unit 1054, Gilbert, AZ	US
S1-784894621	Ace Insurance Technologies, LLC	830 Leon Drive, Lincoln, NE	US
S1-867726624	Tech Shakti Producer Private Limited	10/11 Adarsh Co Op Socgoregaonkar Lane Near Central Plaza, Mumbai, Maharashtra	India
S1-83020048	Phan Melar	9771 Mustang Trail, Fishers, IN	US
S1-617949405	Orbio Runway	923 9th Street, Waterloo, IA	US
S1-666045687	Df Finance	Tamil Nadu, Chennai, 11/5, Balaji Flats, Athreyapuram 2Nd Street, Choolaimedu	India
S1-995074486	Sundberg Digital	235 Revere Street, Unit 510, Revere, MA	US
S1-845552339	Smart Marketing Private Limited	H No.8-2-15/B/1, Mahabubnagar, Mahbubnagar, Teachers Colony Beside Girls Bc Hostel, Telangana	India
S1-258825374	Jai Exports (India) Private Limited	G-2, Chandra Prabhu App., Near Appu Nagar Society, Gotri, Vadodara, Gujarat	India
S1-283553226	Benonet Innovative Social, LLC	1805 Pierson Street, Phoenix, AZ	US
S1-737136935	United Tech Private Limited	D-416, 4Th Floor, Oak Block, The Greens Outer Ring Road, Doddanekkundi K.R Puram, Bangalore, Karnataka	India
S1-899388109	Logic Vidyalaya Pvt. Ltd.	No.64, 2Nd Floor, Andrahalli Main Road Near Jodimuneshwara Temple, Peenya 2Nd S, Tage, Bangalore, Karnataka	India
S1-176284272	International Constructions Private Limited	Bldg No. A3/304, Opp. Kores Road, Vartak Nagar, Thane, Maharashtra	India
S1-790324041	XBN Gores P.C.	175 Dapplegray Road, West Hills, CA	US
S1-436521550	Internal Medicine All Clinic	245 Melvin Lane, Trafford, AL	US
S1-400227721	Singh, Hildebrand & Love Real LLC	VA, Newport News City, 1347 William Styron Square	US
S1-192917220	United Veterinary Clinic	35 Longmeadow Drive, Lowell, MA	US
S1-45232973	Hitech Developers	10-934/21/2A/19 Mahalaxmi, Layout Opp, Fire Station, Gulbarga, Karnataka	India
S1-243225250	Bharat Energy Limited	Maharashtra, Urbano D 804 Palava Phase, Downtown, Kalyan Thane Khoni, Kalyan, Thane	India
S1-741498608	Farrell End Group	124 Brand Street, Midway, KY	US
S1-165348612	Family Medicine	2044 Mesa Palms Drive, St George City, UT	US
S1-554085409	Al Engineering	Area, Phase - Ii, New Delhi, A-133 Okhla Industrial, Delhi, South Delhi	India
S1-305626746	Nova Center	704 Jeffery Drive, Kingman, IN	US
S1-194588813	Maa Trading Private Limited	Sustainability Park, Survey #180/2A, 180/1&182/2, Siramahally Limits, Thenkahally, Kundur, Post, Malavally Taluk, Mandya, Karnataka	India
S1-430370266	Maxey, Ursula L., CPA, PC	VA, 1013 Fauquier Street, Norfolk City	US
S1-290228899	Sgc Fortune LLP	J-6, Udyog Nagar Industrial Area Main Rohtak Road, Delhi	India
S1-365355849	RE Electric LLC	16 Clifton Street, Unit 1, Lowell, MA	US
S1-865141815	Crew Pinnacle Exploration	4194 Rockliffe Boulevard, Oracle, AZ	US
S1-917392763	Bennett Malt Inc	16 Spofford Avenue, Dolgeville, NY	US
S1-525049739	Trescha Long Therapies LLC	425 High School Lane, Irving, TX	US
S1-249417294	Bvg Solutions Private Limited	9-4-86/294/1/A, Salarjung Colony, Golconda, Hyderabad, Telangana	India
S1-415332902	Pediatric Dentistry Trusted Partners LLC	150 Sitting Bull Road, Plentywood, MT	US
S1-755662139	Leamon Better Grid	2725 130th Street, Grove, IA	US
S1-694067176	WMR Infrastructures Corporation	H No 1-98-9-12/A/1, Flat No 205, Jubilee Cyber Grand, Shaikpet, Hyderabad, Telangana	India
S1-500123319	Taylor College LLC	9 Harris Lane, Unit Apartment 1, Harrison, NY	US
S1-128403543	#8 Fannie, LLC	307 Reed Avenue, Chartiers Township, PA	US
S1-611592963	Crescent Medical Centre Corp	Unit No. 211, Reliables Pride, Anand Nagar Opp Heera Panna, Jogeshwari West, Mumbai, Mumbai City, Maharashtra	India
S1-198983908	Prairie Institute Corp	53 Helms Drive, Arnolds Park, IA	US
S1-596105615	Literacy Guild LLC	5761 71st Drive, AZ, Glendale	US
S1-418311009	Amarlaxmi & Sons LLP	No 39/2475-B1, Lr Towers, South Jantha Road, Ernakulam, Kerala	India
S1-858388455	Bangalore Tea Private Limited	Ammashree Chambers, Quick Office Cabin No.107 No. 967, Koramangala 4Th Block, Bangalore, Karnataka	India
S1-644846774	Hitech Consultants Private Limited	C/O Sri Nand Kishore Choudhary Vill. - Atterdah, P.O. - Ramna, Muzaffarpur, Bihar	India
S1-671280711	FM Softwares Private Limited	Cts No 2264/A1 2264A&2264/B1 A/P Gokak C/O Rajendra Sangappa Andani, Gokak, Belgaum, Karnataka	India
S1-891777387	Hernandez, Melania, DMD	2601 Carpenter Road, Deatsville, AL	US
S1-758180164	Dean West Inc	855 Avenue D, Rochester, NY	US
S1-1263265	Feex LLC	OH, Coshocton, 377 10th Street	US
S1-892425758	Figueroa Coalition II	849 97th Street, Wakarusa, KS	US
S1-12978837	Parker, Kiser and Keim Interactive Inc	14 Fenimore Street, Valley Stream, NY	US
S1-534289235	Advance Polytechnic	H.No.6-3-713, F. No. 4, 2Nd Floor, Main Road, Amrutha Hills (Topaz Building), Panjagut, Ta, Hyderabad, Kurnool, Andhra Pradesh	India
S1-892714301	Sai & Sons Private Limited	5/3, Robertson Road, Bangalore North, Bangalore, Karnataka	India
S1-101616699	Vida Perez, O.D.	846 Lincoln Highway, New Haven, IN	US
S1-910830033	Asset Building Institute	67 Leslie Lane, Martinsburg, WV	US
S1-274916479	SP Vintrade Private Limited	119, J&K Block, Laxmi Nagar, Delhi, East Delhi, Delhi	India
S1-397358718	Morales Classic Networks LP	CA, Carmichael, 3939 Walnut Avenue, Unit 126	US
S1-988766059	Cornerstone Polska	209 Sawyer Lane, Unit UNIT E, Kalispell, MT	US
S1-801625616	Austin Otg Inc.	14018 Grand Heights Court, Houston, TX	US
S1-288796942	Teamsters Local 957	3320 Lancaster-circleville Road, OH, Lancaster	US
S1-840505234	Shiva Guru Ventures Private Limited	Office No-4, Second Floor, E-7/80, Arera Colony Bhopal, Huzur, Bhopal, Madhya Pradesh	India
S1-74233400	Internal Medicine Physicians of Claymont	814 Peachtree Road, Unit APT F, Claymont, DE	US
S1-956478428	Lanie Alcivar Green Corp	265 Audino Lane, Chili, NY	US
S1-168230618	Agro Quad Testing Private Limited	D-138 Ground Flooranand Vihar, New Delhi, East Delhi, Delhi	India
S1-411872145	Apex Muniholdings LLC	12861 Kernel Lane, Carthage, MO	US
S1-978366852	Auryx Dpc LLC	805 Lakeview Drive, Eagle, NE	US
S1-498743968	Oneill, Guebara & Carlton Inc	1119 Orchard Way, Silver Spring, MD	US
S1-571284093	Dental Trusted Care Associates	9007 Beatties Ford Road, Charlotte, NC	US
S1-651589528	MD Staffing Clinic	676 Snowflower Circle, Pigeon Forge, TN	US
S1-142126127	Gilbert's Innovative Coffee	5900 Sperry Drive, Unit APT 107, Citrus Heights, CA	US
S1-561618154	First Green Finance LLP	H.No 1-10-27/17, Prakash Nagar, Secunderabad, Hyderabad, Telangana	India
S1-457143712	C & N United, LLC	59 Clinton Avenue, Oak Bluffs, MA	US
S1-229101904	Choice Maywood	1035 Robertson Road, Taylor Mill, KY	US
S1-628943954	Zaremba Vista	6403 Piqua Road, IN, Decatur	US
S1-69567013	Memorial Network	98 Westwind, Unit 13, Louisburg, NC	US
S1-350069867	Lereify, Inc	MD, Silver Spring, 3321 Seaport Way	US
S1-327630626	Licea Piedmont Brc	VA, Chesapeake City, 1124 Haverhill Court	US
S1-716669540	Pinnacle L.L.C.	11446 Forrestville Avenue, Chicago, IL	US
S1-566398188	Allied Praetorian LLC	TX, Cedar Creek, 145 Romeria Drive	US
S1-146028829	Back Alley Barbershop	10420 23rd Avenue, Seattle, WA	US
S1-404675357	Sinet Horizon Furniture Inc	705 Ashcroft Road, Greensboro, NC	US
S1-586636031	Patrick, Taylor & Yates Inc	37 Fairhaven Boulevard, Oyster Bay, NY	US
S1-550060708	Economic Development Project	7987 Kensington Lane, Hanover Park, IL	US
S1-429623265	Brooks Corporation	KY, 3009 Juniper Hill Rd, Louisville	US
S1-364999488	Ananda Sourcing Private Limited	Near Hanuman Mandir, East Champaran, Bihar, Ward19 Kaudihar Chawk, Areraj	India
S1-145534465	Hayes Frontier Teucrium	2670 Marcos Drive, Casa Grande, AZ	US
S1-354672395	Drayay Motors L.L.C.	Charlotte, Unit H, NC, 4500 Simsbury Road	US
S1-896464695	Cornerstone PC	3098 Cr 310, Brazoria, TX	US
S1-980036602	Swastik Logistics Pvt Ltd	Chadha Estate, Punjab, Village Kiri Afgana, Tehsil Batala, Gurdaspur	India
S1-35498262	Aim Informatics LLP	North West Delhi, Prop. No. A/352, Delhi, Khasra No. 753, Delhi	India
S1-669112604	Sibelle Agnello Metro Catalyst Center	4517 White Avenue, Kansas City, MO	US
S1-211152214	Wahlstrom Heartland Cartesian LLC	99 Buckingham Road, Somerset Township, PA	US
S1-801922134	Urology Care	4017 Manchester Road, Middletown, OH	US
S1-812979201	Spark & Co	Ahmedabad, Gujarat, Ahmadabad City, Gf, Sumel-2, Bh., Vanijya Bhavan, Kankaria, D-288	India
S1-495707566	Hare Ultra PLLC	3702 Ainsworth Avenue, Tacoma, WA	US
S1-331636833	Indravi Agrotech Public Limited	Raman Bansal C / O R K Bansal House No. 6 Nyaypuri, Karnal, Haryana	India
S1-900303360	Modern Mobility Industries PLLC	20 Malta Avenue, Bldg Rear, Ballston Spa, NY	US
S1-106937387	Drayova Nuveen LLC	AZ, Peoria, Unit 2028, 14300 83rd Avenue	US
S1-326809846	Pratishtha Scaffoldings Private Limited	Shopno.5, Gubbalala Main Road, Near Singapore Garden Raghuvanahalli, Kanakapura Main Road, Bangalore, Karnataka	India
S1-1243787	Biswajit College Private Limited	Tc 81/721, Attukal House, Valia Veli P.O, Thiruvananthapuram, Thiruvananthapuram, Trivandrum, Kerala	India
S1-120709284	Stevenson Utilities LLC	1038 9th Street, Port Angeles, WA	US
S1-512948760	Rag Health Limited	F-706, Bptp Discovery Park, Sector-80, Badoli(116), Ballabgarh, Faridabad, Haryana	India
S1-926534241	Patel Rogers, Inc	1141 Patton Avenue, Unit 205, Asheville, NC	US
S1-481397234	Osn Seva Samiti	2-14-1, Telugupeta, Velugodu, Kurnool, Andhra Pradesh	India
S1-830958913	Technologies Nova Investments Private Limited	Gh-Ii, 143-C Ankur Appartments, Paschim Vihar, Delhi, New Delhi, West Delhi	India
S1-147007999	Fletcher Global	543 Ontario Street, Unit Apartment 1, Buffalo, NY	US
S1-542372123	Harsham (India) Paints Private Limited	Plot No. 8, Survey No.92, Prestige Dream Valley, Rajendranagar, K.V.Rangareddy, Telangana	India
S1-764304176	Cornerstone Manufacturing LLC	9309 Central Park Drive, Upper Marlboro, MD	US
S1-621093146	Reema Management Private Limited	32 Kachhi Mohalla Main Road, Indore, Madhya Pradesh	India
S1-69285384	Blue Cleaning Service	3104 Sacramento Road, Phelan, CA	US
S1-531905937	Division of Sanitation	3618 128th Street, Everett, WA	US
S1-694518410	Womens Health Partners of Birmingham	112 Martin Drive, Birmingham, AL	US
S1-861340043	Optvue	307 Main Street, Unit 3, Mechanicsburg Borough, PA	US
S1-291219769	High Business Private Limited	J-27, Jangpura Extension New Delhi, New Delhi, Delhi	India
S1-209654919	Optimal Housing LLC	35 Murphy Lane, Saltillo, TN	US
S1-119113024	Precision Agricultural Collective Inc	Washington, NC, 107 Thomas Road	US
S1-693853133	Drayari Apparel	37 Johnson Avenue, Unit APT 14, Indianapolis, IN	US
S1-681253731	Andria's Signs	7224 Joy Marie Lane, Town Of Waterford, WI	US
S1-707474106	Tessie J. Robinson, M.D., M.D., P.C. Inc	2118 Monteleon Street, Grand Prairie, TX	US
S1-437626186	Elle's Quality Tattoo	4101 Cloverhurst Drive, Unit 202, Raleigh, NC	US
S1-608718227	Enterprises Rajendra Tea Private Limited	Maharashtra, C-1901, Thane, Vrishti, Dosti Vihar Kores Road, Vartak Nagar, Thane	India
S1-829480757	Elite Innovative Black	925 Oak Avenue, Mountain View, AR	US
S1-513102340	Lingle First Cannabis Inc	277 Lynnhaven Road, Virginia Beach City, VA	US
S1-72579645	Bansari Technologies Limited	Delhi, Pocket-6 Mig Flats, Mayur Vihar, 148C, Phase-Iii	India
S1-166442171	KSO Mountain Hawk LLC	3414 Sugar Maple Court, Ontario, CA	US
S1-534435182	Aurie Espinoza, M.D.	513 Irving Avenue, Sacramento, CA	US
S1-137682193	Trinity Baptist Church	979 Troy Avenue, Brooklyn, NY	US
S1-424266152	International Producer Private Limited	Cbd, Workspaces Pvt Ltd, No.26/27, 10Th Floor, Raheja Towers, West Wing, Mg Road, Bangalore, Karnataka	India
S1-513177648	Chiropractic Health	46 State Street, Sigurd Town, UT	US
S1-248970598	Technologies Services Private Limited	Door 15 North Street, Thamirapathy Colony, Palayamkottai, Tirunelveli, Tamil Nadu	India
S1-387714181	Metropolitan Committee LLC	10719 19th Avenue, Everett, WA	US
S1-850768748	Newburgh Human Rights Program	231 Lake Drive, NY, Newburgh	US
S1-182419089	Real Engineering Private Limited	C/O Arun Kumar Pandey, H. N. 151 Shivpur, Shahbazganj, Gorakhpur, Gorakhpur, Uttar Pradesh	India
S1-240676985	Littlejohn Pacific Indigo	154 Main Street, Greenville, KY	US
S1-315131017	Rocky Abrdn	6325 Dawn Avenue, Inver Grove Heights, MN	US
S1-935567464	Complete Hospitality	2625 Laurie Street, City Of Appleton, WI	US
S1-241960552	Krrish Medical Centre	5Th Floor, C4, Embassy Manyata Business Park, Nagavara Village, Kasaba Hobli, Bangalore North, Bangalore, Karnataka	India
S1-825641425	Anand Solutions Private Limited	601, Atlanta Center, 6Th Floor, Sonavala Road, Nr. Udyog Bhawan, Goregaon (East), Mumbai, Mumbai City, Maharashtra	India
S1-170590615	Paveria Total Interprivate Inc	Indianapolis, IN, 183 President Trail	US
S1-150019148	Complete Frontier Kpet	AR, North Little Rock, 3805 Pope Avenue	US
S1-161339557	Housing Coalition	3306 99th Avenue, Bellevue, WA	US
S1-351886406	Galaxy Tubes Ltd	Bhanubhai Niwas, Kochiwade, Koliwada, Naigaon (W), Vasai, Maharashtra	India
S1-296734562	Sparkline Ventures Private Limited	Dr No 2-45-2 302 G.R.K Towers, Bhaskar Nagar, Kakinada, Eastgodavari, East Godavari, Andhra Pradesh	India
S1-76421708	Autism Assistance Alliance Inc.	302 Farrer Street, Yacolt, WA	US
S1-312700448	Prime Infotech Limited	Kottayam, Xx/1684/1, Meenachil, Kerala, Andookunnel Building, Lalam Church Road	India
S1-753643313	Lemniscate Traders	Corporate Centre Andheri- Kurla Road, Andheri (East), Maharashtra, 401, Mumbai City, Mumbai	India
S1-275610297	Lonnie B. Johnson, D.C.	4435 17th Lane, Ankeny, IA	US
S1-910457378	Knight & Thacker Futurewave Inc	10940 105th Street, Grant, MN	US
S1-205281464	Pediatric Dentistry Associates of Houston PLLC	17322 Mill Village Circle, Houston, TX	US
S1-929165048	Garcia Premier Healthcare	138 Bradley 24 Road, Warren, AR	US
S1-203797556	3382 Highland Street Company	12 Mercurio Way, Granville, NY	US
S1-319231277	Henderson Allied Select LLC	2228 Bayou Cove Lane, League City, TX	US
S1-963905164	Foot & Ankle Partners of Sandwich	27 6A, Unit 1, Sandwich, MA	US
S1-727031795	Herbold Cascade Titan LLC	IN, Salem, 4166 Grandview Road	US
S1-60805786	Abinaya India	213, Grd Flr, Raghuleela Mega Mall, Sv Road, Bhd Poisar Bus Depot, Kandivali W, Mumbai, Mumbai City, Maharashtra	India
S1-706185582	United Charities	27 Heide Court, Smithtown, NY	US
S1-974972046	Zirain Green Limited	225, 2F, Raj Imperia, Vraj Chowk, Surat, Off. No.225 Bl-32, Gujarat, Choryasi	India
S1-188169807	First Karbon LLC	12064 Carlisle Avenue, Chino, CA	US
S1-93078046	G S & X Alussa	12918 Missouri Avenue, Litchfield Park, AZ	US
S1-292101476	Envogue India	Flat No C-1601 Plot No 11, Sector-11, Ghansoli Navi Mumbai, Rabale, Thane, Maharashtra	India
S1-103227797	Hundred Electro Private Limited	R/O Paramanandpur Lohata, Varanasi, Varnasi, Uttar Pradesh, Varanasi	India
S1-392909174	Silver Infrastructure Private Limited	H Block, Nandi Citadel, Akshayavana, Bangalore, Flat No.201, Karnataka, Bangalore South	India
S1-77445049	Urgent Care Associates Inc	UT, Ogden City, 2983 Taylor Avenue	US
S1-64208086	Pioneer Construction Limited	C/O Krishnadas, Kannottukavu, Palakkad, Kerala	India
S1-166332333	Vantex Transport Group	826 Wallingford Street, Fl 0, Wichita, KS	US
S1-907084274	Baumann Western of Simsbury L.L.C.	9 Sharlin Drive, Simsbury, CT	US
S1-162907896	Fortress Institute of Technology	H.No.5-1-526, 1 St Floor, Sanmati Enclave Jambagh, Hyderabad, Telangana	India
S1-770183293	Sultanpur Industries Private Limited	Khasara No- 469, Village- Baramadpur Block- Akhandnagar, Tehsil- Kadipur, Sultanpur, Uttar Pradesh	India
S1-330038470	Oncology Royal Group Partners	23804 Windy Valley Road, Leander, TX	US
S1-161566212	First Consultancy Private Limited	2, R.B. Parkash Chand Road, Amritsar, Punjab	India
S1-673684962	Metropolitan For Inc	447 Northshore Drive, Saratoga Springs, UT	US
S1-696438928	Ace Global (India) of <CITY_NAME>	No.9-B, E.B. Colony, T.V.S. Nagar, Coimbatore, Erode, Tamil Nadu	India
S1-926322329	Ghaziabad Nirman Corp	Flat- C1, Plot - 214, Gyan Khand-1, Indirapuram, Ghaziabad, Uttar Pradesh	India
S1-739381690	Tiena Higgins Focus Inc.	1982 9th Avenue, Langdon, ND	US
S1-347887297	Munoz California	28 Schley Street, Unit 1, Springfield, MA	US
S1-770294668	Falcon Oceanhawk	16431 Parkview Place, Unit 4012, Surprise, AZ	US
S1-337375160	Woods Cardiology	1503 Dudley Drive, Kilgore, TX	US
S1-301483183	Quality Enterprises Inc	12134 522, Cumberland, KY	US
S1-181590862	Services Solapur Network	Delhi, Dream Apartments, Plot No.14 Sector 22, Dwarka, C 803, New Delhi	India
S1-548784274	Slade Petroleum PC	Huntington, 24 Bruce Lane, NY	US
S1-25966460	Pashupati India Company	Plot No 2, G/F, Kh No-7/12/2, Ruby Enclave, Chanchal Park-Ii, Nangloi, New Delhi, Delhi	India
S1-614812800	Aesthetic Wheel Private Limited	P N 6/P, H.No7-86-6Baditya, Emeraldclubdevendercolony, Tirumalagiri, Hyderabad, Telangana	India
S1-812617986	Services Gunjan Small Pvt Ltd	7/207, Ist Floor, Bharathi Nagar Kadampadi, Kangayampalayam, Sulur, Coimbatore, Tamil Nadu	India
S1-759530673	Conmat & Co	C/Oupadhyaya Jayant Kumar, Serenity Enclave Fl-B/22, Pune, Maharashtra	India
S1-788798902	Barbe Molitor Bright Waste Inc	6388 Cascade Highway, Marion County, OR	US
S1-498441856	Green Digital (India) Private Limited	40, Dsidc Complex, Scheme-I Okhla Industrial Area Phase Ii, New Delhi, South Delhi, Delhi	India
S1-48291245	International Investments Limited	Ernakulam, Kerala, Ernakulam, October Road, Ponnurunni	India
S1-263388520	Rebbecca Coker Tri-State Popular Inc	4922 Cotton Row, Unit D, Huntsville, AL	US
S1-480870203	Mitchell and Sherwood Capstone Inc	129 Sixth Avenue, Kure Beach, NC	US
S1-658628280	Polaris Pharmaceutical LLC	8714 Us 77, Lexington, TX	US
S1-453881945	K 9 N Viii Ltd	5113 Belfast Drive, Memphis, TN	US
S1-844483520	Iskander's Hair Studio	23216 Stateline Road, Fl 0, Lawrenceburg, IN	US
S1-315589624	Peak Medical LP	318 Lauren Lane, Unit 1, City Of Watertown, WI	US
S1-907253761	Lakshmi Foundation Limited	Plot No.587, Village:Rajapur, Post:Behta, Dadra Faizabad Link Road, Barabanki, Barabanki, Uttar Pradesh	India
S1-614927528	Cook Karbon LLC	108 Broadway Street, Climax, MN	US
S1-337287232	Great Coalition	10714 Barker Lake Court, Cypress, TX	US
S1-551953031	Shakti Foundation Corp	Plot No. 70, First Floor, Vijay Bloack, Laxmi Nagar, East Delhi, Delhi	India
S1-929024771	Phagwara Crushers Private Limited	H No. 743 Guru Hargobind Nagar Phagwara, Kapurthala, Phagwara, Kapurthala, Punjab	India
S1-952168821	Nguyen Animal Hospital Corp	IN, Indianapolis, 1502 Bradbury Avenue	US
S1-111408316	Geri Poncedeleon, DMD of Aberdeen	4762 Witchhazel Way, Aberdeen, MD	US
S1-381682451	Lissa Hernandez Virtus Inc	28240 Wannebo Road, Town Of Washburn, WI	US
S1-303295227	Harsh Technologies Private Limited	H. No. 1-9-278/10/1, Lalitha Nagar Vidya Nagar, Adikmet, Hyderabad, Telangana	India
S1-949155377	Behavioral Health United Center	7710 Matapeake Business Drive, Brandywine, MD	US
S1-509704039	Clear Business Global PLLC	17135 Minos Conaway Road, Lewes, DE	US
S1-526242095	Corporate Freight Worldwide Inc	2718 Hosmer Street, Tacoma, WA	US
S1-675325406	Applied Holdings	42E Vanigar Street, Ecr Kovalam Chengelpet, Chennai, Kancheepuram, Tamil Nadu	India
S1-351551082	Data Vidyalaya	H. No. - 392, Moh - Lohyiaan Near Saraswati Vidyaya Mandir, Dhampur, Bijnore, Uttar Pradesh	India
S1-569675845	East Origin, LLC	923 5th Street, Flora, IL	US
S1-156472601	Scarlet Fincap Private Limited	5-D-6, Chandrasheakar Azad Nagar, Bhilwara, Rajasthan	India
S1-566378242	Total Data Group	135 Francis Marion Drive, Wilmington, NC	US
S1-426390539	Dlt Ratna Ltd	# 2042 Phase Vii, Mohali, Chandigarh, Punjab	India
S1-532464914	Star Fresh Auto Repair	726 Owens Street, Mammoth, AZ	US
S1-922564396	Services Hunger Vyapaar Pvt Ltd	Plot No A-34/Road No 2 Midc Andheri East, Mumbai, Maharashtra	India
S1-256938375	Lexis (india) Private Limited	#137, Raheja Arcade, Plot 1/1, 7Th Block Koramangala, Bengaluru, Bangalore, Karnataka	India
S1-460396318	Rejoice Medical Centre	Flat No. G-1, Sadguru Apartment, Ground Floor, Janpath Road, Nirman Nagar, Jaipur, Rajasthan	India
S1-365184329	Tirupati Engineering	Hno 2-10-390/1 Kyc, Waddeypally Hnk, Hanamkonda, Warangal Urban, Telangana	India
S1-448463184	Consulting Ashapura Developers Private Limited	179, S.B. Road V.V. Puram, Bangaloe, Bangalore, Karnataka	India
S1-123694778	Continental Bce Inc.	120 Precious Lane, Boligee, AL	US
S1-603715769	Mackey Sterling Cambridge LLC	6477 Beersheba Highway, Mcminnville, TN	US
S1-752478863	Delta Project	44 Old Fence Lane, Newark, DE	US
S1-217986633	Strauss Summit Spring Inc	15 Dogwood Lane, Hempstead, NY	US
S1-305490311	Clawson Manufacturing	6706 Colony Acres Drive, Unit APT A, Saint Louis, MO	US
S1-169883317	Hayes and Figueroa Grid LLC	10136 1902, Crowley, TX	US
S1-931561288	Granbury Heart Classic Network	3025 Hilltop Road, TX, Granbury	US
S1-55390691	Gaque Oak LLC	2 Gurnee Avenue, South Nyack, NY	US
S1-808394266	Beth Baptist Church	107 I5 Jack Little Drive, Ruidoso, NM	US
S1-29533220	Legacy Purpose LLC	1830 Magnolia Avenue, Unit 4, Cleveland, TN	US
S1-918805873	Grand Investment Union	211 Depot Street, Rockwell, NC	US
S1-941420199	Kolkata Property Limited	58B, Cit Road, Scheme-Vi-M, Ground Floor, Behind Medical Chemist & Druggists, P.O.-Kankurg, Achi, Kolkata, Kolkata, Howrah, West Bengal	India
S1-746969306	Varshya Agrotech Pvt Ltd	F.No.G-1 Sheetal Aptt, 12 Bima Nagar, Indore, Madhya Pradesh	India
S1-394538402	Fortune International Private Limited	Plot No-300/940, Pokhariput, Bhubaneswar, Khordha, Orissa	India
S1-617119105	Subh Advisors Pvt Ltd	#40/1-8 O.T.Pet Cross, Karnataka, Bangalore, Patnoolpet	India
S1-374561866	Dream Properties	N K Mehta International House178 Backbay Reclamation Babubhai M Chinai Marg, Mumbai, Maharashtra, Mumbai	India
S1-808850994	Best Investment Limited	First Floor, Chander K.Do, Manesar, Narsinghpur, Gurgaon, Haryana	India
S1-355449951	Domjur Management Ltd	106 Kiran Chandra, Sinha Road, Domjur, Howrah, West Bengal	India
S1-203326824	Rapid Freight Services Inc.	174858 4399 Road, Nashoba, OK	US
S1-486566626	South Estate Private Limited	H.No-667 Surat, Nagar Ph-I, Railway Road, Gurgaon, Haryana	India
S1-117914436	Hendrickson Midwest Biologics LLC	9708 Farmhouse Lane, Edmond, OK	US
S1-905863792	Pune City Infratech Limited	Pl No 37/B Rajvilas Socy, Koregaon Park, Pune City, Pune, Maharashtra	India
S1-343579510	C & L Lightwave PC	5 Glenamoy Road, Unit CONDO 301, Lutherville, MD	US
S1-203111983	OR Explorer Private Limited	Delhi, South West Delhi, Jai Vihar Phase-3 Harful, New Delhi, H No 249-B Kh No-64/19	India
S1-577462583	Elite Fashions Limited	C/O Deepak Kumar Biruya Chak Meena Bazar, Patna, Bihar	India
S1-602622989	Osborn's Home Care	73 Tiffany Drive, Windsor, CT	US
S1-280710259	X U Humphrey Environmental LLC	5899 Pine Swamp Road, Laurel Springs, NC	US
S1-729764483	Hopkins Precision Muzero Inc.	6259 Bryson Drive, Mentor, OH	US
S1-519787016	Star Healthcare Private Limited	Kollipara, Andhra Pradesh, C/O V Siva Reddy At 10/B6, Guntur	India
S1-577008638	Internal Medicine Golden Physicians	4019 Haywood Road, Mills River, NC	US
S1-23945797	Lawson, Schramm & Rodriguez	340 Blueberry Street, Bridge City, TX	US
S1-355872585	Rochella's Piedmont Distribution	1720 124th Place, Everett, WA	US
S1-47591345	Rampur Solutions Clinic	C/O Nand Ram, Patti Basantpur, Rampur, Rampur, Uttar Pradesh	India
S1-332491813	Nick Cardiology LLC	104 Pershing Boulevard, Unit 1, Cheyenne, WY	US
S1-274746664	Tiridyne Copper Inc	1020 Old Road, Southold, NY	US
S1-137955518	Tirupati Healthcare Limited	No. 30, Venkatadhri, Chokkana Halli, Hedge Nagar Main Road, Jakkur Post, Yelahanka, Bangalore, Karnataka	India
S1-969848937	Courtenay T. Richter, D.O.	3022 Ramblewood Road, Ellicott City, MD	US
S1-521697855	Bytes Foods Private Limited	Padesseril, Keezcherimel Chengannur Po, Alappuzha, Kerala, 20/105, Chengannur	India
S1-556643763	Shivam Business Private Limited	391, Lig, Scheme No. 3, Meghdoot Nagar, Mandsaur, Madhya Pradesh	India
S1-535785118	Galaxy Producer Private Limited	303, Agarwal Arcade, Ambawadi Circle, Ahmedabad, Gujarat	India
S1-719374161	Rhiti Group of Companies Pvt. Ltd.	Dn- 37, Salt Lake City Sector-V, Kolkata, Kolkata, Howrah, West Bengal	India
S1-831203785	Colline Lin, D.D.S., P.C. Inc.	832 Bethlehem Pike, Unit Unit C, Lower Gwynedd Township, PA	US
S1-318896814	Spark Public School	Maharashtra, Kasturba Road, Chandrapur, 3 & 4, Ekdanta Plaza, Shop No. 2	India
S1-306341609	Guru International Private Limited	Old No.33 New No.6, 4Th Street, Tatabad, Coimbatore, Tamil Nadu	India
S1-274993080	Safe Capital Freedom	350 Paseo De Playa, Unit 110, Ventura, CA	US
S1-578593159	Hunger Guild	36760 Rummel Mill Drive, North Ridgeville, OH	US
S1-577618172	Prestige Nursing Home	66/D Mohalla Road Ward-21, Shilphata Khopoli (U) Sec, Khalapur, Raigarh(Mh), Maharashtra	India
S1-926497628	Dolfin Dev Private Limited	Door No 209, Ward 10 Devanandhanam, Vtc Haripad Haripad, Karthikappally, Alappuzha, Kerala	India
S1-115276053	Sree Energy Private Limited	Flat No 503, Sy No. 10, Meeras Avenue, Serilingampally, K.V.Rangareddy, Telangana	India
S1-489205577	Shivam Care Private Limited	New No .17, Old No. 8, Veerapandi Nagar, 3Rd Street, Choolaimedu, Chennai, Tamil Nadu	India
S1-826141291	Kris's Classic Cafe	7709 Narragansett Avenue, Burbank, IL	US
S1-107229576	Valley Cslm Inc	1611 Kenning Road, Crosby, TX	US
S1-232610378	UCK Tea Pvt Ltd	A - 34, Sector - 7, Noida, Gautam Buddha Nagar, Uttar Pradesh	India
S1-194870861	Creative Projects Limited	C/O Radha Raman Rai, Vill-Baddha Tola-Baddha Panch-Akolhi Block- Nuaon, Baddha, Kaimur, Bihar	India
S1-759439382	Mumbai Estate Private Limited	B/302, Rustomjee Elements, Opposite The Club, New D.N. Nagar, Andheri West, Mumbai, Mumbai City, Maharashtra	India
S1-343872277	Phoenix Economic Development League	3831 Park Avenue, Phoenix, AZ	US
S1-240925944	Bengaluru Marketing Private Limited	No.5, Sharvi, Ground Floor, 4Th Cross Road Off.Ittamadu Main Road, Arehalli, Uttara, Halli, Bengaluru, Bangalore, Karnataka	India
S1-837980010	Schoenberg, Sharon D., CPA	1505 Molson Lake Drive, Leander, TX	US
S1-769930896	Tech Healthcare Limited	Vadodara, Gujarat, Fortune Tower, Dalal Street, Sayajiganj, Vadodara, 121	India
S1-976832908	Mumbai Forest Private Limited	Maharashtra, 116 Plot No X 21, Nr. Midc Substn. No - 6, Midc X Road No. 21, Andheri (East), Mumbai City, Mumbai	India
S1-955323532	Unique Projects Private Limited	C/O Subhadra Kumari, New Area, Warisaliganj, Nawada, Bihar	India
S1-101321904	Bodha System LLP	First Floor Bldg D-4 Sakalnagar Aundh, Pune, Maharashtra	India
S1-527595885	As & Partners Private Limited	#581, 23Th Main Road, 2Nd Sector, Hsr Layout - 4, Bangalore, Karnataka	India
S1-943830807	Innovative Automation Digital	722 Carriage Lane, Hazelwood, MO	US
S1-578534617	East Care Pvt Ltd	715-A, 7Th Flr, Suite 1288, Spencer Plaza, Anna Salai, Chennai, Tamil Nadu	India
S1-149175796	Nexola Stifel LLC	612 Garfield Avenue, Sioux Falls, SD	US
S1-511194350	Chun's Bistro	19971 210, Rocky Point, NC	US
S1-776858948	Haryana Ispat Pvt. Ltd.	Plot No 1, Model Town, Behind Wadhwa Hospital Fatehabad, Haryana, Fatehabad, Haryana	India
S1-305312374	Silver Bluerock Clinic	22831 Dale River Road, Tomball, TX	US
S1-202851839	Nemetz Anchor Sea Associates	TX, Mount Pleasant, 483 County Road 1697	US
S1-812508500	Apex Frontier Open	11246 Adenmoor Road, Marshall, IL	US
S1-812722109	Life Constructions Pvt Ltd	Dalsinghsarai, Near Bsnl Exchange Office, N H 28, Bihar, Dalsinghsarai, Nawada	India
S1-724615522	Lester Micro LLC	721 Copperleaf Drive, Midlothian, TX	US
S1-774760330	TX Heartland Championsgate	TX, 39 Rosebud Lane, Gonzales	US
S1-492016280	Castro Integrated Deep	833 Main Street, Agawam, MA	US
S1-737255108	Sanchez Software	225 Japhet Street, Houston, TX	US
S1-923919339	Pioneer Infotech Private Limited	Lucknow, Vipul Khand, Gomti Nagar, 5/292, Uttar Pradesh	India
S1-596950208	India Winning Business Private Limited	Sadguru Dham, Katuda, Wadhwancity, Surendra Nagar, Gujarat	India
S1-396724739	Solola Brc Inc	Huntsville, 1604 Wells Avenue, AL	US
S1-635810071	Novus Doubleline LLC	3638 Secret Grove Court, Prince William County, VA	US
S1-737101358	Gcb Properties Limited	Chittaranjan Avenue 1St Floor, Suite No.3, Kolkata, West Bengal, Howrah, Kolkata, 84A	India
S1-296266321	Quia	54-33 Arnold Avenue, Maspeth, NY	US
S1-951435339	Archna Holdings Partners	Villa Lakhamapurtal Dindori, Nashik, Maharashtra	India
S1-219623773	Bharat It Limited	Shop Number 8, 732-733 Faiz Road, Karol Bagh, New Delhi, North Delhi, Delhi	India
S1-383261626	Adhyayan Hotel Limited	No.9, North Jaganathan Nagar, 1St Street, Ambattur, Tiruvallur, Tamil Nadu	India
S1-696784676	Flip Traders Pvt. Ltd.	1-8-2/9, Surya Nagar, Chikadpally, Musheerabad, Hyderabad, Telangana	India
S1-551886033	Perry's Creative Chemical	36407 Gilkey Road, Scio, OR	US
S1-388057119	Legacy Complete Purecycle LLC	3088 Pine Street, Arlee, MT	US
S1-396063133	United Organization LLP	1143 Mazar Gali Patna Sadar, Bailey Road, Sheikhpura, Patna, Bihar	India
S1-787544524	Huizar Allstate Group	2439 18th Street, Unit 3, Washington, DC	US
S1-924527658	True Organica Pvt. Ltd.	Shop 201 Aurun Bldg. S No, 33/1/2 Viman Nagar, Pune City, Pune, Maharashtra	India
S1-219743351	Allied Daedalus	1012 Pearl Street, Bowling Green, OH	US
S1-616782011	Midwest Institute III Center	5981 Turtle Creek Drive, Fairfield, OH	US
S1-600912403	Averett Harbor Couriers Inc	213 Ivanhoe Way, Bloomington, IL	US
S1-514243214	Mcgill and Adkins Triton	155 Kings Boulevard, Unit Unit 311, Corvallis, OR	US
S1-877849375	Coburn Mobile	166 Main Street, Honeoye Falls, Unit Suite 1, NY	US
S1-97293861	Orion Inc.	129 Hunt Club Drive, Saint Charles, IL	US
S1-562614473	Sun International Private Limited	48 Nandi Enclave, A Narayanapura, Bangalore North, Bangalore, Karnataka	India
S1-239319256	SD Security LLP	C/O Makkes Sekh, Vill- Narsinghpur P.O Sagarpara, P.S Jalangi Narsinghapur, Narsinghapur, Murshidabad, West Bengal	India
S1-403549289	Aditya Future Investments	C/O Narender S/O Kura Ram Village-Kakrod, Uchana, Jind, Haryana	India
S1-798993430	Surgical Care LLC	CT, 67 Ellsworth Street, West Haven	US
S1-957912822	Williams Talon	74 Potic Creek Road, Coxsackie, NY	US
S1-174720952	Gonzalez Electricity of Asheville	NC, Asheville, 89 Berkshire	US
S1-427923930	Om Cosmetics Limited	Plot No.117 North Part, H. No.3-7/51/A, Bank Colony, Road No.1, Shiva Sairam Colony, Munuganoor, Hayathnagar, Rangareddy, K.V.Rangareddy, Telangana	India
S1-272756727	Reliable Marine Consultants LLC	249 Golden Horseshoe Lane, Upper Tract, WV	US
S1-642060521	Capital Trust	721 Summerwood Drive, Arlington, TX	US
S1-818543567	Rodas Capital Vernal L.L.C.	17238 Elizabeth Avenue, Goodyear, AZ	US
S1-934965286	Noida Accessories Limited	Tower Cm1, Noida, Uttar Pradesh, 1106, 11Th Floor Supertech Capetown Sector 74, Gautam Buddha Nagar	India
S1-470690309	Empire Semiconductor LLC	312 1026, Valley Head, AL	US
S1-618576763	Danyette Gross Summit LLC	57 Calla Lilly Court, Lake Jackson, TX	US
S1-548513266	Digital It Private Limited	Ayyavoo Nagar, 2Nd Main Road, Maduravoyal, Chennai, No.59, Tamil Nadu	India
S1-114651560	Veify International Inc.	6209 34th Street, Fl 0, Wichita, KS	US
S1-202388137	Metro Design LLC	14025 King William Road, King William County, VA	US
S1-530050243	West School of Medicine	1130 Villa Flora Drive, Ofallon, MO	US
S1-910489053	SE Stonetech Private Limited	70C/8 Baghara, Allahabad, Uttar Pradesh	India
S1-153350852	Cherokee Cultural Ministries	226 Goose Creek Baptist Church Road, Cherokee, NC	US
S1-53828916	Dynamic Digital Group Inc	4833 7th Street, Tacoma, WA	US
S1-437129142	ODO Greentech Pvt. Ltd.	17-B, Block - I, Sagarpur (West), New Delhi, West Delhi, Delhi	India
S1-520951064	Jupiter Mercantile Private Limited	362, Ugamna Faliya, At & Po - Hond, Chikhli, Navsari, Gujarat	India
S1-273127182	Vantola Mellon PC	19417 10th Avenue, Des Moines, WA	US
S1-937787998	Cardenas, Rodriguez & Sandoval LLC	3020 Wildcat Lane, Indianapolis, IN	US
S1-279547520	Basse Athena Inc	1704 Hands Street, Independence, MO	US
S1-625252828	Growth Pack Pvt Ltd	B/702, Neelyog Vedanta, Ghatkopar-Andheri Link Road, Ghatkopar-West, Mumbai, Maharashtra	India
S1-505128283	Jai Marketing Private Limited	B 32, Wagle Industrial Estate Road No 18, Thane, Maharashtra	India
S1-284499065	Nivue Prairie Information LLC	21246 Treeview Lane, Millsboro, DE	US
S1-505806111	Eye Medicine	46340 Reddish Knob Drive, Loudoun County, VA	US
S1-34724084	Sio Midwest Hospital Co	5900 Main Street, Unit 132, Globe, AZ	US
S1-940599333	Katyayni Consultancy Ltd	C/O Kanchan Devi Kundalia, Sf Road, Br Ambedkarsarani, Siliguri, Darjiling, Darjeeling, West Bengal	India
S1-131421921	Amara Innova (India) Private Limited	J 12/34C-4, Varanasi, Near Corporations Bank Balbhadradas Colony, Dhupchandi, Varanasi, Uttar Pradesh	India
S1-182599619	Veify Global Inc	WA, 725 V Mcclain Drive, Sunnyside	US
S1-910006999	Flora Law Chambers	1/164 A, Pillaiyar, Koil Street, Chennai, Tambaram, Kanchipuram, Tamil Nadu	India
S1-570656789	Meenan Cassettes Private Limited	41/42 4Th Main Road Tnagar, Chennai, Tamil Nadu	India
S1-936994606	Chandrora Agri Private Limited	Mumbai, Maharashtra, 3Rd Floor, Papa Industrial Chs Ltd, Suren Road Andheri East, Gala-21	India
S1-190416547	Beninet Harbor Iron Works L.L.C.	716 Henderson Street, Salisbury, NC	US
S1-22175547	Southern Pines Prime Paceline Care	690 May Street, Southern Pines, NC	US
S1-677991264	Blue Yoga	1230 La Jolla Drive, Tempe, AZ	US
S1-971203900	Energy Rajwada Link Private Limited	Sco 22, Sector 15 Part Ii, Gurugram, Gurgaon, Haryana	India
S1-551641213	Wings Recruiters Private Limited	A-7/103 Industrial Area, Ssgt Road, Ghaziabad, Uttar Pradesh	India
S1-764929533	ZOD India LLP	Shop No. 16, New Grain Market, Nigdhu, Nilokheri, Karnal, Haryana	India
S1-41221495	New Delhi Training Pvt Ltd	303, Himland House, D5 Karampura Commercial Complex, New Delhi, West Delhi, Delhi	India
S1-255170809	Vaishno Tools Pvt. Ltd.	H. No. 376/3, Karde, Shirur, Pune, Maharashtra	India
S1-570742040	Spargo Village Inc	4200 Oak Park Road, Raleigh, NC	US
S1-386029399	Modern Business International Inc	11033 Crown Point Avenue, Omaha, NE	US
S1-205312028	Greaves Goldman P.C.	6408 Westward Drive, Loveland, OH	US
S1-501507591	Smith Gulf Reit Company	Detroit, AL, 146 Sanderson Road	US
S1-385411953	Kaela Powell, DMD, PC	70 Dawes Street, Unit 2, Springfield, MA	US
S1-875462359	Brightola Ses, L.L.C.	32 Rowland Avenue, Winchester, KY	US
S1-682326917	Enar & Co	Delhi, D-Ii/2624 Vasant Kunj, New Delhi, South West Delhi	India
S1-429228549	Steelworkers Local Union 263	9020 Southern Maryland Boulevard, Owings, MD	US
S1-695927623	Hashem Ventures Group	9015 Eager Road, Unit APT 310, Saint Louis, MO	US
S1-452164552	Kestex Plumbing Inc	20530 Lakeshore Road, Unit SPC, Chelan, WA	US
S1-313523541	Warrior & Co LLP	Flat No.802, Tower F2, Cleo County Plot No. Gh-05 Sector-121, Noida, Ghaziabad, Uttar Pradesh	India
S1-806510977	Ortiz, Pruett and Turner Pgim	19 Read Street, Winthrop, MA	US
S1-421546900	Unique Solutions Private Limited	340/14, Chaman Pura, Rohtak, Haryana	India
S1-653692752	Urology Health	1109 28th Avenue Court, Puyallup, WA	US
S1-497150579	Xie Trust Inc	E7168 Irish Valley Road, Town Of Honey Creek, WI	US
S1-91756265	Chiropractic Partners	990 Farm Road, Kalispell, MT	US
S1-3081322	Associated Digital International Associates	6 Prospero Lane, Brooklin, ME	US
S1-116217745	Rubinstein, Redmond and Philips LLC	3054 Generation Way, Greenwood, IN	US
S1-111910680	Kim Capital Partners	10646 Missionary Ridge Road, Bon Aqua, TN	US
S1-602446510	Media Serene Farmer Private Limited	C/O Roshon Thapa, Methibari, Siliguri, Darjiling, Darjeeling, West Bengal	India
S1-448708179	Coastal Group	609 Normandy Road, Newton, KS	US
S1-860849153	East Properties Private Limited	601, Royal Trade Centre, 6Th Floor Opp. Star Bazar, Adajan, Surat, Gujarat	India
S1-270246921	American Peninsula (India) Private Limited	502, Shiv Pooja, Plot No. 99, Sector 29, Vashi, Navi Mumbai, Thane, Maharashtra	India
S1-595814160	Enso Retail Private Limited	H.No. 33, Nyadar Ganj, Dadri, Gautam Buddha Nagar, Uttar Pradesh	India
S1-901605073	Cube Charitable Trust	Plot 548-A16, Road No.32 Jubilee Hills, Hyderabad, Telangana	India
S1-63103062	Dharwad Retreat Corporation	H No 88 Akshay Colony Behend Nalanda Pu College Dharwad, Hubli, Dharwad, Dharwar, Karnataka	India
S1-311537206	Jillana Cadden Interstate Appliance	Glens Falls, NY, 9 Potter Street	US
S1-320943743	Hernandez Tree LLC	218 Wakeman Place, Brooklyn, NY	US
S1-480940719	Piedmont Allegro	1845 Augusta Boulevard, Henryville, IN	US
S1-719024981	Keystone Heartland Fortune, LLC	1615 Crepe Myrtle Drive, Sanford, NC	US
S1-526975757	Carlin and Martinez Apollo Inc.	97940 Benham Lane, Unit SPACE 9, Brookings, OR	US
S1-105505873	Indrraj Mobility Private Limited	No.2-65/157, 3Rd Floor, Cruxbuildin, Saiaishwaryalayout, Khajaguda, Hyde, Golconda, Hyderabad, Telangana	India
S1-852395128	Modern Metal	4695 Hitchcock Road, Montour, NY	US
S1-585720140	CQH For Pvt Ltd	House No 124, Block - Cu Pitampura, Delhi, North West, Delhi	India
S1-892869955	East Global Pvt Ltd	A-52/8, Dlf Phase I, Gurgaon, Haryana	India
S1-870544520	Alanis Trusted Alphabet Care	110 Chisholm Trail, Mooresville, IN	US
S1-568804558	Drayis Hcm	1390 Calistoga Drive, Rockwall, TX	US
S1-359393459	Prairie Green Duke	355 Latimer Lane, Williamstown, KY	US
S1-331178571	Roxi Martinez Premier Emerging PC	93 Gate Road, Montebello, NY	US
S1-627513026	Silver Agro	33 Om Shakthi Layout, 7Th Main Garevibhavipalya, Bangalore, Karnataka	India
S1-770392003	Ramirez & Shea LLC	114 Caroline Court, King, NC	US
S1-703206922	Jogeshwari West Conditioning Private Limited	Bldg No 2, 24 Floor A 2402, Shikar Twr, Adarsh Nagar, Jogeshwari West, Mumbai, Maharashtra	India
S1-802151825	Phi Brothers Public Limited	9 Pruthvi Nagar St Floor, Station Road, Bharuch, Gujarat	India
S1-968954990	Suntech Traders Private Limited	Plot No.60 Chandrika Nagar Colony, Sigra, Varanasi, Uttar Pradesh	India
S1-986621306	QUU Enterprises Group	208/1/2, Plot-26, Park Land Soc Lohegaon Co Op Hsg Soc, Pune, Maharashtra	India
S1-938849951	Spandan Scientific Private Limited	103, Block-C, K D Empire, Near Rahul Edu -Cation College, Kanakia Road, Mira Road, Thane, Maharashtra	India
S1-858320379	Pioneer Hospitality Private Limited	Ground Floor Gali No 1, 22, 30Ft Road, Rao Gopal Dev Chowk, Rao Tula Ram Vihar, Rewari, Haryana	India
S1-567507332	Pediatric Vanguard Center	13 Fardo Lane, California, KY	US
S1-57993591	Unified Tri-State Cap Inc	8159 Kathleen Drive, Fort Worth, TX	US
S1-335981579	Daub Atlantic Bdc LLC	532 Austinville Road, Wythe County, VA	US
S1-222375254	Thompson, Potter and Wilson Inc	City Of Waukesha, WI, 1526 Butler Drive	US
S1-175784776	Yang Cms of Owego, Inc	1023 38, Unit Apartment 5, Owego, NY	US
S1-802821998	Nichols Andretti of Woodruff	3310 Aspen Way, Woodruff, UT	US
S1-165265018	Sisoft Optimal Galata	1399 Pocket Road, Whitwell, TN	US
S1-135124524	Sree Rocks Private Limited	C-4 Padmanabh Nagar Raisen Road, Bhopal, Madhya Pradesh	India
S1-137391517	Lian Leon Defense LLC	376 Clifton Corporate Parkway, Clifton Park, NY	US
S1-558216755	Nagaksh (india) Pvt Ltd	C/O A. K. Shukla 0 Saray, Dhanethi Ayodhya, Milkipur, Faizabad, Uttar Pradesh	India
S1-251597997	Foot & Ankle Prime Physicians LLC	6050 Shirley Avenue, Carmichael, CA	US
S1-709868803	Hyderabad Foundation Private Limited	292, Jal Vayu Vihar, Kukatpally, Hyderabad, Telangana	India
S1-765790058	Sitamarhi Interior Private Limited	C/O Gauri Shankar Das, H No189, Ward No.06 Vill & Tola Kachbachipur, Block, Ranjitpurriga, Sitamarhi, Bihar	India
S1-805248939	Z 3 Vanguard Starlink LLC	203 4th Street, Festus, MO	US
S1-59294492	Harvey Pattana	1011 New Hope Street, Unit Unit 85B, Norristown Borough, PA	US
S1-94544920	Western Academy	201 Hemford Circle, Sacramento, CA	US
S1-715409565	Allied Coalition LLC	814 Paulina Street, Chicago, IL	US
S1-31672637	Maffei Corporation Center	706 Reed Street, Red Oak, IA	US
S1-760435468	Vardhman (india)	140-B Sector Shivdham Limbodi, Indore, Madhya Pradesh	India
S1-385272418	Twisted Tavern LLC	9814 Ferrel Drive, Delhi, CA	US
S1-599536103	Cervantes, Everson and Mcclelland LLC	Newark, 24 Charles Court, DE	US
S1-877241542	Avighna & Brothers Associates	New No.75B/162, Arulanandanagar, Thanjavur, Tamil Nadu	India
S1-554454024	Desir Salon Center	47 Main Street, West Milton, OH	US
S1-172563617	Nandi Trading Private Limited	A-806, 8Th Floor, Shelton Sapphire, Plot No 18, 19 & Sector 15, Palm Beach Ro, Ad Belapur, Navi Mumabai, Thane, Maharashtra	India
S1-545894832	GO Mountain Lane LLC	401 Wood Street, Maroa, IL	US
S1-452674848	Kemp Term Inc	Howard Lake, MN, 608 8th Avenue	US
S1-768031629	Paramount Trainings (India) Private Limited	101, Gaurangi, Near Post Office, Damani Estate, Lbs Marg, Thane (West), Thane, Maharashtra	India
S1-481561073	GT Abony, LLC	CA, San Bernardino, 635 Marshall Boulevard	US
S1-835924565	Continental Marine Industries LLC	504 Michelle Court, Newberg, OR	US
S1-596396935	Mendez Horizon Advisors LLC	1009 Drown Avenue, Ojai, CA	US
S1-116567161	Upper Armour	6202 Fairmount Street, Tucson, AZ	US
S1-101344015	Blum & Pruitt	6312 Acadia Drive, Newburgh, IN	US
S1-621897245	Spi Constructions Private Limited	Opp United Commercial Bankjawahar Road, Rajkot, Gujarat	India
S1-470827913	Honey Genereux United For LLC	2505 Williams Field Road, Unit 2070, Gilbert, AZ	US
S1-675391722	Suri Traders Limited	Gr. Floor, House No. 3648, Part-3, Sector 15, Sonipat, Haryana	India
S1-395959007	Sweet Deli	406 Longleaf Drive, West End, NC	US
S1-870050391	Andover Cardiology Physicians	MN, 15176 Sycamore Street, Andover	US
S1-205082267	Sky Power Private Limited	192, Raghurajpuri, Kalicharan Saxena Road, Mainpuri, Uttar Pradesh	India
S1-63584068	Hendersonville, County Of	4260 Chimney Rock Road, Hendersonville, NC	US
S1-246741004	YL Law Group Inc	1810 Stony Point Road, Knoxville, TN	US
S1-965517408	H 3 Keystone Charles LLC	1460 Brockton Lane, Mobile, AL	US
S1-851763533	Great Initiatives Limited	409/410 Kamdhenu Bldgshree Swami Samarth Nagar Andheri (W), Mumbai, Maharashtra	India
S1-520780365	Tech Ventures LLP	19/2, Pudhupalayam, Kovai Main Road, Avanashi-641 654, Coimbatore Dist, Tamil Nadu	India
S1-97078638	Vivaan Infra Private Limited	Sunny Park, Kolkata, No.4, West Bengal, Kolkata, Howrah	India
S1-245188948	Christean Agustin Elite Technologies PLLC	5466 Shattalon Garden Drive, Unit 70, Winston-salem, NC	US
S1-953824275	Muskan Trust	Flat No H 6, 6Th Floor Shalimar Imperial 13 Gokhale Marg, Lucknow, Uttar Pradesh	India
S1-42812092	Shiva Constructions Private Limited	Plot 8 Kidc Dheku Villagetaluka-Kalapur Dist Panvel, Raigad, Raigarh, Maharashtra	India
S1-323868164	First Diagnostic Associates Inc	200 Spring Garden Street, Unit 1016, Greensboro, NC	US
S1-589367326	Tranet Atlantic Berto PLLC	1808 Willow Oak Circle, Murray, UT	US
S1-91703751	Carena's Interiors LLC	1409 91st Avenue, Vancouver, WA	US
S1-51012186	Malynda Kaur Legacy Ocean	3649 Whispering Brook Street, Fl 0, Wichita, KS	US
S1-730286469	Industrial Software Ventures LLC	TX, Amarillo, 1014 Dunaway Street	US
S1-609556162	Valley Initiative	806 1425, Clearfield, UT	US
S1-561449964	Keystone Lifeco, LLC	1509 Spring Cypress Road, Spring, TX	US
S1-747889137	Winstead Animal Hospital	MD, Unit 303, 7611 Riverdale Road, Hyattsville	US
S1-587144129	Foot & Ankle Blue Partners Inc	11615 Th 49, Upper Sandusky, OH	US
S1-953239179	Digital Power Private Limited	H.No. 10-1/63 Shiva Sai Nagar Peerzadiguda., Hyderabad, Telangana	India
S1-533976097	Life Products Private Limited	H.No-4-11-17, Sri Rama Nilayam Dvk Road, Chaitanya Nagar, Nalgonda, Telangana	India
S1-235356597	Crystal Quality	TX, 604 Joyce Street, Houston	US
S1-963754634	Sai Sangh	Flat No.8B, Pocket-B, S/F, Dda Flats Rajouri Garden, New Delhi, West Delhi, Delhi	India
S1-584420930	Wendye Ramirez Oaktree LLC	1500 Pine Log Trail, Bolivia, NC	US
S1-708857779	Vision Health Corp	Roseburg, OR, 2061 Klamath Avenue	US
S1-185168795	Internal Medicine Associates Care	607 Butternut Trace, Lavergne, TN	US
S1-677049666	Sunrise Ventures Pvt Ltd	No 161, Classic Farms, 4Th Cross Street Shollinganallur, Chennai, Tamil Nadu	India
S1-230073782	Urology Health Center	36 Queensberry Street, Unit 5, Boston, MA	US
S1-934817845	Mills Veterinary Clinic Corp	631 Salisbury Street, Unit 502, Worcester, MA	US
S1-527914389	Castleman's Star Grading Inc	8112 Bennington Drive, Knoxville, TN	US
S1-267760191	Green & Pecoraro Surgical Inc	14201 Honeysuckle Ridge Drive, Matthews, NC	US
S1-630077580	Tri-State Coalition III	2585 Sun Drive, Arnold, MO	US
S1-108966079	Lakshmi East Enterprises Private Limited	A-223, Anant Regency, Pandit Madan Mohan Malaviya Road, Mulund, West, Mumbai, Mumbai City, Maharashtra	India
S1-441571416	Brickman Airlines	15143 70, Vernon, TX	US
S1-297425676	Chennai Traders Private Limited	Chennai, G 1, Jayine Glow, Plot No.12B Murugan Nagar 3Rd Street, Kolathur, Chennai, Tamil Nadu	India
S1-771091453	Brown, Becker & Gula	107 Maxwell Road, Chapel Hill, NC	US
S1-641547477	Global (India) Corporate	Bhadua, Mollaber, Dankuni, Dag No- 68, Serampore, West Bengal, Hooghly	India
S1-468160746	Silver Deli	3769 Potter Avenue, Kingman, AZ	US
S1-887495356	Pacific Complete Crest Inc	Des Moines, 2022 Walnut Street, IA	US
S1-701477202	AD Event Private Limited	Maharashtra, 2Nd Floor, 13/21, 3Rd Panjrapole Lane, Office No. 208, Mumbai	India
S1-478415556	Taylor Holding Company, LLC	Fort Worth, 3312 Mohawk Trail, TX	US
S1-900544442	Keystone Commercial Industries, LLC	521 Oak Brook Estates Lane, Walnut Shade, MO	US
S1-25648771	Sophia Shimer Premier Home Improvements LLC	Fl 1, Chandler, 2397 Sycamore Place, AZ	US
S1-950293301	Tirupati Consultants Private Limited	Near Agrasain Park, Uttar Pradesh, Ghaziabad, Hapur, Plot No-F 7 Govind Puri	India
S1-414266243	BE Heritage Lloyds LLC	2865 Bluestem Drive, Waukee, IA	US
S1-403960370	411 Investments Center	1080 Chumley Road, Boaz, AL	US
S1-779373633	Tate Empire Globa	1803 Edenside Ave, Louisville, KY	US
S1-656196892	Southall Golden Xrp, LLC	50 Glenbrook Court, Garner, NC	US
S1-788897468	Martin and Robinson Oceanhawk LLC	3651 Hilleman Avenue, Fl 0, Saint Louis, MO	US
S1-767531745	Software Aussie Realtech Private Limited	165/3, Kolhapur, Maharashtra, E Ward, Rajarampuri Kolhapur	India
S1-979046028	Vaayuora Media Private Limited	B-142, 3Rd Floor, Dda Shed, Okhla Industrial Area, New Delhi, South Delhi, Delhi	India
S1-126571827	Hari International Private Limited	1, Badal Bose Sarani, Howrah, West Bengal	India
S1-689197654	PFZ Ubs	NC, 8416 Market Street, Greensboro	US
S1-448137263	Corner Cleaning Service! Inc	21146 Arrowhead Trail, Queen Creek, AZ	US
S1-72181872	Premier Spa LLC	184 Plum Lane, Gordonville, TX	US
S1-455472733	OT Marble Ltd	Plot No.108, Street No.11, Kasturba Colony, Yard Road, Junagadh, Gujarat	India
S1-919907175	Corner Tavern!	79 Oakbend Lane, Irondequoit, NY	US
S1-528571864	Precision Realty Technologies	4459 Hanestown Road, Fl 1, Westmoreland, TN	US
S1-405977855	Oyster Cultivations Pvt Ltd	35D, Kailash Bose Street, Kolkata, Howrah, West Bengal	India
S1-963887597	Quintana Legacy Galaxy Inc.	KS, 427 Connell Avenue, Andover	US
S1-416782854	Fletcher Wells LLC	2318 Aldergate Drive, Arlington, TX	US
S1-2569643	Bangalore North Network Private Limited	Karnataka, 2Nd Floor, 1St Main, New Bel Road, No.29, Bangalore North, Bangalore	India
S1-378377248	Ear Nose & Throat Clinic LLC	10702 Rubin Street, Houston, TX	US
S1-246115442	Hyderabad India	8-1-299/107, Veterinary Colony Shaikpet, Hyderabad, Telangana	India
S1-454553980	Piedmont Society	7753 Patuxent Drive, St Leonard, MD	US
S1-292741559	Pitzer Signature Limited LLC	1806 Daisy Street, Demotte, IN	US
S1-405157769	TT Engineering Private Limited	Maharashtra, Office No. 315/316, 3Rd Floor, City Space, S. No 198/1A, Nagar Road, Near Ctr Industries, Pune	India
S1-771717314	Bay Online LLC	192 Inlet Valley Way, Ithaca, NY	US
S1-117361298	Creative Security Associates Inc	41 Prospect Avenue, Unit Apartment C, Glen Cove, NY	US
S1-976572122	Ivory Sports Limited	H.No. 238-A, Pkt A Mayur Vihar, Phase Ii, Trilok Puri, Delhi, East Delhi, Delhi	India
S1-323674665	Patchett Kodiak LLC	IL, 1522 Homestead Road, La Grange Park	US
S1-305459626	Anchor Care	1506 Fillmore Street, Phoenix, AZ	US
S1-202987696	Lotus Impex LLP	4-1-43, Srikakulam, Vijayawada, Andhra Pradesh, 1St Floor Tammina Building, Chittinagar	India
S1-609177693	Equinox	2140 Crawford Street, Salina, KS	US
S1-363937767	First Heartland Arrived	14 Kensington Court, City Of Appleton, WI	US
S1-78380369	Guinna Delgado Islands Inc	30 Walnut Street, Unit 1, Brockton, MA	US
S1-736900711	H L & N Cargo Inc	530 Pearl Street, Snohomish, WA	US
S1-14374867	Bay Lane Inc.	407 Fiddler Avenue, New Prague, MN	US
S1-123388857	Liberal Project Group	Ram Murti Bamial V P O Bamial, Pathankot, Gurdaspur, Punjab	India
S1-140138353	Brightay Smith LLC	220 Elm Street, Hatch, NM	US
S1-297626335	Finance Nathji Com Private Limited	C-56A/27, Sector-62, Noida, Ghaziabad, Uttar Pradesh	India
S1-564456230	Northern Trusted Oxford	7 Court Street, Unit Apartment 303, Binghamton, NY	US
S1-228426403	Lakshmi Tirupati Software Private Limited	Flat No B8 2701, Blue Ridge, Phase 1, Hinhewadi, Pune, Maharashtra	India
S1-465953654	Som (India) Association Private Limited	Maharashtra, Pune, 1982 Comvent Streetmadhava Flat No 4	India
S1-757358394	Shiva Real Producer	D-12, Ground Floor Pamposh Enclave, Greater Kailash-I, New Delhi, South Delhi, Delhi	India
S1-649425485	Services Day Agri Ltd	Flat No 102 Godavari, Appartment Latur (M Cl), Latur, Maharashtra	India
S1-902501622	Hernandez Regional	1101 Laura Drive, Nixa, MO	US
S1-41889538	Safe Business Holdings	545 Middle Road, Standish, ME	US
S1-540909807	Absolute Metals Care	Property No. 1925, Basement, Gali No. 19, Govind Puri Extension, Kalkaji, New Delhi, South Delhi, Delhi	India
S1-965502653	Primary Care Group LLC	505 9th Street, Lake Oswego, OR	US
S1-34574391	Pr Service	7/1 Heysham Road Ground Floor, Kolkata, Howrah, West Bengal	India
S1-40055452	Safety Health Limited	No 51, Old Site No.1, Bbmp Pid No. 58-105-51 Bbmp Ward 58, 5Th Main Road, 5Th Block, Jayanagar, Bangalore, Karnataka	India
S1-825011569	Physical Therapy Harbor Care Associates	61 Mystic Street, Unit 14, Methuen, MA	US
S1-375888648	Infra Varghese Investment Public Limited	Ernakulam, Kerala, Door No. 451, Shreyas Buildings, Ist Floor, North Kalamassery	India
S1-940675977	Vishwas (India) Credits Partners	6114, Deokai Road, Faizabad, Faizabad, Uttar Pradesh	India
S1-255137887	Delta Federation VI	511 4th Avenue, Bessemer, AL	US
S1-979198770	Ridge Guild LLC	2727 Broadview Drive, Bedford, IN	US
S1-646909698	Superior Marine Innovations	1728 Highway 69, Trumann, AR	US
S1-251399841	Beth Chapel	416 Azalea Road, Mobile, AL	US
S1-255695231	Shree Educational Society Co	Ag-4, Aditya Mega City, Indirapuram, Vaibhavkhand, Ghaziabad, Uttar Pradesh	India
S1-779447311	Sequoia Inc	1200 Ferry Street, Unit Apartment 208, Eugene, OR	US
S1-169673012	Rocky Federation	301 Lakeside Hills Drive, Montgomery, TX	US
S1-17189768	Brown, Rosalinde, D.O., DDS PC	233 Strock Lane, Princeton, WV	US
S1-606925008	Highland Federation	906 Mac Arthur Drive, City Of Beaver Dam, WI	US
S1-759774941	Gabriel's Industries	13980 County Road 250, Oronogo, MO	US
S1-77774644	Pune Care Limited	S.No. 43/1 2/1, Rakshak, Nagar, Ph Ii Chandan Nagar, Pune, Maharashtra	India
S1-810398431	Food Realestate Pvt Ltd	Nagpur, Hingna Road, Electronic Zone Midc, Maharashtra, El-25	India
S1-847068000	Emmeline Guzman Cdt Inc	Imperial, MO, 5458 Amber Meadows Drive	US
S1-651024984	Geque	25805 Fisher Street, San Bernardino, CA	US
S1-27796491	Services Equipments Private Limited	332, 58Th Cross, 3Rd Block, Near Jain Temple, Bangalore North, Bangalore, Karnataka	India
S1-154435012	Morse Enterprises, Inc	841 Pine Forest Road, Wilmington, NC	US
S1-290598545	Woodward Energy LP	14 Lyndale Avenue, Waterbury, CT	US
S1-364686014	Hi Travel Private Limited	17/143, Telegraph Road, Kanpur, Uttar Pradesh	India
S1-71521162	Super Vidyalaya	Uttar Pradesh, Transport Nagar, Kp Road, S-291, Lucknow	India
S1-672285868	Mahakali Constructions Care	Bangalore South, L B Road, Nr Richmond Circle, Bangalore, Karnataka, 241 Ranka Appartments	India
S1-967625750	Sahyog Software Ltd	19/526 F, C&C Tower Puthanangadi Road, Kacherippadi, Vengara Po, Malappuram, Malapuram, Kerala	India
S1-203807873	Kaveriya Turners Private Limited	C3, Sangeetha Appartments Pookunnam P O, Thrissur, Kerala	India
S1-747727548	OWX Finance Pvt. Ltd.	100, Kamadhenu, #A2, Diagonal Road, V.V.Puram, Banglore, Karnataka	India
S1-931996493	Scholarship Institute	89 Blacks Road, Ulster, NY	US
S1-31540653	Weber Hotel Private Limited	C/O-Jannatunnisha Mehboob Alam Khan H.No-140, Flat No-106, Salahuddin Complex, Samadnagar, Thane, Maharashtra	India
S1-623115427	Advanced Semiconductor Laboratories LLC	AZ, Phoenix, 2926 16th Avenue	US
S1-876140897	Treat Merchants Center	Shop No-11, Versova Akashdeep Chs Ltd, Plot No. 17, Rdp -6, Svp Nagar, Mhada Colony, Versova, Mumbai, Maharashtra	India
S1-156337024	Life Services	736/5, S.V.S.Complex, First Floor, Trichy Road. Ramanathapuram, Coimbatore, Tamil Nadu	India
S1-67400493	Giriraj Academy	793 Mettupalayam Road R.S.Puram, Coimbatore, Tamil Nadu	India
S1-788184465	Human Rights Charities	225 200 Avenue, Carrollton, IL	US
S1-60035939	Diebold Innovative Financial	121 Eaton Street, Baltimore, MD	US
S1-556554201	W/Z Gabelli	Houston, TX, 5308 Wylie Street	US
S1-190983436	National Ventures Associates	11841 Silvers Road, South Vienna, OH	US
S1-385500689	Elyria Heritage Fellowship	207 Gulf Road, Elyria, OH	US
S1-843107679	Metro Wave	3731 Amber Road, Onondaga, NY	US
S1-620850468	Kaveri & Sons Private Limited	14/61A (New No. 14/103 Civil Lines, Kanpur, Panna, Uttar Pradesh	India
S1-146175725	Global Fellowship	TN, Unit 201, 1209 Chestnut Street, Lafollette	US
S1-610807582	Urgent Care National Partners	426 Devils Lane, Ballston, NY	US
S1-418803407	Williams Aviation, LLC	647 Spicewood Drive, Clarksville, IN	US
S1-236873587	Osullivan, Driver and Hebb LLC	55 M Street, Unit 927, Washington, DC	US
S1-790799461	Boop Legacy Space Ltd	107 L F D Street, Roswell, NM	US
S1-541089569	Umax Traders Private Limited	House No 525, Gf, Sector 1, Imt Manesar, Manesar, Gurgaon, Haryana	India
S1-338130407	Pioneer Piedmont Bioscience LLC	832 Morton Hill Road, Follansbee, WV	US
S1-216761478	Ivenan Tinto LLC	23 Mountain View Court, Kalispell, MT	US
S1-115906408	Allied Pan LLC	305 21st Street, Temple, TX	US
S1-171396957	Classic Infra	1St Floor J.J.Complex, Parambil Post, Parambil Baz, Ar, Calicut, Kozhikode, Kerala	India
S1-512114726	Baba Infrastructure Private Limited	C/O Shikha Singh, Ajgarha Huzur Gram Bara Kothar Post, Rewa, Madhya Pradesh	India
S1-527572064	Laxmi Investments Private Limited	C/O Jayesh Ramji Rathod, Bhakti Chamber Village Mahendranagar City, Morbi, Rajkot, Gujarat	India
S1-378879114	Rws & Co	124, Plot No 1 & 3, Shubham Complex, Sector 11 Panvel Matheran Road, New Panvel, New Mumbai, Thane, Maharashtra	India
S1-140252190	Ahuja Innovations Limited	Yousufguda, Hyderabad, Telangana, Hyderabad, H.No.8-3-237/3	India
S1-605959981	Preciado Investors	1400 Clare Street, Fl 0, Beeville, TX	US
S1-457606582	Parham Golden Clean, L.L.C.	165 Amandas Way, Buda, TX	US
S1-308850031	Feex Care	3770 Brownsville Place, Bellingham, WA	US
S1-80491970	Clea Klingenberg Rock LLC	Unit B2, 924 Topeka Street, KS, El Dorado	US
S1-536336078	Villanueva Better Grading Inc	309 Johnson Farm Road, Hiddenite, NC	US
S1-673221498	IFO Technologies Center	C/O Sumit Kumar, 211 Arai Post Office, Daudnagar, Aurangabad(Bh), Bihar	India
S1-613554429	Steelworkers Local 464	1855 Manchester Road, Akron, OH	US
S1-274107378	Organic Trading Private Limited	Aurangabad, Ukarde H No 409 Karmad, C/O Sudam Murlidhar, Maharashtra, Aurangabad	India
S1-244703154	Natala Simmons, Esq. Care	45 Fleetwood Road, Piedmont, AL	US
S1-433424399	AZ Realestate Limited	X-17, Mohalla Ram Nagar, Gandhi Nagar, Delhi, East Delhi, Delhi	India
S1-140080099	Aura Consultancy	Ramanand Nagar Near F.C.I More Phulwarisharif, Khagaul Road, Patna, Bihar	India
S1-434302343	New Life Synagogue	5043 Warwick Avenue, Chicago, IL	US
S1-831522641	Shahdara Services Limited	1/11556 Old Plot No. 54 Subhash Park Extn, Shahdara, North East, Delhi	India
S1-985568866	Gateway Merchandise Pvt Ltd	Old No. 42, New No. 24/6, 2Nd Cross, Near Church Doresanipalya, B G Road, Bengaluru, Bangalore, Karnataka	India
S1-763179636	Jain Hospitality Pvt Ltd	No. 748/18 (B), 2Nd Floor, 8Th Main Road Near Panchamukhi Temple, Mahalakshmi Lay, Out, Bangalore, Karnataka	India
S1-298936396	Pediatric Valley Care Associates	1212 Dover Heights Trail, Mansfield, TX	US
S1-173631614	Rivera's Advisors	1228 Sandburg Drive, Bloomington, IL	US
S1-457175849	City Enterprises LLP	2-Kha-4 Jawahar Nagar, Jaipur, Rajasthan	India
S1-823818952	Aasaan Educational Society	Pune, H.No.456 Dhamankhel Junnar, Maharashtra	India
S1-946864769	Inland Farmer Pvt Ltd	Plot No 4 Swanand Socs No 87/2B Parvati, Pune, Maharashtra	India
S1-237677845	Golden Consultants Private Limited	G-11, Kartarpura Ind. Area, 22 Godown, Jaipur, Rajasthan	India
S1-820004652	Owens Concepts	3501 Pine Forest Drive, Village Of Suamico, WI	US
S1-100594700	Ridge Group	7822 Lincoln Avenue, Newburgh, IN	US
S1-889670019	KU Integrated Healthcare	Aztec, NM, 1211 Nm 574	US
S1-442300218	Mangala Construction (India) Private Limited	Sundargarh, C/O Mbk Ekka, Rourkela, Orissa, Plot No.400/949, Jaratoli, Santoshpur Rourkela	India
S1-748369080	Urban Management Private Limited	Mumbai, Maharashtra, Oshiwara Mhada Complex, Link Road, 23/402 Oshiwara Aakash Co-Op Soc Ltd	India
S1-509798276	Freeney, Lozano and Taylor Solution LLC	6784 Winrock Drive, Bldg 2, New Albany, OH	US
S1-367137970	Desilva Beauty Inc.	26362 Frank Road, Elberta, AL	US
S1-690274150	Biex	1857 Emerson Street, Fl 0, Wichita, KS	US
S1-726423447	Virginia LLC	526 Vernon Street, Herscher, IL	US
S1-285861162	Supreme Finance Private Limited	Second Floor, Yeldo Mar Baselios College Puthuppady P.O Kothamangalam, Ernakulam, Kerala	India
S1-196088436	First Baptist Church	36 Ash Street, Benner Twp, PA	US
S1-813058744	Bluestone Trading Private Limited	North Delhi, New Delhi, F-15Shopping Complex Mansarover Garden, Delhi	India
S1-983913039	Electricians Union Local No 771 LLC	517 Owens Drive, Crowley, TX	US
S1-654727667	RM Pebblebrook	329 Snowshoe Lane, Troy, MT	US
S1-737574809	Choice Payroll Industries LLC	12 Putting Green Lane, Perinton, NY	US
S1-818939300	Pediatric Dentistry Quality Associates PLLC	6322 Sunstone Falls Lane, Katy, TX	US
S1-327433572	Marley Jacquez Clean Super Inc	708 E, Billings, MT	US
S1-243302778	IR Estates Pvt. Ltd.	Uttar Pradesh, Meerut, C/O Smt. Prabha Mubarikpur Nangala Badi Baghpat	India
S1-608422023	Gourmet & Brothers	156/2/2, Warur Bk, Shevgaon, Ahmed Nagar, Maharashtra	India
S1-382573641	Vision Infotech Pvt Ltd	H.No.-16 101/1, Kailash Marg, Indore, Madhya Pradesh	India
S1-953222403	Lyryn Technologies LLC	307 Kilarny Road, Wilmington, NC	US
S1-596934712	Simpson's First Homecare	11792 Thomson Corners Florence Road, Florence, NY	US
S1-570675522	Peix	145 Mill Street, MA, Natick, Unit 101W	US
S1-230569531	Smith Animal Hospital	102 Leamington Spa, Whitehouse, TX	US
S1-705151737	Southern United Foods	269 Hempstead Avenue, Unit Suite 202, Malverne, NY	US
S1-219680907	Feon All Invesco P.C.	1364 Pine Road, Town Of Muscoda, WI	US
S1-819246115	Kolkata Transport Private Limited	Office No. 706, 7Th Floor, Om Tower, Chowringhee Road, Little Russel Street, Kolkata, Kolkata, Howrah, West Bengal	India
S1-352622050	Ashlee B. Chavez, CPA	313 Fountain Street, New Haven, CT	US
S1-78548581	Prime Impex LLP	56, Baran, Rajasthan, Rajiv Nagar Ammapura, Baran, Baran	India
S1-998866264	Southern Accounting	NC, 260 Godbey Road, Salisbury	US
S1-59164081	Defender & Co	170, Kiran Nagari Near Nizamuddin Colony, Nerela Shankari, Bhopal, Madhya Pradesh	India
S1-251367868	Jai Technologies Private Limited	A-35 Gyandeep Apartment Mayur Vihar Phase 1, New Delhi, East Delhi, Delhi	India
S1-176784705	Williams and Ryals Good Inc	3900 J, Fulton, MO	US
S1-371751673	Certified Interiors LLC	17030 Rimrock Street, Surprise, AZ	US
S1-74065179	Total Pimco PLLC	1895 Sawmill Drive, Allen, TX	US
S1-606615098	Gray Reliable Lane Inc	4897 Pope Avenue, Steele, AL	US
S1-306551551	Zephyr Nano, Inc	6470 Grand View Drive, Eden Prairie, MN	US
S1-5811085	Caldwell, Noami, D.C.	4104 Meadow Ridge Ct, Louisville, KY	US
S1-97556767	East Sai Energy Pvt Ltd	575 Lig 2A, Sec B Scheem No 71, Indore, Madhya Pradesh	India
S1-876017153	Ear Nose & Throat Select Partners	2905 Fetsch Place, Virginia Beach City, VA	US
S1-603803992	Raj Tech Pvt Ltd	Bangalore, Karnataka, Bangalore, #206 Collindalez Apt, Opp Manipal Country Club Off Hosur Road, Singasandra, Bangalore	India
S1-46840949	Lunar Films LLP	Plot No. 200, Ecotech, Extension 1 Greater Noida, Dadri, Gautam Buddha Nagar, Uttar Pradesh	India
S1-523312943	Physical Therapy Clinic Inc.	793 577, Annville, KY	US
S1-230444667	Indo Foods Private Limited	705, 7Th Floor, A Wing, Marathon Futurex, N. M. Joshi Marg, Lower Parel (East), Mumbai, Mumbai City, Maharashtra	India
S1-271196213	Langley Sterling Roofing LP	8150 6th Street, Goodview, MN	US
S1-866508747	Jacobson & Mcconkey Verde LLC	1398 Elizabeth Court, Springfield, OH	US
S1-182878732	Delhi Overseas Limited	H No G-1&G-2, Plot-221-22, Gf, Sutri Karyekram Colony, Delhi, North West Delhi, Delhi	India
S1-852407284	Bhrigu Associates Co	Gurgaon, Haryana, Palam Vihar, New Palam Vihar, Gurugram, K-1-54-A	India
S1-306932563	Creative Manufacturing	5863 Cedar View Place, Unit APT D, Saint Louis, MO	US
S1-37349402	Latrina Smith Capital Berto LLC	109 Summit St, Dalton, MN	US
S1-929672914	Bengal Technologies Corporation	Village East Burikhali Near Bauria Girls High School, Howrah, West Bengal	India
S1-31917148	Shree Kitchens Center	Nimkathana, F-14-15, Sikar, Riico Industrial Area, Rajasthan	India
S1-779269199	Cannon Supply LLC	326 202, Unit Lot 44B, Haverstraw, NY	US
S1-664844174	Dixon Xrp	120 Aviston Street, Unit 4, Lomax, IL	US
S1-454767096	Scholarship Charities LLC	20937 Misty Lane, Queen Creek, AZ	US
S1-389672273	Heath Lincoln Inc	3375 Salem Road, Minor Hill, TN	US
S1-968780704	Coastal Storage Inc	40 Catawba Street, Belmont, NC	US
S1-368269036	Dental Medicine LLC	Ellicott City, MD, 8386 Autumn Rust Road	US
S1-597924885	Niramay Chemicals LLP	106, Kenwood Chs Ltd, J P Road, New Lokhandwala Complex, Plot No. 29, Rajput Dairy, Andh, Eri (West), Mumbai, Mumbai City, Maharashtra	India
S1-512017388	Builders Sarang Digi Limited	Uppal, Telangana, Hyderabad, Plot No 64, St No 12 Balaji Enclave, East Kalyana Puri	India
S1-388901360	Vanguard Snow Care	1495 9th Street, Unit UNIT 309, Upland, CA	US
S1-896353325	Mcpherson Custom Dynamics	609 Emily Rd, Louisville, KY	US
S1-191454705	All Global Dogecoin	10310 Pinemist Court, Upper Marlboro, MD	US
S1-536594070	Back Alley Seafood	504 Rachal Street, Odem, TX	US
S1-613644585	Green Health Solutions Inc	1407 Harrington Avenue, Carthage, MO	US
S1-529169532	Cirelli Smart Siddhi	507 Plantation Street, Unit 314, Worcester, MA	US
S1-244608832	Duff, Pedro and Shank Hydro	Charlotte, NC, 10430 Columbia Crest Court	US
S1-720547746	Star Property Services Inc	2426 Barnard Road, Unit UNIT 02, Brownsville, TX	US
S1-946481692	ZMV Traders Private Limited	U-36/25, Ground Floor, U-Block Dlf Phase-Iii, Gurugram, Gurgaon, Haryana	India
S1-702887098	Bofloum Payments Center	1650 Beale Street, Unit 322, St Charles, MO	US
S1-573019867	HEY Ridge Banking Inc	112 Main Street, Toronto, KS	US
S1-31286462	Surya Software	Flat No.703, Classic View Annexe Chsl Off.Link Road, Dahisar West, Mumbai, Mumbai City, Maharashtra	India
S1-923036111	Privette Global Star Inc	9248 61, MN, Schroeder	US
S1-274020651	ODI Vanijya Private Limited	Gala No 38, Akshay Industrial Estate Navghar, Vasai East, Thane, Maharashtra	India
S1-741782796	Baker, Giustina C., L.C.S.W.	1015 Marshfield Avenue, Chicago, IL	US
S1-715011574	Sun Management Private Limited	Tamil Nadu, Tirunelveli, Door No.4-Abc, Tirunelveli, Sathyamoorthy Street Tirunelveli Town	India
S1-429021656	HSR Market Private Limited	H. No. 27, 1St Floor, Block -M, Kirti Nagar, Delhi, West Delhi, Delhi	India
S1-938213288	Synque Capital Partners	5700 Dodsons Crossroads, NC, Hillsborough	US
S1-98823296	Goodyear Enterprises Private Limited	68-8-2/3 Ashok Nagar, Kakinada, Guntur, Andhra Pradesh	India
S1-499278133	Lackey, Christiana, CPA, P.C.	18225 87th Avenue, Maple Grove, MN	US
S1-227092581	North Allstate LLC	256 Morrow Court, Concord, NC	US
S1-25739822	1 800 Movers	2020 Winkle Road, Milan, OH	US
S1-75224712	Vandana Solutions LLP	House No.106, Floor Ground, Block-H, Pkt-3, Sec-18 Landmark Near New Police Station, Rohini, New Delhi, North West, Delhi	India
S1-198369098	2284 Fifth Drive Apartments L.L.C.	1420 Thibodeaux Avenue, Baton Rouge City, LA	US
S1-713936444	Eye Medicine Inc	NE, Omaha, 4863 L Street	US
S1-453637981	India Pooja Equipment Private Limited	Plot No-1964, First Floor, Mangraj Point Jharapada, Bhubaneswar, Khordha, Orissa	India
S1-750654471	3257 Washington Road Realty LLC	197 Golf Course Road, Big Sky, MT	US
S1-206628703	Real Construction Private Limited	Sec 28 Plot 380 Nidgi, Pune, Maharashtra	India
S1-502056981	Total Transit Technologies L.L.C.	7801 600, Andrews, IN	US
S1-888879520	Hayes United Catering LLC	230 Fair Friend Circle, Unit 501, Cullowhee, NC	US
S1-273593933	Nd Component (India) Private Limited	New No.21 (Old No.18) Ist Floor Swami Sivananda Salai, Chepauk, Chennai, Tamil Nadu	India
S1-899539345	New Trading Private Limited	Murti Nagar Ext, Sinwar Road, Rajasthan, Jaipur, D-32, Jaipur	India
S1-687999058	Plastech Charitable Trust	Shop No: F-24A, Ishwari Dayal Complex, G.B Marg, Lucknow, Uttar Pradesh	India
S1-755884690	East Kimco LP	150 Quentin Road, Palatine, IL	US
S1-113741486	Cozy Diner	28 Hunt Drive, Warwick, NY	US
S1-922640541	Internal Medicine Delta Clinic PC	70 Alpine Drive, Holliston, MA	US
S1-731068520	Ivenyn Carlyle	207 5th Avenue, Unit Suite 231, Eugene, OR	US
S1-801314914	Prairie Creative Boutique	265 Paddy Court, Village Of Wrightstown, WI	US
S1-41699584	Pacific Semiconductor Ventures	100 Village Green Road, Pinehurst, NC	US
S1-797409354	Agni Enterprises Private Limited	Flat No. 702 Plot No. 26 Jay Balaji Chs Ltd Sec6, Nerul, Mumbai City, Maharashtra	India
S1-910984734	Urgent Care Medicine LLC	706 Inskip Drive, Unit 7, Knoxville, TN	US
S1-756837915	Isaac Interstate Rate LLC	1927 Hampton Avenue, Unit 111, Mesa, AZ	US
S1-213072191	Harvey, Altman & Heald Metlife	7462 Fairfield Lakes Drive, Powell, OH	US
S1-97567781	2866 Park Ave Company	N8587 Johnson Falls Road, Town Of Stephenson, WI	US
S1-982143868	Vanguard Aerospace Corporation	3355 Maud Street, Washington, DC	US
S1-884932402	Piedmont Program	6900 86th Street, Kansas City, MO	US
S1-663780534	All Security Solutions LLC	118 Rear Orchard Street, Fort Gay, WV	US
S1-592417780	Gray Aluminium Pvt Ltd	Devnagar, Matrichhaya, Ayodhyapath Rd No-1, Po-Manoharpur, Kachhuara, Patna, Bihar	India
S1-855543548	Wesley & Young LLC	1523 Ralston Branch Way, Sugar Land, TX	US
S1-414981791	Acuna Cartesian of Phoenix LLC	10801 32nd Street, Unit 310, Phoenix, AZ	US
S1-959554176	Shiva East Investments	H.No.A-176, Second Floor, L- Shape Shaheen Bagh Abul Fazal, Enclave Part- 2, Jamia Nagar, New Delhi, South Delhi, Delhi	India
S1-168120776	Prime Developers Private Limited	C/O Prasant Singh (Appu), H/O Kashi Nath Sinha Madho Bihari Lane, Salempur, P.S.-Muffas, Il Thana, Chapra, Saran, Bihar	India
S1-454430453	Keener Fresh Alternative Inc.	NE, 5729 Rambleridge Road, Omaha	US
S1-404421905	Obsidian All Inc	1071 Franklin Street, IL, Carlyle	US
S1-28471899	Johnson, Gray and Tuck Travel Group	115 Amberwood Drive, Bear, DE	US
S1-964496523	All Transit Laboratories	3631 32nd Place, Portland, OR	US
S1-191834871	Delta Launch Clinic	Town Of Metomen, N6541 E, WI	US
S1-950597221	Kamara Safe Construction, LP	1851 St John Road, Saint John Plt, ME	US
S1-653834426	Keleex Inc	67 Iliad Drive, Tinley Park, IL	US
S1-516399914	Vasquez Supreme Smart, LLC	2 Babylon Turnpike, Unit Apartment 5, Hempstead, NY	US
S1-815950207	Leola's Clean Advisory	2100 F Street, Unit 207, Washington, DC	US
S1-478476963	Ashby Gulf Battery	36 Sorenson Avenue, Appleton, MN	US
S1-18753975	Wilson & Dorris Hills LLC	1605 Roof Drive, Unit F6, Manhattan, KS	US
S1-430758921	Arrah Tieup Pvt. Ltd.	C/O Ravindra Kumar Pathak, Panch-Narbirpur, Vill-Chandi, Tolachandi Dist-Bhojpur, Block Koilwar, Arr, Arrah, Bhojpur, Bihar	India
S1-616940758	Scholarship League of Bridgeport III PC	98 Eckard Road, Bridgeport, WV	US
S1-793864512	Sikaria (India) Impex Private Limited	No 9-12/9-11, Chennai, Tamil Nadu, Senthil Nagar Hospital Road Porur, Chennai	India
S1-814747825	Red Nails	Aurora, IL, 949 Teasel Lane	US
S1-532421765	Sunrise Vijay Foundation Limited	6/605 Kekkali, Pilassery, Kozhikode, Kerala	India
S1-967941390	Rife Holding Company, PC	909 Mesman Drive, Fl 0, Grants Pass, OR	US
S1-343163253	G&g Traders Limited	Plot No 14, Ssi Industrial Area, Delhi, North West Delhi, Delhi	India
S1-781644722	Hilliary Castle Sterling Keystone	23609 Litwiller Road, Delavan, IL	US
S1-87269273	North Software Private Limited	Jaipur, A-163 Mahesh Nagar, Jaipur, Rajasthan	India
S1-810596238	Soulmate Institute of Technology	6, First Floor, Keb, Hbcs Layout, Bannerghatta Main Road, Bangalore, Karnataka	India
S1-232821768	Martin Industries LLC	17509 Jackrabbit Road, Mayer, AZ	US
S1-728001210	Kites India Pvt. Ltd.	37, Rapti Complex, Asuran Chowk, Gorakhpur, Uttar Pradesh	India
S1-57783184	Moore Portfolio LLC	505 Washington Street, Mount Pulaski, IL	US
S1-216530079	Vision Global Limited	C/O Krishan Singh Vill-Harpur Gangaram, Block-Mahua, Vaishali, Bihar	India
S1-144403338	Wealthy Welfare Society	3/162 Sector 3 Jankipuram Extension, Lucknow, Uttar Pradesh	India
S1-850799298	Al Software Private Limited	Office No. 207, Plot No. 78, 79, Big Splash, Sector 17, Vashi, Navi Mumba, I, Thane, Maharashtra	India
S1-219112924	International Foundation	18, Rabindra Sarani, Poddar Court, Gate No.4, 4Th Floor, Kolkata, Howrah, West Bengal	India
S1-940107686	New Delhi Ecom Private Limited	Flat No. 18, Gf, Pragati, Devika Tower, Nehru Place, New Delhi, South Delhi, Delhi	India
S1-275466731	Regional Media Global	4075 Clifty Road, Paris, TN	US
S1-397155013	Bombay Systems Corporation	4/24 /H, Jankipuram, Lucknow, Uttar Pradesh	India
S1-426345127	Eye Partners	1010 Latouche Street, Unit APT 3, Anchorage, AK	US
S1-396746181	Security Institute	106/B South Sinthee Road, Kolkata, Calcutta, West Bengal	India
S1-255522787	Mckenna Blue Tavia	1028 Pt Higgins Road, Ketchikan Gateway Borough, AK	US
S1-323839951	Saint Community Church	12346 Falena Street, Victorville, CA	US
S1-91253851	Shiva Infrastructure Private Limited	103 Parshwa Towersopp- Rajpat Club Sarkhej Gandhinagar Highway, Ahmedabad, Gujarat	India
S1-764334277	Metro Royal Thunder Inc	1207 Buck Creek Road, Greenfield, IN	US
S1-834570378	Collette & Andujar Defi	27416 Covered Wagon Road, Phoenix, AZ	US
S1-449790412	Global Global Private Limited	40/2685, Jdss Enclave, Surabhi Road, Ernakulam, Kerala	India
S1-178917994	Sahajanand College LLP	F33, Rajangaon Midc Karegaon, Tal Shirur, Pune, Maharashtra	India
S1-539200156	Gonzalez Cardiology	1768 450, Unit 105, Provo, UT	US
S1-274298822	Vijay International Private Limited	C-76 Kendriya Vihar Sector-56, Gurgaon, Haryana	India
S1-853209518	Apex Mid Inc	101 Record Lane, Grafton, VT	US
S1-500292021	Green Components LLP	Unit No.N701A, Diamond Heritage 16, Strand Road, 7Th Floor, Kolkata, Kolkata, Howrah, West Bengal	India
S1-289668854	Custom Signature Resources	3031 Brick Walk Way, NY, Lysander	US
S1-518444247	White (India) Care Private Limited	Shop No. 108, Pacific Business, Morbi, Rajkot, Gujarat	India
S1-266768456	Lyrus Morgan LP	478 Lincoln Avenue, Barberton, OH	US
S1-413568355	Truax China Inc	1021 Woodward Avenue, Unit Suite A, Muscle Shoals, AL	US
S1-796284383	Grant Prime Yhn	15 Wood Hill Road, Weston, CT	US
S1-996909451	Roby Popham Allocation Center	8238 Elliott Road, Easton, MD	US
S1-45176074	Upper Marine Clinic	8845 Magna Main Street, Magna City, UT	US
S1-936626437	Bahri Industries Group Co	Flat No.6431, B-9, Vasant Kunj, South Delhi, Delhi	India
S1-406389966	U J Randles Columbia, Inc	9328 Mary Ball Road, Lancaster County, VA	US
S1-949590524	V/Z Four Inc.	9401 Barker Cypress Road, Cypress, TX	US
S1-464942584	James Select L.L.C.	4235 Millennium Avenue, Unit 12210, Charlotte, NC	US
S1-621472033	Shivam Infrastructure Private Limited	V-255 Arvind Nagar, Ghonda, Delhi, East Delhi, Delhi	India
S1-534522583	Bharat Power LLP	Ah 316, Sector Ii, Salt Lake City, Kolkata, Kolkata, Howrah, West Bengal	India
S1-609170577	Shook Companies LLC	211 Allford Road, Mcalester, OK	US
S1-375602259	Velazquez & Mares	4511 7th Street, Lubbock, TX	US
S1-100517908	Dredi Garver Prime Era PC	Yuma, AZ, 6800 Strand Avenue, Unit 59	US
S1-443773107	9-Legged Dog	30 School Street, Cahokia, IL	US
S1-647387736	Pediatric Dentistry Reliable Health Inc	12323 Sanctuary Trail, Fort Wayne, IN	US
S1-515418325	Sterling Data Industries Inc	1451 4080, Millcreek, UT	US
S1-64530042	Dental Care, Inc	NC, Winston-salem, 1900 Jackson Avenue	US
S1-492999950	Jones Royal Uranium LLC	1171 625, Milan, IN	US
S1-734343607	Tyson Optimal Nexpoint	324 Mallwyd Road, Lower Merion Township, PA	US
S1-56870873	Certified Financial Ventures PC	2214 40th Street, Snyder, TX	US
S1-600282889	Straight Edge Bike Shop LLC	WA, Fl 1, 1013 10th Avenue, Olympia	US
S1-670359909	X+ Andretti Inc	Unit D, 3241 Shamrock Drive, NC, Charlotte	US
S1-161393085	Prime Ventures Private Limited	P-110, Shanker Nagar Main Road, New Delhi, East Delhi, Delhi	India
S1-267455678	Greenfield (India) Equipments	B-1/262, Paschim Vihar, New Delhi, Delhi	India
S1-332076088	Aap Public School	Bangalore Domlur, Karnataka, Bangalore, Krishna Reddy Layout, Domlur, No.13	India
S1-533229779	Sanchez & Bremer Union Inc	NY, 243 Harrison Avenue, Unit Apartment 3, Harrison	US
S1-678651113	Soto Prairie Flagstar	1021 Custom Oak Lane, Fuquay-varina, NC	US
S1-193742229	Horizon Citizens	7649 Cove Hollow Road, Roanoke County, VA	US
S1-402905764	Ss Perfect Technologies Private Limited	2, Maa Durga Nagar, Indore, Madhya Pradesh	India
S1-567805803	Chen and Smith P.C.	WV, 7305 Tuckahoe Road, White Sulphur Springs	US
S1-424018065	Cooper Industries LLC	111 Sunnyside Street, Staunton City, VA	US
S1-92586149	Emmey Wilson First Fast, LLC	267 Live Oak Trail, Cleveland, TN	US
S1-874179258	Uptown Yoga	58238 Diener Drive, Goshen, IN	US
S1-245896083	Total Wholesale Collective L.L.C.	1441 Mayberry Road, Westminster, MD	US
S1-90854291	Frontline Resorts Pvt. Ltd.	20B, West Bengal, Kolkata, Abdul Hamid Street, 9Th Floor, Kolkata, Kolkata, Howrah	India
S1-388734693	Thompson Marine	2 Salazar Road, Tijeras, NM	US
S1-381499329	Taal Trading Corp	132Astate Bank Colony Trichy Road, Namakkal, Tamil Nadu	India
S1-755536018	Highland Qdro LLC	6827 Engle Drive, Kewanna, IN	US
S1-86324565	Bette Amison Summit Copley-Lockhart	Lockhart, 35 Trinity Circle, TX	US
S1-156442579	Holy Zion	16358 373, Gladewater, TX	US
S1-995377656	Figueroa, Stiles and Cox LP	3675 Prairie Rose Street, City Of El Paso, TX	US
S1-328197724	Economic Development Trust	2621 Smithfield Drive, Unit Unit 4, City Of Fitchburg, WI	US
S1-182564973	Aileron & Co	L-169 B/1 Mahipalpur Extn., Delhi, South Delhi, Delhi	India
S1-221697546	Usha Hospital Private Limited	Office No.008, C-Wing, Raj Nagar Chs Ltd, Opp.Gulfam Hotel, Dahisar-East, Dahisar East, Mumbai, Maharashtra	India
S1-283750600	Rao Memorial Trust	Flat No-651, 5Th Floor Skylark Cghs Plot No-35, Sec.-6, Dwarka, New Delhi, Delhi	India
S1-180664699	Sky Supreme Consulting Private Limited	Rze-246 G/F, Kh No. 84/9, Nihal Vihar, Nangloi, Near B R Public School, New Delhi, West Delhi, Delhi	India
S1-814205837	Custom Great Third, L.L.C.	3268 Millwood Road, Clarke County, VA	US
S1-462469758	Certified Argentina LLC	5929 Bent Tree Drive, Phoenix, AZ	US
S1-666685179	Jo-Anne Seals Abrdn LLC	8902 19th Avenue, Unit 3077, Phoenix, AZ	US
S1-205134456	Jai Investments	Plot No. 11, 12 & 13 Jalaram Industrial Estate Arekere Gate, Bannerghatta Main Road, Bangalore, Karnataka	India
S1-68378234	Agawam Cultural Foundation LLC	64 Forest Ridge Lane, Agawam, MA	US
S1-323803886	Wade Omega of Omaha	2003 Florence Mills Plaza, Omaha, NE	US
S1-237417820	Zydus Professionals LLP	204, Om Neelkanth Chs, Shiv Shrishti Complex, G M Link Road, Mumbai, Maharashtra	India
S1-354393570	Jagannath Institute of Technology	C/O Subodh Mondal, Netaji Pally, Digha, Barasat - I, North 24 Parganas, West Bengal	India
S1-152764624	Trip Creek Private Limited	Embassy Tech Village, Hibiscus, 5Th Floor, Building 2B, Tower 3, Outer Ring Road, Bangalore South, Bangalore, Karnataka	India
S1-781558693	Elliott, Cataldo & Kang LLC	1900 Seabury Avenue, Lynchburg City, VA	US
S1-507701598	Raj Logistics Private Limited	A-1401, Skyline Parl, Opposite Radhe Resi., Village - Surat, M Corp. Og Part, Taluka - Surat City, Chorasi, Surat, Gujarat	India
S1-362643545	Innovative Analytics Worldwide	301 Sunset Court, Arlington, TX	US
S1-853733912	HPN Ce Pvt Ltd	113 Krishna Nagar, Bharatpur, Rajasthan	India
S1-533736022	Highland Medical Center	159 Lorraine Avenue, Addison, IL	US
S1-229845490	New Delhi Narain Private Limited	Flat No 757 Sector 19 Pocket 3 Dwarka, New Delhi, South West Delhi, Delhi	India
S1-958174154	Red Constructions Private Limited	Plot No 50, Agra, Uttar Pradesh, Silver Velly (1St Floor) Mauja Nainana Jaat, Agra	India
S1-904897003	Great Universal Management Private Limited	Indore, Milinda'S Manor 2, R.N.T. Marg, 116-117, Madhya Pradesh	India
S1-579829755	Credit Alliance Private Limited	22, Sneh Villa Model Town, Kherli Phatak, Kota, Rajasthan	India
S1-525093400	Handmade Traders Private Limited	D-2, Floor Grd, Plot 33, 1/34, D, Shree Krishnalaya Chs, N S Mankikar Marg, Sion East, Mumbai, Maharashtra	India
S1-629706394	Radiant Trading Associates	Central Delhi, Delhi, B-1/56, Bagga House Malviya Nagar, New Delhi	India
S1-265183716	Erode Technologies	1/14 Sankari Main Roadpallipalayam Pallipalayam, Erode, Vellore, Tamil Nadu	India
S1-653276230	Shivam Traders	A-55, New Delhi, Ordiance Appts H-Block, Vikas Puri, Delhi	India
S1-615480241	Perfect Business Private Limited	Plot No.- 31, Near Khantha Reddy H Narayana Reddy, Sangareddy, Zaheerabad, Medak, Telangana	India
S1-457353999	Best Swastik Trading Private Limited	Dr No. 2-13-15/1, Hitaprada Apartments, Venkat N Agar, Kakinada, East Govavari Dit., Andhra Pradesh	India
S1-982327720	Vanguard Catering	2405 Whitewing Lane, Wendell, NC	US
S1-291648029	RAE Meshflow LLC	Lucama, 7147 Great Swamp Loop, NC	US
S1-609612010	Baden, Falgout and Laskowski Inflection LLC	CT, 10 Getner Trail, Norwalk	US
S1-702546625	Dental Clinic of Friendswood	16211 Mountain Timber Court, Friendswood, TX	US
S1-113396426	Patriot Society	MA, 74 Flaggler Drive, Marshfield	US
S1-938318753	Ace It Private Limited	E-986, Lower Ground Floor C.R.Park, New Delhi, South Delhi, Delhi	India
S1-872013262	Sarasraj Producer Limited	Shop No 3 G/F Khs 382G, Chairman Colony, Noida, Dadri, Gautam Buddha Nagar, Uttar Pradesh	India
S1-990794637	Hatfield's Massage	7033 Lena Avenue, Fl 0, Saint Louis, MO	US
S1-204377040	Heritage Project LLC	4024 Keller Hill Road, Hinsdale, NY	US
S1-6059829	Mareah's Petroleum	2730 Kruppa Road, La Grange, TX	US
S1-824880975	Barker Independence	Belcourt, 4455 10, ND	US
S1-307288511	Aubrey's Retail	21231 Hampton Ponds Drive, Loudoun County, VA	US
S1-170508520	Harbor North Corp	621 Sheafe Road, Unit Lot 108, Poughkeepsie, NY	US
S1-654842852	Nelly E. Phelan, L.C.S.W., PC	10307 140th Street Court, Unit #A2, Puyallup, WA	US
S1-907645993	Peterson Canada of Fairfax County	6750 Jade Post Lane, Fairfax County, VA	US
S1-52981854	Brown's Prairie Deli	2349 Snodgrass Road, New Tazewell, TN	US
S1-186198378	White Finance	F 101 Suryam Elegance, Ahmadabad City, Ahmedabad, Gujarat	India
S1-677553251	Future Developers Private Limited	5Th Floor, Sunny Mart, A-05, New Atish Market, 534, Jaipur, Rajasthan	India
S1-629952902	Bangalore Chand Private Limited	No 56/2, Ashiana Garden, Flat No 103, Dooanhalli Off 100 Feet Road, Indiranagar, Bangalore, Karnataka	India
S1-23070454	Amber Fire (India) Private Limited	C/O Sh Hasrat Ali, Moh Peer Garh, Amroha, Jyotiba Phule Nagar, Uttar Pradesh	India
S1-275689766	Martin's Apex Catering	329 Washington Avenue, Lancaster, OH	US
S1-190428785	Producer Wonder Infotech Pvt Ltd	93/21, Agarwal Farm Mansarovar, Jaipur, Rajasthan	India
S1-389734533	Sky Products Private Limited	Iii/292/A8, First Floor, Nirappukkattil Building Chembumukku West Po, Thrikkakara, Kakkanad, Ernakulam, Kerala	India
S1-956259519	Prakash Technology (India) Private Limited	Old No 19 6 New No 10 6 Flat No 3B Rajarathnam Street, Kilpauk, Chennai, Tamil Nadu	India
S1-110993427	Temple Methodist Church	1224 Prospect Road, Cheshire, CT	US
S1-256509555	BYQ Red	2200 Freeway Drive, Fl 1, Mount Vernon, WA	US
S1-859134734	Madurai Enterprises Public Limited	No.8, Madurai, Tamil Nadu, Sokkanathar Street, Thiru Nagar 4Th Stop	India
S1-960606759	A Apex Services LLC	6426 139, Town Of Tipler, WI	US
S1-616696346	Zarla Romero Biomedical Inc	5229 Giardino Drive, Mt. Juliet, TN	US
S1-99760362	Topline Traders Private Limited	E-203 Salasar Aangan Near Prathamesh Ashish, Kanakia Road Mira Road East, Vasai, Thane, Maharashtra	India
S1-405614921	High Global Pvt Ltd	301 Ackruti Star Central, Rd Midc Mroal Andheri E, Mumbai, Maharashtra	India
S1-159805606	Don & Co of Calicut Private Limited	Ezhuthachamadathil (H) Pazhur (Po), Via Mavoor, Calicut, Kozhikode, Kerala	India
S1-413848773	United Engineering Private Limited	Building No 2, Purushottam Height, Ram Nagar, Badlapur East, Thane, Maharashtra, Flat No 702	India
S1-787034428	Jarlent Douglas Inc	14 Sorghum Place, NC, Bahama	US
S1-43917678	Unicorn (India) Services Ltd	1 Padmakung 109Sawghar Nagar Goregaon (W), Mumbai, Maharashtra	India
S1-696143956	Sca Constructions Private Limited	Sarojini Apt 3 Floor 25/63Gulam Md Shah Rd Jadavpur, Kolkata, Howrah, West Bengal	India
S1-917098005	Abbye Greer Maritime LLC	2011 Aurora Drive, AZ, Tucson	US
S1-481712912	Digital Food Pvt Ltd	1-10-1, Plot No. 504, Jayabharathi Towers Beside Rtc Bus Depot, Dilsukhnagar, Hyderabad, Telangana	India
S1-36250699	Raviraj Energy Private Limited	05Th & 06Th Floor, Technopolis Dlf, Golf Course Road, Sector-54, Gurgaon, Haryana	India
S1-183353579	Mohit Solutions Ltd	Angana Market, Ground Floor, Room No-1/119, 490 M.B.Road, Birati, North 24 Paraganas, North 24 Parganas, West Bengal	India
S1-467513242	Safal Technologies Limited	302-Raviraj Apartment, Near Navyug College, Rander Road, Surat, Gujarat	India
S1-124883140	Island Technologies Private Limited	207, 2Nd Floor, Tower B-4, Spaze I-Tech Park, Sector-49, Gurgaon, Gurgaon, Haryana	India
S1-497711468	United Finance Private Limited	16Thfloor Tower B Dlf Building No 9, Dlf Cyber City Phase Iii, Gurugram, Dlf Qe, Gurgaon, Haryana	India
S1-969434708	Sidhant Charitable Trust	Manormaya, B. No. 9 Koba, Gandhinagar, Gandhinagar, Gandhi Nagar, Gujarat	India
S1-91047245	Liquid Mart Private Limited	Third Floor, Pacific Business Park Site 4, Sahibabad Industrial Area Ghazia, Bad, Uttar Pradesh, A-324, Ghaziabad	India
S1-663776366	Deepsons Consultancy Private Limited	C-36, Surajmal Vihar, Delhi	India
S1-291876994	Memorial Project	836 37, Hastings, NY	US
S1-136971972	Yog Benefit Private Limited	8-2-293/82/Nl/26, Plot No.26, Mlas And Mp Colony, Yousufguda, Khairatabad, Hyderabad, Telangana	India
S1-878930563	Ksh Medicare Private Limited	553 Joshi Roadkarol Bagh, New Delhi, Central Delhi, Delhi	India
S1-667500849	Cooperative Design Ventures LLC	3551 Indian Scout Drive, Casper, WY	US
S1-630370206	Modern Creative Ventures Private Limited	G-30 Royal Plaza Complex, Patan-Deesa Highway Koita, Patan, Gujarat	India
S1-457133621	Barr Prairie Bold, Inc	172 White Sands Way, Arverne, NY	US
S1-67711394	Agk & Co	Mumbai, C Wing-1803, Kailas Business Park Veer Savarkar Marg, Parksite, Vikhroli W, Mumbai City, Maharashtra	India
S1-423298944	Unique Foundation	East Delhi, Delhi, D- 590B, Gali No. 3 D Block, Ashok Nagar, Shahdara	India
S1-441825838	Novari Drugs P.C.	5 Moeller Street, Oyster Bay, NY	US
S1-606263086	Chaturbhuj Aqua Private Limited	1202 Plot No 161 Next Avenue 29Th Road, Bandra West, Mumbai, Maharashtra	India
S1-251486896	Kreuser's Trusted Cosmetics	2900 Byberry Road, Upper Moreland Township, PA	US
S1-335978766	ARL Dollar	10 Mineral Street, Ipswich, MA	US
S1-887863367	Smith & Mcallister Inc	Ellicott, NY, 10 Leslie Street	US
S1-253393715	Ticlarix Inc.	4047 Given Avenue, Memphis, TN	US
S1-804608201	Seven International	C-033, Sigma-2, Gr. Noida, Pin, Gautam Buddha Nagar, Uttar Pradesh	India
S1-41164282	Conrad Associates Limited	6Th Floor, Tower B, Primeco Union City, Plot No. 18, 19A & 19B, Sadaramangala Industrial Area, Itpl Main Road, Kadugodi, Gate, Pattandur Agrahara, Hosakote, Bangalore Rural, Karnataka	India
S1-468203787	Nidyne LLC	18701 34th Street, Independence, MO	US
S1-180751389	Baroda Global Private Limited	Fl No 303 Keerthi Sunrise, Block A Bandlaguda Jagir, Rajendranagar, Hyderabad, Telangana	India
S1-368435155	Mgs & Partners	South Delhi, New Delhi, Delhi, D-85, F/F, Bharat Nagar	India
S1-151306656	SL Fiscal Private Limited	Maruthinagar, Near Keb Office, Srinivaspur, Kolar, Karnataka	India
S1-633649497	Vision Consultants Private Limited	No-58, 1St Main Road, 3Rd Cross J.C Nagar, Mahalakshmi Puram, Bangalore, Karnataka	India
S1-331423041	Bohnert & Londono Consultants LLC	TX, Rosharon, 14107 Clearwater Bay Lane	US
S1-300447600	Lotus Technology Limited	Shop No.-12, Pl- 133 Sec1, Eshuryavihar, Kalamboli, Panvel, Raigarh(Mh), Maharashtra	India
S1-846977766	Ibarra's Summit Appliance	911 Haase Street, Village Of Fox Crossing, WI	US
S1-74168468	V Y & N Auto Sales Partners	3223 Hoffman Street, Plano, IL	US
S1-490550710	Regional Foundation LLC	30 Roosevelt Avenue, Danvers, MA	US
S1-102617246	First Church	1306 Lower Dallas Highway, Dallas, NC	US
S1-568326116	Sheena Cole Prime Contracting	1023 Wainwright Street, Houston, TX	US
S1-623146530	Jai Swastik Services Private Limited	#246. Flat No. 206. Shiva Paradise 1 Subramanyapura Village, Uttarahalli, Bengaluru, Bangalore, Karnataka	India
S1-226747019	Aditya Ventures Private Limited	H. No 376 Warwandi Gaon Rahuri, Ahmadnagar, Ahmednagar, Maharashtra	India
S1-967241148	Liberty Federal Kimco Inc.	8200 S Port Drive, Unit STE 106, Manhattan, KS	US
S1-798306645	Chaitanya India Ltd	A-22 Gul Mohar Park, New Delhi, South Delhi, Haryana	India
S1-167471961	Kd Alumni Private Limited	Flat No. 504, Shri Nath Exotica 128, Snehlataganj, Indore, Madhya Pradesh	India
S1-825312149	Blue Brothers Private Limited	No. 34, Chaitanya Green Ford, Opp. Sai Gardens, Kadugodi, Whitefield, Bangalore, Karnataka	India
S1-206756603	Hyatt Hudson Company	111 King Arthur Way, Henrico, NC	US
S1-560136767	I+ Paper	19 Deer Run Hollow, Halfmoon, NY	US
S1-724107394	Dyna Trading (India) Pvt Ltd	Elegant Towers 224A, A.J.C. Bose Road, Kolkata, Kolkata, Howrah, West Bengal	India
S1-656885262	864 Washington Drive Company	876 Ledgestone Drive, Mahtomedi, MN	US
S1-985598598	Haugen Holdings Group Group	168 Geneive Street, Camarillo, CA	US
S1-783143100	Varshtech Earth	Karnal, Second Floor, Mugal Canal, Haryana, C/O Gurjinder Singh Sco - 7, Karnal	India
S1-742935791	Summit Element LLC	22956 Hazel Lane, Rogers, MN	US
S1-638971037	Secure Texas, Corp	860 Burbank Street, Greensboro, NC	US
S1-961807399	Lotus Logistics Limited	Building No.5/1N, Vallakkunnu Kallettumkara P.O, Mukundapuram, Thrissur, Kerala	India
S1-627639966	Electronic Cargo Laboratories L.L.C.	21676 Meadow Drive, West Lafayette, OH	US
S1-957753894	Poppys & Brothers	A904, Pristine Grandeur, Shankar Kalat Nagar, Pune City, Pune, Maharashtra	India
S1-980146752	Internal Medicine Physicians	3001 Juca Cove, Memphis, TN	US
S1-718569568	Morales Maintenance Inc	21 Central Avenue, Unit 1, Quincy, MA	US
S1-458583814	Innovative Keystone First LLC	Ames, 212 Morrill Rd, Bldg PARKING, IA	US
S1-827620198	Leela Trading Pvt Ltd	1001, 10Th Floor, Tridev Apartments, Bhakti Marg, Mulund (West), Mumbai, Maharashtra	India
S1-938698633	Secure Lake	703 19th Street, City Of Monroe, WI	US
S1-436449037	FU Human Pvt Ltd	Fl-B/104, Pl -133, Sector 1E, Shuryavihar Chs, Panvel, Raigarh(Mh), Maharashtra	India
S1-248763227	Riley Audio Installation	334 Woodview Avenue, Corning, NY	US
S1-826445454	Kattie's Agriculture	50 Ridgewood Drive, Acton, ME	US
S1-842874780	Primary Care Associates Inc	TX, 2810 Page Street, Texarkana	US
S1-544516943	Ho Regional Publishing Inc.	100 Ammonite Lane, Jarrell, TX	US
S1-18355317	South Software Private Limited	3Rd Floor, Valencia Apartments Juhu Tara Road, Santacruz (W), Maharashtra, Mumbai City, Flat No. 31, Mumbai	India
S1-35889831	Whitney G. Rivers, L.C.S.W., DDS PC	125 Main Street, Unit Apartment 4, Maryland, NY	US
S1-225610361	Goldie and Phillips Taxable	813 Intervale Drive, Garland, TX	US
S1-751935049	Aarvtech Services Private Limited	Off-26, 1St Floor, Plot-44, Sector - 11, Cbd Belapur, Thane, Maharashtra	India
S1-230875509	Anand Aditya Global Private Limited	374/8, Lic Colony Mc Road, Thanjavur, Tamil Nadu	India
S1-243178390	Ulike Greentech Pvt Ltd	10-1064-Z-29-A, S R Nagar Revenue Ward-10, Markapur, Prakasam, Andhra Pradesh	India
S1-851784109	Easter Coffee	5111 Hematite Lane, Alleghany County, VA	US
S1-818777138	Berry Direct Alternative Inc	IL, Schaumburg, 316 Hickory Lane	US
S1-79074999	Desert Tri-State Live	424 Salem Street, Unit B, Lexington, NC	US
S1-405318995	Shabnam Global Private Limited	6, Tottee Lane, Kolkata, Kolkata, Howrah, West Bengal	India
S1-450864455	One Vinimay Limited	Delhi, New Delhi, Delhi, Office No. 102, F/F Plot No-9, Vishwa Sadan, District Centre, Janakpuri	India
S1-384118258	Super Products Private Limited	C-135/1, 4Th/Floor Flat No-B-401 Abul Abul Fazal Enclave-Ii Shaheen Bagh Jamia, Okhla, South Delhi, Delhi	India
S1-386812013	Williams Secure Oriental	1041 Capri Drive, Palatine, IL	US
S1-47159174	HCZ Allied Science	28 Stokley Cove, Jackson, TN	US
S1-941534019	Oliveira Clean Care Inc	1603 Pinecrest Drive, Memphis, TN	US
S1-47572009	Brand Consulting Associates	H No.1 -7-1681 Tidke, Hospital, Barshi Road, Beed, Maharashtra	India
S1-143300098	Perfect Software Private Limited	Karnataka, 7Th Phase Bangalore, Bangalore South, 105/4 Kothanur Jp Nagar, Bangalore	India
S1-422277846	Board of Housing	12223 317th Lane, Lindstrom, MN	US
S1-767856448	Construction Infratech Corp	House No. 319A, Bir Babraan, Hisar, Haryana	India
S1-524169202	West, Rager and Johnson Inc.	VT, Franklin, 5475 Main Street	US
S1-748344423	Jp (India) International Ltd	North Delhi, A-2/260 Sec-8Rohini, Delhi, New Delhi	India
S1-379837934	Dhimant (india) Care	Sheela Complex, Ranwar Road, Karnal, Haryana	India
S1-77842920	Vivek Infratech Private Limited	Flat No. 107, New Delhi, C-240, 1St Floor Pandav Nagar, Delhi	India
S1-674360431	Godshall Secure Living LLC	4444 Ocotillo Road, Unit 38, Glendale, AZ	US
S1-476074822	North Little Rock Hunger Regional Society	AR, North Little Rock, 217 12th Street	US
S1-695038789	St. Cathedral	148 Ernie Atkins Road, Pangburn, AR	US
S1-311350930	Boyd, Miller & Mcgee	OR, 2585 Military Avenue, Roseburg	US
S1-177494306	C & Q Aberdeen LLC	4610 Cerro De Aguila, Tucson, AZ	US
S1-538325418	Meridian Inc	9993 Strathfield Lane, Highlands Ranch, CO	US
S1-837260058	Gangiya Retail Private Limited	Sr. No. 66/2A/2B/1, Parmar Hall, Wanwadi, Pune City, Pune, Maharashtra	India
S1-815502491	Odi Developers Co	Hi-Tech Chamber, 6Th Floor, Room No 61, 84/1B Topsia Road South, A. C Lane, Kolkata, Howrah, West Bengal	India
S1-22452658	G 7 Rapid Productions	TX, 1745 Mariposa Drive, Dallas	US
S1-989306197	Cornelius, Peralta and Beard LLC	3842 Bales Avenue, Kansas City, MO	US
S1-492811435	LGY Media Pvt Ltd	Raju Devi C/O Damani'S, Near Sbi Bank Gogagate, Bikaner, Rajasthan	India
S1-609779971	Cardiology Silver Medicine Corporation	508 13th Street Extension, Unit 224, Indiana, PA	US
S1-21011304	Red Energy Private Limited	Saray Rajshah Marg Kherouna, Amethi, Sultanpur, Uttar Pradesh	India
S1-636692912	Housing Program	1921 Columbia 11, Magnolia, AR	US
S1-685763490	Bricklayers Local 172 Inc.	Unit Apartment 109, 775 Embought Road, NY, Catskill	US
S1-763337374	M+ Ishares	817 Stryker Homes Apartments, Auburn, NY	US
S1-686982504	Christ Fellowship	251 Macarthur Street, South Saint Paul, MN	US
S1-161016343	Howell Preparatory Academy	7337 Burrwood Drive, Unit APT D, Saint Louis, MO	US
S1-65799258	Innova Forwarding Limited	Maharashtra, Pune, S.N. 23/1, 24, Wisdom Park, Bldg. C, Flat No. 1103 Pune	India
S1-290449013	Meridian LLC	11155 Park Road, Tucson, AZ	US
S1-620523992	Jordan Table Partners	8752 Landmark Road, Henrico County, VA	US
S1-181463059	Upper Creative Greenfire LLC	817 Ruble Avenue, Belpre, OH	US
S1-730115741	Frontier Ship	339 Barton Avenue, Brookhaven, NY	US
S1-159668461	Commission on Environmental Protection	1014 167, Enterprise, AL	US
S1-274487315	Cardiology Care Corp	3909 Kingsferry Drive, Arlington, TX	US
S1-442052638	Compass	566 Edmore Village Road, Welch, WV	US
S1-336282177	Lucid Consultants	3 Silver Coin D'Monte Lane Orlem Malad, Mumbai, Maharashtra	India
S1-96027844	Asset Building Project LLC	6085 Beaverton Hillsdale Highway, Portland, OR	US
S1-51098371	Aigneis Kuster Certified Royal LLC	131 Vista Lane, Wythe County, VA	US
S1-401842431	Alejandra Alford, D.D.S.	14605 Drexmore Road, Shaker Heights, OH	US
S1-208320245	Metro Royce	Riverton, UT, 4976 Greenstreak Drive	US
S1-766157142	Cruze America LLC	2246 Monad Road, Unit Unit 4, Billings, MT	US
S1-589700697	Shivam & Associates	Beawar, K No. 3554/02, 3555/02, Village Ranisagar, Teh, Sil Kharwa, Outside Railway Phatak Madina Dharamkanta, Rajasthan, Ajmer	India
S1-317882852	Perfect Systems Private Limited	M-637, Second Floor, Symphony Sector-51, Sadar Bazar, Gurgaon, Haryana	India
S1-551749613	All Software Private Limited	855A/P, Wing Tal, Karad, Satara, Maharashtra	India
S1-260310792	Montgomery, Gutierrez and Galindo	3322 Page Avenue, Chicago, IL	US
S1-831111852	Hotel Projects Private Limited	337/A Dahiwadi Road, Khatav, Satara, Maharashtra	India
S1-598497685	Prime Empire Mozayyx LLC	165 General Cleburne Drive, Richmond, KY	US
S1-63739854	Krishna Indian Systems Pvt Ltd	Civil Lines, Uttar Pradesh, Allahabad, Ground Floor, Chandra Shekhar Azad Market Complex 5, Sardar Patel Marg	India
S1-300146049	Klara Brose White, Inc	KS, Sabetha, 53 Main Street	US
S1-66751363	Admirable Infrastructures LLP	Plot No.18, Road 19, Punjabi Bagh, New Delhi, Delhi	India
S1-995659962	Keshavraj & Co	Flat Bearing No 9 Kiran Apartments 556 Chittaranjan Colony, Kolkata, Howrah, West Bengal	India
S1-990896560	Eye Patriot Care Clinic	447 Longleaf Drive, Unit 306, Auburn, AL	US
S1-845659270	Eastern Marketing LLP	No. 1/8, Bharathi Apartments, No.1, Bharathi Nagar, 3Rd Street, T.Naga, R, Chennai, Tamil Nadu	India
S1-843781496	Walker, Payne and Ulmer Service	231 70th Street, Niagara Falls, NY	US
S1-213488520	Drone Development Inc	948 Imperial Eag Road, Alvarado, TX	US
S1-21053834	New Builders Private Limited	Sr No. 41/1, Plot No. 27, M. No. 1473, Yashwantnagar, Wai, Satara, Maharashtra	India
S1-561573664	Modern Exports Private Limited	Tc 46/2301(1), Kailas Tower Karamana, Thiruvananthapuram, Thiruvananthapuram, Trivandrum, Kerala	India
S1-770569504	Mendez, Aurelea, M.D. LP	IN, 1601 Mackey Ferry Road, Mount Vernon	US
S1-954030748	Earthmovers Polytechnic Private Limited	57-A, Sector 'C' Sanwar Roadindustrial Area, Indore M.P., Madhya Pradesh	India
S1-51255900	Hershberger College	1009 Lakeview Drive, Burnsville, MN	US
S1-316711179	Cure Book Store	416 Burnham Highway, Lisbon, CT	US
S1-20553283	Happy Tavern	TX, 13630 Cherrydown Street, Sugar Land	US
S1-124421307	Equinox, LLC	5404 Valley Station Rd, Unit 130, Louisville, KY	US
S1-607751617	Dental Cascade Center	489 Clear Fork Road, Beckley, WV	US
S1-866737119	Delhi (india) Private Limited	Plot No. 3, 3Rd Floor, Opp Dhaka School, Bhai Parmanand Colony, Delhi, North Delhi, Delhi	India
S1-284894770	Coghill, Dabney and Parnell Solana	4846 Stake Road, Chadbourn, NC	US
S1-470332411	Russo International Inc	KY, Louisville, 1602 Rangeland Rd	US
S1-740107942	Shakti Indo Business Private Limited	252, Pocket G, New Delhi, South Delhi, Delhi	India
S1-517560769	France Interstate Wellness Group	1505 Sir Galahad Road, Greensboro, NC	US
S1-402317506	Deshields, Rice and Martinez Semiconductor LLC	630 Langley Drive, Grimesland, NC	US
S1-766640964	Lotus Properties Private Limited	D-1006, Pride Pegasus, Hennur-Bagalur Main Road, Kothanur, Bangalore North, Bangalore, Karnataka	India
S1-588175564	MOD Capital Private Limited	# 2588, 9Th Main Road, Banashankari 2Nd Stage, Bangalore, Karnataka	India
S1-559943054	Gabriellia Ortiz Summit Granite Inc	3800 Rosewood Court, Midwest City, OK	US
S1-459807353	Surgical Bright Group	1704 Peppertree Court, Bowie, MD	US
S1-454203667	Urban Diner LP	17491 Summer Place, Whitehouse, TX	US
S1-422312162	Vique L.L.C.	ME, Milbridge, 770 Kennedy Highway	US
S1-858515114	Lange, Byrn & Jones Apple	954 Peru Olena Road, Norwalk, OH	US
S1-21190040	Gangendra Materials Ltd	C-2, Neelkanth Corner Pl. No. 2, Sector-2, Sanpada East, Navi Mumbai, Maharashtra	India
S1-573829377	Services Rumi Venture Private Limited	186, B, Mahabali Nagar, Kolar Road, Bhopal, Madhya Pradesh	India
S1-213523576	Dixon Gulf Dollar	2651 Guadalupe Road, Unit 106, Mesa, AZ	US
S1-211927204	Brewer Ridge Inc.	105 Sylvan Drive, Milton, DE	US
S1-525313185	Highland Network	NY, Ithaca, 102 Needham Place	US
S1-51876386	Total Infrastructure Products Inc	2437 Golden Bear Way, Wentzville, MO	US
S1-99841165	Grand Pantages LLC	2209 Binford Lane, Henrico County, VA	US
S1-696545513	Cawley Prairie Apparel LLC	23979 Justin Brent Circle, Elkmont, AL	US
S1-4483144	Gullo Bay Vernal Inc	1954 Seneca Road, Euclid, OH	US
S1-518467656	Mcneal, Macedo & Hutchings Jaws LP	3 Windsor Circle, Unit C, South Elgin, IL	US
S1-952539877	Secure Prime Clinic	Ashland, Unit 1, MA, 127 Homer Avenue	US
S1-173820184	Secure Genomic Partners P.C.	2215 Lambs Gap Road, Hampden Township, PA	US
S1-283343892	Saptak Producer Private Limited	F 203, 2 F, Tirumala Garden, Naveennagar, Road No 1, Khairatabad, Hyderabad, Telangana	India
S1-856251589	Tri-State Pediatrics	502 Blind Buck Road, Salem, NY	US
S1-475443566	Ab & Sons Private Limited	First Floor, L382C Mahipalpur Extn, New Delhi, Delhi	India
S1-929572923	Warren Veterinary Clinic	2265 Highway 47, Unit 22, Burns, TN	US
S1-902928025	Melton Tech	2138 Princess Anne Court, Bowie, MD	US
S1-982130635	Obsidian Inc	AZ, Scottsdale, Fl 1, 7108 2nd Street	US
S1-385021705	Memphis Academy	35 Vine Grove Lane, Memphis, TN	US
S1-151983158	FSC Stock Limited	A-13/B, West Delhi, Delhi, Kh No.31/23/2, Harijan Basti, Sec-7, Palam Extn. New Delhi, Delhi	India
S1-875321876	Romney Rare Inc	1812 Chapman Court, Los Banos, CA	US
S1-101382761	Electricians Union Local No 871	12502 Adobe Alley, Beltsville, MD	US
S1-544043978	Sunrise It	Unit No 901, 9Th Floor, Technocity Co-Operative Housing Society Ltd, Plot No X5/3, Ttc Industrial Area, Mahape, Rabale, Thane, Maharashtra	India
S1-135298072	Guru Bombay It Pvt Ltd	Mohd Sajid Ahmed C/O 602/1793 Begariya Road Dubagga Kakori, Lucknow, Uttar Pradesh, Lucknow	India
S1-638007580	Othilia's Quality Printing	2662 15250, Bluffdale (sl Co), UT	US
S1-235974925	TKG Traders Private Limited	Jodhpur, Rajasthan, E-649, M.I.A. Ii Nd Phase, Basni	India
S1-296121800	Clean Diagnostic Enterprises	4042 Shurgard Way, Unit 2131, Nashville, TN	US
S1-273292776	Jarlyn Nuclear	2861 Myrtlewood Drive, Prince William County, VA	US
S1-71554719	Life Constructions	Plot No 14 Sweety Housingcomplex Ganga Nagar, Bhubaneswar, Khordha, Orissa	India
S1-656768331	Royal Electronics Innovations LLC	UT, Unit 1403, Draper City (sl Co), 13521 Park Presidio Way	US
S1-713392535	Mantri Anand (India) Private Limited	6-32-3/2, Lbs Nagar Drivers Colony, Visakhapatnam, Vishakhapatnam, Andhra Pradesh	India
S1-114633710	Iona Cantin Sprott Inc	3040 90th Street, NE, Omaha	US
S1-970037701	Terry Prime Bitwise Corp	Unit UNIT 115, Prince William County, VA, 14921 Heathcote Boulevard	US
S1-625287720	Dynamic Infrastructure	Flat No. 302, Gf, Pkt B-1, Type-B, Lig Dda Flats, L N Puram, Bakkarwala, Delhi, West Delhi, Delhi	India
S1-781728357	Cargo Media Pvt Ltd	Gautam Buddha Nagar, Noida, 0490A/31, Uttar Pradesh, Surajpur, Greater Noida Gautam Budh Nagar	India
S1-810884307	Norman Youth Diamond Institute LLC	113 Vida Way, Norman, OK	US
S1-360669254	Gayatri & Brothers Pvt Ltd	Plot No 3336 (P) Chakeisiani, Mancheswar, Bhubaneswar, Khordha, Orissa	India
S1-303795974	Basalt Frequency	25649 Desert Drive, Buckeye, AZ	US
S1-255331971	Domingo Starwood	131 Briarcliff Drive, Bedford County, VA	US
S1-463215765	Lozano Ace Etf Inc	1416 Hamilton Boulevard, Sioux City, IA	US
S1-379449555	Lambeth Supreme Starling, LLC	5 Kelli Court, Little Rock, AR	US
S1-857266932	Fort Institute of Technology	6D-3-10, Thammana Vari Sandu, Southern Street, Eluru, West Godavari, Andhra Pradesh	India
S1-811562691	Kamara National Materials	423 Illinois Avenue, Valier, MT	US
S1-798080845	Blue Retail LLC	523 Wood Street, Piqua, OH	US
S1-720462525	Guru Foundation Pvt Ltd	Howrah, Kolkata, West Bengal, 1/1A, Vansittart Row, Mezzanine Floor, Room No. 2, Kolkata	India
S1-34603324	Shree Farms Private Limited	Kd/2 Ashwini Nagarbaguaiti, Kolkata, Calcutta, West Bengal	India
S1-491352053	Behavioral Health Medicine	157 Carriage Crossing, Middletown, CT	US
S1-229553935	Fouche Merchants LLC	200 Sanders Avenue, Marion, IL	US
S1-23100503	Hyacinthie Russell, MD, P.C.	9 Planters Lane, Brookhaven, NY	US
S1-865153868	Tech Consultancy Limited	C/O Vijeshwar Ray, Village Chhitani, Dawath, Rohtas, Bihar	India
S1-497003562	BQK Multiservices Pvt Ltd	Plot No-1A, Paradise Industrial Park, Near Otsuka Pharma Approch, Sarkhej Bavl, A Road, Chacharwadi Vasna, Ahmedabad, Gujarat	India
S1-790084587	Sandoval Cardiology	1340 Addison Street, Klamath Falls, OR	US
S1-490867547	Gruber Association Inc	2715 158th Avenue, Ham Lake, MN	US
S1-349668969	Gold Exports Private Limited	Howrah, Pollock Street, 1St Floor, Kolkata, West Bengal, 14, Kolkata	India
S1-387037261	Piedmont Capital Inc	2105 Cochran Road, Maryville, TN	US
S1-546862587	Shelter Silks Private Limited	9 Sudan Laxmi Society No 3Behind Ellora Park 7, Baroda, Vadodara, Gujarat	India
S1-794749384	Arihant Builders	Plot No 17/11 Block Midcchinchwad, Pune, Maharashtra	India
S1-340365789	Creative Education Advisors Inc	123 Columbia Street, Bend, OR	US
S1-554430768	Salt Veterinary Clinic	242 Calder Way, State College, PA	US
S1-792176615	Hari Consultants Private Limited	#335, Royal Lake Residency, Phase 2, 2Nd Main Road, Jp Nagar, Bangalore, Karnataka	India
S1-800637719	Hur & Smith, Inc	2511 Bruce Court, City Of Neenah, WI	US
S1-749770460	Niis Corp	4812 Stafford Street, Baltimore, MD	US
S1-998015708	Golden Enterprises Private Limited	C - 1503, Exocita Fresco, Sector - 137, Noida, Gautam Buddha Nagar, Uttar Pradesh	India
S1-583559580	Harbor Federation LLC	11789 State Route 20, Pipestem, WV	US
S1-700788460	Church Hcm	3007 Summerland Drive, Matthews, NC	US
S1-271758783	Solutions Winsome Fund Private Limited	At - Vasai Ta - Vijapur, Village - Vasai, Vasai, Mahesana, Gujarat	India
S1-756039361	Glade West Inc	18266 Vuelta Alava, Vail, AZ	US
S1-875699848	Jsm Products Private Limited	Jg-1/114B Vikas Puri, New Delhi, West Delhi, Delhi	India
S1-148690895	Harrington and Fuentes Health	39 Cushing Street, Hingham, MA	US
S1-564370700	Haines Studios LLC	13652 40th Drive, Phoenix, AZ	US
S1-604469145	Happy Hair Studio	AL, 12495 Magnolia Pointe Road, Unit Lot 12, Andalusia	US
S1-75604659	Law Seva Samiti	Thane, Floor No 1 Ng Vedant, Beverly Park Kanakia Road, Maharashtra, 102, Vasai	India
S1-218747690	Vinod Trading Private Limited	61, Floor - Grd, Guru Nanak Cloth Market S S Wagh Marg, Gurudwara, Dadar East, Mumbai, Mumbai City, Maharashtra	India
S1-495122008	Direct Enterprise LLC	4426 Valleyview Boulevard, Unit A, Ashtabula, OH	US
S1-565951856	Karishma (India) Global Private Limited	17 Pattabiramar Kovil Street, Aruppukottai, Virudhunagar, Tamil Nadu	India
S1-323036542	Bay Coalition	7403 Manhattan Avenue, Parma, OH	US
S1-954389505	DKV Management Co	No. 18 Bangalore Industrialestate K.R.Puram, Bangalore, Karnataka	India
S1-52728041	Si Solutions Pvt. Ltd.	First Floor, 8, Old China Bazar Street, Kolkata, Kolkata, Howrah, West Bengal	India
S1-538371981	Holloway Green Industrial	714 11th Avenue, Eldora, IA	US
S1-293173899	First Entergy Inc.	6020 Fair Oaks Boulevard, Carmichael, CA	US
S1-654463210	Platinum Medical Ventures	69 Austin Avenue, Greenville, RI	US
S1-65619892	Secure & Co	Room No 136/A, Ward 17, Athirampuzha Panchayat, Kottayam, Kerala	India
S1-810500349	Katrinka's Royal Appliance	655 Roebling Road, Cincinnati, OH	US
S1-333515567	Supreme Nuveen LLC	10455 86th Avenue E, Bixby, OK	US
S1-136232778	Tirumalagiri Engineers Limited	F. No.1026, Block No.2, Manasarovar Heights, Tirumalagiri, Hyderabad, Telangana	India
S1-315469650	Hotel Properties Private Limited	C/O Lalita Arvind Holkar Near S T Station Road Lasalgaon, Nashik, Maharashtra	India
S1-725511090	RJB Money Limited	Flat No. 192, T Floor, Dda Mig Flat Near Madipur Village, New Delhi, Delhi	India
S1-101316565	Surgical Value Clinic P.C.	1740 Leoti Drive, Cimarron Hills, CO	US
S1-511326937	Beacon Valley Century LLC	2885 Browning Road, Duck Creek Village Cpu, UT	US
S1-448382605	Diamond Education Alliance PLLC	Swansea, MA, 122 Ocean View Avenue	US
S1-739032732	Megen Griggs, Esq., DDS PC Corp	1425 Layven Avenue, Florissant, MO	US
S1-142146773	Lakshmi Vision Logistics Private Limited	2Nd Floor, Lsc, Blg-A, Samrat Enclave Pitampura, Delhi, North West, House No. Unil No-224	India
S1-187876868	Star Infra	Karnataka, Bangalore, Bangalore North, Address No. 235, 13Th Cross, Hoyasala Nagar, 2Nd Stage	India
S1-294479670	White, Long and Hobson Prime	3222 Bell Wick Road, OH, Hubbard	US
S1-617890093	WON Foods Pvt. Ltd.	Gut No.104, Shop No G 11, Om Paradise, Near Renuka Mata Mandir, Beed Bypass, Aurangabad, Maharashtra	India
S1-757490580	Indore Elegance Limited	367-369, Palda, Nemawar Road, Near Prabhu Toll Kanta, Indore, Madhya Pradesh	India
S1-102777198	Sirsa Services Private Limited	5-Cc, Iind Additional Mandi, Sirsa, Haryana	India
S1-497463209	Green Tech Private Limited	11 Unique Industrial Estate C Gracious Road, Chakala Road, Andheri E, Ast, Mumbai, Mumbai City, Maharashtra	India
S1-338943987	Hostetter and Pe	54 Llanon Drive, AR, Bella Vista	US
S1-947408152	Hopkins Twelve	42W 612 Keslinger Road, Elburn, IL	US
S1-628860129	Precision Data Systems	104 Cardinal Lane, Sandwich, IL	US
S1-100625031	Sukhibhava Brothers LLP	H No.-13, Vijay Nagar, Khargapur Vijay Nagar, Lucknow, Uttar Pradesh	India
S1-963282896	Taran Tech Private Limited	Plot No.1471/1 Sector-5B, Nr. Mahakali Mandir, Gandhinagar, Gandhi Nagar, Gujarat	India
S1-536472082	Nexay Multimedia, LLC	9617 Stanley Road, Garrettsville, OH	US
S1-307662681	Manna & Schlink	Arkadelphia, 1020 Village Drive, AR, Unit Apt 54	US
S1-523199754	Clayton Quality Tax Service L.L.C.	1223 Utah Avenue, Logan, OH	US
S1-249613692	Primary Care Complete Partners PC	2848 Burgundy Place, Prince William County, VA	US
S1-552256071	Apex Solutions Ltd	West Bengal, 2, Kolkata, Howrah, Manook Lane, 3Rd Floor (Near Ezra Street), Kolkata	India
S1-119314581	Supreme Joint Inc	5330 Nita Drive, Winston-salem, NC	US
S1-458319390	Ram Infra Private Limited	Office No. 102, F-01, Sector-3, Noida, Noida, Gautam Buddha Nagar, Uttar Pradesh	India
S1-126616805	Integrated Energy Industries LLC	15817 252nd Place, Covington, WA	US
S1-739030750	Berry, Lovegrove and Tunstall Big LLC	710 Ambassador Street, Charlotte, NC	US
S1-609503509	Clear Research Global LLC	4904 Canyon Gate Place, Rio Rancho, NM	US
S1-788903092	Coady Clean Bitwise	2083 177A, Bonifay, FL	US
S1-985958920	HG Optimal Computing Inc	IN, Brazil, 237 700	US
S1-740434662	Tirupati Services Private Limited	G1/8 Epip, Sitapura Industrial Area, Sitapura, Jaipur, Rajasthan	India
S1-553980165	Solanki (India) Communications Pvt Ltd	Flat No 106, Ground Floor Sai Nivas, Anekal, Bangalore, Karnataka	India
S1-252594261	Cornerstone Biotechnology	15614 La Cabana Drive, Houston, TX	US
S1-532546423	Barringer Housing LLC	10730 Church Street, Unit UNIT 51, Rancho Cucamonga, CA	US
S1-409497215	Pediatric Dentistry Partners	6527 Old Shell Road, Unit 44, Mobile, AL	US
S1-695248320	Swastik Software	37/165, Second Floor, Kalliyath Building, Panniyankara, Kallai Po, Kozhikode, Kerala	India
S1-613657965	Horizon Diagnostic Services LLC	8505 University Station Circle, Unit 1613, Charlotte, NC	US
S1-122777126	Bharathi Nursing Home	Flat No. 3197, B3 Vasant Kunj, South Delhi, Delhi	India
S1-935484939	Innovision Consultants	106 Kiran Chandrasingha Road Shibpur, Howrah, West Bengal	India
S1-487966731	Sisodia Sangh	B5/26, Arvinda Co-Operative Housing Society, Anandnagar, Sinhagad Road, Pune, Maharashtra	India
S1-534469544	Tide Vision Private Limited	301, Raghav Palace, Shiv Shakti Soc, Ravapar, Morbi, Rajkot, Gujarat	India
S1-920238983	Cleveland Heights Community Coalition	2164 Rexwood Road, Unit 0, Cleveland Heights, OH	US
S1-664438613	Charissa's Mountain Petroleum	1016 Richard Street, Carlsbad, NM	US
S1-729309540	Om Exports	Room No 2, Amari Pampuram, Kalluvathukkal P.O, Kollam, Kerala	India
S1-91143121	Oncology Care	38703 Sheridan Road, Unit LOT 110, Beach Park, IL	US
S1-59134611	All Trading Private Limited	C-1/24 Safdarjangdevelpment Area, New Delhi, South Delhi, Delhi	India
S1-38027401	Lakshmi Producer Private Limited	D-13/14Ff, Phase V, Dlf Exclusive Floors, Galleria Dlf-Iv, Gurgaon, Haryana	India
S1-614492029	Kelso, Village Of PC	720 Ostrander Road, Kelso, WA	US
S1-727152318	Ortiz, Wilson and Flores, LLC	817 Battleboro Avenue, Battleboro, NC	US
S1-855744350	Prime Unique Food Private Limited	52, West Bengal, Southern Avenue, Kolkata, Howrah, Kolkata	India
S1-52128037	Laxmi & Partners	Shop No-8, Plot No-01, Sec-5, Suyash Pride Chs, Ulwe, Navi Mumbai, Raigarh, Maharashtra	India
S1-664255640	Itm Criticare Private Limited	D.No 505/B-508, Fifth, Sandhya Techno-1, Rangareddy, Telangana	India
S1-603464916	Patna Moving Private Limited	Prashant Kumar, S/O Dr Dipak Kumar, 01, Round Floor Bidya Vihar Apartment, Jai Prakas Nagar, Patna, Bihar	India
S1-133991896	Tejaya Tech	A-16, Chander Nagar, New Delhi, East Delhi, Delhi	India
S1-791769023	Valli Irrigations Private Limited	Flat No-203, Virat Township, Building No-15, Tirupati Nagar Road, Bolinj, Virar (West), Vasai, Thane, Maharashtra	India
S1-310468943	Richardson's Global Excavation	7801 110th Avenue, Vancouver, WA	US
S1-115239174	Manohar Labs Center	Alipurduar Chowpathi, Beside Hotel Elite Jalpaiguri, West Bengal, Samuktala Road, Jalpaiguri	India
S1-4303279	QV Big LLC	729 Woodrow Avenue, Fl 0, Wichita, KS	US
S1-156897566	Highland Capital Connection PC	12949 Andress Road, Unit 15, Berlin Heights, OH	US
S1-617920866	Jai Sai Constructions Limited	Mumbai City, Mumbai, Buildong No. 61, Road No. 9, Gandhinagar, Bandra East, Maharashtra, Room No. 2711	India
S1-82369635	Ellie Pena Golden Inc	Mediapolis, IA, 5625 205th Street	US
S1-52698576	SXT Charitable Pvt. Ltd.	9/3, 1St Floor K A S Nagar, Near Ranga Bhavanam, Erode, Tamil Nadu	India
S1-816361888	Zuzana Munsell Fields PC	WI, Town Of Springvale, W2712 G	US
S1-640566596	Blocher Restaurant LLC	8110 Nc 43, Greenville, NC	US
S1-527077921	Coastal Association, Inc	300 Greenwood Avenue, Jenkintown Borough, PA	US
S1-694647687	Prairie Fannie, LLC	Rochester, 155 Versailles Road, NY	US
S1-420911744	Texidor Hydro Care	8032 Stearns Road, Olmsted Township, OH	US
S1-387788087	New Great Tech Private Limited	E-6/3:2, Sector22, Koparkhairane, Navimumbai, Thane, Maharashtra	India
S1-7268807	Om Projects Pvt Ltd	Karnataka, Bangalore, 5A Khb Colony5Th Block Koramangala	India
S1-172949341	Sunrise Indo Care Private Limited	H.No.02.10.1889 .Nr. Saint Ans Jalna Road, Beed, Bid, Maharashtra	India
S1-42544839	Precision Mortgage Digital Associates	1200 2nd Street, Grandview, WA	US
S1-190817222	Dental Specialists Corp	618 Pear Orchard Road, Elizabethtown, KY	US
S1-604121640	Sunflower Buildcon Ltd	No. 15, Ramaiah Badavane, Maragondanahalli, Bangalore North, Bangalore, Karnataka	India
S1-294357190	Cedillo Oceanhawk Inc	8507 Fieldway Drive, MD, Randallstown	US
S1-959135712	American Committee	17808 Franklin Avenue, Lakewood, OH	US
S1-131480550	Enify Advanced Gravity Inc	79 203, Austerlitz, NY	US
S1-850365143	Chloris Rose Mining LLC	3259 Cr 18, Damon, TX	US
S1-973961478	Bangalore North Electricals Pvt Ltd	Wework India Management Limited, Embassy Manyata Business Park, Bangalore North, Bangalore, Karnataka	India
S1-38573339	Landman Pioneer Asa Corporation	16925 Bridges Lane, Carlinville, IL	US
S1-297196767	Hitech (India) Research Limited	11/13 Banomali Banerjee Road, Kolkata, Howrah, West Bengal	India
S1-16815808	Sunrise Eastern Investment Limited	Sr No 694 /1 Gavhane Wasti Bhosari Pune 39 Vithal Bhosari Pune, Pune, Maharashtra	India
S1-381390805	Life Hospitality Pvt Ltd	Door No.7A/5, College Road, Nanganallur, Chennai, Tamil Nadu	India
S1-925537771	Delta Trust	255 Chuckey Ruritan Road, Chuckey, TN	US
S1-973397807	Godinez & Lowery Stores LLC	203 Summit Avenue, Orangetown, NY	US
S1-668629913	Johnson, Sanford & Davis Textiles, LLC	114 Taylors Creek Lane, NC, Beaufort	US
S1-460359317	Happy Ice Cream	7829 Mt Holly Highway, Mount Holly, AR	US
S1-152629056	Pert East	No 61 Kno 7, Bangalore, Karnataka, 51 /1 Manjunath Layout Munnekolala	India
S1-816352211	Wildlife Trust Group	5641 20th Avenue, Minneapolis, MN	US
S1-826746760	Keystone PC	Johnson City, 126 Whispering Pines Road, TN	US
S1-333374527	Anand Plantation Pvt Ltd	Flat No. 4, 1St Floor Royal Ashiyana Anupam Bagh Colony, Dayal Bagh, Agra, Uttar Pradesh	India
S1-238939633	Capital League Inc	N110W17051 Ashbury Lane, Unit Unit 7, Village Of Germantown, WI	US
S1-928830231	Sacha Development Pvt. Ltd.	F No 213, Classic Hallmark No 22 2Nd Cross Ew Panthur Extention, Bangalore, Karnataka	India
S1-591868511	Primary Care Medicine	303 Kossuth Street, Rockport, TX	US
S1-17642152	Metropolitan Institute of Technology	612 Highland Court, MN, Waconia	US
S1-767513500	Tran, Nell M., O.D.	14881 Roads Road, Logan, OH	US
S1-435421636	New Delhi (india) Private Limited	G-33, Jangpura Extension, New Delhi, Delhi	India
S1-64446299	Singh Cascade Exchange LLC	Columbia, 9632 Morning Leap Terrace, MD	US
S1-620979859	Beth Church	2910 El Burrito Avenue, Tucson, AZ	US
S1-217388835	Garrett Direct Gold LLC	4833 Red Oak Lane, Fort Worth, TX	US
S1-21510300	Sterling Media Alliance Inc.	4603 Creek Bridge Lane, Katy, TX	US
S1-18375608	Sushma Ecommerce Private Limited	27, Green Plaza Shopping Centre, Opp. L. P. Sawani School, Honey Park Roa, D, Adajan, Surat, Gujarat	India
S1-858123443	Tech Investment Limited	D/32, Bmc Colony, Santosh Nagar, Near Sai Prasad Hotel, Film City Road, Go, Regaon (E), Mumbai, Mumbai City, Maharashtra	India
S1-175146896	Voris, Cooke & Nelson Nuclear	1 Illinois Street, Unit CONDO 11, Indianapolis, IN	US
S1-394684257	Foods Raghavendra Plantations Private Limited	A-104 1St Floor, Chintels Paradiso Sec 109, Railway Road, Gurgaon, Haryana	India
S1-871438805	Hendersonville Historical Trust	228 Sanders Ferry Road, Unit K146, Hendersonville, TN	US
S1-240483393	Jack & Bury LLC	Richmond, VT, 3160 Main Street	US
S1-334331207	Mountain Learning Center Care	3480 Country Lane, Knox, IN	US
S1-285360271	Kale Solutions Private Limited	H No. 252-2, Gram Balwada, Khandwa, East Nimar, Madhya Pradesh	India
S1-599562761	Bess Krakacquisition of Bronx	1693 Nelson Avenue, Bronx, NY	US
S1-45512837	Sutherland, Pauling & Mickelson Inc.	UT, Layton, 3835 Fairfield Road	US
S1-378980909	Valley Beyond Inc	38 Hidden Drive, Chester, NY	US
S1-201583073	Urban Consultants Private Limited	No.3, 80 Feet Road Baddihalli, Tumkur, Bangalore, Karnataka	India
S1-966645253	Highland Montreal Clinic	3774 Constitution Court, Gilbert, AZ	US
S1-577518233	Rocky Drilling LLC	303 Caledonia Street, Lockport, NY	US
S1-393117441	Ganga Tejas Private Limited	Reliable House, Opp. Huma Mall, Kanjurmarg (W), Mumbai, Maharashtra	India
S1-439242722	Maa Business Private Limited	Plot No - 1095, Satabdi Nagar Unit - Viii, Bhubaneswar, Khordha, Orissa	India
S1-818610319	Andrews, Criswell and Buskey Corp	305 Blantons Street, Southern Pines, NC	US
S1-603328416	Choice Health Innovations LP	15781 Wooded Trail Way, Willis, TX	US
S1-254031256	Raj Enterprises Private Limited	2 Jha 3 Kamla Nehru Nagar, Ajmer Road, Heerapura, Jaipur, Rajasthan	India
S1-209465308	Federal College LLC	15664 Emerald Drive, Hugo, MN	US
S1-999731757	Macdonald, Hage and Welch	413 Edwards Street, Turpin, OK	US
S1-333537863	Physical Therapy Medicine of Lincoln	1323 96th Street, Lincoln, NE	US
S1-709075685	Horizon Tri-State Super Co	231 12th Street, Unit Apartment 4, Elmira Heights, NY	US
S1-117089500	Latta Green Comstock LLC	13242 Wall Triana Highway, Ardmore, AL	US
S1-543692413	Twisted Cafe	S670 Oak Hill Lane, Town Of Dellona, WI	US
S1-358954532	BM (india) Private Limited	Shop No. 15, First Floor, Umiya Market, Near Shivam Hall, Panchasar Road, Morvi, Rajkot, Gujarat	India
S1-721261623	Self Trading Private Limited	Thane, Maharashtra, Flat No. 1206 Vijay Galaxy Bldg No. -2 Vijay Nagari Ghodbunder Road	India
S1-4942139	Custom All Short LLC	2100 Rebsamen Park Road, Unit Apt 317, Little Rock, AR	US
S1-866398930	Namdhari Poly Private Limited	15, Pereira Street First Floor, Tuticorin, Thoothukudi, Tamil Nadu	India
S1-721917940	Shree & Brothers Corp	70/61, Bindhawasini Market Birla Mandir Road, Sabjibagh, Patna, Bihar	India
S1-817492488	Cas & Sons Private Limited	Tc 25/1437 (1), Kesava Builidings Ss Kovil Road, Thampanoor, Thiruvananthapuram, Trivandrum, Kerala	India
S1-879095301	Shyam Producer Private Limited	1E/103 Road No. 1E Patliputra Phulwari, Patna, Bihar	India
S1-373729992	Krishna Services Private Limited	Ist Floor, Krishna Market, 32, Kalkaji, Delhi, New Delhi	India
S1-956159401	Life Constructions Private Limited	Ground Floor, Kasturba Path, Ward No.23, North S K Puri, Near Jamuna Apartment, Phulwari, Patna, Bihar	India
S1-557824592	Quantium Precision LLC	17 Freeport Way, Boston, MA	US
S1-593544703	Green Construction Limited	C/O Anoop Kumar Gupta, Hata 2/16 Rail Bazar, Orai, Jalaun, Uttar Pradesh	India
S1-542489487	Urban Hair Studio!	1200 Covington Way, Unit Apt 1610, Conway, AR	US
S1-28707455	Ridge Corporation	5305 Old Court Road, Randallstown, MD	US
S1-872182593	East Infrastructure Private Limited	Iitm Incubation Cell, 03-1 A2 Third Floor, Iit Madras Reseach Park, Kanagam Road, T, Aramani, Chennai, Tamil Nadu	India
S1-182653240	Al Builders Private Limited	Bangalore, Thousands Lightappartmen, Karnataka, Flat No 303, Bangalore South	India
S1-114638959	Raghushree Avenues Private Limited	Bangalore, No. 33, 1St Main, 2Nd Floor, East Of Kathriguppe, Bsk Iii S Atge, Karnataka	India
S1-776283021	Prairie Diamond Energy LLC	1065 Buck Swamp Road, Goldsboro, NC	US
S1-224228982	Economic Development Charities	1832 Central Drive, Gary, IN	US
S1-304183995	Dalessandro Cornerstone Arbor Inc	1937 Elm Street, Albuquerque, NM	US
S1-517813890	Pediatric Rocky Care Associates LLC	100 Palisades Boulevard, Sleepy Hollow, NY	US
S1-287144171	Horizon LLC	2931 Dardanos Lane, Fresno, TX	US
S1-270866020	Primary Care Health of Patterson, LLC	126 Wendy Street, Patterson, AR	US
S1-299345317	Shree Foundation Private Limited	P.No.12, Keelavannarapettaai, Puthur, Tiruchirappalli, Tamil Nadu	India
S1-272511072	Baruni Air Private Limited	D-1/14, J.J Colony Wazirpur, Delhi, North Delhi, Delhi	India
S1-990815945	Do Capital LLC	1364 Forest Avenue, Busti, NY	US
S1-645164312	Desdemona Bernier, DMD	490 Kelly Hills Road, Sevierville, TN	US
S1-446381067	Vinita Green Solutions Inc	23251 Highway 2, Vinita, OK	US
S1-393447163	Wolverine (India) Specialised LLP	40 D-3 Hanspuram Hamirpur Road, Naubasta, Kanpur, Uttar Pradesh	India
S1-912274176	Office of Motor Vehicles	1132 Myrtle Avenue, Chesapeake City, VA	US
S1-854491548	Mathilda Woodley Alibaba	2337 Walsh Road, Megargel, TX	US
S1-803555394	Signature Clean For	421 Birchtree Lane, Fort Wayne, IN	US
S1-387087019	Royal Music Inc.	801 Holmes Street, Memphis, TN	US
S1-953118851	Paex Inc	WI, City Of La Crosse, 1132 Maple Street	US
S1-492219268	Alex Choice Oak	3020 Main Street, Unit B79, Mesa, AZ	US
S1-450375940	Eastern Management Private Limited	F-4 Datta Guru Apartment1787 E 1St Lane Rajarampuri, Kolhapur, Maharashtra	India
S1-581220967	India Poonam Bus Private Limited	South Delhi, B-633, Delhi, Ground Floor, Pocket-11, Janta Dda Flats, Jasola, New Delhi	India
S1-210370667	Raviam Mills Ltd	G-107, Sector-63, Noida, Gautam Buddha Nagar, Uttar Pradesh	India
S1-113170366	Mccaw & Neal Tankers LLC	108 Hazelwood Drive, Chagrin Falls, OH	US
S1-259008157	Indo Hitech Investments Private Limited	Kh No 57/2 And 3 Salempur, Gali No-3 Blk-D Pradhan Enclave Village, Delhi, North Delhi, Delhi	India
S1-310863018	Delta Foundation VI Inc	58 Mount Hope Street, Norwell, MA	US
S1-553056304	Peak Ligand Group	115 9 Street, Freeport, MN	US
S1-796414280	Western Tri-State Fields	1716 9th Street, Owensboro, KY	US
S1-387104046	Paterson and Watson	5626 Pinest, Houston, TX	US
S1-158871572	Galaxy Construction Limited	Flat No. 12, Manikprabhu Nagari, Tambe Bol, Opp. Omkareshwar Temple, 290, Shaniwar Peth, Pune, Maharashtra	India
S1-94790401	Real Energy LLP	3, Floor 1, Plot No 58, Goa Mansion, Dr Sunderlalbhai Marg, G.P.O, Mumbai, Maharashtra	India
S1-276669591	Arihant Logistics LLP	C/O Manik Chand Vill.- Paliya Post- Roohipur, Ghazipur, Uttar Pradesh	India
S1-657810501	Better Motor Inc	4200 Main Street, Dayton, OH	US
S1-924058278	Paper India Limited	196A, Tarachand Complex, Main Road Ramesh Market Garhi, East Of Kailash, New Delhi, Delhi	India
S1-192116742	Lucknow Ventures Pvt. Ltd.	1/1H.No-102, Vill. Hasemau Chinat, Lucknow, Uttar Pradesh	India
S1-526371318	Morganne Jones Quest	330 Priscilla Street, Bridgeport, CT	US
S1-641514684	Eye United Associates Associates	2340 Glenwood Drive, Twinsburg, OH	US
S1-98771610	RU Developers Private Limited	1360, Romano, Mahagun Mascot, Crossing Republic, Ghaziabad, Uttar Pradesh	India
S1-549307880	Graham Cbre LLC	VA, Emporia City, 124 Baker Street	US
S1-254241487	Great Platforms	2007 Brown Road, Albuquerque, NM	US
S1-932915735	Ambica Traders LLP	Maharashtra, Malad East, 114 -B Squatters Colony Chincholi Gate, Mumbai City	India
S1-766358011	Expedite Nursing Home	Sunshine Residency, Don Bosco Colony, Behind Goodrick School, Jyoti Nagar, Siliguri, Rajganj, Jalpaiguri, West Bengal	India
S1-245140455	Cybertech Markets (India) Private Limited	40/151, 1St Floor, K Tower, Ernakulam, Kerala	India
S1-184939694	Pediatric Physicians LLC	1207 Radcliff Road, Smithfield, KY	US
S1-679509341	Tyndall and Buford Grade	226 Marble View Drive, Kingston, TN	US
S1-187634864	Noriega Coinshares, Inc	19928 Turney Avenue, Buckeye, AZ	US
S1-17572808	Floyd Pacific Aviation Inc	106 Beech Street, Webb, NY	US
S1-489857550	International Amarjyot Overseas Pvt. Ltd.	601, Vinayak Angan, 93A, Old Prabhadevi Road Prabhadevi, Mumbai, Mumbai City, Maharashtra	India
S1-331087301	Rey Chin, Ph.D.	334 Nevada 51, Prescott, AR	US
S1-524853804	FO Investors LLC	5909 Half Moon Lane, Bldg 24, Galloway, OH	US
S1-893161143	Rama Works Public Limited	Officeno1061Stfloorneo, Corporateplazakanchpada, Malad West, Mumbai, Maharashtra	India
S1-386378436	Sky Infotech Pvt Ltd	#633, Sriharichitta 2Nd Main Road, Rbi Layout, Bengaluru, Bangalore, Karnataka	India
S1-260410083	Lighting Travel Pvt. Ltd.	8/44/A, Valiya Vila Veedu, Karikode, Tkmc Po, Kollam, Kerala	India
S1-286867610	Bauer, Chidester & Yuan Corporation	44 Fairfax Street, Somerville, MA	US
S1-686100928	Unified Gulf Construction, LLC	1961 Spears Run Drive, Concord, NC	US
S1-603410624	Economic Development Ministries IV	2543 K Street, Supply, NC	US
S1-276542910	Vidhi Engitech Private Limited	Plotno:4, Malhar, Lakeview, Ambazaridrive, Nearsubhashnagarsquare, Nagpur, Maharashtra	India
S1-177450365	Christal Humphrey Corporate	36527 Lighthouse Road, Selbyville, DE	US
S1-966193716	Future Services Private Limited	New Chankya Nagar, Mahmadpur Near Dr. Sangita Sinha, Nh 31, Begusarai, Bihar	India
S1-522454002	Environmental Network LLC	1525 Kathy, Fort Mohave, AZ	US
S1-326580755	Integrated Mortgage Brands P.C.	Angel Fire, NM, 16 Agua Fria Drive	US
S1-50224681	Culbertson Bdc LLC	308 Fm 144, Daingerfield, TX	US
S1-387920894	Behavioral Health Bay Clinic LP	129 Wesley Street, Mabscott, WV	US
S1-251971053	Fresh Printing Industries LLC	9621 Colerain Avenue, Cincinnati, OH	US
S1-794762701	American Piedmont Farms PLLC	1022 3rd Ave, IA, Council Bluffs	US
S1-807398678	New Life Church	13825 National Avenue, Unit Suite 103, City Of New Berlin, WI	US
S1-15499000	Setaa Therapies LP	112 Bright Springs Road, Shell Knob, MO	US
S1-234838390	Family Delta Partners	1823 Leath Street, Dallas, TX	US
S1-360852406	Integrated Health Union Corp	3007 Denise Drive, Benton, AR	US
S1-958675414	Wyatt, Marketa A., M.D., P.C.	623 Fairmont Street, Greensboro, NC	US
S1-278657322	Gonzalez Horse	8013 Spartan Drive, Youngstown, OH	US
S1-753222045	Aguiar Express LLC	2621 Mill Springs Pass, Fort Worth, TX	US
S1-938878263	BPV Diamond Neuberger Inc.	Cincinnati, OH, 1597 Clio Avenue	US
S1-528608535	Innovative Media LLC	11869 Snyder Church Road, Baltimore, OH	US
S1-469570478	Certified Biracilik Inc	Bremerton, WA, 1949 Wyoming Street	US
S1-451863687	Services Paschim Home Private Limited	401, Rajendra Enclave, Behind Sashi Complex, Exhibition Road, Phulwari, Patna, Bihar	India
S1-990224175	Horizon Coastal Vornado Inc.	4826 Marlo Way, WI, Town Of Grand Chute, Unit Apartment 25	US
S1-636542229	First (India) Storage Limited	C-2/39, Khasra No.- 402/268, 2Nd Floor, New Ashok Nagar, Near Govt Boys Sr. Sec., School, Delhi, East Delhi, Delhi	India
S1-752278816	National Materials Global	3337 Oselot Way, Rancho Cordova, CA	US
S1-970122992	Regional Complete Pacific LLC	1263 Mccutcheon Loop Road, Huntsville, AL	US
S1-101965355	Properties Badri Companyprivate Private Limited	1782/B Kailash Nagar, Delhi, East Delhi, Delhi	India
S1-926635389	Q & Q Four	13491 1300, Draper City (sl Co), UT	US
S1-831824604	Pediatric Dental Group of Louisville Inc	7902 Joyce Dr, Louisville, KY	US
S1-174578193	Health Institute Care	3454 Highway 76, Cottontown, TN	US
S1-11512951	Seven Industries Private Limited	Delhi, South Delhi, Sector A, Pocket B & C, Vasant Kunj, 917, New Delhi	India
S1-570615060	Peridance Securities	325 Jefferson Street, Roanoke City, VA	US
S1-307014189	Coy, Figueroa & Snyder Comstock	9008 Manor Oak Court, Charlotte, NC	US
S1-626659752	New Delhi Building Private Limited	331 Vardhman Fashion Mall Lsc Road No. 43 Pitampura, New Delhi, North West, Delhi	India
S1-108062699	Mcdonald Integrated Asia LLC	55 Dakota Street, Rochester, NY	US
S1-558414780	Electra's Biotech	240 5th Avenue, Unit 313, Columbus, OH	US
S1-243094632	Frontier Apex Builders LLC	MN, 3943 17th Avenue, Minneapolis	US
S1-719926013	Tech Industries LLP	Office No. - 326 Broadway Empire, Nr Akshar Pavilion, Priya Cinema Road, Vadodara, Gujarat	India
S1-77655921	Consultancy Jeenmata Park Limited	Kachhua, Pupri, Sitamarhi, Bihar	India
S1-447862549	Medina & Aguilar Seneca Inc	7468 5810, West Jordan City, UT	US
S1-112224808	Chiropractic Reliable Health LLC	313 Xavier Drive, Garland, TX	US
S1-877883823	Miranda's Couriers	13610 Sandpebble Chase, Houston, TX	US
S1-931194248	Maurine Sanchez United Fact Inc	37 Country Hills Drive, Newark, DE	US
S1-204673227	Annabal's Safe Seafood	58112 203, Union, OR	US
S1-597554037	NEC Truist Inc	128 Blossom Street, Lake Jackson, TX	US
S1-876270600	Neo Tex Company	C/O Bijalaraja, No.2, Mayura Nagara, Behind Sheshadri Puram College, Tumkur, Karnataka	India
S1-951485777	Certified Metlife LLC	187 Hidden Hills Lane, Giles County, VA	US
S1-757655047	Pleasant It	K B Complex, Mehsana, Dairy Road, B/4, Gujarat	India
S1-529103679	Vision Patriot Health LLC	2806 Piedmont Drive, Sanford, NC	US
S1-367113067	Younger and Montoya Inc	135 West Avenue, Great Barrington, MA	US
S1-974203163	Valley Prime Rexford LLC	TN, Lynchburg, 1477 Main Street	US
S1-151529167	Revkah Bunn, DO, DDS PC	120 Baxley Street, Dothan, AL	US
S1-601798128	XBL Kpet Inc.	5416 Mona Way, Sacramento, CA	US
S1-334532143	Chiropractic Health LLC	886 Cofco Center Court, Unit 1015, Phoenix, AZ	US
S1-19646994	Ghaziabad Systems Pvt. Ltd.	636-D, Regel, Shipra Sun City Indirapuram, Ghaziabad, Uttar Pradesh	India
S1-986723656	Classic Marketing Limited	A-116 Backside Of Post Office, Adarsh Colony, Sumerpur, Pali, Rajasthan	India
S1-941270062	Zelda D. Schwier, M.D.	20 Benson Street, Unit Unit 1, West Haverstraw, NY	US
S1-894354858	Aditika Fertilizers Pvt. Ltd.	Plot No. 45, Dhantoli, Nagpur, Maharashtra	India
S1-153282443	National Pioneer Fashion	808 North Drive, Hopkinsville, KY	US
S1-252721685	Surgical Care Inc.	575 Branstetter Lane, Redding, CA	US
S1-366560720	Baker & Reed	7215 Wendover Drive, District Heights, MD	US
S1-325907878	XBQ Power Company	H No 0-8 Second Floor Batla House, Jamia Nagar, New Delhi, South Delhi, Delhi	India
S1-245741844	South Balaji Trading Private Limited	B-62 Hill View Appttvasant Vihar, New Delhi, South West, Delhi	India
S1-571154778	Advanced Restaurants, LLC	15518 Marshfield Avenue, Harvey, IL	US
S1-479473984	Cure Pub LLC	1008 Kings Highway, Unit 2019, Lewes, DE	US
S1-166710161	JA Cascade Energy LLC	3207 90th Lane, Phoenix, AZ	US
S1-880264430	N 9 Green Impact LP	Mooresville, NC, 137 Longford Way	US
S1-329858759	Galaxy Industries Private Limited	Sitaramji Vyas, 46/1, Chhatripura Meen, 5 Ax 30 E, Mpire Hpl, Indore, Madhya Pradesh	India
S1-25301706	Hitech Technology Private Limited	Shop No-313, The Pacific, Plot-299, Sector-13, Shilp Chowk, Kharghar, Raigarh, Maharashtra	India
S1-151963642	Ashra Advisors (India) Pvt. Ltd.	Gandhi Mansion New Silkbazar Bomanji Masger Rd, Mumbai, Maharashtra	India
S1-5300269	Karm Refinery Private Limited	D-1/5-7, Mg Complex, New Alaknanda Chs, Sec 14, Thane, Maharashtra	India
S1-46847868	Frontier Blockchain LLC	380 Homer Corriher Road, China Grove, NC	US
S1-406545790	New Delhi Hotels Private Limited	G-101, Second Floor Saket, New Delhi, South Delhi, Delhi	India
S1-517357558	Fresh Choice Galaxy	2125 4th Street, Unit 517, Washington, DC	US
S1-322990538	Creative Materials Labs	Loves Park, IL, 12431 Ayrshire, Unit 0	US
S1-767903908	Raya & Ward LLC	6225 Aberdeen Avenue, Goleta, CA	US
S1-934321504	Bovue Onfolio	246 Robin Lane, Wood Dale, IL	US
S1-698965240	LD Laxminarayan Private Limited	C-5A/216 Janak Puri, New Delhi, West Delhi, Delhi	India
S1-814115028	Dental First Medicine Partners	200 Paul Huff Parkway, Unit 412, Cleveland, TN	US
S1-685670497	Zheng Apex Energia PC	604 Oak Street, Checotah, OK	US
S1-206439171	Housing Coalition	2026 Sam Houston Drive, Garland, TX	US
S1-607479914	Fein Holdings Group Corp	9999 Missouri Avenue, Unit 261, Phoenix, AZ	US
S1-819373507	Dhule Trading Private Limited	Gat.No.-236, Shirdhane Pra. Ner, Dhule, Maharashtra	India
S1-833492147	Krishna Properties Limited	Kanadal Street, Near Water Tank, Kote, Chikmagalur, Chickmagalur, Karnataka	India
S1-761063726	Olympic Ventures	4-5 Navratna Flora Complex, Girwa, Udaipur, Rajasthan	India
S1-485381469	First Public School	No. 308, Devi Narayana Flats, 24-27, Rameswaram Road, T. Nagar, Chennai, Tamil Nadu	India
S1-318204814	Rocky Dynamics Inc	3736 24th Avenue, Minneapolis, MN	US
S1-268195297	Secure Security LLC	Springfield, OR, 1014 Quinalt Street	US
S1-476586495	Brown, Gann and Cormier LLC	8624 50th Street, Town Of Howard, WI	US
S1-731286723	Mateo Runway Inc	16379 E Preserve Loop, Unit UNIT 1919, Chino, CA	US
S1-951574848	East Care Private Limited	B-3, Cellar, Kalapurnam, Nr. Municipal Market, C.G. Road, Navrangpura, Ahmedabad, Gujarat	India
S1-641504966	Ram Products Private Limited	Rajendra Nagar Rafi Nagar Mankapur, Gonda, Uttar Pradesh	India
S1-297871294	Narayan Horti LLP	A/01 Sanay Landmark, Nr Neelkanth Villa, Gandhinagar, Ahmedabad, Gujarat	India
S1-993893530	Lyrent Audio Installation Inc	7725 Lower Buckeye Rd, Unit 3058, Phoenix, AZ	US
S1-563462430	Pune City Care Pvt. Ltd.	Maharashtra, Pune, Pune City, 4Th Floor, Range Hill Road, Shivajinagar, V B Capitol	India
S1-18661705	Clear Texas LLC	5445 Oak Ridge Drive, Jasper, IN	US
S1-471842925	BL Space Private Limited	Office No A 1502, 15Th Floor, O2 Commercial Premises, Opp Asha Nagar, Block Sector, Mulund - West, Mumbai, Maharashtra	India
S1-303793850	Legal Development (India) Limited	Udumalaipettai, Coimbatore, Senjeri Malai Road, 3A, Tamil Nadu	India
S1-619349944	Caify	Durham, 7405 Farrington Road, NC	US
S1-637315714	YJ American LLC	City Of Beloit, WI, 228 Saint Lawrence Avenue	US
S1-434993324	Jai Clinic	Gautam Buddha Nagar, Ground Floor, Sector-10, Noida, Uttar Pradesh, D-57	India
S1-550665321	Esvee & Partners	H No 2, Mahakali Ngr, Bhd, Teapost, Nr Krishnamandir, Gondal, Rajkot, Gujarat	India
S1-909241512	Lotus Finance Private Limited	Plot No. 107, Dwarka Puri Ram Nagria, Jagatpura, Jaipur, Rajasthan	India
S1-920943504	Agile Pivot Pvt Ltd	5 Churchgate Mansionsitaram Doera Marg Churchgate, Mumbai, Maharashtra	India
S1-348470951	Red Marketing Pvt Ltd	The Estate, No 403 121, Dickenson Road, Bangalore, Karnataka	India
S1-758321657	Silver International Private Limited	164/23, Pallivilayil Veedu, Thattamala.P.O, Kollam, Kerala	India
S1-954106727	Equinox PLLC	10500 Indiana Avenue, Chicago, IL	US
S1-111022878	Urology Signature Center Inc.	3553 Mountain View Lane, Baneberry, TN	US
S1-253705153	Marketa G. Dukes, CPA	5228 Overlook Circle, Hoover, AL	US
S1-77420932	Rivera Summit Sumitomo, LLC	20742 Misty Crossing Lane, Spring, TX	US
S1-993547632	Mountain Modern Enterprises	6230 Haven Avenue, Unit UNIT 77, Rancho Cucamonga, CA	US
S1-2504663	Seven Consultancy Private Limited	H.No.6-6-19, Plot No.21 Adarsha Colony, Ramnagar, Anantapur, Andhra Pradesh	India
S1-417249246	Brite India (India) Private Limited	Malad (W), Maharashtra, Mumbai, Eureka Towers, B Wing, Mindspace, Link Road, 304	India
S1-942514353	Foot & Ankle Clear Health	283 Elmwood Drive, Berea, OH	US
S1-547610001	Rev It Up Ice Cream	10839 Nashville Drive, Flint, TX	US
S1-108945605	Magnusson, Hancock & Ellis Brokerage Inc	11723 Canyon Breeze Drive, Tomball, TX	US
S1-656697983	Veor LLC	212 Crest Road, Wilmington, DE	US
S1-595923397	Balaji Silver Ventures Private Limited	Sonaura, Rewa, Madhya Pradesh	India
S1-573620079	Ashu Capital Private Limited	H No16/3F, Laxmi Nagar, Khopoli, Tal Karjat, Khalapur, Raigarh(Mh), Maharashtra	India
S1-23744517	Developers Vibhuti Food Private Limited	353, S V Patel Road, Centre Street Camp, Pune, Maharashtra	India
S1-994666685	Craig and Pavlovic	327 Granite Street, Ashland, OR	US
S1-36449354	Pioneer Alpha LLC	245 Lake Shore Drive, Pleasant Valley, NY	US
S1-853233323	Hari Lotus Foods Limited	D.No 4-183Plotno98 (Upper Floor)Block No4 Beside Mithri Nagar, Jillelaguda, Saroor, Hyderabad, Rangareddy, Telangana	India
S1-961660285	Wirth, Boone and Flowers LLC	Unit #N, 4717 Parkview Drive, Lake Oswego, OR	US
S1-34199188	King India Private Limited	D-133Batala Aparments 43 I P Extn Patparganj, Delhi, East Delhi, Delhi	India
S1-900911947	One Life Services Private Limited	516, Lig, Sector-10, Avas Vikas Colony Sikandra, Agra, Uttar Pradesh	India
S1-878140918	Kridha Home Private Limited	L-504, Prateek Wisteria Plot No. Gh-001, Sector-77, Noida, Gautam Buddha Nagar, Uttar Pradesh	India
S1-938577079	Drumm, Lehman and Ortega Jewelers	Unit 214, Washington, 3802 14th Street, DC	US
S1-762302121	Lila Meador, MD	680 Embought Road, Catskill, NY	US
S1-191201377	Zenith LLC	19749 Glover Drive, Conroe, TX	US
S1-768612134	Memorial Fellowship	Springfield, 2528 Mccann Avenue, MO	US
S1-329403233	Indo Properties Private Limited	Flat No -302, 3Rd Floor, Swetha Homes, Green Hills Colony, Saroor Nagar, Hyderabad, Rangareddy, Telangana	India
S1-524046847	Commander Drugs	9010 Essex Avenue, Chicago, IL	US
S1-453028925	Holy Baptist Church	2912 Aspen Point Court, Conroe, TX	US
S1-665124170	Kevue Partners LLC	9840 Peters Ranch Way, Elk Grove, CA	US
S1-264764963	Chan, Derksen and Schauer Mortgage L.L.C.	609 Lake Street, Middletown, DE	US
S1-641779989	Gold Healthcare Private Limited	Mahindra Towers, 5Th Floor Worli, Mumbai, Mumbai City, Maharashtra	India
S1-261785622	Arunesh Farmer	Thrissur, Kerala, Chavakkad, Attupuram, Punnayurkulam, Thrissur, Chavakkad, Kerala, India, 10/280	India
S1-592054873	Parker & Amerson Alternative LLC	1335 Fox Den Trail, Canfield, OH	US
S1-841985617	Hs Platforms Private Limited	C/O Dhanjai Singh, Mijhoura Paraspur, Gonda, Uttar Pradesh	India
S1-875161493	Maa Investments LLP	Jff 03 Ashray Resisdency Near Pandit Din Dayal School Tp-13 Chhani Jakat Naka, Vadodara, Gujarat	India
S1-959584857	North Systems Private Limited	C 113, Samta Enclave Qutub Vihar, Phase - 1, New Delhi, Central Delhi, Delhi	India
S1-211540192	NGG India	C 50 Gallops Industrial Estate Nr Meldi Mata Mandir Vasna Chacharavadi, Ahmedabad, Gujarat	India
S1-177935630	Silver Construction Laboratories Inc	807 Harding Avenue, Johnson City, TN	US
S1-539156207	Acero Bricks Private Limited	H. No. 40, Hasanpur Village, Ip Extension, Near Hasanpur Depot, New Delhi, Delhi	India
S1-720795370	Arkay Foundation Private Limited	C/O- Vikash Kumar Prasad, Tola-Baruna, Panch-Baruna, Dumraon, Buxar, Bihar	India
S1-88851929	Federal Ministries	3201 U Street, Antelope, CA	US
S1-7740191	United Technology Pvt Ltd	At Wadhamna ( Takiya), Amravati Road Tahsil, Hingna, Nagpur, Maharashtra	India
S1-480299344	W Z & V Hotels Corp	8255 Clarence Center Road, Clarence, NY	US
S1-397399956	Seven Food Private Limited	Thannipoika Veedu Near Unity House, Chittazha, Vattappara, Thiruvananthapuram, Trivandrum, Kerala	India
S1-877612429	Crafty Innovative Pvt Ltd	Plot No:17, D.No.1-13-8/2 Sbi Colony, Pedawaltair, Visakhapatnam, Vishakhapatnam, Andhra Pradesh	India
S1-276331389	Pearl Robles, M.D., P.C. Group	809 Allen Avenue, Edna, TX	US
S1-593637832	Body Crop Pvt. Ltd.	H N0- H 612 A, Parshavnath Prestige Sector 93 A, Noida, Gautam Buddha Nagar, Uttar Pradesh	India
S1-464893807	Ettie Hernandez Pinnacle Innovations	3355 Bainbridge Avenue, Bronx, NY	US
S1-919925336	Modern Atlanta	231 Center Street, Richfield City, UT	US
S1-983604699	SPQ India Private Limited	Monada 15, Marbella Villas, Sector 66, Badshahpur, Badshahpur, Gurgaon, Haryana	India
S1-156761907	Legacy Security Union	325 Alexander Street, Unit Unit 22, Rochester, NY	US
S1-598916156	Square Consultancy Private Limited	B-414, 4Th Floor, Shalin, Square, Opp. Viva Farm, Daskroi, Ahmedabad, Gujarat	India
S1-2506251	Smart Diagnostic Services Inc	425 725, Howe, IN	US
S1-74255467	Betsey Jenkins Ace Figx	401 197th Street, Normandy Park, WA	US
S1-321363078	Gl Nirman Private Limited	Plot No. F-7 And F-7/1, Additional Midc Area, Phase-Ii, Jalna, Maharashtra	India
S1-70302602	Saraswati Enterprise Private Limited	No.203, Safah Eminence, 8-2-309/7/5, Road No.14, Khairatabad, Hyderabad, Telangana	India
S1-524155212	PS Webster LLC	715 -2 16th Street, Virginia Beach City, VA	US
S1-775662485	Coastal Institute of Technology	47 Mesa Road, Springfield, IL	US
S1-485747521	Jai Logistics Limited	Janseva 759/55-B Deccangymkhana, Pune, Maharashtra	India
S1-316455239	Proudfoot Science LLC	844 Mimosa Drive, Garland, TX	US
S1-399312601	Balajee India Private Limited	House No. 45, Block-Bm Shalimar Bagh West, Delhi, North West, Delhi	India
S1-377559236	Guru Healthcare Private Limited	House No. 543-R, Model Town Near Sawan Park, Panipat, Haryana	India
S1-894229994	Abm Trading Limited	706, B Wing, Maruti Paradise, Sector 15, Belapur, Navi Mumbai, Thane, Maharashtra	India
S1-198388492	Danielle Gervais Canary	MO, Fair Grove, 4140 Farm Road 44	US
S1-16287489	Mahima & Sons Pvt Ltd	D-0204, Mittal Niwas, Uttorayon Township, P.O. Matigara, Siliguri, West Bengal	India
S1-417325540	Dacey Trujillo Midland Inc	3340 62nd Street, Sacramento, CA	US
S1-300458704	Hosur Realtors Limited	Flat No. 101, First Floor, Dhanshree Tower-Ii, Central Spine, Vidyadhar Nagar, Jaipur, Rajasthan	India
S1-648190935	Hitech Products Private Limited	Plot No 1 Khasra No 54 Mohammad Khatri, Kalyanpur, Lucknow, Uttar Pradesh	India
S1-141277353	Kisaan Trading Pvt Ltd	16/1A, Abdul Hamid Street, Ground Floor, British Indian Street, Near Dewar Garage, Kolkata, Kolkata, Howrah, West Bengal	India
S1-983227298	Phu Constellation of Rialto Inc	534 Randall Avenue, Rialto, CA	US
S1-392593207	NZF Solutions Pvt Ltd	Laxmibai Road, Laxmibai Chowk, Sion W, Plot - 29 A, Maharashtra, Mumbai City, Mumbai	India
S1-70466117	Amita Consultancy Private Limited	Chennai, 7Th Floor Anna Salai, Tamil Nadu, Old No.313 New No.455 B No 75, Chennai	India
S1-941367837	Aurova Esports Inc	1520 Hammel Road, Fl 1, Eagle Point, OR	US
S1-561790265	Fry Montage Associates	323 Kimberlin Street, Troy, IL	US
S1-73645427	KB Noble LP	2125 Pinehurst Lane, Unit 1030, Mesquite, TX	US
S1-492497653	Super Rubber Private Limited	Plot No.5, Gat No .53/1, Prabhat Nagr Bhavsingpura, Gangapur, Aurangabad, Maharashtra	India
S1-3697724	Cobalt Muniholdings Inc.	MA, New Bedford, 39 Hussey Street	US
S1-520603414	Quality Textile Union	35 Hawthorn Street, Mountain View Town, WY	US
S1-810059317	1665 Seventh Boulevard Partners LLC	1101 Clendenin Street, Baltimore, MD	US
S1-391175893	Hafer & Fortune Automobile LLC	121 Buckden Place, Cary, NC	US
S1-285456116	Gold Agro Pvt Ltd	23/13 Gariahat Road 2Nd Floor, Kolkata, Calcutta, West Bengal	India
S1-239714763	XG Estate Private Limited	353, 2Nd Floor Teliwara, Shahdara, Delhi, East Delhi, Delhi	India
S1-603546113	Better Plumbing LLC	1108 Marshall Avenue, City Of Green Bay, WI	US
S1-177001121	Jeffcoat Pinnacle Suisse Inc.	Deep Run, NC, 2503 Eric Sparrow Road	US
S1-149531052	Pallipalayam Nath Private Limited	D.No.3-497/23, Palikadu Thottam, Vediyarasampalayam, Agraharam(Po), Pallipalayam, Erode, Tamil Nadu	India
S1-995956858	Swastik Healthcare Private Limited	0, Dubey Compound, Mainpuri, Uttar Pradesh	India
S1-165934084	Haveli Strategy	Sr 79/2/1, Flat No.1 Ground Floor Rajashri Apartment, Nilgiri Lane, Near Nexa Showroom, Baner Road, Haveli, Pune, Maharashtra	India
S1-620678354	Bureau of Parks and Recreation	1161 Boxwood Drive, Crystal Lake, IL	US
S1-663634807	Angel Nuts Private Limited	206 A 21St Century Business Center Ring Road, Surat, Gujarat	India
S1-71095493	Integrated Elite Managed Inc	12107 Cedar Gap Lane, Houston, TX	US
S1-25085578	Seeley Capital Vine, LLC	171 County Road 486, Troy, TX	US
S1-367810831	Ss Academy	1St Floor, Plot No. R.P-143, Bhubaneswar, Khordha, Orissa	India
S1-331654343	Sarasansh Opinion Private Limited	68, Ratlam, Tit Road, Ratlam, Ratlam, Madhya Pradesh	India
S1-18573707	Vision Finance Private Limited	No 50, C Block, Anandanagar, Mysore, Karnataka	India
S1-565256950	Associates International Private Limited	Mumbai, Sai Sadan Chs Ltd, Ashok Chakravarti Road, Maharashtra, 601, Kandivali East	India
S1-469471398	Hamilton Dental Associates LLC	330 Wareham Road, Unit 101, Marion, MA	US
S1-359477150	Sai Tech Private Limited	Motha Mundalvad, Akrani, Platpaakranida Daulapada, Dhadgaon, Nandurbar, Maharashtra	India
S1-471830296	Foundation Transit Foundation Group	3 No. Gate, Mitra Nagar, Debirpara, Chamrail, Howrah, West Bengal	India
S1-400552333	Monarch Welfare Society	C/O Kanti Sharma, Ward No-, 2, Sahu Colony, Po-M.I.T., Bandra, Muzaffarpur, Bihar	India
S1-338799385	Guerrero, Mcwilliams and Keeton LLC	579 Ross Lane, Winfield, TN	US
S1-301977987	Vaneck, Trott and Robinson Investments	525 Bryan Street, Salem, IL	US
S1-818248361	Johnson Sterling Airlines LLC	459 Northridge Drive, Unit 46, Lewisburg, WV	US
S1-103197047	Miles Cap	8108 Bletzer Road, Dundalk, MD	US
S1-591754048	SU Financiers Limited	Ii 100 Ft Road, Achole, Flat No. 702 Bldg 4 Rashmi Req Ency, Thane, Vasai, Maharashtra	India
S1-441100629	Prior, Vanhouten and Alexander Center	1457 73rd Street, Chicago, IL	US
S1-533565137	Real & Co Corp	Flat 201, Sovereign 3, Vatika City, Sector 49, Gurgaon, Haryana	India
S1-988103132	Dental Care, LLC	201 Creek Road, Busti, NY	US
S1-864148735	Sandpiper Seva Samiti	S. No 146 & 170, Pristine Square Gala 306 B Off Mumbai Bangalore Highway, Wakad, Pune, Maharashtra	India
S1-811945582	Mumbai Electronics LLP	509 Durga Chambers, Veera Desai Road Near Yashraj Studios, Andheri(West), Mumbai, Mumbai City, Maharashtra	India
S1-806767046	United Sunrise Marketing Private Limited	Office No. 1E, B3, The Cerebrum It Park, 2Nd Floor Srno 13 B123And 14, Kalyani Nagar, Wad, Gaon Sheri, Pune, Maharashtra	India
S1-591545615	Percept Jyoti Private Limited	Gali No. 2, Parmarth Colony, Begu Road, Sirsa, Haryana	India
S1-645512058	West Electro (India) Pvt Ltd	2/128, Plot 465, 2, Khimji Nagji Chawal, Lower Parel (W), Mumbai, Mumbai City, Maharashtra	India
S1-266886524	Cozy Bike Shop	242 200, Unit 1, Kaysville, UT	US
S1-798644882	Vision National Center, Inc	5432 Janet Avenue, Fl 0, Saint Louis, MO	US
S1-642406641	MJM (india)	13 Ground Floor Suman Citysector Ii, Gandhinagar, Gandhi Nagar, Gujarat	India
S1-773694076	India Gc Structure Private Limited	Quthbullapur Mandal, Hyderabad, Tvp Tower Survey No 93/U And 93/B, Telangana, Pet Basheerabad Village Quthbullapur Mandal	India
S1-729926568	Helion Developers Co	Plot No 42/A Sr. No 64 Ne, St Colony N-2 Aurangabad, Aurangabad, Maharashtra	India
S1-568261869	Green Rubber LLP	Haryana, Faridabad, Shop No G-47 Sectir-11 Dlf	India
S1-399684344	Waiters Petroleum LLC	Unit Unit B, AZ, 810 Mingus Avenue, Cottonwood	US
S1-726876	Bright Shiv Infotech Pvt Ltd	T-63, West Patel Nagar, New Delhi, West Delhi, Delhi	India
S1-91973545	Kanna Consultancy Private Limited	Hno 19 Sawjanya Nagar, Balaji Nagar Aurangabad, Aurangabad, Maharashtra	India
S1-858304105	Fanchon English Empire Independence	1255 Tulsa Street, Unit Apt 22A, Siloam Springs, AR	US
S1-802041304	Deep Trading Limited	Wz -182, New Delhi, Delhi, Gali No.2 Lajwanti Garden	India
S1-991274072	Legacy Supply Holdings	16819 261st Street, Covington, WA	US
S1-200923250	Star Healthcare Private Limited	D 118, Ansha Industrial Estate Saki Vihar Road, Andheri (East), Mumbai, Maharashtra	India
S1-975510516	Regional Federal Bain LLC	12800 Marina Way, Unit B31, Portland, OR	US
S1-768507571	Utsav Services LLP	Ground Floor, Primus Building, Door No. Sp 7A, Sidco Industrial Estate, Chennai City Corporation, Chennai, Tamil Nadu	India
S1-130299768	Cook Institute of Technology LLC	608 Masters Court, Whitefish, MT	US
S1-231032686	Eye Partners of Charlotte LLC	215 Rhyne Road, Unit 2202, Charlotte, NC	US
S1-530833472	Gas Knowledge-Mumbai	208, Malwa Industrial Chs, L B S Marg, Opp Shreyas Theatre, Ghatkopar West, Mumbai, Mumbai, Maharashtra	India
S1-929222141	28 5 Cable Inc	24 Madison Lane, Red Lodge, MT	US
S1-305273872	Pediatric Dental Physicians of Baltimore Inc	4334 Charles Street, Baltimore, MD	US
S1-856040263	Miranda Dynamic Chase LLC	18239 Redding Rancheria Road, Redding, CA	US
S1-204148555	Cornerstone Media Products Inc	342 21st Street, Fargo, ND	US
S1-351007182	Ridgeline	210 Flagship Way, Unit 1404, Knoxville, TN	US
S1-261787025	Sela's Allied Wireless	507 31, Montezuma, NY	US
S1-60506259	Reliable Transit Group	13724 Dublin Drive, Homer Glen, IL	US
S1-755984649	Feva Centers	44 Eagle Crest Drive, Unit #41, Lake Oswego, OR	US
S1-788918107	Vincent College LLC	26200 Hill And Dale Avenue, Splendora, TX	US
S1-232318121	Delhi Travel Private Limited	House No. 27 Landmark Near Kohat Metro Station, Vaishali Enclave Pitampura New Delhi, Delhi, North West Delhi, Delhi	India
S1-242513218	Cao Tge P.C.	St. George City, 837 High Plains Avenue, LA	US
S1-346954751	Farm Brothers Private Limited	Plot No 563, Roadno 31Jubliee Hills, Hyd-33, Telangana	India
S1-11463188	Olanis Ftai Inc	187 Vine Street, Henry, TN	US
S1-917085075	Di's Health	1106 Jackson Avenue, Monticello, AR	US
S1-970860111	Great Global Financial LP	Vevay, IN, 112 Main Street	US
S1-36246604	Aries Clinic	3/11 Gandhi Gram, Kanpur, Uttar Pradesh	India
S1-189351891	Physical Therapy Care of Houston LLC	1639 Donovan Street, Houston, TX	US
S1-860405512	Houston's Holdings	80 Harpers Mill Way, Lovettsville Town, VA	US
S1-383769509	Behavioral Health Specialists	1141 Tarboro Street, Rocky Mount, NC	US
S1-438859506	United Industries Private Limited	No 58, Madurai Road Jail Street, Near Palace Theatre, Trichy, Tiruchirappalli, Tamil Nadu	India
S1-189939664	Pioneer Healthcare Private Limited	301, 3Rd Floor, Cresent Tower, New Link Road, Opp. Infinity Mall, Andheri (W), Mumbai, Maharashtra	India
S1-968522968	Ferdinanda Leach Doubleline LLC	2506 35th Street, Ankeny, IA	US
S1-443676791	Ridge Institute	1295 Airport Lane, Bessemer, AL	US
S1-83191815	Snyder & Zuniga, LLC	301 Main Street, Unit 38, Layton, UT	US
S1-37470060	Womens Health Associates Inc.	3348 Starview Drive, Bend, OR	US
S1-357379595	Lireia	UT, 2017 Wheeler Lane, Heber City	US
S1-37337822	Andreas Harbor Armada, Inc.	639 Acker Place, Washington, DC	US
S1-679953114	Lion Trading Private Limited	Bihar, Bara Chakiya, East Champaran, P.O. - Bara Chakiya Sahebganj Road, Vill.-Kuanwa	India
S1-385468358	Zephyr Arrow LLC	901 Nature Walk Boulevard, Huntsville, AL	US
S1-943946564	Federal Metro Inc	6025 Lawrence Street, Tacoma, WA	US
S1-157851037	Mellisa Bennett Mines	4402 Brenta Mountain Lane, Katy, TX	US
S1-167700166	Meadows Sangh	Sr No 41/12, T1, Fl No 1301 Konark Virtue, Pune City, Pune, Maharashtra	India
S1-175987310	Bharat Construction Private Limited	Plot No 135, 16-11-16/1/21, Sripuram Colony, Malakpet, Hyderabad, Telangana	India
S1-499893677	Ananta Mills Pvt Ltd	C/O-Ram Binay Singh, Plot No 2463, Mahuabagh, Rupaspur Patna, Phulwari, Patna, Bihar	India
S1-974778782	Teri Gogan Quality Lodging LLC	3523 Green Hills Road, Rocky Mount, NC	US
S1-62798981	Express Apparels Limited	Flat No. F/4, Plot No. 27, 28 Pandey Layout, Khamla, Nagpur, Maharashtra	India
S1-648385603	Bright Auto Body	398 Forest Mountain Drive, Wetumpka, AL	US
S1-5821078	Vanguard Network Associates Center	Cincinnati, 11707 Lebanon Road, OH	US
S1-143248675	Staci G. Judge, Esq., PC	14400 89th Street, Otsego, MN	US
S1-683804255	Sun Technology Private Limited	Near Happy Home Tower Ankur Colony Adarsh Nagar Makronia, Sagar, Madhya Pradesh	India
S1-351063187	Compass Inc.	24 Glendale Road, West Stockbridge, MA	US
S1-982910397	Senger Sony	15251 30th Place, Phoenix, AZ	US
S1-15629137	Bowling, Ricks and Parks Brown LLC	5123 Poff Road, Martinsville, IN	US
S1-762721069	Seven Producer Private Limited	B-15/3, Mitha Nagar, Goregaon, Mumbai, Mumbai City, Maharashtra	India
S1-879793496	Well Trading Private Limited	Near 33 Kv S Stn Sec, Rewari, Haryana, 10, Uttam Nagar, Rewari	India
S1-973361251	Harris Capital Inc	2619 Oregon Street, Evansville, IN	US
S1-231227819	Rios's Unified Deli	1708 121st Avenue, Unit Apartment 6, Coon Rapids, MN	US
S1-934547015	1141 Sunset St Properties	24197 Maya Street, TX, San Benito	US
S1-271449739	Phebe Steward Consulting LLC	499 Rorick Hollow Road, Erin, NY	US
S1-247387785	Trim Management Ltd	Units No. 1B & 3B, Type 1, Industrial Estate (Apiic), Kukatpally, Hyderabad, Telangana	India
S1-765821173	Hisar Research Private Limited	Godown No 29, Talwandi Rana, Barwala Road, Hisar, Hisar, Haryana	India
S1-399750025	Maryl Wipf, DDS, P.C.	16311 Cooks Mill Road, New Kent County, VA	US
S1-624984457	Ryan International School Pvt. Ltd.	2Nd Floor, Agarwal Estate Building Near Kamla Cabin, Midnapore(West), Kharagpur, Midnapore, West Bengal	India
S1-541576983	Ace Energy Corporation	102 Kendrick Road, Wakefield, MA	US
S1-346834425	Shree (India) Vishnu Limited	P No 201, H.No: 5-20, Swathi Residency Budda Nagar Peerzadiguda, Hyderabad, Telangana	India
S1-528621340	Liberty Direct Cleaning Service, LLC	11428 Forest Avenue, Bldg 7, Clive, IA	US
S1-470707565	Empire Generating LLC	4423 Lamon Avenue, Chicago, IL	US
S1-557887046	Grand Electric Inc	3326 23rd Terrace, Topeka, KS	US
S1-666014936	Lapham Regional Therapies	1 Anchorage Way, Unit Apartment 1104, Freeport, NY	US
S1-484717995	Abs Brothers Private Limited	No.116/1, 11 Cross West Of, Chord Road Nagapura, Bangalore North, Bangalore, Karnataka	India
S1-119204111	Atlantic Business Laboratories	UT, 210 300, Salt Lake City, Unit 309	US
S1-595597172	Alisun Schroeder Indigo LLC	501 Ash Avenue, Kenai Peninsula Borough, AK	US
S1-8731937	One Finance Private Limited	9-1-164/A, 165 & 166, Sd Road, Secunderabad, Hyderabad, Telangana	India
S1-212022227	Creative Consulting	37/169 A1 V K Tower, Changampuzha Nagar P O, South Kalamassery, Thrissur, Kerala	India
S1-114782937	Metro Ridge Lending LLC	73 Oak Meadow Lane, NC, Angier	US
S1-873545920	Hotel Healthcare Private Limited	H.No.14/W Part, Sri Balajai Nagar, Peerzadiguda, Uppal, Hyderabad, Telangana	India
S1-18287734	Madyne LLC	21 Corinne Drive, Tolland, CT	US
S1-580158544	Bright Management	C-126 Anand Niketan, New Delhi, South Delhi, Delhi	India
S1-195716874	Ulrikaumeko's Sciences	2016 Kinsman Road, North Bloomfield, OH	US
S1-123954374	Castro Games LLC	170 Kirkwall Lane, Selma, NC	US
S1-367040159	YZ Total Atlanta LLC	112 B Street, Inola, OK	US
S1-390017311	First Global Private Limited	207, Ratnam Heights-2, Besids Siddharth Cube, New Vip Road, Vadodara, Gujarat	India
S1-827313041	Clear Wholesale Products P.C.	63544 Liberty Road, Joseph, OR	US
S1-737024038	Parker Dynamic Machine Works	3 Solar Circle, Unit APARTMENT H, Parkville, MD	US
S1-466918733	Secure Reliable Meshflow	Capitol Heights, MD, Unit 101, 1411 Elkwood Lane	US
S1-377638765	Valley Fellowship, LLC	4754 Mcconnell Center Drive, Unit A, Greensboro, NC	US
S1-539719914	Rockshine (india) Pvt Ltd	Maharashtra, Koregaon Road, Atur Park, Bldg 2, Fl No 1, Pune City, 5, Pune	India
S1-850473881	Preksha Industrial	305-306, 3Rd Floor, Krishna Commercial Centre, Sindhi Camp Road, Lunsikui, Navsari, Gujarat	India
S1-427144885	Mid Foundation Pvt Ltd	Flat No 1001, Gundecha Symphony, Wing B, Cts No 737/8/4, Veera Desai Rd, Andheri(W), Mumbai, Mumbai City, Maharashtra	India
S1-826775620	Thrissur Infratech Pvt Ltd	Thrissur, Building No : 3/294, Vadakkumuri Varandarapilly P.O, Thrissur, Kerala	India
S1-134493001	Limra Realty Private Limited	02, Ward No 1 Nanpur Bazaz, Nanpur Mandir Road, Nanpur, Sitamarhi, Bihar	India
S1-138434350	RYS Click Private Limited	D.No 4-26-1 Jetti Anjaiah, Gari Veedi, Tenali, Guntur, Andhra Pradesh	India
S1-790217794	All Freight Services	108-32 164 Street, Jamaica, NY	US
S1-755236935	KGB Platforms LLC	36803 12, Dayton, WA	US
S1-829370853	Boese, Cynthea, D.D.S. P.C.	5215 Gato, Tucson, AZ	US
S1-395357024	City Of Waukesha Chemical Inc	3553 Madison Street, City Of Waukesha, WI	US
S1-269070202	Pediatric Associates LLC	Unit 46L, Durham, NC, 311 Lasalle Street	US
S1-598267972	Kolkata Growth Pvt Ltd	White House, 119, Park Street, 3Rd Floor, Kolkata, Kolkata, Howrah, West Bengal	India
S1-410059814	International Constructions Limited	No 129 13Th Main 2Nd Cross Bank Officers Colony Alcoboonagar Btm 1St Stage, Bangalore, Karnataka	India
S1-33893492	Vishnudham Integrated LLP	469 Katra Ishwar Bhawan Khari Baoli, Delhi, Central Delhi, Delhi	India
S1-705274672	Pan Holdings	3/35, New Benajhabar, Colony Idgah, Csa, Kanpur Nagar, Uttar Pradesh	India
S1-677984591	Neal and Alba Figx Inc	440 High St(old Mystic), Groton, CT	US
S1-602572800	HXU Care Private Limited	223 D, Satyam Enclave Dda Flats Jhilmil, Delhi, East Delhi, Delhi	India
S1-287531531	Deni Damico Total Atlanta Inc	9101 Allwood Street, Houston, TX	US
S1-788432495	Integrated Talent International Partners	2634 Van Vac Road, Ely, MN	US
S1-361845233	Chea Superior Hovnanian Inc	Sioux Falls, 9535 Gert Street, SD	US
S1-266339582	Dion Purpose LLC	105 Greatlawn Court, NY, Southeast	US
S1-236662863	YI Golden Crumrine	632 Crowned Dove Trail, Casa Grande, AZ	US
S1-872614542	Vision Enterprises Private Limited	No ; 5/32-A, Vandiapalayam, Ukkaram ( Po ), Sathyamangalam, Erode, Tamil Nadu	India
S1-528627690	Intelligent Housing Private Limited	Village - Mohan Sarai (By-Pass) Post - Gangapur Near Mata Prasad Petrol, Pump, Varanasi, Uttar Pradesh	India
S1-531390324	Nagaland Autotech (India) Pvt Ltd	Gat No.1548, Shelarwasti, Chikhali, Haveli, Pune, Maharashtra	India
S1-729805553	C+ Crane LLC	1907 248, Georgetown, TX	US
S1-411563151	Ear Nose & Throat Metropolitan Care, LLC	Avondale, AZ, 11551 Rio Vista Lane	US
S1-194997826	Broadway Vidyalaya Limited	# 115 1 St Cross, Jakkasandra 1, Bangalore South, Bangalore, Karnataka	India
S1-463868982	Inaaya Marketing Private Limited	H. No. 26, Shahu Nagar, Bansilal Nagar Railway Station Road, Aurangabad, Maharashtra	India
S1-387170157	Modern Fuels Inc	1841 Martin Road, Yadkinville, NC	US
S1-958240025	Hammond Enterprise Co	City Of Marshfield, WI, 1421 25th Street	US
S1-742524206	Vision Infrastructure Private Limited	Lat No 3 Rock Dale Bldgground Floor 93 St Sebestan Road Hill Rd Bandra W, Mumbai, Maharashtra	India
S1-123488861	Vision Hotel Developers Private Limited	Flat No. 802, Signia Sky C.S. No. 2566, 8Th Floor, Starkey Town, Chhaoni, Nagpur, Maharashtra	India
S1-277693213	Ramos, Manning & Madrigal Inc	12658 267th Avenue, Town Of Sampson, WI	US
S1-969168219	Shiva Good Properties Pvt Ltd	Sr No. 86/6 86/7 Office No. G-401, To 404, Ace Almighty Sig, Pune City, Pune, Maharashtra	India
S1-200499649	Urban Deli	211 David Avenue, Unit 34, Jackson, OH	US
S1-615701283	Donovan Rush	155 Elizabeth Street, Newport, OR	US
S1-764803860	Lucknow Systems LLP	Shop No. 46, S- 47 Gole Market, Mahanagar, Lucknow, Maharajganj, Uttar Pradesh	India
S1-607890727	Mcconnell Automotive Inc	187 Ohair Cemetery Road, Frenchburg, KY	US
S1-111597660	RQ Shipping, LLC	8574 Mustang Drive, Willow Beach, AZ	US
S1-561064692	Desert Institute LLC	162 Merrick Road, Valley Stream, NY	US
S1-380569288	Trading Biswas Services Pvt Ltd	42 Manish Puri Chandralok Extension, Indore, Madhya Pradesh	India
S1-838548427	Melodie's Tri-State Diner	Bigfork, MN, 51301 348	US
S1-569302208	Wheeler Rising	84 Elizabeth Street, Skaneateles, NY	US
S1-230837480	Kathe Carr Coastal Enbridge LLC	806 Hooven Avenue, Hamilton, OH	US
S1-689745404	Live (India) Solutions Private Limited	Bokna Bandha, P.O. Alok Jhari, Ranirhat, P.S. Mekliganj, Dist. Coochbeh, Ar, Mekhliganj, Koch Bihar, Coochbehar, West Bengal	India
S1-48013718	C R & T Pacific Center	NY, North Hempstead, 14 Bly Court	US
S1-751276114	Kansas City Literacy Smart League	10349 Sloan Avenue, Kansas City, KS	US
S1-202895631	Internal Medicine Federal Physicians Inc	1426 37th Street, Kansas City, KS	US
S1-118485065	Nelson, Wood & Dowell LLC	1427 Airport Drive, Albuquerque, NM	US
S1-550789274	Weber Multimedia	48 Sylvan Avenue, New Haven, CT	US
S1-860598287	Star Infotech Private Limited	Plot No. 168 /298, Prabhukunjaenclave, Basudebpur Dt Bhadrak, Jafferpur, Bhadrak, Orissa	India
S1-23704128	Clean Pacific Shore LLC	TX, 1006 Joshua Stati Boulevard, Joshua, Unit 3111	US
S1-614039477	Judi Donovan Cms LLC	11 Ferndale Court, Clayton, NC	US
S1-940193322	Loia	900 78 Kinzie Street, Riverton, IL	US
S1-488351374	Norine Rucker, DMD, PC	1504 230, North Logan, UT	US
S1-82418670	Federal Strategic Apex Corp	OH, 605 Johnson Avenue, Celina	US
S1-171844639	Petersen Starlink Center	537 Riverdale Avenue, Unit Apartment 1503, Yonkers, NY	US
S1-979384800	Aurangabad Bpo Pvt Ltd	Midc Plot No. K-29, Waluj, Aurangabad, Aurangabad, Maharashtra	India
S1-360687013	Zephyr LLC	8825 Troost Avenue, Kansas City, MO	US
S1-733932041	Fredrika Brodeur Liberty Cross Group	1430 Woodlawn Avenue, Napoleon, OH	US
S1-63177195	Big Agro Private Limited	Sir Mirza Ismail Roadmandya, Mandya, Karnataka	India
S1-949166195	(india) Amogh International Private Limited	Viii/419 Kalliparambilsulaiman Memorial Buildings Moonnupeedika Kaipamangalam, Thrissur, Kerala	India
S1-524411483	Emilia Ledo American Obic L.L.C.	850 Center Avenue, Unit UNIT 2L, Ontario, CA	US
S1-206731834	Mims Cambridge Inc	1511 Sheppard Mill Road, Greenville, NC	US
S1-343841886	Olvera Providence	102 16th Street, Grand Junction, IA	US
S1-11470273	JWX Peace Inc	1000 Hampton Ridge Drive, Akron, OH	US
S1-287110128	Ishan Finance Pvt Ltd	44, Bharat Nagar, J.K. Road Behind Indrapuri, Bhopal, Madhya Pradesh	India
S1-776142282	Bright Pioneer Consultants Private Limited	Pno. 464P, Industrial Area Phase 8B, S.A.S.Nagar (Mohali), Rupnagar, Punjab	India
S1-594652780	Kimberlyn's Consulting	Tolar, TX, 521 5th Street	US
S1-302832745	Pearltree India	S.No.1386, 31-8-16, 16/1, 17, Bangaramma Metta Allipuram, Visakhapatnam, Vishakhapatnam, Andhra Pradesh	India
S1-260728309	Mumbai City Servicesprivate Pvt Ltd	Grsh-01, Bldg No. 6, C Wing, B Wing B/H Tata Power New Mahakali Ngr, Marve Road, Malad, Mumbai City, Maharashtra	India
S1-23489196	Bright Industries Limited	Lajpat Nagar - Iii, 28-29, Link Road Feroze Ghandhi Marg, New Delhi, 108, Delhi	India
S1-53443944	Elite Learning Union LLC	512 Saber Drive, Chesapeake City, VA	US
S1-954910510	Orthopedic Care, L.L.C.	7856 Twin Oaks Avenue, Citrus Heights, CA	US
S1-867788479	Jai Decor (India) Private Limited	No 32/18, Duraiswamy Road T.Nagar, Chennai, Tamil Nadu	India
S1-782001358	Powell Royalty Inc	394 Lanningham Road, Cleveland, AL	US
S1-478321749	Big 69 Hair Studio Inc.	OH, 44 Locust Street, Gallipolis	US
S1-603070127	Physical Therapy Care	12313 Rexford Avenue, Cleveland, OH	US
S1-487766994	Ridgeline LLC	1945 Rock Road, Unit APT 1310, Wichita, KS	US
S1-288614813	Green Technology Private Limited	Delhi, New Delhi, Central Delhi, 10950 Gali No 5East Park Road Dori Walan Karol Bagh	India
S1-623966299	Mumbai Impex Private Limited	Flat No F/003, Shree Ram Bhavan Chs Ltd Lower Kharodi Off Marve Rd, Malad W, Mumbai, Mumbai City, Maharashtra	India
S1-590014508	Donelle Polak Pearl PC	201 Carolyn Lane, NC, Linwood	US
S1-650084066	Frontier Veterinary Clinic LLC	5540 Weeping Rock Drive, Tucson, AZ	US
S1-809287857	Wildlife Council PC	3245 Taffrail Lane, Oxnard, CA	US
S1-297941603	Tech Logistics Private Limited	No.186, Bashyakarlu Road, Coimbatore South, Coimbatore, Tamil Nadu	India
S1-634553515	Better Marketing Ventures Inc.	51699 35, Deer River, MN	US
S1-773160627	Pioneer Petroleum	207 20th Street, Stuttgart, AR	US
S1-672223609	Direct Spring, Inc	440 Kim Street, Wynne, AR	US
S1-278033134	Kolkata India Private Limited	Kamalalaya Centre 156A, Lenin Sarani, 236, West Bengal, Howrah, Kolkata	India
S1-93593265	Vision Group	218 Beyers Lake Estates, Pana, IL	US
S1-235380084	Downtown Auto Body	103 Venetian Way, Harrison Twp, OH	US
S1-218510015	Kestner Grand Apple, Inc	28902 Walker Street, Seligman, MO	US
S1-829677470	Pittsylvania County Tactical LP	608 Parker Road, Pittsylvania County, VA	US
S1-133078084	Silva & Baird Corp	24 Darby Drive, Sandia Park, NM	US
S1-825828402	Life Consulting Private Limited	South Delhi, Block-B Hari Nagar Extn., Part-Iii, Delhi, B-30A	India
S1-498046757	Johnson Acp Inc	Town Of Rose, WI, N5795 22	US
S1-302565676	Zaneta's Bistro	8525 Orchard Lane, Unit #104, Happy Valley, OR	US
S1-95676979	Strange National Silver LLC	7305 1655, Alvord, TX	US
S1-939155693	Tsc Institute LLP	6-3-1085 And 6-3-1086, 402, Dega Towers, Raj Bhavan Road, Som, Ajiguda, Hyderabad, Telangana	India
S1-176323280	Golden Deli Inc	209 Iowa Street, Hiawatha, KS	US
S1-456291858	Cea Inc	959 Terrace Lake Drive, Aurora, IL	US
S1-971641613	Dream Technology Private Limited	204, Center Point, Hanuman Darwaja, Sagrampura, Ring Road, Surat, Gujarat	India
S1-904511485	Health Committee LLC	4824 Irish Hill Road, Magnolia, DE	US
S1-618757995	Safe Roman LLC	8278 Calvary Road, Campbellsville, KY	US
S1-871964934	Laura Advisors	No.7/433, Kothamangalam, Kerala, Salunkhe House, Alumavinchod Thankalam, Kothamangalam Po, Ernakulam	India
S1-285396131	Midwest Ridge Enterprise	1621 Moody Drive, Forney, TX	US
S1-907337205	Wheeler and Jacobson Broadband Associates	110 Morrows Lane, Shelton, WA	US
S1-328367600	Kids Ventures Limited	House No. 9, Block-A, Sec-13, Veer Puru Ghs Rohini, New Delhi, Delhi, North West, Delhi	India
S1-478299292	Chintamani (India) Housing Company	No. 65, 2Nd Floor, 5Th Cross, Vijayashree Layout, Mylasandra, Mysore Road, Bengaluru, Bangalore, Karnataka	India
S1-766453197	Gene Finsec Private Limited	67/1 I.R Belilious Lane, Uluberia - Ii, Howrah, West Bengal	India
S1-876811160	Bonet Prime Connection LLC	36850 Normandy Avenue, Lake Villa, IL	US
S1-879888992	Libby W. Abella, P.A., P.C.	2451 Yellowstone Drive, Hastings, MN	US
S1-836307970	Salmon Cleaning Inc.	738 Cherrywood Avenue, Vallejo, CA	US
S1-153786283	Broadnax, Diann, M.D.	PA, 1075 Valley Court, Pennsburg Borough	US
S1-199248277	Neer Broadcasting	Nava Bharat Bhavanchatrapati Square Wardha Rd, Nagpur, Maharashtra	India
S1-779520890	Pashin Academy	Sr.No.6/4:6/1B:7/4, Laxmi, Vishnupuram, Fl. No.C-707, Haveli, Pune, Maharashtra	India
S1-204344443	Kadambini & Brothers Private Limited	3 Dharam Bhandan Flat No 3 Near Milan Cinema S V Road Santacruz Wes, T, Mumbai, Mumbai City, Maharashtra	India
S1-106469060	Swastik Projects Private Limited	D-668 Nandgram, Ghaziabad, Uttar Pradesh	India
S1-562712708	Tri-State Auto Repair	1211 Birchwood Drive, Clover, SC	US
S1-478184485	Shiv Global Private Limited	07- C.S.Puram Town(N), (S107) Kanigiri, Kanigiri, Prakasam, Andhra Pradesh	India
S1-84702736	Innovative Industries Private Limited	Ec-9 First Floor Inderpuri, New Delhi, West Delhi, Delhi	India
S1-824031067	Eastern Legacy Invesco LLC	31 Foss Avenue, Chicopee, MA	US
S1-712097023	Maaz Centre Private Limited	C/0 Dinesh Prasad Gupta, Grace Home, Tea Auction Road, Mallaguri, Siliguri, Darjiling, Darjeeling, West Bengal	India
S1-703246363	Roark's Grand Energy	3218 Lincolnshire Boulevard, Toledo, OH	US
S1-822278965	Elliott Guggenheim Corp	31357 51st Road, Arkansas City, KS	US
S1-298348848	Raj Impex Private Limited	Unit 106 Suncity Business, Tower, Sector-54, Dlf Qe, Gurgaon, Haryana	India
S1-878939806	Advanced Creative Consultants	79 Holly Street, Ida, AR	US
S1-666953118	India Sunrise Brand Limited	D.No.14-6-263, 1St Line, South Rajendra Nagar, Guntur, Andhra Pradesh	India
S1-464781439	Golden Automotive Company	C/O Vishwanathsingh Tomar, Ramkaran Gas Ejanshi, Sheopur, Madhya Pradesh	India
S1-473987230	High Creative Systems Pvt Ltd	38/2, Maharashtra, Mumbai City, Khimji Maharaj Bldg., M.G.Road, Mulund West, Mumbai	India
S1-538062914	Kritam Hotels Private Limited	Kerala, Kochi, Ernakulam, Opp Jyothir Bhavan, North Kalamassery, 2Nd Floor City Palace Building	India
S1-842727718	Ziraiya Tech	2/230, Suhag Nagar Firozabad, Firozabad, Uttar Pradesh	India
S1-788633538	Apex Investments Private Limited	C/O Smt. Manju W/O Randhir, Nr-I.O.B Bank, Vill-Sarfabad, Noida, Gautam Buddha Nagar, Uttar Pradesh	India
S1-26063231	Nanette M. Veras, D.O.	East Dubuque, 645 Clinton Avenue, IL	US
S1-864446727	Calcutta Foundation	33B Apurva Industrial Estate, Makawana Road, Marol, Andheri East, Mumbai, Bandra Suburban, Maharashtra	India
S1-958415844	Shreehari Welfare Society	707, Deron Heights, Baner Road, Haveli, Pune, Maharashtra	India
S1-221158676	Mushahari Farms Co	At Binda, Mushahari, Muzaffarpur, Bihar	India
S1-44784468	Pathanamthitta Technologies Limited	Chaithanya Thukalassery, Thiruvalla, Pathanamthitta, Kerala	India
S1-355575722	Sree Properties Private Limited	Jaipur, B-4/21, Chitrakoot Scheme, Vaishali Nagar, Jaipur, Rajasthan	India
S1-490842253	Electronic Logistics Technologies Inc	1515 W Acres Road, Joliet, IL	US
S1-955339059	Orthopedic Group	1550 Broadstone Parkway, Unit APT 3313, Folsom, CA	US
S1-991910626	Exclusive Advisors Ltd	No. 1, 1St Floor, No. 2/1, Otc Road, S.P. Road Cross, Bangalore South, Bangalore, Karnataka	India
S1-566715938	Heim Barings	17096 Trufa Way, Fontana, CA	US
S1-195746738	Samsara (India) Technologies Pvt Ltd	1509, Peninsula Park, A-4, Veera Desai Road, Andheri (West), Mumbai, Mumbai City, Maharashtra	India
S1-184525837	New Delhi Tar Private Limited	New Delhi, 3Rd Floor Paschim Vihar New Multan Nagar New Delhi, B-12, Delhi, New Delhi	India
S1-524838951	Baba Industries Limited	Chennai, Tamil Nadu, 11 2Nd Street Union Carbide Colony Madipakkam, Chennai	India
S1-344189783	H/M Loan	Winchester, MA, 25 Stowell Road	US
S1-531341510	Dynamic Custom Generation Inc	132 Ilyssa Way, Staten Island, NY	US
S1-539677935	Sullivan Continental Internet LLC	OH, 9 Sycamore Drive, Norwalk	US
S1-666533699	Cardiology Ace Group	3709 2nd Street, KS, Great Bend	US
S1-814206079	Salvatore's Colonial Advisors	502 Schaffer Avenue, Salina, NY	US
S1-94570835	Children's Initiative	744 Broadway Street, Blanchester, OH	US
S1-989617060	Wingo, Pavia, DMD, M.D., P.C.	300 Millers Creek Drive, Unit 310, Winston-salem, NC	US
S1-700258597	GX Advisors Partners	Gut No. 172; Plot No. 05, Platinum Infra Aurangabad, Aurangabad, Maharashtra	India
S1-263380597	Cornerstone Communications Inc	1100 Maynard Road, Cary, NC	US
S1-173793175	Ralston & Lewis, LLC	118 B Quincy Street, Pittsburg, KS	US
S1-375332948	Thacker Cargo Private Limited	Rs No 517 A Fl No 401, Shivneri Plaza, Karvir, Kolhapur, Maharashtra	India
S1-531290450	Silver Bike Shop!	8526 Farys Mill Road, Gloucester County, VA	US
S1-798584986	Bombay High Engineering Private Limited	No 104 1 Floor, Manya Hiliving Doddathugur Begur, Hoblielectronice, Bangalore, Karnataka	India
S1-334070982	Big Technology Private Limited	B 403 Ravi Estate Shivai Nagar Pokhran 1, Thane, Mumbai City, Maharashtra	India
S1-657795700	Ridge Allied Strategy	15703 Sh 67, Upper Sandusky, OH	US
S1-257951123	Killeen Autism Assistance Charities Corp	5109 Mohawk Drive, Killeen, TX	US
S1-870330454	Interstate Breeze LLC	5 Wimbledon Drive, North Hills, NY	US
S1-86409640	Solutions Abs Nidhi Private Limited	A3, Rajkamal Chs, Shraddh, Anand Rd, Ghatkopar West, Mumbai, Maharashtra	India
S1-975749649	Consumer Realtors Care	Atit Bunglow, Nr Narotam Beach Resora Tithal, Valsad, Gujarat	India
S1-60721009	Indore Developers LLP	94 Sector D Ed 171, Indore, Madhya Pradesh	India
S1-169206053	Ventures Shubhi Buildtech Co	A/403, Sky Heaven, Ved Gurukul Road, Katargam, Surat City, Surat, Gujarat	India
S1-810208822	Velsesoft Gulf Owl LLC	3232 Southern Oaks Drive, Bloomington, IN	US
S1-395981812	Francis's Consulting Inc.	Sugar Land, 242 Chatham Avenue, TX	US
S1-955881860	Schmidt Interactive Inc	1775 Sardine Creek Road, Fl 1, Gold Hill, OR	US
S1-780940778	Business Exim Pvt Ltd	Farm House No.01, Surbhi Vihar Near Bharat Sarkar Vastra Mantralaya Village Chokha, Jodhpur, Rajasthan	India
S1-928256860	Z 9 Q Douglas Care	2073 1730, North Logan, UT	US
S1-847686663	Onyx Corp	148 Medina Street, Cheektowaga, NY	US
S1-303033991	Cruz Strategic Rocket Inc	IA, Norwalk, 877 Sawgrass Drive	US
S1-663157146	Rock Aimei Inc	1339 Race Ground Road, Madison County, VA	US
S1-313742849	Mgm Distributors Private Limited	Sno218/1 Sant Tukaram Ngr, Opp Shri Krishna Mandir, Pune City, Pune, Maharashtra	India
S1-527926163	Faum Inc	1100 Lakemont Drive, Springboro, OH	US
S1-326109420	Smart Care Private Limited	Plot-19, Radha Krishna Nagar, Near Laxmi Villa Girls Pg, Imli Phatak, Jaipur, Rajasthan	India
S1-184645812	Cascade Management Inc.	1033 453, Lanett, AL	US
S1-760539197	Shivam Technologies Private Limited	168/2, Lenin Sarani Ps-Bow Bazar, Kolkata, Howrah, West Bengal	India
S1-436903277	Watson Global LLC	2101 Miller Road, Bldg G1, City Of Wilson, NC	US
S1-766249125	Anilya Talkies Private Limited	903-904, 9Th Floor, Jmd Regent Square, Mehrauli Gurgaon Road, Phase-2, Sector 25, Dlf Qe, Gurgaon, Haryana	India
S1-873201051	Aarav Traders Company	3/168/A, Sammohanam, Athikat, Panampilly Nagar, Mukundapuram, Thrissur, Kerala	India
S1-473214983	Ridgeline Canary, Inc	206 S, Marble Falls, TX	US
S1-107472133	Western Animal Hospital	117 Arrowhead Trail, Stanford, KY	US
S1-766380851	Spectrum Medical Centre	487, Karnataka, Mysore, Mysuru, G-1 R T Nagar, Keragalli	India
S1-105626556	Global Finance Private Limited	Kh No-197, South Delhi, Delhi, South Delhi, Vill Neb Sarai, Mehrauli	India
S1-764569116	Emlyn Russell Elite Tavia LLC	1573 Wingate Drive, Dubuque, IA	US
S1-532141592	DC Steels Pvt. Ltd.	Lucknow, Uttar Pradesh, Plot No. 26 Paschim Vihar, Lucknow, Mohan Road	India
S1-438670909	Seka F. Jordan, D.C., M.D., P.C.	916 35th Street, South Bend, IN	US
S1-283792349	Bhuwalka Trading Pvt. Ltd.	P 401 Block G 2Nd Floor New Alipore, Kolkata, Howrah, West Bengal	India
S1-622661924	Big Media Private Limited	181/2A, Raja Rammohon Roy Road, Kolkata, Kolkata, Howrah, West Bengal	India
S1-320209096	Om Foods Private Limited	59, Type 2 Sec 1, Naya Nangal, Anandpur Sahib, Rupnagar, Punjab	India
S1-438025687	Supreme Crystal Navios LLC	10 Montauk Avenue, East Hampton, NY	US
S1-57515887	Nandurbar College	Fa-98B/1, Kalindi Kunj Road, Abul Fazal Enclave Jamia Nagar, Okhla, New Delhi, South Delhi, Delhi	India
S1-304194032	Bright Star LLP	No.8, Cenatoph Road 1St Lane, Teynampet, Chennai, Tamil Nadu	India
S1-198037894	Bobbette Tomko Holdings	16396 Overlook Park Place, Noblesville, IN	US
S1-717406989	Daile Russell Royal Opportunities	38214 Zane Court, Mechanicsville, MD	US
S1-208402612	Fortune Brothers Private Limited	H.No. 03, Peelwa Garden Moti Doongari Road, Jaipur, Rajasthan	India
S1-736442413	Cascade Federation	5287 5th Avenue, Grand Forks, ND	US
S1-634758628	Oswal Hospitals Ltd	203, 2Nd Floor, B-Wing, Building No 4, Wing Aether H&D Layout, Vishveshwar Ngr Rd, Goregaon East, Mumbai City, Maharashtra	India
S1-470636031	Historical Program VI	9395 E Side Highway, Rockingham County, VA	US
S1-914160038	Urology Valley Associates	6 Kendrick Court, Flat Rock, NC	US
S1-303484483	Wildlife Gulf Committee	886 Cofco Center Court, Unit 1027, Phoenix, AZ	US
S1-590402586	Mumbai Media Ltd	301, A, Vertex Vikas Co-Operative Hsg Society Limited, Sir M.V Road, Andheri, Mumbai, Mumbai City, Maharashtra	India
S1-956722768	Horizon Telecom Systems Co	2342 Highway 41A, Shelbyville, TN	US
S1-572317651	Brodbeck States Inc	22111 131st Street, Bonney Lake, WA	US
S1-630320074	Naik Tankers LLC	473 Ford Hill Road, Rockingham, NC	US
S1-211713597	Hitech International Limited	C/O-Sanjeev Kumar, Panch-Maharajganj(Np) Vill-Maharajganj(Np), Tola-Mauniya Baba, Siwan, Bihar	India
S1-892029216	Velmonet LLC	NC, 216 Maple Drive, Oxford	US
S1-381973086	Shiv Modern Technology Private Limited	Gat No 77/2. Mundhaware, Taluka Mawal, Old, Old Mumbai Pune Highway, Pune, Maval, Pune, Maharashtra	India
S1-801485671	Grand Aerospace Enterprises Inc	8283 Old State Hwy 28, Pikeville, TN	US
S1-837171129	Baba Impex Private Limited	C/O Dhareppa, Ward No 5, Jagadal, Tq-Rabakavi Banhatti, Jagadal, Bagalkot, Karnataka	India
S1-477382536	Liberty Family Practice	10 Caicos Lane, Montgomery, TX	US
S1-467910444	Cardinal Village LLC	7611 Thorndike Road, Greensboro, NC	US
S1-878277381	N I Evans Hospitality Inc	5158 Stonehurst Drive, Brunswick Hills Town, OH	US
S1-57183802	Elite Consolidated	2760 Anderson Highway, Powhatan County, VA	US
S1-72998982	Ashok Sahu Limited	Bloc No 61 Village Areamahudha Road Ral Mehmedabad, Kheda, Gujarat	India
S1-124414515	Bright Pizza	7730 194th Street, Edmonds, WA	US
S1-731213726	Noida Garden LLP	F No Afof151 Sector 16B, Gaur World Smart Street, Noida, Gautam Buddha Nagar, Uttar Pradesh	India
S1-209371599	Lenet Partners Inc.	540 7th Avenue, South Saint Paul, MN	US
S1-117228768	Global All Wen Co	1800 Toddville Road, Charlotte, NC	US
S1-208861708	Sato Mobility LP	107 7th Street, Johnston City, IL	US
S1-944700436	Golden Ventures Private Limited	Ajmer, Police Line Naya Bara, Rajasthan, H.No-551/3	India
S1-302711439	Glitters Apparels Private Limited	Office No. 2067, 2Nd Floor, Oberoi Gardens Estates B Wing, Chandivali Farms Rd, Chandivali, Andheri(W), Mumbai, Mumbai City, Maharashtra	India
S1-991124924	Binni Delvalle Management Inc	1350 Kelton Avenue, Columbus, OH	US
S1-884065294	Robles Rush	525 215, Smiths Station, AL	US
S1-951030139	Lotus Foundation Private Limited	Flat No. 401, Preimer Sqare Apartments, Padmaja Nagar, Opp Vr Siddartha Engineering College, Tadigadapa, Penamaluru Mandal, Krishna, Andhra Pradesh	India
S1-444501559	Donald Commercial	Bastrop, TX, 113 Cold Spring Loop	US
S1-430457846	Sandi Boddie Certified Guaranty, LLC	12217 10th Avenue, Burien, WA	US
S1-377391397	Hernandez, Blinny, D.O., PC	1101 16th Street, Birmingham, AL	US
S1-199211762	Willow	2258 Locust Drive, Worcester Township, PA	US
S1-993952289	Manasco For of Upland	458 Alpine Street, Unit UNIT 83, Upland, CA	US
S1-578337437	JZW Safety Inc	Delta, AL, 1968 313	US
S1-547379194	United Services	A-257 Road No.6, Mahipalpur Extn. Nh-8, New Delhi, South Delhi, Delhi	India
S1-821108100	Reynolds Heritage Illumination	16801 Rd 19, Fort Jennings, OH	US
S1-297953656	Anand Properties Private Limited	Hanumangarh, Word No-5 Bisarasar, Hanumangarh, C/O Sohan Lal, Rajasthan	India
S1-153639095	Christ Israel	102 Spaulding Drive, Frederick County, VA	US
S1-944867205	Baker & Williams Midland LLC	556 Mountain Drive, Lakehills/pipe Creek, TX	US
S1-438718645	Visual Charitable Trust	12, New Cloth Market, O/S. Raipur Gate Nr. Sarangpur, Ahmedabad, Gujarat	India
S1-931072217	Mascorro United Lion Inc	2648 Whitaker Road, Boonville, NC	US
S1-260770404	Gangya Room Limited	C-1 303, Sai Sankul Phase 2, Barave Road, Khadakpada, Kalyan Dombivli(M. Corp), Kalyan, Thane, Maharashtra	India
S1-917521143	Vaus Family Office Inc.	3701 Del Rio Road, Roseburg, OR	US
S1-994041202	Ss Trading Pvt Ltd	Thiruvananthapuram, Trivandrum, Tc 22 2784 K6, Kerala, Kurups Lane, Thiruvananthapuram	India
S1-205870267	IVC Liability LLP	Flat No. D 405, 4/F Sector 12, Dwarka, Friends Circle, C.G.H.S, New Delhi, South West Delhi, Delhi	India
S1-642112998	4-Sons Inc	111 1405, Elkhart, TX	US
S1-357849893	Spice Advisors	Flat-7, Sunaina Apartment, Condominium 16Th Rd Extn, Mumbai, Maharashtra	India
S1-197785735	Heartland Project	5136 First Street, Cypress, IL	US
S1-338037451	Odelle Villegas United Rmg	TN, 118 Watermill Lane, Lebanon	US
S1-78400924	Global Committee	3116 Hillsborough Street, Unit 201, Raleigh, NC	US
S1-388400515	Indo Properties Private Limited	Plot In Kh 835 K-2 G/F Mahipalpur Extn Near Vasant Kunj Roa, D Mhp-6128, Delhi, South West Delhi, Delhi	India
S1-87204113	Ludhiana Finance Private Limited	E 14/3300, Punjab, Ludhiana, Adjoining Arihant Dyeing, Dyeing Complex, Bahadur Ke Road, Ludhiana	India
S1-959906141	Coralie Babic Precision Abony	413 Mars, Altus, OK	US
S1-712581722	Tjaden Anchor Hill	34 Millview Street, Uniontown City, PA	US
S1-229955426	Rajmudra Memorial Trust	109 1 Narmada Project, Musakhedi, Indore, Madhya Pradesh	India
S1-275527684	CC Life Limited	Flat No. 409, Block B, Greenwoods Apartment, Morais City, Sempet, Trichy, Tiruchirappalli, Tamil Nadu	India
S1-489764205	Cascade Pediatrics	107 Highway 360, Vonore, TN	US
S1-11841032	Apex Choice Next	4175 Williams Court, Dumfries Town, VA	US
S1-276975190	Dean Direct Iron	6374 Greens Chapel Road, Fayetteville, AR	US
S1-531878697	Fantasy Vidyalaya	B No 1 F No 12 Saidham 1, Co Op Hsg So., Palghar, Thane, Maharashtra	India
S1-971577255	Ivett R. Upshaw, O.D., M.D., P.C.	MD, 13501 Winding Trail Court, Silver Spring	US
S1-392607588	Heartland Program	721 1/2 Iowa St, Davenport, IA	US
S1-442554509	Graf, Allyson K., O.D.	7614 Bishop Drive, Unit A, Chattanooga, TN	US
S1-213545418	Johns Elite Graphics	4 Boden Street, Beverly, MA	US
S1-524427228	Martinez Orion Inc	Noblesville, IN, 15550 Stony Creek Way	US
S1-799039185	Artex Global Private Limited	A-79, Plot No. 14 G/F, Khata No.39/7/2 Gali No. 3, Rama Garden, Karawal Nagar, Delhi, East Delhi, Delhi	India
S1-513896966	TK Couriers	7725 Delaware Place, IN, Merrillville	US
S1-545918835	Vijay Speciality Limited	Spring Avenue, Second Floor, Club Road Khadakpada, Kalyan, Maharashtra	India
S1-592841686	Toon	350 Maple Drive, Unit 538, Washington, DC	US
S1-314372795	Hoffmann's Roofing Inc	TN, Sevierville, 1863 Chapman Highway	US
S1-285918410	AZP Prime National L.L.C.	6128 Cr 302, Eureka Springs, AR	US
S1-167552846	Omg Resorts Pvt. Ltd.	Ambika Niketan, Athwa Lines, Surat, Gujarat	India
S1-87187224	Chennai Infotech Pvt Ltd	Chennai, Karneekar Street, Block E 2, Nerkundram, Tamil Nadu, 18 5	India
S1-357346844	Peak Metro Advantage Inc	1015 Dunvegan Drive, Raeford, NC	US
S1-759720352	Big Impex Pvt Ltd	323 Sanjai Puram, Indira Nagar, Lucknow, Uttar Pradesh	India
S1-924391383	Aditan Classes Limited	35B, Sector A, Jodhpur, Rajasthan	India
S1-984116449	Gregerson, Greer & Means Gsr LLC	2220 Apache Road, Huntsville, AL	US
S1-538057169	Vision Finance Private Limited	Preeti Nagar Rahim Nagar, Dudauli, Lucknow, Uttar Pradesh	India
S1-742229306	Jai Traders Private Limited	C-47, Shiv Colony, Chopra Cour, Kalyan, Thane, Maharashtra	India
S1-297520632	JE Aeon Group	3745 Breakstone Drive, Fayetteville, AR	US
S1-958071328	790 First Place Management LLC	164 Central Avenue, Unit 3, New Bedford, MA	US
S1-441521575	Vision Products	1471, Vinayk Nagar, Ashti, Ashti, Beed, Maharashtra	India
S1-748967505	Capital Association IV	22203 Dusty Trail Boulevard, Sun City West, AZ	US
S1-350459752	Parrish Two Inc	120 Evandale Road, Brighton, NY	US
S1-300758044	A Cure 4 IT PLLC	136 Sue Ann Drive, Forrest City, AR	US
S1-277490403	Moody Anchor Westin Care	Richmond, KS, 469 Louisiana Road	US
S1-218957022	Real & Sons Pvt Ltd	559, New Bel Rd, Krishna Gardenia Apt.Flat No-5, R.M.V Extn.2Nd Stage, 5Th Main, Dollars Colony Bangalore, Bangalore, Karnataka	India
S1-237445211	Ramirez Rithm Corporation	12 Vandenbosch Avenue, Auburn, NY	US
S1-813382408	Martens, Dasha, O.D., M.D., P.C.	1160 Chamberlin Avenue, Stephenville, TX	US
S1-196977837	CB Cleaning Service Corp	20 Carol Avenue, Phoenix, AZ	US
S1-879838577	Schematic Makers Limited	4Th Floor, Gate No. 3, Poddar Court Building, Kolkata, Kolkata, 18 Rabindra Sarani, West Bengal, Howrah	India
S1-578613432	Arcia Zeo	63-38 Alderton Street, Rego Park, NY	US
S1-242447686	Rajokari Security Private Limited	Delhi, House No-621 First Floor, South West Delhi, Rj-85 Gali No. 3, Rajokari	India
S1-778278899	Solomon Indigo	167-25 146 Avenue, Jamaica, NY	US
S1-105958414	Yarnell & Metzgar Microelectronics Clinic	27 Railroad Avenue, Beacon Falls, CT	US
S1-558409262	Expedite Agritech Private Limited	M-20, Sector-3 Bawana Industrial Area, Delhi, North Delhi, Delhi	India
S1-285087396	North Fargo Inc.	372 Ben Dov Dr, Marion, IA	US
S1-73475336	Nyc Welfare Society LLP	1 Patel Apartments Opp State Ban, Iit Powai, Mumbai Maharashtra, Maharashtra	India
S1-220164531	CFT Impex Private Limited	5123/S-12 Tf Sharif Manzil, Ballimaran, Delhi, North Delhi, Delhi	India
S1-822014589	Primary Care American Partners	TN, 458 Indian Overlook, Clarksville	US
S1-454168448	Rick Software	No. 1140, Bangalore, Karnataka, 17Th Cross, 6Th Main, 7Th Sector, Hsr Layout	India
S1-594999953	Cally's Foods	20263 Prairie Drive, MN, Big Lake	US
S1-991290175	Ican Trading Co	13/6/429/12, Kanakadurga Colony Karwan, Hyderabad, Telangana	India
S1-988127291	Devenport Advantage Inc	7271 Polk Avenue, Port Orchard, WA	US
S1-441514134	MP Cargo Private Limited	Ground Floor, Dk-2/373, Danish Kunj, Huzur, Bhopal, Madhya Pradesh	India
S1-109560763	Francene Vargas Blue Pono LLC	335 County Road 3323, Malone, TX	US
S1-61811126	Shikhar Educational Society	Alberta, 2867, Nayabad, Mukundapur, Alberta, 2867, Nayabad, Mukundapur, Kolkata, Kolkata, Howrah, West Bengal	India
S1-387049521	Cornerstone Ubs Inc	6006 Prescott Run Lane, Katy, TX	US
S1-847038393	Arts Ministries	826 Boxwood Green Drive, Franklin County, VA	US
S1-27871599	Noveus Studios Partners	875 Jackson Street, Painesville City, OH	US
S1-139817607	BT Services Pvt Ltd	102, Himland House, Ranjit Nagar, West Patel Nagar, New Delhi, New Delhi, Central Delhi, Delhi	India
S1-609903747	Eye Secure Group Inc.	1818 Evergreen Park Drive, Unit 26, Olympia, WA	US
S1-820615748	Smart Great Thayer L.L.C.	10046 Roulette Drive, Hagerstown, MD	US
S1-242664024	Apex Inc	526 Hartford Turnpike, Unit 1124, Shrewsbury, MA	US
S1-907835803	Harbor Fund Inc.	309 Jersey Hill Road, Danby, NY	US
S1-824139626	Ear Nose & Throat Health LLC	8195 San Anselmo Street, Beaumont, TX	US
S1-212087390	Big Grill Corp	1721 State Rte 775, Proctorville, OH	US
S1-960425020	Pie Sangh	826/1, S2V It Park, Kalapurackal Road, Vallathol Junction, Th, Rikakkara, Kochi, Ernakulam, Kerala	India
S1-444691867	Williams, Johnson and Mendoza Rare	12056 Floyd Road, Wise County, VA	US
S1-204049623	Interstate Blue Madison Care	876 Insignia Loop, Bremerton, WA	US
S1-515132185	Rocky Montessori School	8550 91st Avenue, Unit 36, Peoria, AZ	US
S1-88435677	Advanced Wholesale Enterprises Care	48 Francis Street, Waterville, ME	US
S1-435586809	Kolkata Hr Private Limited	13 Noormall Lohia Lane, Kolkata, Calcutta, West Bengal	India
S1-273527412	Goodman, Dunn and Blakes Block LLC	304 Cedar Creek Road, Hot Springs National Park, AR	US
S1-728798639	Tri-State Veterinary Clinic Inc	818 Lincoln Street, Fl 0, Derby, KS	US
S1-919292782	Ramseur Cornerstone Royalty Inc	Joshua Tree, 61932 Valley View Circle, CA	US
S1-957493170	RZ Eco	7950 Marshfield Avenue, Chicago, IL	US
S1-904561101	UJ Ligand	806 Poppy Drive, Wapakoneta, OH	US
S1-767026446	West Express Auto Montgomery	262 Springs Edge, Montgomery, TX	US
S1-174155637	Silver Trading Private Limited	No.158, Paper Mills Road Peravallur, Chennai, Tamil Nadu	India
S1-112320877	Sai (India) Media Pvt. Ltd.	Mumbai City, Maharashtra, 428, Sanjeewan Chawl, Akurli Rd Hanuman Ngr, Kandivali E, Mumbai	India
S1-961446119	All Mortgage Brands LLC	510 Wolf Drive, Silver Spring, MD	US
S1-563747573	Fresh Capital Aerospace LLC	104 Davis Drive, Watson, IL	US
S1-147366576	Downtown Auto Body LLC	2410 Hawes Drive, Dayton, OH	US
S1-937746014	Lyndell Davis Rock, Inc	WA, 13732 Fender Drive, Lynnwood	US
S1-713909072	Lyric Spacsphere Inc.	1904 28th Avenue, Tuscaloosa, AL	US
S1-537152845	Integrated Energy Industries	2445 Cold Spring Lane, Baltimore, MD	US
S1-750565241	Queen Excavation LLC	180 Vt Route 25, Topsham, VT	US
S1-104414348	Shiva Classic It	C/O Krishna Devi, Village Arya Nagar, Hisar, Haryana	India
S1-858892790	Unified Freight Technologies LLC	1144 Birmingham Street, Tarrant, AL	US
S1-16425668	Sai Aviations (India) Ltd	2-A/3 S/F Front Side . As, Road Turkman Gate Delhi, New Delhi, Central Delhi, Delhi	India
S1-139628630	High Dynamic Management Private Limited	Flat No A 24, Harileela A Wing S No- 149/4 Baner, Pune, Maharashtra	India
S1-78877321	FBH Vaneck LLC	718 Huston Booth Road, Belington, WV	US
S1-368054496	Hill Bancorp Inc.	798 7th Avenue, Pipestone, MN	US
S1-622135617	Wilson, Nguyen and Darcy Activate LLC	1526 325th Street, Sherrard, IL	US
S1-901643357	Kazmi Barings	1325 Aletha Street, Woodburn, OR	US
S1-140932375	Sai It	C-6/103, Chitrakoot Scheme Vaishali Nagar, Jaipur, Rajasthan	India
S1-495551725	Farica Scanlon Premier LLC	210 Trotter Road, Unit 406, Weymouth, MA	US
S1-156698580	Creative Ventures Private Limited	Flat No.204, 2Nd Floor, Supriya Estates, Khajaguda X Roads, Gachibowli, Hyderabad, Telangana	India
S1-368196401	Sachdeva Studios	301, B, 3Rd Floor, Arjun Empire, Congress Road, Tilakwadi, Belagavi, Karnataka	India
S1-62512869	Horatia's Superior Plumbing	171 Judith Sound Circle, Northumberland County, VA	US
S1-199664637	Om Software Pvt Ltd	Sts 631, Star Tower Sector 30, Silokhera, Gurgaon, Haryana	India
S1-678308610	Mumbai Shares LLP	105 Bhaveshwar Complexnear Vidyavihar Rly Station, Mumbai, Maharashtra	India
S1-778073187	Electronic Data Concepts Inc	7029 Spalding Drive, Leland, NC	US
S1-667385988	Balaji Global Private Limited	Disha Heights, No 64/1, 2Nd Cross, Residency Road, Ashok Nagar, Bangalore, Bangalore North, Bangalore, Karnataka	India
S1-286045557	Bay Charities	1058 Hillcrest Road, Cincinnati, OH	US
S1-238482525	Ram Studioz	Near Hotel Aurangabad Ashokaadalat Road, Aurangabad, Maharashtra	India
S1-462306979	Shrout, Gray & Morales Power	433 Adams Street, Port Isabel, TX	US
S1-620640790	Total Education Products Inc	1553 Taylor Road, Davenport, NY	US
S1-256795908	EA Cee Limited	Shed 6, Krishna Industrial Estate, Ls No. 411/2, Ahmadabad City, Ahmedabad, Gujarat	India
S1-906104172	Akar India	House No.- 49, Main Market Road, Jhansi, Uttar Pradesh	India
S1-430057110	Mcmahon Spartacus of Collinsville, LLC	Collinsville, IL, 1904 Pinehurst Court	US
S1-754958959	Rooney Pediatrics	26 Franklin Street, Lynn, MA	US
S1-779613849	Metropolitan United Tree Inc	664 Hudak Drive, Brunswick City, OH	US
S1-22357419	Universal Balaji Healthcare Private Limited	Srinivasa Nivas, No.901, 9Thacross, 11Thmain, 2Nd Stage, Woc Road, Bangalore, Karnataka	India
S1-909768153	Select Insurance Labs	Nashville, 1415 Heron Pointe Drive, Bldg 14, TN	US
S1-46700578	Sree Consulting Pvt Ltd	78, Ladli Bhawan, Kedarnath Road Darya Ganj, New Delhi, Delhi	India
S1-650874837	Orthopedic Rocky Care Associates Inc.	168 Kenneth Jones Drive, Hinkle, KY	US
S1-777734812	United Fund Inc	202 Van Buren Street, Mcminnville, TN	US
S1-524485223	Solstice Highview, Inc	18 Stone Broke Lane, Capon Bridge, WV	US
S1-260995205	Bearys Public School	Temple Streetbonthapally Jinnaram Mandal, Medal District, Medak, Telangana	India
S1-814559532	NKP Companies LLC	5204 Kashmere Street, Houston, TX	US
S1-159883264	Innovative Education Products LLC	2054 Whalen Avenue, Hempstead, NY	US
S1-42291252	Future Consultants Private Limited	New Delhi, 4Th Floor, Gali No. 1, Sangatrashan Pahar Ganj, Delhi, 3198/15, New Delhi	India
S1-232748585	Rosemary Torres Homes	442 Griswold Road, Wethersfield, CT	US
S1-747983682	Foot & Ankle Medicine Inc	6056 Apple Creek Road, Smithville, OH	US
S1-543559036	Zephium One LP	818 Main Street, Walpole, MA	US
S1-526423842	Pediatric Dentistry Center	1704 Houghton Road, Dallas, TX	US
S1-177076845	Bennett Yorkville of Albuquerque Inc	10014 Boulder Street, Albuquerque, NM	US
S1-42116714	Gulf Patriot Opportunity PC	7 Mosier Creek Place, Mosier, OR	US
S1-420408739	Bright Hair Studio!	6020 376, Branson, MO	US
S1-626803493	Corner Coffee	621 75, Flora, IN	US
S1-68709155	BER Appliance	2650 Nordic Avenue, Bend, OR	US
S1-842883551	Eastern Hospitality Private Limited	3-4 Muppalla, Krishna, Andhra Pradesh	India
S1-708602210	Auster Infotech Private Limited	Mumbai, Mumbai City, Peninsula Plaza, Off Link Road, Fun Republic Lane, Maharashtra, 203	India
S1-766888418	Dorree K. Simmons, DDS	4312 Spruce Avenue, Kansas City, MO	US
S1-386307566	GD Earths LLC	1100 39th Street, Unit 312, Sacramento, CA	US
S1-365544061	Surgical Piedmont Care Associates	3040 Five Points Road, Cottondale, FL	US
S1-845551087	Murlipura Scheme Infrastructure Private Limited	E-236, Murlipura Scheme, Jaipur, Rajasthan	India
S1-75647835	Coastal Learning Center	480 Ruby Drive, West Saint Paul, MN	US
S1-606893547	Shyam Construction Private Limited	W - 50 E, Anand Nagar Additional M.I.D.C., Ambernath East, Thane, Maharashtra	India
S1-618262627	Human Rights Guild LLC	Huntsville, 1705 Canterbury Circle, AL	US
S1-197041126	Crystal Sterling Ligand PC	10118 Hollyglen Drive, Houston, TX	US
S1-671226031	Trusted Materials Advisors Inc	210 E Esplanade Ave, Louisville, KY	US
S1-302072651	Alyce Guzman Supply PC	UT, Clearfield, 699 193	US
S1-869941869	Rocky Entertainment Inc	5159 Wolf Run Drive, Columbus, OH	US
S1-103929370	Aries Associates Private Limited	H No 1-316/2, Vakalapudi, Kakinada, East Godavari, Andhra Pradesh	India
S1-37556368	Fit Development Private Limited	Shed-3, The Sun Ind Park, Nr Panchratn Ind Park, Vill. Singarva, Daskroi, Ahmedabad, Gujarat	India
S1-675255594	A Cure 7 You	MA, 16 Harvestwood Lane, Mansfield	US
S1-12946271	West Rocky Quest, Inc.	1110 Ruritan Road, Roaring River, NC	US
S1-485157353	Davis, Camellia, Esq.	576 Wheatland Country Road, Garner, NC	US
S1-526158174	Valley Program of Jacksonville	611 Webster Avenue, Jacksonville, IL	US
S1-118626031	South Clearthink LLC	4430 Capstan Drive, Hoffman Estates, IL	US
S1-228106064	Sanmartin Royal Mae	4910 Allertow Road, Unit APT 2215, Spotsylvania County, VA	US
S1-494682035	Jinny's Trusted Cosmetics PLLC	512 Main Street, Unit 6, Attleboro, MA	US
S1-894440997	Jaipur Products Private Limited	421-A, Jaipur Electronic Market, Ridhi-Sidhi Crossing, Gopalpura Bypass, Jaipur, Rajasthan	India
S1-709878547	Rocky Management	11904 Gregory Street, Blue Island, IL	US
S1-362395784	Jai Industries Limited	B ? 113, Sector ? 64, Noida, Gautam Buddha Nagar, Uttar Pradesh	India
S1-99107529	Diamond Industrial Company	3325 Cross Keys Drive, Unit APT 4, Florissant, MO	US
S1-197465200	Valley Sunrise	239 Grandview Road, Fairfield, CT	US
S1-872057552	Pikula Family Practice Inc	258 Main Street, Herkimer, NY	US
S1-648317754	Birch	185 Crafford Road, York County, VA	US
S1-763967319	Internal Medicine Health Inc.	516 Majestic Court, Concord, NC	US
S1-991953857	Pediatric Dentistry Group	4700 Valla Rd, Unit 115, Louisville, KY	US
S1-475896747	Harbor Bio LLC	200 Timber Lane, Highlands, TX	US
S1-109664616	New Infra Private Limited	East Delhi, Delhi, D 409 Sf Kh N 6 Gali No 7, East Delhi, Vijay Park Maujpur Near	India
S1-6791500	Express Environmental Partners PC	207 White Street, Rock Hill, SC	US
S1-359776624	Anchor Marine Systems	2135 1st Ave SE, Unit 329, Cedar Rapids, IA	US
S1-915642112	Infra Aerial Chit Private Limited	173/175, Sultan Manzil, 2Nd Floor, Office No. 8, Bora Bazar Street, Fort, Mumbai, Mumbai City, Maharashtra	India
S1-857456784	Gratiana's Hypnosis Inc.	North Richland Hills, 6104 Cliffbrook Drive, TX	US
S1-189331644	South Cardiology Inc	Mchenry, IL, 4720 Bode Lane	US
S1-923899410	Colonial Legacy Staked LLC	Murphysboro, 1437 Carbon Lake Road, IL	US
S1-351208166	WOJ Medical	800 Pacific Avenue, Unit 204, Leominster, MA	US
S1-329933408	Sevens & Co	4/A Valmiki Marg Lalbagh, Lucknow, Uttar Pradesh	India
S1-602198715	Mcghee, Costello and Galloway, Inc	2437 Spey Drive, Memphis, TN	US
S1-257910702	Silver Pizza	2207 Market Street, Fl 0, Wichita, KS	US
S1-809924303	Surgical Care Associates of Anderson Inc.	5560 Shady Lane, Anderson, CA	US
S1-265250966	Perfect Developers Pvt Ltd	Sanket Kabi At Sakhipara Opp Holicross Ps Dhanupali, Sambalpur, Orissa	India
S1-172779705	Trusted Superior Beauty LLC	Orange, TX, 607 Cottonwood Drive	US
S1-303505038	Reliable Superior Chs	IA, Unit 2B, Newton, 2305 2B 19th Street	US
S1-145691158	Kolkata Impex Private Limited	18, Golf Club Road, Kolkata, Howrah, West Bengal	India
S1-521767287	Davenport Best Edp LLC	5657 24th Street, Tucson, AZ	US
S1-584231782	Apex Transit Systems Corp	29-49 172 Street, Flushing, NY	US
S1-752812924	Cardiology Partners LLC	249 Fredericka Street, North Tonawanda, NY	US
S1-681502679	Blondell Marien Royce Inc	6519 Church Street, Kent, OH	US
S1-479630628	Holy Church	308 Fountain Trace Drive, Hendersonville, NC	US
S1-648276603	Raj Impex	Flat No. 102, Satyam Apartment, Canal Road, Gokulpeth, Nagpur, Maharashtra	India
S1-499347161	Thistle Phoenix LLC	101 6th Street, Dupo, IL	US
S1-141442814	Constructions India LLP	2, Bhomia Nagar Kalwar Road, Jaipur, Rajasthan	India
S1-499565413	Creative Engineering Private Limited	821-B, On Ground Floor Tirthankar Nagar, Jain Colony, Delhi, New Delhi, Delhi	India
S1-69139258	Urology Group Partners	1100 Barnwood Lane, Camillus, NY	US
S1-918817797	Heartland Partners Inc	6623 Cth T, Town Of Jacksonport, WI	US
S1-664507780	Aditi Exports Group	C-37A, First Floor, Hari Nagar, New Delhi, West Delhi, Delhi	India
S1-9941366	Munoz Security Services LLC	404 Mary Lane, Highlands, TX	US
S1-908880478	Anand Media Pvt Ltd	G 80, Lajpat Nagar I, New Delhi, South Delhi, Delhi	India
S1-361139890	Shree Infrastructure Limited	E- 114, Udyogpuram, Meerut, Uttar Pradesh	India
S1-224400237	Delta Keystone Analytics Partners	15063 1900th Avenue, Hutsonville, IL	US
S1-544845213	Second Services Private Limited	Tamil Nadu, 23H1, A.V.K.Chettiarsangam, Kathiresankovil Street, Kovilpatti, Tuticorin	India
S1-879927695	Physical Therapy Clinic LLC	1133 52nd Street, Canton, OH	US
S1-789798713	All Constructions Pvt Ltd	No 263/180, Kodagalahatti Village Hunasamaranahalli Post, Jala Hobli, Bengaluru, Bidar, Karnataka	India
S1-59554911	Roseline's Piedmont Bakery	1502 Pierce Street, Phoenix, AZ	US
S1-414009940	Strategic Allied Jewelers	3400 La Mancha Drive, City Of Janesville, WI	US
S1-741971857	Temple Fellowship	3457 Treesmill Drive, Manhattan, KS	US
S1-623803418	Meridian Grade LLC	2 3rd Street, Hazen, ND	US
S1-145825023	Cascade Providence LLC	4131 Cuny Avenue, Sacramento, CA	US
S1-441461980	Sabhya Traders Corporation	C-1/74, Raju Park Khanpur, New Delhi, Delhi	India
S1-482044152	Eastern Cornerstone Robotics LLC	705 Main Street, Hutchinson, MN	US
S1-263458896	Consultancy Saibaba Ventures Private Limited	Gujarat, B 206, Ahmedabad, Hari Om Elegance, Near Bapa Sitaram, Godhavi, Sanand, Ahmadabad	India
S1-180483721	Family Fellowship III Inc	Chartiers Township, 150 Allison Avenue, PA	US
S1-742266783	Bobette Meyer Triton, Corp	70 Castaway Cove, Florence, OR	US
S1-100453337	Eastern Express Championsgate Inc	W7436 Perry Road, Town Of Niagara, WI	US
S1-379956776	Raj International Finance Private Limited	33, Block J3 Rajouri Garden, New Delhi, Delhi	India
S1-708305901	Jubilant College	G1 G2, Om Pushpak Apts, Samata Nagar, Opp: Raymond Company, Thane, Maharashtra	India
S1-303651856	Vision Care of Chandler	1670 Gunstock Loop, Fl 1, Chandler, AZ	US
S1-611245415	Bay Program of Saint Charles LLC	721 5th Street, Saint Charles, IL	US
S1-818345083	Anilora Securities	Office No 08, 1St Flr Ambika Shopping Complex Plot No 23, Sector 08, Phase Ii Nerul, Navi Mumbai, Raigarh, Maharashtra	India
S1-348574096	Unified Clean Athena Inc	242 Wolf Road, Hillside, IL	US
S1-535549992	Demeter Perez Classic Flaherty	155 Market Street, Nappanee, IN	US
S1-609045887	Credit Security Works LLC	3120 Crossroads Station Boulevard, Unit APT 301, Spotsylvania County, VA	US
S1-303795572	Hightower Veterinary Clinic, LLC	Town Of Quincy, WI, 2278 18th Avenue	US
S1-538254644	Upma Law Chambers	No.8A And No 8B, Kumaran Nagar, 7Th Street, Perambur Purasawalkam, Chennai, Tamil Nadu	India
S1-607899120	Piyush Technologies Private Limited	Shop No. D C791 Silani Gate, Jhajjar, Haryana	India
S1-421016697	Kanak Infra LLP	Patil Nagar, Gut No.55 Plot No.3, Ground Floor, Chikhali, Pune, Maharashtra	India
S1-363913511	Verrelle Resilience LLC	2299 Rustic Oak Lane, Rio Vista, CA	US
S1-539871759	Rp India Limited	A-303, Arihant Garden, Chanod Gate, Silvassa Road, Vapi, Valsad, Gujarat	India
S1-530154484	Southern Ss Services Private Limited	8/380 A, Elenjikkal House, Ollari Road, Panangad, Kochi, Ernakulam, Kerala	India
S1-722843165	East Bleichroeder Inc	Charlotte, NC, Unit 332, 5512 Carmel Road	US
S1-948413763	Empire Tactical LLC	5775 Riverside Drive, Unit UNIT 96, Chino, CA	US
S1-160078480	Jefferson Titan, LLC	729 Preston Trails Drive, Pickerington, OH	US
S1-624821654	QW Spinning Private Limited	44, Cghs Doctors Appartments, Vasundhara Enclave, East Delhi, Delhi	India
S1-614330722	Heartland League Inc.	2809 San Miguel Avenue, Phoenix, AZ	US
S1-261242558	Caston Acres PLLC	72537 440th Avenue, Lakefield, MN	US
S1-35690144	Jm Warehousing (India) Co	Farm House No. 8, Ashoka Avenue, Dlf, Chattarpur, South West Delhi, Delhi	India
S1-21773158	Chavis Granite	2117 Haylee Drive, Fort Worth, TX	US
S1-40187356	Vasquez Coffee	4661 Grace Street, Schiller Park, IL	US
S1-99869437	Wallen Royce LLC	1793 Central Street, Unit 4103, Stoughton, MA	US
S1-601370392	Engineering Maharana Finserv Ltd	G-1314 F/F, Chitranjan Park, New Delhi, South Delhi, Delhi	India
S1-266317849	Robinson & Player	1345 Alpine Loop, Provo, UT	US
S1-738137474	Garcia Reserve LLC	2350 Ninebark Drive, Unit 207, Columbus, OH	US
S1-278711622	Anchor Quest Inc	2 Redfield Street, Unit 2, Boston, MA	US
S1-222212786	Ventures Axiom Movers Private Limited	Chennai, Rangoon Street Thousand Lights, Tamil Nadu, Chennai, New No 132	India
S1-416925646	Reeder Highview Inc	3103 Pleasant Avenue, Minneapolis, MN	US
S1-437131005	Developers Mid (delhi) Private Limited	516 5Th Floor Ild Trade Center Sector 47 Sohna Road, Gurgaon, Haryana	India
S1-877135387	Red Media	Dhogri Road Alawalpur, Jalandhar, Punjab	India
S1-724479673	ARQ Techno Public Limited	Vill-Atopur Panch-Pakri Po-Pakri Ps- Gurua Block- Gurua, Gaya, Bihar	India
S1-318593995	Maruthi Sadan Begumpet Engineers Pvt. Ltd.	Flat No. 511, H. No. 6-3-1117, Maruthi Sadan Begumpet, Hyderabad, Telangana	India
S1-290277386	Mckenzie, Adams and Gann Inc	7310 Malvitz Road, Town Of Nasewaupee, WI	US
S1-588656072	Everett's Diamond Agriculture	202 Suto Road, Berne, NY	US
S1-148167667	Stoughton Foot & Ankle Blue Specialists	194 Lincoln Street, Unit 2, Stoughton, MA	US
S1-466977430	Clear Value Ampercap	101 Carmel Road, Wheeling, WV	US
S1-329957261	Kb Multi Limited	No.11, 80 Feet Roadsathya Garden Saligramam, Chennai, Tamil Nadu	India
S1-281355056	Yevette Fenwick Classic Crown LLC	216 State Street, Harrison, OH	US
S1-573576602	Vimal (India) Office Private Limited	B-29, Okhla Phase-I, New Delhi, 1St Floor, Delhi, South Delhi	India
S1-696671009	Kolkata Trading Limited	Bl 6, Fl 1/F, 76/1 Golaghata Road, Kolkata, Kolkata, Kolkata, Howrah, West Bengal	India
S1-746203303	Mount Community Church	15019 Derby Circle, Rosemount, MN	US
S1-595375282	AR Championsgate PC	109 California Avenue, Unit 203, Quincy, MA	US
S1-856806979	Secure Enterprise Inc	5777 Madison Avenue, Unit STE 540, Sacramento, CA	US
S1-753336278	Ahmedabad It Private Limited	292/5/B/2, Shastri Laghu Udhyognagar Nr. Maheshwarinagar, Tavdipura, Shahpur, Ahmedabad, Gujarat	India
S1-595170238	Asset Building Committee	TX, Montgomery, 19994 Shore Drive	US
S1-536970408	HZJ Apogee	2487 Massengill Pond Road, Angier, NC	US
S1-870162951	Elite Apparel Brands Corp	PA, 650 Allen Road, South Middleton Township	US
S1-44026366	Florintree (India) Housing Clinic	Maa Vindyachal Apartment 169, Shibpur, West Bengal, Howrah, G.T. Road	India
S1-772731810	Jirawala Polytechnic	Plat No. 5-B, Janki Nagar Nx A B Road, Indore, Madhya Pradesh	India
S1-801618850	Nanice Kaur Grand Roman Partners	8837 99, Fl 1, Tumwater, WA	US
S1-830809719	Inge Lee Diversified L.L.C.	2019 Millvale Court, Cincinnati, OH	US
S1-155892131	Beret Whitson Factory LLC	23623 September Sun Square, Loudoun County, VA	US
S1-694675038	Baxter Aviation	1700 E Barden Road, Charlotte, NC	US
S1-850588277	Mccaughan & Brown Semiconductor	6195 Creek View Trail, Farmington, NY	US
S1-509877409	Insight Brokers Pvt Ltd	Edappally Pukkattupady Road, Thrikkakara Po, Abm Arcade, Kerala, Kanayannur, Ernakulam	India
S1-648840612	Eisner Property Solutions LLC	20 Freda Lane, Lowell, MA	US
S1-30452865	Interstate Jena LLC	9623 2nd Bay Street, Norfolk City, VA	US
S1-709732843	A Modern Cayman, LLC	501 23 Vairo Boulevard, Patton Twp, PA	US
S1-652301796	Ahmedabad Plaza Private Limited	A404, Gujarat, Merriot Sky, Opp Rajvini Bunglows, Ahmedabad	India
S1-377844951	Lara Capital LLC	White Marsh, 5509 Kathryns Court, MD	US
S1-489240195	Nonna's Homecare P.C.	10319 Durham Street, Albuquerque, NM	US
S1-603281884	Industrial Technical International	7058 Lawndale Street, Houston, TX	US
S1-823088793	New Delhi Veritas Private Limited	East Laxmi Market Laxmi Market, East Delhi, Prop. No. 98, New Delhi, Delhi	India
S1-863265612	Akarshak (India) Services Private Limited	Karnataka, 143, Bangalore, Iv Main Road, Malleswarm, Bangalore, Ngalore	India
S1-162888222	Krishna Refractories Pvt. Ltd.	F P No 11, T P S No Ii-A, Mangalwar Peth, Dr Ambedkar Road, Pune, Maharashtra	India
S1-26426762	QT Metlife	421 Rosebury Court, Mayfield Heights, OH	US
S1-947952903	Blackburn Charter School	Wolcott, 12 Spindle Hill Road, CT, Unit Unit 2F	US
S1-602293943	Pediatric Dentistry Group	17460 Lockbourne Eastern Road, Ashville, OH	US
S1-215771155	Jai Solutions Limited	H No 66/1/105 Nr Hanuman, Mandir Shri Swami Samarth, Thane, Maharashtra	India
S1-598607654	Slade Krakacquisition	281 Spring Street, St Henry, OH	US
S1-64057956	Hitech Estate Private Limited	Suit No. 344, Delhi, Vardhman Diamond Plaza, Motia Khan, D.B.Gupta Road, Opp.Pahar Ganj Station, Pahar Ganj, New Delhi, Delhi	India
S1-537991498	Metropolitan Total Patriot LLC	2001 Gemini Drive, Garland, TX	US
S1-757841514	Melendez Precision Kpet	4031 Killian Road, Lincolnton, NC	US
S1-694249434	Prairie Fox	14001 Fondren Road, Missouri City, TX	US
S1-34893574	Ethridge Veterinary Clinic, Inc	WA, 12918 412th Avenue, North Bend	US
S1-528814232	Hungerford and Anderson Inc.	1022 10th Street, Phoenix, AZ	US
S1-114705086	Anand Investment Private Limited	Tamil Nadu, Chennai, Civil Aviation Colony Krishna Flats, Door No G-C, Nanganallur, #11/28	India
S1-893251338	Royal Spa Inc	618 7th Avenue, Albany, OR	US
S1-395761542	Mayank Distributors Private Limited	442, First Floor, Near Mandir Naya Bans, Khaori Baoli, Delhi, North Delhi, Delhi	India
S1-535765317	Arts League	112 W Main Ave, Clitherall, MN	US
S1-166127477	Gratiana Stoltzfus Atlantic LLC	140 Armstrong Loop, Hayden, AL	US
S1-742952830	Legacy Asset Global	415 5th Street, Sullivan, IL	US
S1-104611154	CJ Solutions LLP	House No.-621, Ram Bhawan, Near Krishna Children Hospital, Kailashpuri Road No.-2, Hanuman Nagar, Sampatchak, Patna, Bihar	India
S1-355129493	Yoo, Scholten and Franco Corp	1518 540, St George City, UT	US
S1-785492530	Modern Productions L.L.C.	MA, 41 Naugler Avenue, Marlborough	US
S1-556849680	Diamond Network Studios	507 Thackeray Avenue, Columbus, OH	US
S1-992005879	India Rajputana Malhar Private Limited	Salem, 2Nd Floor, R. K Complex 209/15, 2Nd Agraharam, Tamil Nadu, Salem	India
S1-415895619	Marge L. Diers, CPA	2034 Richmond Terrace, Staten Island, NY	US
S1-61257951	Percept Detective Pvt Ltd	1/1 Manish Darshanj B Nagar Andheri East, Mumbai, Maharashtra	India
S1-786040494	Dynamic Realty Studios	3483 O, Town Of Saukville, WI	US
S1-822032945	Sr Brothers Private Limited	C/O Shahid Ahamad, Uttar Pradesh, Behat, Ruhalka Behat, Saharanpur	India
S1-404175154	Patron (India) Chem Private Limited	Delhi, Q-8, Delhi, S/F Hauz Khas Enclave, South Delhi	India
S1-73457130	Henson Capital Inc	2074 26 Street, Brooklyn, NY	US
S1-52226726	Jacobson Highland Rre Corp	122 Peeler Street, Mingo Junction, OH	US
S1-585020455	Loteex Express Floating LLC	10935 Weybridge Drive, Rancho Cucamonga, CA	US
S1-866118843	Cascade Association	5935 Auburn Boulevard, Citrus Heights, CA	US
S1-151534168	Helenka Davis All Nexus	214 Cornell Village Parkway, Mount Washington, KY	US
S1-523031081	Harbor Fund	44 Blackberry Path, Salt Rock, WV	US
S1-601413126	Good Trading Private Limited	H.No. 64, Gali No. - 2, Sarvodaya Colony, Bihari Pura, Ghaziabad, Uttar Pradesh	India
S1-361485968	GD Select Stanley Clinic	5215 47th Street, Kansas City, MO	US
S1-871771668	Shree Impex Private Limited	Beegum Complex-Mr4, Vetinary Hospital Road, Kozhikode, Kannur, Kerala	India
S1-711190165	Hari International Limited	2 Nd Floor, Bhatarahalli Old Madras Road, Bangalore, 345/4, Karnataka, Bangalore	India
S1-437775399	Br Prasad Private Limited	8 Ttc Industrial Area, 5, Maharashtra, Mumbai, Midc Turbhe, Thane Belapur Road, Navi Mumbai - 400 70	India
S1-259394597	Annnora C. Dena, M.D.	8526 Twilight Tear Lane, OH, Cincinnati	US
S1-196520712	Total Osprey Associates	434 Glenwood Lane, Niles, NY	US
S1-467488501	Faridabad Egg Pvt Ltd	Faridabad, 305, Haryana, Sectro-15	India
S1-701630055	Davis Islands LLC	6451 Mckinley Street, Unit Suite L, Ramsey, MN	US
S1-238518143	Nanak Welfare Society	3436-3437, Kharot Dwar, Bajar Kalan, Chhata, Mathura, Uttar Pradesh	India
S1-396310460	Rosette Asher Guardian Inc	7122 12, South Bristol, NY	US
S1-570074208	Vartika & Brothers Private Limited	8/308 Sojpal Kaya Chandavarkarrd Matunga East, Mumbai, Maharashtra	India
S1-358637900	Opal Travel Pvt Ltd	Ff 103 The Akshar Park Co Op Housingsociety Ltd, Kobagandhinagar, Gandhinagar, Gandhi Nagar, Gujarat	India
S1-521683395	Krishna Tech Private Limited	Office No 1, Fourth Floor S No 177/1, Hadapsar, Pune, Maharashtra	India
S1-507946941	Filter Interior Private Limited	524 Golden Plaza Amar, Jawan Circle, Ahmedabad, Gujarat	India
S1-595862585	Mcdonald Special PLLC	5548 Magdalena, Guadalupe, AZ	US
S1-561668047	Urology Group	313 Liberty Street, Independence, MO	US
S1-746337822	Apex Properties Pvt Ltd	C/O Harendra Kumar Singh, Panch-Gaya (M Corp.), Manpur, Gaya, Bihar	India
S1-327168433	Peoples Services Corporation	C/O Richa Rani, Vil-Bhusaula Danapur, Tola, Dinapur-Cum-Khagaul, Patna, Bihar	India
S1-417245219	Burlington Environmental Institute	56 B Seven Springs Lane, Burlington, MA	US
S1-929910487	Gulf Regional Charles Corp	99 Bailey Road, Franklin, NC	US
S1-745652645	Tirumala Services Pvt. Ltd.	Pune City, Maharashtra, S.No.135/2/2A/2, Office No 512, Fifth Floor, Gandharva Galaxia, Raskar Chowk, Pune	India
S1-17521423	Heartland Beacon Bynordic LLC	Fort Worth, TX, 761 Aviator Drive	US
S1-572156370	Calhoun, Stewart & Miller Crescent	580 23, Tyrone, NY	US
S1-399565740	Phaedra Moran Platinum Sunrise LLC	473 Stowell Drive, Unit Unit 3, Greece, NY	US
S1-108423934	Platinum Highland Pmv	866 Verona Drive, Huntington, NY	US
S1-228738311	Flesch Bdc	33 Valerie Drive, Unit Apartment 1, Yonkers, NY	US
S1-463681009	Ruturaj Management Private Limited	Prop. No. 26B, Khasra No. 1606/2, 1761/1, 1797, 1798/1, C-3 Block, Near Mandir, Phase-4, Aya Nagar Ext., Shop No. 1, Delhi, South Delhi	India
S1-990970976	Clique Multitrade Ltd	Shah House, 4Th Floor 142 S.V.Road Opp Khar Police Station Khar (W), Mumbai, Mumbai City, Maharashtra	India
S1-832378203	West Fannie	13779 Hanover Way, Apple Valley, MN	US
S1-616058847	Urology Associates of Watertown	24 Cedar Hill Road, Watertown, TN	US
S1-353536955	QE Pegasus, LLC	UT, West Jordan City, 3847 Valleywest Drive	US
S1-359608082	Harbor Metropolitan Era, Inc	1063 Rangeley Road, Avon, ME	US
S1-651148895	Great Producer Private Limited	G-7, Raja Complex, Near Vijay Char Rasta Navrangpura, Ahmedabad, Gujarat	India
S1-168092338	Hernandez, Marget G., CPA Inc	47 Heroy Avenue, Spokane, WA	US
S1-692417037	Apex Foods LLP	51, C. C. Lane, Berhampore, Murshidabad, West Bengal	India
S1-522818896	Karveer Mats	Flat No 15, 1St Floor, Mruhamai Apartment, Kavala, Karveer, Kolhapur, Maharashtra	India
S1-164038328	Patriot Institute	975 6600, Unit 52, Uintah, UT	US
S1-195550298	Diify Partners Inc	729 54th Street, OK, Tulsa	US
S1-155876632	Cascade Acres	6258 Turnpike Road, Raeford, NC	US
S1-928698393	Sheilah Stephenson Sea	360 La Cadena Drive, Colton, CA	US
S1-175635026	Leda Shiver, DDS	3 Cleveland Avenue, Wilmington, MA	US
S1-84193198	Environmental Ministries VI	3850 344, Dublin, TX	US
S1-679226353	Delta Trust	740 Granite Street, Unit C, Prescott, AZ	US
S1-801584571	Layney Wickwire Best Galaxy	1217 Cedarland Plaza Drive, Arlington, TX	US
S1-375669228	Wingler Atlantic Aluminum, LLC	234 Madison Street, Macomb, IL	US
S1-888641369	Bright Diner LLC	2398 Antigua Drive, Casa Grande, AZ	US
S1-617725959	Allahabad Organics Private Limited	Uttar Pradesh, Allahabad, C/O Vivek Singh Sherdeeh Jhunsi	India
S1-968846106	Portillo Wave	6401 Woodley Circle, Montgomery, AL	US
S1-981239310	Vision Industries Private Limited	Room No G/N-15/4, Lujina Tea House, Dholakwala- Chawl, Cross Lane, Bhavani Shankar Road, Dadar-W, Mumbai, Mumbai City, Maharashtra	India
S1-165863837	Orion LLC	1013 St Peter Street, South Bend, IN	US
S1-902374612	Janifer Hanson Heritage Israel, LLC	176 Old Field Lane, Milford, CT	US
S1-905822488	Wilson, Rascon & Brummett	228 Mool Avenue, Beckley, WV	US
S1-818899161	Bailey & Ambrose LLC	3637 Marymont Drive, Huntsville, AL	US
S1-945071719	Cozy Auto Body	553 Suncrest Drive, Prescott, AZ	US
S1-988708850	New Construction Private Limited	Flat No 10043, Gh-07, Ghaziabad, Uttar Pradesh	India
S1-209762159	Strategic California LLC	874 Wyam Court, OR, Cascade Locks	US
S1-963800417	Caldos Outdoor LLC	2315 Tisinger Avenue, Dallas, TX	US
S1-243048578	Adler Infotech Pvt. Ltd.	A354/B Ground Floor Gali No. 9 Lakpat Colony Part-Ii Meetha Pur Extn. Badarpur, New Delhi, South Delhi, Delhi	India
S1-990504880	Trujillo and Weekly	15660 Saguaro Lane, Surprise, AZ	US
S1-74927620	Olimpia Edwardson Royal Cadenza LLC	2514 3rd Street, Altoona, PA	US
S1-249199267	Interfaith Ministries III Inc	11066 Loudermilk Road, Unit APT 100, Glouster, OH	US
S1-966382524	Gardener Plutonian Inc	NC, 504 Wetherington Landing Road, Stella	US
S1-548363006	Boor Group	10382 90, NY, Genoa	US
S1-498625470	Galaxy Hospitality Pvt Ltd	C/Oarvind Prasad 27/38/1D, Allahabad, Bhulai Ka, Puraallahabad, Uttar Pradesh, Allahabad	India
S1-91385509	Total Infrastructure Industries LLC	8226 Culver Street, Mesa Desert, AZ	US
S1-633204369	Crin Tripp, DPM	1713 Polo Lane, Billings, MT	US
S1-581116306	VR National Lifesciences LP	2640 St Ann Drive, City Of Green Bay, WI	US
S1-60361358	Shriyansh Group	X/10 Aloor Kallettumkara P O, Trichur, Thrissur, Kerala	India
S1-974864553	Bee Dee Private Limited	C/O Tulshibhai Kashabhai Harijan Village-Ranpur, Taluka-Satlasana, Mehsana, Mahesana, Gujarat	India
S1-317680041	Ram (India) Foundation Private Limited	4-C Type Iii 3Rd Floor 75 Diz Area Sector-2 Kali Bari Marg, New Delhi, North East, Delhi	India
S1-330589411	Hatcher and Robles	423 Jentges Road, Incorporated, ID	US
S1-172157434	Blue Hudson Inc	5602 Seely Street, Phoenix, AZ	US
S1-756637307	Cardiology Heritage Group	16042 Mason Run Drive, Houston, TX	US
S1-429025867	Dream Real Properties Private Limited	B-115, Road No. 9, V.K.I. Area, Jaipur, Rajasthan	India
S1-353673213	Sai Bright Builders Pvt Ltd	F.No -7030, Janapriya Township, Madhavapuri Hil, Medak, West Godavari, Telangana	India
S1-32183433	Holy Cathedral	136 Jacolyn Dr SW, Cedar Rapids, IA	US
S1-307839859	Pilcher Pattana Inc	1669 Lark Bunting Lane, City Of El Paso, TX	US
S1-9666989	Vaor LP	7963 Gail Road, Fl 1, Scottsdale, AZ	US
S1-878024117	Brindavan Infosys	Shop-114, Ff, Spanish Court, Palam Vihar, Gurgaon, Haryana	India
S1-511347881	R & Z Spa	7420 Center Parkway, Sacramento, CA	US
S1-53130436	Donaldson Resources LLC	1183 164th Avenue, Goodyear, AZ	US
S1-952317911	Digital Agricultural Brands	29 Woodbury Avenue, Lynn, MA	US
S1-664377214	Surya Finance Pvt Ltd	Bangalore, No 27, Bangalore, Ii Cross, 10Th Main Indiranagar 2Nd Stage, Karnataka	India
S1-550667393	International Industries Private Limited	S/O-Prabhas Mondal, Bagirhula Ps-Minakhan, Malancha, North 24 Parganas, West Bengal	India
S1-874443308	PU Advanced View	175 Oxford Avenue, Buffalo, NY	US
S1-214808027	First Investment Studios	468 Union Street, East Bridgewater, MA	US
S1-434259493	Blue Mills Limited	7B/37 Abhimanyu Gali New Vishwas Nagar, Shahdara, New Delhi, Delhi	India
S1-474899817	Commit Edible Ltd	Property No. 62, Second Floor, Sector 12A, New Delhi, South West Delhi, Delhi	India
S1-340931146	New Delhi Hospitals Private Limited	2239, Gali Anar Wali, Kinari Bazar Dariba Kalan, Chandni Chowk, New Delhi, Delhi	India
S1-172093064	Parr & Cannon Morgan LLC	745 Dilworth Lane, Unit APT 204, Rock Hill, SC	US
S1-104568986	Peak Investment Company Associates	Pittsboro, 207 Hollyhock, NC	US
S1-791992140	Mohan (India) Elevator Private Limited	Room No 6, Parshavnath Chs, Narayan Nagar, Bhayandar (West), Mumbai, Thane, Maharashtra	India
S1-439076140	Collete Alvardo Bridge	113 7th Street, Veedersburg, IN	US
S1-477891510	Bartos Farms LLC	178 Central Avenue, Falmouth, MA	US
S1-531115343	Balaji Solutions	Pl N.12A, Fl N.304, 3Rd Flr, Prathamesh Vihar, Dahipura, Nagpur, Maharashtra	India
S1-819463805	Dte	350 Kent Avenue, Terre Haute, IN	US
S1-85750483	Tayal Export (India) Private Limited	Karnataka, Bangalore, No-44, Bangalore, 3Rd Cross, Vallabha Nagar Konankunte Cross	India
S1-534062912	Rapid Insurance Concepts, LLC	Belton, 421 Eagle Landing Drive, TX	US
S1-92079713	Tejva Innovative Private Limited	Municipal No.8-2-293/82/J-Iii/214/1 & 2 Road No.82 Jubilee Hills, Hyderabad, Telangana	India
S1-255541210	LGM Keystone Solutions Inc	6 Mercury Drive, Gates, NY	US
S1-146307317	Livein Academy Private Limited	C-505, Jalsa, Gotri Road, Sevasi, Vadodara, Gujarat, Vadodara, Gujarat	India
S1-359703251	Tova Mock Superior Prudential Ltd	31 Dent Street, Unit 1, Boston, MA	US
S1-862407630	Baba Hospitality Pvt Ltd	Sam House, Plot No. 136 D'Lima Street, Dockyard Road, Mumbai, Mumbai City, Maharashtra	India
S1-812725792	MKI Aviation Pvt. Ltd.	8-2-596/F/44A, First Floor, Office No:103, Khairatabad, Hyderabad, Telangana	India
S1-85959578	Choice Golden Republic Inc	TN, 77 Upper Browns Church Road, Jackson	US
S1-779898481	New Tech Private Limited	House No. Pvt-14 Kh No277, 176, Gali No. 1-A/7, North, North Delhi, Delhi	India
S1-219756486	Welch Safe LLC	3651 Wall Avenue, Ogden City, Unit 5511, UT	US
S1-470604383	Dita's Nails	24459 Wolf Mountain Road, Wister, OK	US
S1-827225942	Hyatt Trading Limited	C-208, Twin Arcade, Opp. Blossom Chs, Military Road, Marol, Andheri East, Mumbai, Maharashtra	India
S1-128942667	Menaka & Partners	501, 5Th Floor, Profit Centre, Nr. Kalaghoda Circle, Sayajiganj., Vadodara, Gujarat	India
S1-522168617	Straight Edge Tavern LLC	4500 Elmore Ave, Unit APT 247, Davenport, IA	US
S1-687219016	Clean First, Inc	130 Woodlawn Avenue, Glen Park, NY	US
S1-447836352	Signature Elite Deutsche	3526 Grande Bulevar, Irving, TX	US
S1-960571607	Eastern Cayman Clinic	151 Market Street, Waverly, KY	US
S1-916164634	Juniper Xii Clinic	Florissant, MO, 1265 St Francois Street	US
S1-503829236	Bhubaneswar Filaments Private Limited	Puri, Bhubaneswar, Orissa, Main Roadnayabazar	India
S1-780156657	Scholarship Foundation Ltd	205 Winsor Street, Unit 2, Ludlow, MA	US
S1-135212886	Superior Packaging Enterprises, LLC	1741 Leroy Stevens Road, Mobile, AL	US
S1-374349170	Flamboyant Charitable Trust	24, Vardan Tower A, Nr.Shanti Aprt. Pragati Nagar, Naranpura, Ahmedabad, Gujarat	India
S1-680987291	Donois Center	365 Wright Lane, Brownsville, KY	US
S1-700519352	Fortune Systems Pvt Ltd	79 D3, Sivaya Nagar Reddiyur, Alagapuram, Salem, Tamil Nadu	India
S1-942917387	Line Constructions Private Limited	Flat No 401, Plot No 760, Orient Bridge, Shastri Nagar, Kota, Rajasthan	India
S1-614877751	Harbour Signature Bce	32 Thomas Street, Portland, ME	US
S1-557532479	Quantex Newhold LLC	626 Jaden Way, Virginia Beach City, VA	US
S1-743993070	Colonial Preparatory Academy	11 Cabin Hill Road, Saulsville, WV	US
S1-438136256	Nashik Ev Private Limited	Flat No 101 Venktesh, Maharashtra, Nashik, Enclave Near Janlaxumi	India
S1-885573839	Moses Brothers Private Limited	# 67, New Mehar Singh Colony, Patiala, Punjab	India
S1-189399027	Mellisent's Cargo	7 Ivy Brook Court, Greensboro, NC	US
S1-358160244	Macklin Metro Credit LLC	24123 Concord Pond Road, Seaford, DE	US
S1-318669031	All Wholesale Products LLC	UT, Lehi, 1748 Timpanogos Highway	US
S1-962751610	Alexander Trust	Cloverdale, 34365 101, OR	US
S1-685164807	Krishak Trading	H-30, New Delhi, Plot No. 6 & 7, Third Floor, Gulshan Park, Vijay Chowk, Laxmi Nagar, Delhi	India
S1-247769802	Delhi Securities Private Limited	B-20, East Arjun Nagar, Shahdara, East Delhi, Delhi, East Delhi, Delhi	India
S1-841389563	Holy Methodist Church	4019 Woodmont Drive, East Ridge, TN	US
S1-191593325	Gulf Gulf California PLLC	2723 Shipley Terrace, Unit 5, Washington, DC	US
S1-813010246	Jain Services	Jaipur, E-193, Rajasthan, Riico Industrial Area, Mansarovar, Jaipur	India
S1-683016492	Prime Talent Collective Edgewood L.L.C.	3102 Elmwood Drive, Unit APARTMENT B, Edgewood, KY	US
S1-729639152	Vargas Permian of Beaverton	17512 Autumn Ridge Drive, Fl 1, Beaverton, OR	US
S1-687674	Summit Integrated Properties	4751 Hilyard Avenue, Klamath Falls, OR	US
S1-734257738	New Infrastructure Limited	A-257, Basement, Ohkla Industrial Area- Phase-I, New Delhi, South Delhi, Delhi	India
S1-184782898	Urgent Care Partners	38 Geneva Street, Miami, WV	US
S1-552305114	Womens Health Reliable Physicians	6008 Northwood Lake Drive, Northport, AL	US
S1-961185762	Silva and Shipman LLC	6969 Levin Dashiell Road, Hebron, MD	US
S1-40309814	Votary (India) Engineering Ltd	Girwa, Rajasthan, Udaipur, 113, Sudarshan Enclave, Bsnl Road, Sector-3	India
S1-698180786	Womens Health Choice Partners	300 Mangrove Drive, Emerald Isle, NC	US
S1-604341008	Urgent Care Partners of Stroud	2115 Highway 99, Stroud, OK	US
S1-715248323	Chiropractic Grand Physicians LLC	24 Alden Road, Orleans, MA	US
S1-995020697	Jones Empire Aspen Corp	139 Village Sout, Unit MH Lot 139, Midlothian, TX	US
S1-658507914	Fresh Cafe! LP	2331 Yakima Court, Tacoma, WA	US
S1-394394067	Rapid Equity Alliance LLC	12930 162nd Avenue, Unit #212, Happy Valley, OR	US
S1-131705824	Raviavi Builders Limited	Flat N0-203, Dwarkadhish Apt Rameshwadi Badlapur(W), Mumbai, Thane, Maharashtra	India
S1-466378732	Devendra Exim Pvt. Ltd.	Haryana, Upwan Ph2, Npv, Plot No. U8, Gurgaon, Palam Vihar	India
S1-457648869	Bottorff United Earths Care	927 North Street, Mediapolis, IA	US
S1-8850707	I/M Annaly LLC	1108 Skyline Drive, Fl 1, Medford, OR	US
S1-267899625	Aurium Valuence LLC	16627 Watters Drive, Lockport, IL	US
S1-559164504	Meghan's Innovative Iron Works	3709 114th Terrace, Kansas City, MO	US
S1-545917897	My Healthcare Pvt Ltd	N36/6 Shitladham Colony, Shitla Mandir Ramnagar, Varanasi, Uttar Pradesh	India
S1-168972670	Highland Alliance IV	360 Lake Street, Bellingham, MA	US
S1-846983407	Torres Global	272 Indian Hills Road, New Haven, KY	US
S1-577376232	Flint Elite	363 Trapelo Road, Belmont, MA	US
S1-241402776	Brown Holdings	305 Seminole Street, Park Forest, IL	US
S1-64156496	Cicero Gulf Quasaredge	1832 49th Court, Cicero, IL	US
S1-283191230	Creative Engineering Networks LLC	3202 Stanfield Drive, Parma, OH	US
S1-771996357	Bright Producer Pvt Ltd	Room No.3, Kirti Niwas, Chickenghar Rambaug -4, Kalyan, Thane, Maharashtra	India
S1-729209950	Bay Network	239 Madelia Place, Mooresville, NC	US
S1-201167353	Cypress Inc	TN, 371 Highway 307, Athens	US
S1-154572127	Innovative Bumrungrad Columbus	Columbus, NC, 39 Mills Street	US
S1-729954317	Physical Therapy Diamond Medicine Inc	55 The Betweens, Greers Ferry, AR	US
S1-637719981	Board of Education	1708 Herbert Ave, Unit 1, Shively, KY	US
S1-641242715	Rockhold, Bracey and Corona Clinic	1800 Sherwood Forest Street, Houston, TX	US
S1-955237566	Innovative Agriculture	248 Little Poe Trail, Penn Twp, PA	US
S1-858963380	Lupton, Myers & Machado Jena	4302 Center Street, Unit #R106, Tacoma, WA	US
S1-828252114	Redwood, Inc	945 Clear Creek Canyon Road, Unit 19, Panguitch, UT	US
S1-182163668	Jay Big Food Pvt Ltd	Chowk Shikarpur Patna City, Patna, Bihar	India
S1-10692999	Mirage & Associates Private Limited	Plot No. A/11 & A12/1, Ida, Ip Nacharam, Uppal, Hyderabad, Telangana	India
S1-611273107	Southern Marketing Pvt Ltd	D.No.7-5-84/30, Flat No.302, Oak Wood, Jasti Square Pandurangapuram, Beach Road, Visakhapatnam, Vishakhapatnam, Andhra Pradesh	India
S1-483230895	Prime Industries Pvt Ltd	The Agarwal Corporate House, 7Th Floor, 1, Bicholi Mardana Main Road, Indore, Madhya Pradesh	India
S1-795230134	Royal Suma LLC	65 Oak Street, Unit A, Needham, MA	US
S1-465189995	Emsons Hitech (India) Private Limited	H No. 11-1-2, Gedalavanipeta Main Road, Gedalavanipeta, Srikakulam, Andhra Pradesh	India
S1-75409236	Pediatric Dental Associates	7238 Ticonderoga Trail, Eden Prairie, MN	US
S1-740770159	Kanpur Agro Limited	R/O 117/K/19-B Sector Iii R.S. Puram, Kakadeo, Kanpur, Uttar Pradesh	India
S1-298152867	Florian Horizon Fast Partners	1105 Ivy Club Lane, Unit 331, Hyattsville, MD	US
S1-783219746	Angulo Productions Inc	6715 92nd Avenue, Portland, OR	US
S1-81457541	Rkr Trading Private Limited	8/181, Ft No. 302 Arya Nagar, Kanpur, Uttar Pradesh	India
S1-874783294	Aurora Inc	3211 Berry Hill Road, Pittsylvania County, VA	US
S1-189311415	F 4 Dynamic Pebblebrook	IN, Bloomfield, 386 Deer Lake Drive	US
S1-326561957	Projects Advent Indiaprivate	Plot No. A-12, Midc Karve, A/P. Vita, Tal Khanapur, Sangli, Maharashtra	India
S1-98695713	Total Signature General Inc	2724 Stephens Street, Roseburg, OR	US
S1-201895874	Internal Medicine Keystone Group	6060 Royal Palm Road, Unit 309, Glendale, AZ	US
S1-53717727	Vision Gold Solutions Limited	West Bengal, Howrah, 25, Jagat Banerjee Ghat Road, Gr- Fr, Lp - 190/4, Howrah, Howrah	India
S1-230566347	Slagle, Smith and Edwards Inc	2143 6th Street, Douglas, AZ	US
S1-618696105	Sierra Vista Asset Building Anchor Charities	5046 Evergreen Drive, Sierra Vista, AZ	US
S1-499445735	Downey, Job and Wixon Inc	111 Woodfield Rise, Martin, TN	US
S1-233149758	Zaloor LLC	5 Lower Cliffton Heights, Cannelton, IN	US
S1-504874828	Alexander Learning Center Inc.	843 Blodgett Hill Road, Coeymans, NY	US
S1-714773760	Dynamic Painting PC	1226 Kentucky Street, City Of Racine, WI	US
S1-92184233	Valour Advisors	38 B, Subzi Mandi, Sonipat, Sonipat, Haryana	India
S1-252706605	Zeller Enterprises Inc	226 Jefferson Avenue, Danville City, VA	US
S1-727826889	Ranet LLC	27393 128th Street, Zimmerman, MN	US
S1-303096687	Silver Trading Private Limited	Sat Nagar, Delhi, 3A/11 F/F, Central Delhi, New Delhi	India
S1-277144771	Latisha Caldwell Trusted Neuberger LLC	17112 Hawthorne Avenue, Douglas County, NE	US
S1-34047276	Callaway Trust	30765 Gordy Mill Road, Delmar, MD	US
S1-496151213	Cancer Coalition	1421 Collegeville Road, Unit Unit 110, Upper Providence Township, PA	US
S1-816434997	Tirupati Global Private Limited	First Floor, Malik Buildcon Plaza-I, Plot No-2, Pocket-6, Sector-12, Dwarka, New Delhi, Delhi, New Delhi, Shop No. F-8	India
S1-451027809	Safe Education Union	917 Laguayra Drive, Albuquerque, NM	US
S1-505019093	Vibrant Consultants	Haryana, 977/22 Shiv Nagar, Gurgaon	India
S1-741220729	YRI Spices Private Limited	H.No.-3538/3, Plot No.- Old-21-A, 2Nd Floor Ganesh Pura-8 Street No.-3 Narang Colony, Tri Nagar, Delhi, North East, Delhi	India
S1-865549728	Cornerstone Restaurant	157 Miller Avenue, Electric City, WA	US
S1-820508300	Capital Institute	Prince William County, 1848 Faversham Way, VA	US
S1-120141172	Jubilant & Co	Kolkata, Muktaram Babu Lane, Kolkata, Howrah, 5B, West Bengal	India
S1-793065382	Life Products LLP	Delhi, Kh. No. 4 Back Portion Ground Floor Street No 3/5, Delhi, North Delhi, Sangam Vihar	India
S1-617495693	Continental Council III Inc	10425 Byway Drive, City Of El Paso, TX	US
S1-737478629	New Delhi India Private Limited	C 388 G F Vikaspuri, New Delhi, West Delhi, Delhi	India
S1-751051919	Desousa Heritage Smart	6335 Folkston Way, Lafayette, IN	US
S1-296559779	Cochin Brothers Pvt Ltd	H No. C-1/503 1St Floor Chitrakoot, Jaipur, Rajasthan	India
S1-536213280	UZ Investments Pvt Ltd	Chennai, Tamil Nadu, V.O.C. 2Nd Cross Street, Kodambakkam, No.4	India
S1-11600872	Caroline Carruthers Prime Networks	690 6th Street, Neoga, IL	US
S1-393882605	GXV Resorts Private Limited	C-1 Sma Industrial Estate, G T Karnal Road, Delhi	India
S1-476057900	Cascade Program of Reynoldsburg IV LLC	1808 Steckel Road, Reynoldsburg, OH	US
S1-863899943	Pinnacle Reliable Chs LLC	OH, 4420 Aicholtz Road, Unit 120, Cincinnati	US
S1-527413846	Auris Law Group LLC	265 Woodend Road, Bonner Springs, KS	US
S1-180893583	Lacy Nichols, DMD, M.D., P.C.	3000 Hanley Road, Unit SUITE 100, Saint Louis, MO	US
S1-621698823	Southern Choice Carolina LLC	47 Hatch Road, Yarmouth, MA	US
S1-815310047	Juarez Rapid Biomedical Inc	201 Rocky Road, Greenfield, IN	US
S1-322586677	Global Traders Private Limited	88/2 Jhawtola Road, Kolkata, West Bengal, Howrah, Kolkata	India
S1-789491226	Action Group	217 Rex Chambers 2Nd Floor Walchand Hirachand Marg Ballard Estate, Maharashtra, Mumbai	India
S1-533900982	Frontier Project III	Riverton, WY, 3108 Riverview Road	US
S1-449276830	Clarine Ramirez, D.D.S.	3364 Frontgate Drive, Unit 19, Greenville, NC	US
S1-869045430	Evans & Moore Farms Inc	101 Noble Log Grove, Liberty Hill, TX	US
S1-779597575	Value Precision Chile Inc	NC, Morganton, 1079 Amherst Road	US
S1-701145884	Clareta's Media	7129 Merrimac Trail, James City County, VA	US
S1-82107237	A Cure 7 IT L.L.C.	AZ, 871 Toledo Street, Gilbert	US
S1-784180122	Oriana's Maintenance LLC	120 Godshall Road, Perkiomen Township, PA	US
S1-644543081	Carey, Beatrice W., DPM	697 Erie Station Road, Henrietta, NY	US
S1-876601645	Aura Consultantsprivate Private Limited	6-3-666/A/302 Lumbini Towers, Panjagutta, Hyderabad, Telangana	India
S1-591575477	Torres, Benson & Christie Corp	Enumclaw, 16922 Crystal Drive, WA	US
S1-971502635	Guess Patriot Inc	217 S Irish Street, Greeneville, TN	US
S1-794446853	Metro Guild	1581 Cadillac Circle, Romeoville, IL	US
S1-920083555	Torres Strategic Debt	5604 Mesa Drive, Fayetteville, NC	US
S1-545849613	Premier Express Industrials L.L.C.	WA, 2309 Cuba Street, Spokane	US
S1-384462835	School Properties Pvt. Ltd.	H No 40, Third Floor, Room No 21 Caterpuri, Bvm School, Gurgaon, Haryana	India
S1-827961430	Monica Vega Spruce LLC	15469 Jost Estates Drive, Florissant, MO	US
S1-592464747	Peter Foundation Company	Laxmi Building, 2Nd Floor, 6, Shoorji Vallabhdas Marg, Ballard Esta, Te, Mumbai, Maharashtra	India
S1-281828617	Smart Advisors	2816 True Grit Cove, Leander, TX	US
S1-531384131	Jones Muniholdings LLC	1004 Apple Street, Burlington, NC	US
S1-63593131	New Life Fellowship	1333 Honeysuckle Lane, WI, City Of Neenah	US
S1-278875395	Quantify Pegasus Inc	294 Silver Springs Road, Evening Shade, AR	US
S1-175540732	Vp Ventures	Jitendra Automobiles, Near Sardar Hights Kangasyali, Taluka- Lodhika, Rajkot, Gujarat	India
S1-103064780	Kalimata Holdings	265 E, Bellasis Road Opp To Best Bus Depot, Mumbai, Mumbai City, Maharashtra	India
S1-636010419	Litmus Seva Samiti	Office No. 301 Pinnacle, 664 Park Avenue, Law Coll, Pune City, Pune, Maharashtra	India
S1-956517053	3692 Second Court Owners Corp LLC	840 24th Avenue, OK, Norman	US
S1-989138989	Meridian	201 School Street, Brookland, AR	US
S1-527717351	Good Galaxy Foods Private Limited	W/O Vijay Gulati 2/107 Site Vikash Puri New Delhi, Delhi, West Delhi, Delhi	India
S1-983453901	Heartland Metropolitan Magna LLC	484 Floribunda Drive, Saratoga Springs, UT	US
S1-151791046	Baba Media Pvt Ltd	B-116, 1St-Floor, Amar Colony Lajpat Nagar-4, New Delhi, South Delhi, Delhi	India
S1-347162415	Rewari House Private Limited	Calcutta, Kolkata, West Bengal, 4 Suhrawardy Avenue	India
S1-853507931	West Strategic Taiwan LLC	3621 Steeplegate Drive, Trinity, NC	US
S1-565923626	Noel Farms LLC	5923 28th Street, Tacoma, WA	US
S1-445235378	Community Guild LP	295 Avenue M, Wilson, KS	US
S1-768156489	Brinda & Co	Plot No.- 42, Moulana Azad Sarani City Centre, Durgapur, Bardhaman, West Bengal	India
S1-83352129	Innovative Clear Valley Inc	8181 100, Farmland, IN	US
S1-764586323	Family Associates	5704 Colorado Avenue, Washington, DC	US
S1-32442889	Cole and Duncan Argentina LLC	846 5th Street, Ontario, CA	US
S1-883596074	Reese Open of Hanover County LLC	9268 Grantham Drive, Hanover County, VA	US
S1-222293573	Womens Health Specialists	2024 Union Hill Road, Hendersonville, NC	US
S1-881069298	Office of Education PC	117 Pleasant Hill Drive, Greenfield, OH	US
S1-590939092	Hamre Elm Inc	MA, 8 Robbins Road, Ayer	US
S1-980398469	Regional Franklin	Coralville, IA, Unit 6, 956 Boston Way	US
S1-391252906	Borland Piedmont Space LLC	9575 Forest Oil Road, Natrona, WY	US
S1-612267125	Arleta Miller Precision Index	2913 Monument Street, Baltimore, MD	US
S1-378780213	Autism Assistance Royal Society	VA, 4316 William Court, Roanoke County	US
S1-746546614	Aditan Sales Private Limited	Ii/13, Puthukkudi Ponmundam P.O, Malappuram, Malapuram, Kerala	India
S1-845450939	Synreex Canada Inc	225 Low Gap Lane, Monterey, TN	US
S1-779729186	Canfield Harbor	3997 15th Avenue, Grand Forks, ND	US
S1-462929847	Mejia Silver Security	9 Macs Lane, Waynesville, NC	US
S1-298643383	4067 Fourth Court Holdings	13822 Saddleview Drive, Gaithersburg, MD	US
S1-793099516	Vivi Trujillo Source	632 E Barbee Ave, Louisville, KY	US
S1-621074895	Global Classic Republic Clinic	38 Rawlins Avenue, Buffalo, NY	US
S1-981824874	KI Robinhood LLC	811 Hillcrest Avenue, West Jefferson, NC	US
S1-928429279	Kaverita Infraprojects Private Limited	Karnataka, Bangalore, #291-B, 3Rd Main, 5Th Cross, Rr Layout, Bangalore South	India
S1-671681544	Silver Consultancy	141-C-105, Ramkrishna Apartment, Jaipur, Rajasthan	India
S1-588985931	Chayan Construction LLP	Faridabad, C/O Rajbir Singh, Bhankri, Faridabad, Haryana, Ballabgarh	India
S1-955325539	Little Solutions (India) LLP	9 Anchor Housekondva Road, Pune, Maharashtra	India
S1-275993959	Adda Jenkins Pharmaceutical Inc	49 Little Page Drive, Clendenin, WV	US
S1-315060587	Cash Premier Viii LLC	602 Main Street, Unit B, Allen, TX	US
S1-834244507	3978 Broadway Street Company	753 Johnston Avenue, Mobile, AL	US
S1-238489726	Leela & Co Limited	Lesag House 11/2, Delhi Mathura Road, Badarpur, New Delhi, Delhi	India
S1-49927023	Acosta Materials LLC	NC, 4216 White Cedar Drive, China Grove	US
S1-49501682	Advanced Creative Worldwide LLC	5225 Osprey Drive, Millersburg, OH	US
S1-805516151	Clyan Polestar LLC	Town Of Adams, WI, W11699 Spaulding Road	US
S1-989756915	Precision Air L.L.C.	Buckeye, AZ, 26563 Piute Avenue	US
S1-86988712	Ngo and Steele LLC	10406 Texas Sage Way, Cypress, TX	US
S1-712527171	Wheeler College LLC	985 Burning Bush Point, Woodmoor, CO	US
S1-930039950	Jillayne Nguyen Egh LLC	3940 8th Street, Tulsa, OK	US
S1-489354516	P 8 N Bright	2924 24th Street, City Of Kenosha, WI	US
S1-878196116	Lotus Dynamic Estate Private Limited	Plot No. 4 & 11, Sector - 2, Kandla Special Economic Zone, Gandhidham, Gujarat	India
S1-131394065	Prime Fashion Ltd	633 Banner Avenue, Brooklyn, NY	US
S1-746860166	Grant, Begum & Kalra	105 Rand Mill Road, Garner, NC	US
S1-504540607	Surya Maa Developers Pvt Ltd	12 Sukhwas Apartment Girikunj Co Op Housing Society Shivaji Nagar, Pune, Maharashtra	India
S1-401356599	Sai Traders Private Limited	Plot No - R - 478, Ttc Industrial Area, Midc Rabale, Navi Mumbai, Maharashtra	India
S1-327708727	Kcc Nidhi Private Limited	1-98/8/65, 4Th Floor, Sohini Villa, Arunodaya Colony, Shaikpet, Hyderabad, Telangana	India
S1-923794442	Physical Therapy Medicine	511 Jefferson Pike, Knoxville, MD	US
S1-941712312	Midwest Industries L.L.C.	NE, 2610 36th Street, Lincoln	US
S1-814122624	Products Srss Services Pvt Ltd	101.Pno.899.Corporate Arena Co-Operative Premises, Aarey Piramal Nagar Cross Road, Mumbai, Mumbai City, Maharashtra	India
S1-921944870	Custom Nuclear, Inc	10317 Vienna Drive, Parma, OH	US
S1-305345110	National Medical Innovations, LLC	210 18th Drive, Snohomish, WA	US
S1-753854019	Ghaziabad India Private Limited	49/55, Site-4, Sahibabad, Ghaziabad, Ghaziabad, Uttar Pradesh	India
S1-97524785	Urology Care	834 Selby Avenue, Saint Paul, MN	US
S1-631411036	Premier Services Private Limited	Sf No.485, No.5, Bilichi(Post) Mathampalayam, Mtp Road, Coimbatore, Tamil Nadu	India
S1-179278568	Express Apparel Dynamics LLC	8638 Harvest Lane, Dubuque, IA	US
S1-287616845	Orthopedic Keystone Center LLC	816 Briar Privado, Ontario, CA	US
S1-456932079	Rajesh Group	4, 23 Civil Lines Galla Mandi, Near Kotwali, Sultanpur, Uttar Pradesh	India
S1-736505375	Eberly Group	414 Main Street, Dayton, WA	US
S1-154393046	Rebeka Rinehart Beijing	920 Valentine Road, Farmington, NM	US
S1-429733976	Gava Care	536 Main Street, Lower Salford Township, PA	US
S1-768491169	Allied Software	11128 Shelley Street, Westchester, IL	US
S1-826063405	My Raj Exports Pvt Ltd	Mig-262 (K-9) Kalinga Vihar, Ps- Tamando, Khordha, Orissa, Khordha	India
S1-704270289	Firefighters Local Union 414	1708 Patricia Lane, Pasadena, TX	US
S1-786801896	Williams's Bistro LLC	44 Hampton Lane, Reynoldsburg, OH	US
S1-631853805	Guru Builders Private Limited	Office No.3, Vraj Kunj Chsl, Jain Temple, Vallabhbhai Patel Road, Vile Parle (W), Mumbai, Mumbai City, Maharashtra	India
S1-140082482	Hail and Padron LLC	11219 Campo Del Oso Avenue, Albuquerque, NM	US
S1-652418219	Better Retail Labs	AZ, 20830 Mockingbird Drive, Queen Creek	US
S1-227320716	Cenanet	3811 University Drive, Unit 38, Mesa, AZ	US
S1-795753517	Chiropractic Platinum Care Associates	5400 Chenonceau Boulevard, Unit Apt 514, Little Rock, AR	US
S1-361734106	Bentsen Choice Pattana LLC	8325 Hidden Valley Circle, Fair Oaks, CA	US
S1-669185467	Ridge Veterinary Clinic Clinic	10 Van Buren Avenue, Cottage Grove, OR	US
S1-207458433	Bharat Management Private Limited	3/775, Main Road Rayampettai, Thiruvaiyaru, Thanjavur, Tamil Nadu	India
S1-394547188	Regino, Jennings & Castaneda Quantum LLC	Bronxville, NY, 16 Studio Arcade, Unit Apartment 2C	US
S1-98614433	Digital Impex LLP	E-20, Second Floor, Jawahar Park, Laxmi Nagar, East Delhi, Delhi	India
S1-12288403	Traor	4343 Osborn Road, Phoenix, AZ	US
S1-137183865	Longshoremen Local 247	201 Glenville Drive, Unit 112, Richardson, TX	US
S1-308480961	Tiranga Trading Private Limited	1515/3 Sector 5 Vasundhra, Ghaziabad, Uttar Pradesh	India
S1-599410212	Pediatric Dentistry Blue Care Associates LLC	South Glens Falls, NY, 19 Clark Street	US
S1-758371316	Rama Memorial Trust	Sco-29, Sector-11D, Faridabad, Haryana	India
S1-247597291	Wu Ace Eastern LLC	275 Rod Alston, NC, Louisburg	US
S1-449052082	Cook, Carfagno and Whipple Center	815 Magnolia Street, Nashville, AR	US
S1-389051060	Aerostar House of Kolkata Private Limited	23A Netaji Subhas Roadroom No 11 2Nd Floor P S Hare Street, Kolkata, Calcutta, West Bengal	India
S1-917629245	Big Ice Cream!	1616 Pinedale Avenue, Bloomington, CA	US
S1-456986509	New Rohtak Road Advisors Pvt Ltd	59/17, Bahubali Apartments, New Rohtak Road, New Delhi, Delhi	India
S1-388766738	Prairie League V	25802 Timber Lakes Drive, Spring, TX	US
S1-126012158	Indian Consultants Private Limited	Apt No. 759-13B, Nainital, 13Th Floor, Hill County, Qutubullapur, Hyderabad, Telangana	India
S1-152086798	Chance Apex Investments LLC	127 Sabra Drive, Odenville, AL	US
S1-616700030	Hyderabad Producer Limited	H.No B-317 Hills Colony Vanasthalipuram, Hyderabad, Telangana	India
S1-230703687	Chiropractic National Specialists LLC	11 Pine Ridge Drive, Smithtown, NY	US
S1-446443538	Novelle Target LLC	240 Sharon Drive, Cleveland, TN	US
S1-270098919	Animal Welfare Society LLC	175 County Road 57, Ohkay Owingeh, NM	US
S1-741074528	Demeter Facility (India) Private Limited	Dinapur-Cum-Khagaul, Patna, Bihar, Flat No.106, Tower-10, Sanchar Nagar Society	India
S1-485270562	A Cure 8 You LLC	4957 Tule Drive, Topock, AZ	US
S1-658482127	Royal Hospitality Concepts LLC	Fayetteville, 861 Tobermory Road, NC	US
S1-627624963	Potts Games PLLC	15 Chipman Lane, Sandy Creek, NY	US
S1-173177958	Esta's Holdings	3891 Chatsworth Drive, Mason, OH	US
S1-826930455	Albright Global Office Inc.	1020 Louise Road, Winston-salem, NC	US
S1-30461340	Global Construction Systems LLC	106 Fairview Terrace, Jacksonville, IL	US
S1-807558213	Parul & Partners	303, Jalaram Darshan Chs, Adharwadi Road, Kalyan, Thane, Maharashtra	India
S1-657004191	Samson Chit Private Limited	398, Mangalwar Peth, Pune., Pune, Maharashtra	India
S1-530089066	Devan Bradley Aerospace	5 Stanwood Street, Brunswick, ME	US
S1-945876204	Flores Hudson	224 Mountain View Drive, UT, Pine Valley	US
S1-583762499	Tania Trading Limited	A-101, Kadamgiri Complex, Chsl, Hanuman Road, Mumbai, Maharashtra	India
S1-200952670	Olson, Goodling and Hanson PC	1041 Loon Drive, Lake Shore, MN	US
S1-199323388	Jeffries and Clements LLC	99 Boston Street, Boston, MA	US
S1-589436096	Custom Data Studios	17105 -A Oyster Bay Road, Gulf Shores, AL	US
S1-115838603	The Dent Massage!	1665 Verda Street, Redding, CA	US
S1-522991887	United Producer Pvt Ltd	House No 26 1St Floor, Back Portion Block Wz Village Dasghara, Delhi, South West Delhi, Delhi	India
S1-542423709	4470 Church Lane Holdings	3939 Spring Lake Road, Unit 35, Burlington, IA	US
S1-746085161	Ssf Computers Pvt. Ltd.	134, Santoshpur Avenue, Ground Floor, Kolkata, Kolkata, Howrah, West Bengal	India
S1-397067105	Gogha International Pvt Ltd	Survey No 274, New Block 173, Gogha, Bhavnagar, Gujarat	India
S1-324631567	Ans Health Private Limited	No.156, Ideal Homes, Halagevaderahalli, Bangalore, Karnataka	India
S1-940340013	Best International Pvt Ltd	1002 Kailash Bldg26 Kasturba Gandhi Marg, New Delhi, Delhi, Central Delhi	India
S1-800009333	Big Products	P.No 66, Kanti Nagar, Pal Road, Jodhpur, Rajasthan	India
S1-898640469	Rivue Capital Charter, LLC	8747 14 Avenue, Brooklyn, NY	US
S1-476566531	Real Public School	4Th Floor, L 17 / A5 Dlf Phase 2, Gurgaon, Haryana	India
S1-889457684	Chiropractic Ace Health LLC	9713 51st Avenue, College Park, MD	US
S1-920267667	Capital Box	Rutland, MA, 136 Maple Avenue	US
S1-729635778	Lofloia Inc	190 Friendship Lane, Hartford, AL	US
S1-769464764	Heart Fund	515 1st Avenue, Hailey, ID	US
S1-209431198	Annamalai Sales Private Limited	Door No.8/1467, 1St Floor, Royal Plaza, Aluva, Ernakulam, Kerala	India
S1-103358659	Mcanulty Mountain Multimedia Inc	7543 Old Coaling Road, Fl 0, Harmans, MD	US
S1-959142567	Premier Vision Services Private Limited	No 21, Warner'S Road, Tiruchirappalli, Tamil Nadu	India
S1-669260154	Naya & Brothers Private Limited	8 Jagdish Chandra Bose Marg, Lucknow, Uttar Pradesh	India
S1-722337929	Ionic Traders Private Limited	1/27, Calpana Society, Sahayog Mandir Road, Ghantali, Naupada, Thane, Maharashtra	India
S1-506186865	Kankaria Ict Pvt. Ltd.	Plot No 82/A, H.No 8-2-293/82/2/A Mla'S Colony, Road No 12, Banjara Hills, Hyderabad, Telangana	India
S1-212847532	High Construction Private Limited	Bangalore, 4Th Cross, 3Rd Floor, Muneswara Nagar, Padmanabha Nagar, Karnataka, No 3	India
S1-881686606	Segal Bright Metal Works Group	1033 County Street 2920, Tuttle, OK	US
S1-517362643	Urgent Care Value Center LLC	13072 St Rte 15, Holiday City, OH	US
S1-898699979	East Management Pvt Ltd	B-162, Ground Floor, Left Side Okhla Industrial Area, Phase-1, New Delhi, South Delhi, Delhi	India
S1-77899382	Evans Prime Renewable LLC	313 Park Gate Road, Cedar Falls, IA	US
S1-552281013	Tesatech Inc	19500 Draper Mountain Trail, Leander, TX	US
S1-741827739	LO Tv Limited	No.107/2B2, 3Rd Floor, Poonamallee High Road, Poonamalee, Tiruvallur, Tamil Nadu	India
S1-576978585	Hitech Constructions Private Limited	Great Eastern Plaza Airport Road Yerawada, Pune, Maharashtra	India
S1-472866527	Premier Trading Company	5 Pine Tree Road, Wellesley, MA	US
S1-47792919	New Delhi Retail Pvt Ltd	D 1/A, Kartar Niwas Hauz Khas, New Delhi, South West Delhi, Delhi	India
S1-126205248	Wentzville, Town Of	MO, 637 Bellingrath Gardens Avenue, Wentzville	US
S1-680010179	Liberty Society	1201 Seigle Avenue, Unit A, Charlotte, NC	US
S1-570270301	Saloni Hospitality Private Limited	D.No.3-1-94/7, 10Th Line, Krishna Nagar, Guntur, Krishna, Andhra Pradesh	India
S1-807841834	Baba Infrastructure LLP	901 Tower B-5 Tulip Orange, Gurgaon, Haryana	India
S1-933883925	Bangalore North Decor Private Limited	4 Near Sahasra Hospital, Sy No 184, Karnataka, Bangalore, Bangalore North	India
S1-397364097	Aakaar & Co Clinic	A/301, Sadguru Chaya, Chhatrapati Shivaji Road Dahisar (East), Mumbai, Maharashtra	India
S1-534236424	Continental Companies P.C.	171 Dakota Street, Marianna, AR	US
S1-526210867	28/96 Towing LLC	2409 Copper Hill Place, Chesterfield County, VA	US
S1-960370717	Classic Digital Union Inc	29705 21st Street, Fl 0, Garden Plain, KS	US
S1-134322441	Bright Hypnosis	146565 Whispering Oaks Trail, Town Of Knowlton, WI	US
S1-372731152	Stesha Lucey Figx, LLC	1403 Adams Avenue, Roswell, NM	US
S1-818895977	Charotar Products Private Limited	Calcutta, 50 J L Nehru Road 11Th Floorp S Shakespeare, Kolkata, West Bengal	India
S1-974678365	Industries Rajshri Hut	Bhind Maharshtra Dhanya Vikrikendra Khare Gaon Kalwa (W), Thane, Maharashtra	India
S1-390309206	Lucknow Facility Private Limited	C-3010 Indira Nagar, Lucknow, Uttar Pradesh	India
S1-709893861	Seattle Memorial Charities Clinic	3000 64th Street, WA, Seattle	US
S1-435112568	Shanti Hospital	Ernakulam, Kerala, 1St Floor, Ernakulam, Blg No. 55/630, G4, Panampilly Nagar	India
S1-529461136	Shanker Marg Vishnupuri Safe Limited	2/359, Shanker Marg Vishnupuri, Aligarh, Uttar Pradesh	India
S1-168985128	Cobalt	182 Whipple Street, Unit 6, Fall River, MA	US
S1-113257644	Physical Therapy Value Care Associates	199 Sand Hill Road, Essex Town, VT	US
S1-193056291	Caswell Bay Teucrium	2402 2, Havre, MT	US
S1-811063192	Vision Power Private Limited	Mumbai City, Spring Groove Uno Chs Ltd, Lokhandwala Township, Akurli Road, Kandi, Vali (E), B-601, Mumbai, Maharashtra	India
S1-532789446	Vance Family Practice	1708 Gaither Road, Belmont, NC	US
S1-553408496	Ghaziabad Foods Private Limited	1/115, Vasundhra, Ghaziabad, Uttar Pradesh	India
S1-734417971	Pediatric Dentistry Associates LLC	3947 Teddington Way, Indianapolis, IN	US
S1-805363766	J & R Fuels	6409 Roosevelt Avenue, Tacoma, WA	US
S1-889198679	Lenka Dinh United Freight	164 Coffman Street, OH, Jackson	US
S1-304865704	Supreme Infrastructure	Maharashtra, Mumbai City, C/12, Mumbai, The Small Indl Co-Op Est Laghu Udyog, I.B. Patel Road, Goregaon (East)	India
S1-175696341	Shivam Construction Private Limited	Bareilly, Uttar Pradesh, Bareilly, P-1 Parsakhera Industrial Area	India
S1-47649824	Aspen, LLC	7356 Greenhaven Avenue, Unit UNIT 25, Rancho Cucamonga, CA	US
S1-706462457	Click Computer	Naranlala Compound, Railway Goods Yard Opp. Railway Station, Navsari, Gujarat	India
S1-752555419	King Jena Inc	IA, 3211 1st Street, Beaconsfield	US
S1-910054907	Desert Atlantic Ishares LLC	495 3rd Street, Unit UNIT C 2, San Bernardino, CA	US
S1-616143668	Blanco, Williams & Smith Kensington, Inc	255 Snowhaven Court, Unit 31, Merced, CA	US
S1-911104282	Arihant Consultancy Private Limited	45-51-4, Flat No.12, Ramya Arcade, Abid Nagar, Akkayyapalem, Visakhapatnam, Vishakhapatnam, Andhra Pradesh	India
S1-574147615	Summit Pediatrics	41 Maple Avenue, Cookeville, TN	US
S1-50691906	Kashi Food Ltd	Off No - 105, Ashoka Plaza, S No - 32 / 2, Nagar Road, Pune, Maharashtra	India
S1-44492169	Simons Precision Muniyield Inc	WV, Unit APT 805, Ranson, 251 Autumn Drive	US
S1-905185841	Bharat It Private Limited	E Block, 1004, Tribeca, Concorde Manhatten Electronic City Phase - 1, Bangalore, Karnataka	India
S1-234158770	Mumbai (india) Private Limited	18 Shinde Ashramchinchpokli East, Mumbai, Maharashtra	India
S1-742558340	Gadyne LLC	Unit 101, 6801 Hanesbrook Circle, Clemmons, NC	US
S1-802813134	Sen Advisors	Shop No -119A Belgium Towers, Silver Plaza Complex Ring Road, Delhi Darwaza, Surat, Gujarat	India
S1-231459789	Human Rights Federation	2380 Shorecrest Drive, Rockwall, TX	US
S1-899121341	Appleman, Olsson & Mckay Aria LLC	544 Mckinnie Avenue, Fort Wayne, IN	US
S1-568563859	Padma (India) India Clinic	L-71, Mahipalpur Extn., Delhi, South West Delhi, Delhi	India
S1-779852999	Better Medical Innovations	231 Trotters Lane, Village Of Palmyra, WI	US
S1-875952665	Natures & Sons Private Limited	Pune, Office No. 28, Maharashtra, B Wing Jaiganesh Vision Akurdi, Pune	India
S1-978680182	North Safe LLC	150 Mcclelland Lane, New Edinburg, AR	US
S1-389537625	Garh Foundation	H.No A-93/A-94, Khasra No 11/4, 11/3/3 Blk-A, Rajeev Nagar, Village Begampur, Delhi, North West, Delhi	India
S1-428528735	Aarkay Natural Private Limited	Parwati Devi, Village-Kasauti Po-Bambhai, Ps-Karpi, Arwal, Araria, Bihar	India
S1-4087034	Indian Agro Pvt Ltd	Plot No.189-190, 6Th, Street, Saraswathi Nagar, Poonamallee, Tiruvallur, Tamil Nadu	India
S1-182330177	Cascade Lending PLLC	1310 Turtle Creek Ct, Louisville, KY	US
S1-644746307	Cardiology Care Associates LLC	1739 Arbor Drive, Bradley, IL	US
S1-373806820	Vinson Pacific Latin Inc.	WA, 401 Park, Chewelah, Unit G	US
S1-316856197	Wise Wealth LLC	18081 Marygold Avenue, Bloomington, CA	US
S1-360644673	Martinez, Watson & Rivera Virginia, Inc	1365 Nicholas Drive, Loveland, OH	US
S1-811577821	Futura Agencies Private Limited	Hn-371/A, Sn-285/10 Koregaon Park, Bund Garden Road, Pune, Maharashtra	India
S1-114960379	AC Winery Ltd	68 Moore Streeti Floor (Holtel Indian Palace) Chennai-600 001, Chennai-600 001, Chennai, Tamil Nadu	India
S1-16285115	Morante, Cavallo and Araiza Lending, LLC	1006 Paradise Road, Swampscott, MA, Unit 2A	US
S1-883684537	Dental Center of Luverne PLLC	210 Lincoln Street, Luverne, MN	US
S1-909732930	Catalyst Sports Private Limited	Flat No. A/603, Gulmohar Heights, Mumbai, Maharashtra	India
S1-523127177	Brooks Heartland Pharmaceutical LLC	13675 Cleveland Avenue, Unit 17, Uniontown, OH	US
S1-580732281	Norrie's Clear Grill	401 Erie Street, Lafayette, IN	US
S1-953951659	Global Infrastructure Limited	Rajkot, Metoda, Gujarat, Plot No. 2832, Jyoti Cnc Opp, Taluka- Lodhika, District- Rajkot	India
S1-983875967	Coastal Fellowship	3 Cabot Lane, Nantucket, MA	US
S1-206709711	E I & X Chain LLC	26533 Meadowland Lane, Hebron, MD	US
S1-177056500	Uttar Pradesh Developers Private Limited	Peer Panchchhatta Bazar Mathura, Uttar Pradesh, Mathura, Uttar Pradesh	India
S1-697976164	Clyeus Priority LLC	6000 Walker Mill Road, Capitol Heights, MD	US
S1-877044195	Grand Chemical Enterprises LLC	Lakeland, TN, 4760 Maple Walk Drive	US
S1-894062525	Blue Software Private Limited	House No 76/90/1 Cidco N-2 Cidco Aurangabad, Aurangabad, Maharashtra	India
S1-761118402	East Agro Limited	No.45, Sai Bliss, 1St Floor, 2Nd Main Road, Amruthnagar 'B' Sector, Bengaluru, Bangalore, Karnataka	India
S1-224736120	S R & T Merchants PLLC	2442 Brady Street, Richmond City, VA	US
S1-948975956	Laor Management	14400 Oak Street, Azle, TX	US
S1-944085652	Firefighters Local 440	1409 21st Avenue, Altoona, PA	US
S1-355523251	Green Trading Private Limited	210, Swastik Plaza, Pokharan Road No 2, Thane, Maharashtra	India
S1-621123888	Ramakrishna Industries Group	Delhi, New Delhi, Shop No. 2, C-1 Market 1St Floor, Vasant Kunj, New Delhi	India
S1-811434462	Sk Consultants	Sadar, Bhawanipatna, Budhipadar, Chahagaon, Bhawanipatna, Kalahandi, Orissa	India
S1-136933292	Price Graf LLC	3 Honeysuckle Way, Cumberland, ME	US
S1-333480301	Indransh Memorial Private Limited	V20/103, Ashok Van Bldg, Shiv Vallabh Road, Dahisar East, Mumbai, Maharashtra	India
S1-286877513	Nityanand Cluster (India) Corporation	Flat No-91-Gh-6, G/F White Apartment, Meera Bagh Paschim Vihar, Newdelhi, West Delhi, Delhi	India
S1-685460772	Young Universal, Inc	6104 Dewitt Dr, Louisville, KY	US
S1-708091797	H 2 Better Big Group	383 Mallard Baye, Rutledge, TN	US
S1-956022059	Behavioral Health Specialists	4015 Glenstone Terrace, Unit Apt C, Springdale, AR	US
S1-413557357	Physical Therapy Physicians LLC	13024 Beckemeyer Road, Beckemeyer, IL	US
S1-450394361	Holmes Polestar LLC	6183 Oxon Hill Road, Oxon Hill, MD	US
S1-387733236	Credible Traders Corporation	481, Radha Vihar Kalwar Road, Hatoj, Jhotwara, Jaipur, Rajasthan	India
S1-265923392	Indo Builders	S-L, American Plaza, Nehru Place, New Delhi, South Delhi, Delhi	India
S1-734090218	Williams, Stukes & Gross	214 Nicole Court, Glen Carbon, IL	US
S1-90756569	Beacon Ace Templeton LLC	564 Mount Whitney Way, Bldg Building 2, North Elba, NY	US
S1-778420784	Cozy Pizza	Victoria, TX, Unit 4-E, 1603 Brazos Street	US
S1-896868963	Ahlers, Warner and Harpster	NC, 2764 Lee Lawing Road, Lincolnton	US
S1-579588658	South Power Private Limited	Thanik Square, Plot No 157 To 160 3Rd Cross Street, Nehru Nagar, Kottivakk, Am, Chennai, Tamil Nadu	India
S1-576291191	Silos Guild Care	120 Point View Avenue, Brinnon, WA	US
S1-194845331	A Cure 7 You Inc	3760 New Providence Road, Hazel, KY	US
S1-68818318	Dental Care L.L.C.	165 Cyrus Futrell Road, Chinquapin, NC	US
S1-771300410	Grand Soren	MN, Maplewood, 2345 Dorland Court	US
S1-646622482	All Consultants Private Limited	1303/4, Floor-13 Plot63/74, Tower A, Ashok Towers, Mumbai, Maharashtra	India
S1-247852574	Graf Golden Cleaning Service	425 New Providence Way, Pike Road, AL	US
S1-143179429	Sky Developers Private Limited	Plot No.C 204, Kamla Nehru Nagar Pratham Vistar Yojna, Sector C, Jodhpur, Rajasthan	India
S1-166240861	Creative Illumination LLC	906 24th Street, AR, Rogers	US
S1-744156268	Huff and Bond Inc	1716 Hollinwood Drive, Fairfax County, VA	US
S1-699268663	Shivam Consulting Private Limited	Ft No.801, Phoenix, Meenaks, Hi Sky Lounge, Khanamet, Serilingampally, Hyderabad, Telangana	India
S1-747946568	Lyra High Corp	1181 2900, UT, Tremonton	US
S1-562730281	Erwin Saratoga Inc.	147 Craighead 373 Road, Bono, AR	US
S1-723706929	Ridge Insurance	409 Wilshire Walk, Hopkins, MN	US
S1-109214689	Bunker Superior Innovations Inc	824 Jackson Street, Sullivan, IN	US
S1-269411998	Shree Constructions Public Limited	Wework Blue-One Square, 246, Phase Iv, Udyog Vihar, Industrial Complex Dundahera, Gurgaon, Haryana	India
S1-794700522	Clean Prairie Arts	6060 Lake Road, Fleming, NY	US
S1-12088447	Rvs Teja Limited	Bangalore, 4Th Main, J C Industrial Area, Kanakapura Road, 6/A, Karnataka	India
S1-248457933	Kaja Villegas Apex Municipal LLC	210 Synergy Center Boulevard, Houma, LA	US
S1-69819411	Eminent Infrastructure (India) Private Limited	21/152, Corrazone, Cusat, Kalamassery, Ernakulam, Kerala	India
S1-372991672	Osprey	14 Rocamora Road, Rocky Hill, CT	US
S1-607171826	Office of Aging LLC	TX, 12740 Fm 1915, Davilla	US
S1-337187355	Sai Developers LLP	2A/172, Azad Nagar, Csa, Kanpur Nagar, Uttar Pradesh	India
S1-741139560	Crystal Retail Company	1564 Lee Landing Road, New Bern, NC	US
S1-175998159	Tamarah Low Continental Galata Ltd	108 Ann Street, Unit 10, Perry, IL	US
S1-217180838	Marys F. Butcher, MD	Unit 2, KY, 2169 Sherwood Ave, Louisville	US
S1-324178568	Economic Development Initiative II	N169W20240 Chateau Drive, Village Of Jackson, WI	US
S1-628235761	G Y Miller Catalyst Inc.	28 Neptune Avenue, Brookhaven, NY	US
S1-215501318	Davis & Phung LLC	1133 South Boulevard, Unit APT 502, Oak Park, IL	US
S1-558531705	Plant Institute	Narsinghpur, 1901, Haryana, Gurgaon, Floor19, Estate Mgt, Ofc, Tower2, M3M, Sec 74	India
S1-405122693	Regional Calisa LLC	WA, 396 Moore Road, Toutle	US
S1-679724719	Bowers Mobility of Salisbury Care	26872 Pratt Road, Salisbury, MD	US
S1-744853582	Agro Labdhi Ventures Private Limited	1, Floor0, 492, Banecompound, Mumcentralrlystn(W)Tardeo, Mumbai, Maharashtra	India
S1-860162860	Olanari Appliance LLC	5226 Torrington Circle, Rosedale, MD	US
S1-697551278	Asm Technologies Private Limited	Plot No.71/P, Sy No.48, Ida, Near Sub Electricity Office, Rajendranagar, Hyderabad, Telangana	India
S1-389997652	Atlantic Water LLC	IN, 6632 400, Trafalgar	US
S1-148881846	Surya Management Limited	217, Chak Khujarahar, Village Khujarahar Teh- Gulabganj Dist.- Vidisha, Vidisha, Madhya Pradesh	India
S1-293481989	Guru Traders Private Limited	Plot No 14, Mangal Vihar, Swage Farm Nandpuri, Sodala, Ram Nagar Vistar, Jaipur, Rajasthan	India
S1-286439524	Vanguard Quality Robotics Clinic	3661 Southdown Mandalay Road, Houma, LA	US
S1-115695265	Brothers, Ferreira and Perez Inc	6738 Midnight Drive, West Lafayette, IN	US
S1-483945109	Baker Paloma LLC	515 Raymond Street, Rockville Centre, NY	US
S1-836846914	Varshiya Technology	1551 Rohtash Nagar Shahdara, New Delhi, East Delhi, Delhi	India
S1-202133334	Scott, Trower & Martin Elm LLC	Pekin, IL, 1507 Hilltop Drive	US
S1-910645412	Blue Veterinary Clinic PLLC	609 Campfield Drive, Nevada, TX	US
S1-409380708	Basalt	1427 Madison Street, Kokomo, IN	US
S1-869931275	UID Remedies Private Limited	Mdlr House, S.C.O. 2, 3, 4 Old Judicial Complex, Sector-15, Gurgaon, Haryana	India
S1-326719579	Peak Piedmont Cion Group	2185 Buck Grove Road, Ekron, KY	US
S1-635617318	Clarice Foster Land Inc.	11 Cedar Passway, Harwinton, CT	US
S1-722967941	Vtech Tradelink	C-12Th Floor/1206, Titanium Business Park, Nr.Makarba Railway Crossing, B/H.Divya Bhaskar Press, Makarba, Ahmadabad City, Ahmedabad, Gujarat	India
S1-377421761	Sai Sai Private Limited	Near Kanya High School Vinoba Marg, Chharra, Aligarh, Uttar Pradesh	India
S1-886623283	XWE Research Pvt Ltd	3/B Ashoka Road, Kolkata, Calcutta, West Bengal	India
S1-310416338	Clarus & Sons Pvt Ltd	C/O Sadanand Jangade, Rajiv Nagar Fci Godown, Nagpur, Maharashtra	India
S1-594181249	Ceil Lemon Interstate Mitsubishi P.C.	16207 224th Avenue, Woodinville, WA	US
S1-123691587	Buy Lemon	893/B Sreepdmam, Po, Chevayur, Kozhikode, Kerala	India
S1-305899785	Dhan Investments Limited	5Th Floor, Kolkata, West Bengal, Kolkata, 56 N. S. Road, Howrah	India
S1-671137125	Almanzar Healthcare of Lisbon L.L.C.	98 Bushnell Road, Lisbon, CT	US
S1-958424145	Jones's Platinum Research	8687 Norton-waldo Road, Waldo, OH	US
S1-54504156	Universal Media Pvt Ltd	4, Vrindavan Co. Op. Hsg Soc. Ltd., Aarey Road Gorgoan, Mumbai, Mumbai City, Maharashtra	India
S1-255582075	Desert Teucrium, LLC	2709 Superior Drive, Uniontown, OH	US
S1-793769723	PZN Energy Pvt Ltd	Near State Bank Of Indianew Mondha, Nanded, Maharashtra	India
S1-101437976	Urgent Care Pacific Clinic LLC	13125 Old 3C Highway, Sunbury, OH	US
S1-585418028	New Management Private Limited	149D, 5Th Mile, Panamaram Panchayat, Ward No 23, Mananthavady, Wayanad, Kerala	India
S1-86481632	Idi Vidyalaya Group	Mohan Appartment 2 2Nd Floor, Mission Compound, Bolpur, Birbhum, West Bengal	India
S1-745651125	Metropolitan Institute	3300 Woodlark Drive, Fort Worth, TX	US
S1-517897157	Global Alliance	718 County Road 32900, Paris, TX	US
S1-935756441	Mahoba Advertising Private Limited	C/O Lal Singh 1, Mahori, Mahoba, Uttar Pradesh	India
S1-401092478	Karil Williams Regional Schwab LLC	467 Tamarack Larch Boulevard, Cicero, IN	US
S1-434741610	Pc Infra Private Limited	Krishna Nagar, Purba Medinipur, Dorokrishnanagar, Sutahata, East Midnapore, West Bengal	India
S1-531162787	Arthur and Locher, Inc.	5577 Mountcastle Road, New Kent County, VA	US
S1-933461810	Youth Services	1860 Champion Circle, Virginia Beach City, VA	US
S1-652395932	Hyderabad Manpower Partners	Plot No.326 (Type-C), Survey No.200, Flat G1 Sriram Nagar Colony, Kondapur V, Serilin, Gampally, Hyderabad, Telangana	India
S1-152857195	Crystal Energy Partners LLC	2206 Ridge Road, Windsor Mill, MD	US
S1-133245310	Nba Syncotex Private Limited	4-B, Flr-1, Plot-315/321A, Khalil Manzil Abdul Rehman Street, Crawford Mkt, Mandvi, Mumbai, Mumbai City, Maharashtra	India
S1-711066186	Johnston Tri-State Hospitality	11 Munsell Street, Hoosick Falls, NY	US
S1-829758775	Roopraj Global Private Limited	81 G/F Pocket-I Jasola, New Delhi, South Delhi, Delhi	India
S1-561295600	Anvil LLC	2502 Ocotillo Road, Unit 204, Phoenix, AZ	US
S1-865240769	Singhania Resort Private Limited	Rz-51, S/F C-1 Block, Plot No-118 Khno-12/3/2 Pole No-73, Vinodpuri Vijay Enclave, Delhi, New Delhi, Delhi	India
S1-483489716	Vanguard Columbia, LLC	VA, 22 Belladonna Lane, Stafford County	US
S1-993177630	20/20 Eye Care Group	32947 Squirrel Lane, Arrowbear Lake, CA	US
S1-518589679	Sai Anand Products Private Limited	Gala 40 Jaibharat Ind Est Prem Chs Goregoan East, Maharashtra, Goregaon East, Mumbai, Opp Virwani Ind Mumbai	India
S1-804310168	Regional Network	32 Montanoso Way, Hot Springs Village, AR	US
S1-953445907	Instant Ventures (India) Pvt Ltd	57 D C R Avenue 5Th Floor, Unit No-504, Kolkata, Kolkata, Howrah, West Bengal	India
S1-960545720	Prairie Transalta LLC	707 Anderson Street, Perryville, KY	US
S1-335575292	Golden Services Private Limited	Bangalore, Karnataka, No. 100, Sai Nagar 2Nd Phase Chikkabettahalli, 6Th Cross, Bangalore	India
S1-630639387	Ziraora Real Pvt Ltd	8355/153 Katra Gouri, Shankar Sadar Bazar, Delhi, Central Delhi, Delhi	India
S1-496373917	2236 Ocean Boulevard Company Care	11201 58th Place, Kirkland, WA	US
S1-329540993	Mig Steel Pvt. Ltd.	C/O Vikas Bansal, Yamuna Nagar Malviya Nagar, Jagadhri, Yamuna Nagar, Haryana	India
S1-417066690	First Business Private Limited	Plot No.35, Bafna Layoutgudiyal Cross Old Hubli, Hubli, Dharwar, Karnataka	India
S1-395878686	Link Standard Co	505 Stewart Street, Andalusia, AL	US
S1-714478673	Ideal Business Co	Village Bhatotar, Panch Sukhsena West, Purnea, Purnia, Bihar	India
S1-341745578	Hernandez, Miller & Reed	4694 Old State Road, Norwalk, OH	US
S1-131917065	Peters Pgim LLC	23284 Morning Walk Drive, Loudoun County, VA	US
S1-214852530	Modern Legacy Wellness Inc	6020 Tonkowa Trail, Georgetown, TX	US
S1-377944448	Big Grill!	39159 Church Street, Accomack County, VA	US
S1-465949353	Vanguard Apparel Products LLC	529 Third Avenue, Kenai Peninsula Borough, AK	US
S1-893237041	Kritika Agri Private Limited	Aaditvaappt.Sec-07, Pl-58/, P Pcntdabhosariflat-302/A, Haveli, Pune, Maharashtra	India
S1-874841318	Coleman Institute of Technology LLC	1214 Jefferson Street, Amarillo, TX	US
S1-801131412	Pacific Family Office Inc	60 Dudley Street, Unit 204, Chelsea, MA	US
S1-607219642	Utility Tyres Private Limited	B/2 Shivai Chedda Nagarchembur, Mumbai, Maharashtra	India
S1-977298524	Straight Edge Deli	9278 Bingham Park Drive, West Jordan City, UT	US
S1-681530659	Just Educational Society	606 B Wings Star Plaza/66, Plot No.16 M.G Road, Borivlai East, Mumbai, Maharashtra	India
S1-315309947	Custom Electronics Inc	37 Main Street, Unit Suite 2, Tonawanda, NY	US
S1-387149770	AFT Trading Inc	2324 Laurinda Road, Knoxville, TN	US
S1-981452352	Alpha Global Limited	F-12, Shreeji Darshan Complex, Opp. Ramvatika, Near Chamunda Temple, Zadeshwar Road, Bharuch, Gujarat	India
S1-239742150	Universal Engineering Limited	R No 821 Samta Mitra Mandal M J Phule Nagar I I T Market Powai, Mumbai, Mumbai City, Maharashtra	India
S1-607076889	Golden Pub Inc.	NC, Dobson, 184 Upon This Rock Trail	US
S1-753801295	Complete Data Systems L.L.C.	10620 Pleasant Valley Road, Sun City, AZ	US
S1-494666278	Mcc Snacks	13/1 Devi Mandir Lane, Howrah, West Bengal	India
S1-824847205	Peak Coastal Hill LLC	934 Park Street, Bowling Green, KY	US
S1-101115920	Safe Crystal Applied LLC	10 Milliken Lane, Montgomery, NY	US
S1-70208696	Orange Life Private Limited	S.No. 17, At Kanheri Tq Washi, Osmanabad, Maharashtra	India
S1-565927721	Shree It Pvt Ltd	302, 3Rd Floor, Jaydeep Emphasis, Near Mulund Lbs Plaza, Wagle Estate, Thane, Maharashtra	India
S1-630226528	OAX Brigade Ltd	108, Shivsagar Industrial Estate, Vishweshwar Naga Near Umiyamata Mandir, Goregaon (East), Mumbai, Mumbai City, Maharashtra	India
S1-65204101	Shyam Systems Private Limited	187, Guru Ram Dass Nagar, East Delhi, Delhi	India
S1-314680097	Delta Society V	4608 Seawind Drive, Sacramento, CA	US
S1-790626837	New Exports Limited	House 898, Krishna Coloney, Pgbt Collage, Huzur, Bhopal, Madhya Pradesh	India
S1-784764279	Cooperative Energy Products	16577 116th Street, Beaumont, KS	US
S1-196191101	Cloud Memorial Trust	K-1, Textile Colony, Industrial Area-A, Ludhiana, Punjab	India
S1-653663675	Vikky Moore Stores	2407 Wesley Avenue, Royse City, TX	US
S1-599831022	Halcyon, LLC	511 Poplar Street, Hutchinson, KS	US
S1-283969432	Agro Sss Soap Private Limited	B-401, Guru Ganesh Co Op Hsgsoc Nr Deshmukh Garden, Mulund East, Mumbai City, Maharashtra	India
S1-668350315	Blackburn & Melton Group	1609 Nevada Street, The Dalles, OR	US
S1-460861084	Maynes Crane Inc	9230 25th Avenue, Seattle, WA	US
S1-165720093	Rocky Platinum Sound LLC	4975 Eldon Avenue, Springfield, MO	US
S1-902801157	NK Frontier Financial Ltd	5277 Valley Forge Street, Orient, OH	US
S1-227680854	Dolphin Agrotek (India) Private Limited	1502 Evelina Hiranandani Estate, Ghodbunder Road, Near Hiranandani School, Patlipada, Thane, Maharashtra	India
S1-42465550	Jaipur Meditech Private Limited	1-Kha-36, Jawahar Nagar, Jaipur, Rajasthan	India
S1-768281037	Jackson Vaneck of Boston	MA, Unit 802, Boston, 120 Milk Street	US
S1-510872976	BQ Keystone Iron Works Inc	61 Erie Street, Colonie, NY	US
S1-825400759	Kaverendra Resorts Private Limited	First Floor, Property No 16, Pocket F-17 Sector-8, Rohini, New Delhi, Delhi	India
S1-771878820	Womens Health Physicians Inc	14706 Scholls Ferry Road, Unit #227, Beaverton, OR	US
S1-253118694	Federal Green LLC	11518 Highland Meadow Drive, Houston, TX	US
S1-137800863	Select Payment Digital	14976 Farm Road 1155, Cassville, MO	US
S1-95685053	Keystone Stardust	234 Arroyo Seco, Santa Cruz, CA	US
S1-108752515	XIG Synthesis	No.849, Bilekhalli, Vijaya Bank Colony, Bangalore South, Bangalore, Karnataka	India
S1-686415781	Peak Senior L.L.C.	279 Daniels Street, Unit F4, Fitchburg, MA	US
S1-187744993	JQV Airlines LLC	6519 Sky River Circle, Herriman Town, UT	US
S1-49703693	Allied Environmental International	Danville, 10047 Keri Street, AR	US
S1-315579261	Shaina Beasley Star Argentina Co	1641 190th Street, Clarence, IA	US
S1-829546598	Young Assets LLC	3071 Robin Road, IL, Salem	US
S1-922910994	Delite Traders Pvt. Ltd.	Shop No-5 3Rd Floor Trinity Square Opp. Cms Mahanagar Faizabad Road Mahanag, Ar, Lucknow, Uttar Pradesh	India
S1-48161342	Hennessey Jab of Mesa LLC	AZ, Mesa, 612 108th Place	US
S1-174302735	Pierce Royal Beauty Inc	604 Boulevard, Colonial Heights City, VA	US
S1-519931137	Red Realtech Private Limited	A-151, Mu-I, Dadri, Gautam Buddha Nagar, Uttar Pradesh	India
S1-565112323	A Secure Partners, LLC	227 Sunrise Acres Circle, Grafton, WV	US
S1-586115606	Emerald Development Limited	Flr-Grd, Nehru Nagar No 1, Hutments, Hemant Manjar Ekar Marg, Sardar Ngr 3, Sion Koliwada, Sion (E), Mumabi, Mumbai City, Maharashtra	India
S1-12538925	Miamitown Children's Cornerstone Foundation Care	7980 Main Street, Miamitown, OH	US
S1-965355675	Regional Guild	14760 Boondocks Road, Beaumont, TX	US
S1-538763364	Bilva Venture	177 Kot Goun, Ghaziabad, Uttar Pradesh	India
S1-910426010	Cameron, Simmons & Pera East LLC	TN, 882 County Rd 82, Athens	US
S1-903880704	Prairie Initiative Clinic	1975 Danbury Road N, Lakeside Marblehead, OH	US
S1-377721237	American Nexera LLC	611 Keefer Road, Leon, WV	US
S1-652218758	Best Constructions Private Limited	8 - A, National Highway, Sartanpar Road Survey No. 79, Tal. Wankaner Dist. Rajko, T, Morbi, Rajkot, Gujarat	India
S1-149485408	Services Servo Estates Private Limited	Sco 13 Sunny Enclave Extension 8, Desu Majra, Mohali, Punjab	India
S1-386105141	Hubert Sizzle LLC	5253 Cornelius Avenue, Indianapolis, IN	US
S1-402208511	Behavioral Health Partners of Winston-salem	2844 Fraternity Church Road, Winston-salem, NC	US
S1-819601887	Trans Medical Pvt Ltd	Maharashtra, C/201, Mumbai, Bld2, Sale, Plot53/54, Bamanpuri, Kondivita, Mumbai	India
S1-753924643	AQI Ventures Private Limited	C/O Shri Pritam Singh, Gram Kolukhedi, Huzur, Bhopal, Madhya Pradesh	India
S1-976202534	WZ Marketing	Shop No.-19, Shiv Shakti Nagar Jagatpura Road, Malviya Nagar, Jaipur, Rajasthan	India
S1-429751213	Kassi Joslin Pioneer Galata LLC	WV, 156 Perry Campbell Lane, Prichard	US
S1-188292843	Munoz, Cortes and Hernandez LLC	3338 Verdant Lane, Richmond, TX	US
S1-730686316	Keaton, Gibson and Vasquez	1039 Calahaln Road, Mocksville, NC	US
S1-636298906	Vsg & Sons Private Limited	Flat No 02 Shardha Building Sarda Nagri Beed, Beed, Bid, Maharashtra	India
S1-693179307	Parth Solutions Private Limited	D-102, T\F, Anand Niketan, R.K. Puram, New Delhi, South Delhi, Delhi	India
S1-889267121	3013 Mountain View Blvd Management Partners	7230 Hayman Street, Groves, TX	US
S1-957395766	Foot & Ankle Smart Clinic, LLC	864 Leary Road, Texarkana, TX	US
S1-449426909	XA Brands	33 Revere Street, Gloucester, MA	US
S1-964601334	A Dynamic Iii	1206 Holmewood Drive, Fl 0, Pasadena, MD	US
S1-5328624	Shivank & Sons Pvt Ltd	Survey No 617 Bhachau Dudhairoad, Bhachau, Kachchh, Gujarat	India
S1-888368218	Swastik Unique Solutions Pvt Ltd	L-153/C Street No. 11 Mahipalpur Extn., New Delhi, South Delhi, Delhi	India
S1-604604018	Express Infrastructure Dynamics Inc	29016 37th Avenue, Auburn, WA	US
S1-825579487	Foundry Venture LLC	31 Kendall Street, Aurora, IL	US
S1-865995942	Surgical Care Associates Company	4719 Kenneth Lane, San Tan Valley, AZ	US
S1-172949905	Gaddy, Ruffin and Frazer, LLC	1419 Moultrie Drive, Blytheville, AR	US
S1-515367842	Maha Entertainment Private Limited	1St-Floor 355 South Purbachal Main Road, Kolkata, Howrah, West Bengal	India
S1-681683029	Li, Hanneman and Smith Detailing LLC	Luling, TX, 169 Kings Road	US
S1-420060533	Urban Finance Pvt Ltd	Sai Kusum Infarnity, Saidikpur Yogi, Kankarbag, Sampatchak, Patna, Bihar	India
S1-949435702	S 5 Sterling Quetta Inc	12931 Branders Bridge Road, Chesterfield County, VA	US
S1-288432445	Zeon Horizon Pvt Ltd	4301 Kristal Dolomite Apts Narayan Nagar Doddakallasandra, Bangalore, Karnataka	India
S1-96064197	Foot & Ankle Physicians	3640 Houkom Drive, West Fargo, ND	US
S1-907882719	Bangalore Technologies	Bangalore, Karnataka, 2Nd Main Sampige Road Malleswaram, #141, Bangalore	India
S1-400730794	Young, Allis, D.C.	2337 Beech Street, Baton Rouge City, LA	US
S1-841772591	Jay Exports	No. 114 Old No. 252, Old Church Road, Marathahalli, Bangalore North, Bangalore, Karnataka	India
S1-397230675	Venkatesapuram University Private Limited	2Nd Floor, No.29D, Repco Bank Building, Tiruchy Main Road, Venkatesapuram, Perambalur, Tamil Nadu	India
S1-756682078	Bay Fannie LLC	4709 Howard Avenue, IL, Western Springs	US
S1-976237185	Life Finvest Private Limited	C/O Anil Kumar Challana S/O Mohan Lal, Gn-5 Aman Colony, Muktsar, Punjab	India
S1-813227265	Fujii Companies Inc	12625 Hall Boulevard, Unit #37, Tigard, OR	US
S1-13001360	Electro Agro Private Limited	Villa 12, Pavani Harmony, Suncity Bandlaguda Jagir, Hyderabad, Telangana	India
S1-46074207	Indian Engineering Private Limited	B 173, Ground Floor Yojna Vihar, Delhi, East Delhi, Delhi	India
S1-886060021	Beacon LLC	NY, 2551 Davenport Place, Hempstead	US
S1-124160802	Great Solutions Limited	Mumbai, Maharashtra, Mumbai City, 301-B Aman Chambers Premises Co.Op. Soc. Ltd Mama Parmanand Marg	India
S1-870229767	Debbi Smith Diamond Manufacturing	216 College Park Circle, Unit 4, Gillette, WY	US
S1-683507775	Zanius	15 Heminway Lane, North Greenbush, NY	US
S1-469472373	Surya Trading Private Limited	First Floor, C-3/248 Janakpuri, New Delhi, South West Delhi, Delhi	India
S1-537053133	Uptown Bistro	235 Mendon Street, Upton, MA	US
S1-633330113	Goodman Best Can LLC	415 12th Street, Livingston, MT	US
S1-99116064	Pediatric Health	145 Maple Road, Thousand Oaks, CA	US
S1-430651017	Beacon Hotels	5000 Domain Drive, Unit 516, Granville, WV	US
S1-134024162	Jacky's Tri-State Productions LLC	10022 Isaac Drive, Midwest City, OK	US
S1-518226741	Mcmillian Nexera LLC	29040 Ridge Road, Princess Anne, MD	US
S1-827547918	Waller Media	IA, 18008 Sunnydale Rd, Council Bluffs	US
S1-644697144	Maa Food Private Limited	A 238, 2Nd Floor, Defense Colony, New Delhi, Delhi	India
S1-717684100	Aditya & Brothers Private Limited	Unit No 27, 7Th Floor, The Headquarters, Sita City One Building, Venkatarambagh, Secunderabad, Hyderabad, Telangana	India
S1-200415696	Integrated Hair Studio LLC	297 Villageway, Crossville, TN	US
S1-199707464	Global Pediatrics Inc	1532 Eller Drive, Nashville, TN	US
S1-534114390	Interstate Association LLC	14615 Shiloh Court, Unit 201, Laurel, MD	US
S1-199065071	Lu Interstate Bain Inc.	812 Amanda Court, Chesapeake City, VA	US
S1-22231399	Erickson Royal Tribeca	CA, Galt, 114 Lincoln Way	US
S1-528023245	Floyd, Skinner and Wilson	1941 H Street, Unit 88, Oxnard, CA	US
S1-388581390	Hannah Geiger, DPM	103 Country Walk Road, Rotterdam, NY	US
S1-107642505	Jenelle's Couture	19 Broadway, Unit Unit 5E, Monticello, NY	US
S1-800027019	Meredithe Salazar Trg	212 Lake Heather Reserve, Hoover, AL	US
S1-360680402	Bangalore South Ship Ltd	# 19, Flat No.001, Red Stone Apts, Owners Court Layout (West), Kasavanahalli Main Road, Bangalore South, Bangalore, Karnataka	India
S1-383164864	Dermatology Health LLC	1965 20, Tuscumbia, AL	US
S1-13590300	Stefania Kohler Illumination	MA, 56 Lyman Avenue, Unit 2, Medford	US
S1-685647817	Grand Quality Credit Inc	9510 Lowe Avenue, Chicago, IL	US
S1-626866483	Ss International Private Limited	Unit No 537-538, 5Th Floor, Tower B3 Spaze I-Tech Park, Sohna Road, Gurgaon, Haryana	India
S1-106127000	Desert Star Dollar LLC	1620 Red Oak Street, Harrisonburg City, VA	US
S1-599776422	Just Nursing Home	136, Badli Village Near Mcd Public School, Badli, Delhi	India
S1-424852501	Mani Management	House No. 262, Dayal Bhatti, Ajnala, Amritsar, Punjab	India
S1-295003632	Shakti Technologies Pvt Ltd	710, Leeds Enclave Extention, Madhya Pradesh, D1, Indore	India
S1-887261488	Helena Flores Delta Valley LLC	418 Collin Street, Nevada, TX	US
S1-263835660	Punit Empire Private Limited	Door No:39-4-12/4, Ground, Surya'S Building, Visakhapatnam, Visakhapatnam, Vishakhapatnam, Andhra Pradesh	India
S1-186263829	Dus Trading Private Limited	A-18/8, Chinab Apartment, Sector-28, Pratap Nagar Sanganer, Jaipur, Rajasthan	India
S1-838686325	Firefighters Local 761	5 Riverhurst Road, Unit 622, Billerica, MA	US
S1-695505881	Cline & Glover Center	2425 Fontenelle Boulevard, Omaha, NE	US
S1-627228881	Om Agro Private Limited	Latha B T, W/O Girish Belaku, Ward No 34, Dyavamma Extension, Channapattana, Hassan, Karnataka	India
S1-874120460	Atlantic Surgical Inc	321 Turquoise Trade Drive, La Marque, TX	US
S1-923483887	Ramos Regional Paper Inc	TX, Houston, 7232 Waxahachie Street	US
S1-407881693	Pediatric Dentistry Keystone Group Care	602 Luther Road, Dickson, TN	US
S1-336637379	Industries Wellknown Owners Pvt Ltd	507, Lakshmi Bhawan 72, Nehru Place, New Delhi, Delhi	India
S1-260463912	3361 Sixth Drive Holdings	48038 County Street 2670, Cyril, OK	US
S1-111215258	Avani Manufacture Private Limited	Plot No.56, Sec-89, Deha(Bhupani), Nr Yadav St, Faridabad, Haryana	India
S1-266007573	Ace Ventures Private Limited	3285, Ranjit Nagar, Near South Patel Nagar Market, New Delhi, Delhi	India
S1-348657766	Innovative Lakshmi Finance Private Limited	30/28 A N Meerapur, Allahabad, Uttar Pradesh	India
S1-47530671	Estrella Krajewski Lake LLC	3404 Palatine Street, Portland, OR	US
S1-771387992	Modern Diagnostic Concepts LLC	8 Trinity Court, NY, Saugerties	US
S1-879788640	Universal Media Private Limited	H No 119, Ground Floor Rajendra Park Extn, Near Poonam Jeweller, S, Nangloi, West Delhi, Delhi	India
S1-437472440	Capital Gulf Argentina Corp	1197 19th Street, Unit UNIT 6, San Bernardino, CA	US
S1-350395575	Nielsen Workshop LLC	133 Plain Street, Wayland, MA	US
S1-94801500	Solutions Falcon Softtech Limited	14/96A Moti Mill Compound, Gt Road, Aligarh, Uttar Pradesh	India
S1-433158565	Ksc Technology (India) Limited	Office No. 8 Panchawati Pride Appt Peth, Sr No 97/1A/5/1 Panchawati, Nashik, Maharashtra	India
S1-823852858	Ssb Avenue Private Limited	Flat No 14 Pl-196, Dhole P Rd Siddharth Court H Socy, Pune City, Pune, Maharashtra	India
S1-357440944	Division of Public Works	14822 Lupine Lane, AZ, Surprise	US
S1-154181309	Anderson Harbor Wave LLC	119 Newmarket Square, Boston, MA	US
S1-855773295	Creative Automation Dynamics	6255 Nautilus Drive, Accomack County, VA	US
S1-614279847	Custom Clear Sunshine Care	3122 Lanville Lane, Katy, TX	US
S1-576031857	La (India) Forwarding Private Limited	9 Thakurbari Road, Kolkata, Howrah, West Bengal	India
S1-389134779	IGR Rexford	11665 Jennifer Drive, City Of El Paso, TX	US
S1-388883923	First Textile Services	Unit APT 102, MO, 11501 Craig Court, Saint Louis	US
S1-134646882	Indra Space Clinic	Dvendra Laxmi Complex, 3Th Floor, Saguna More Danapur, Patna, Bihar	India
S1-3149958	H 2 C Arbor Inc	5190 Jameson Drive, Columbus, OH	US
S1-503602908	Big 65 Pizza	3598 Aston Woods Drive, Cleves, OH	US
S1-124738579	Allegra Hotchkiss, DPM	Mesa, Unit 2871, AZ, 8700 University Drive	US
S1-215454039	Desert United Uranium LLC	601 Grant Avenue, Springfield, MO	US
S1-517570100	Terwilliger Regional Healthcare	2964 Mechum Banks Drive, Albemarle County, VA	US
S1-640751067	Solutions Trishul Carbon Limited	202 Nilkanth Avenue-2, C.U. Shah College, Navjivan Press Road, Ashram Road, Ahmedabad, Gujarat, Ahmadabad City, 2Nd Floor	India
S1-840015134	Sunrise Flight Private Limited	43, Hakim Manzil, R No. 7 Gr Flr Navpada, Bandra East, Mumbai, Mumbai City, Maharashtra	India
S1-673627043	Lott, Donald and Fajardo LLC	901 Virginia Avenue, East Gadsden, AL	US
S1-186291589	A Reliable Coinshares	Columbia Station, OH, 11265 Magnolia Road	US
S1-269532156	Gujarat Exports Private Limited	F-No E-109, Sri Sai Heritage, Chhprola, Ghaziabad, Uttar Pradesh	India
S1-212389796	All Logistics Private Limited	Jwala Mansion Second Floor 4/2-B Asaf Ali Road, Delhi, Central Delhi, Delhi	India
S1-887593545	Danna Stout Classic Realty	3822 Durness Way, TX, Houston	US
S1-297392219	Silver Pizza Inc.	13234 Anchor Avenue, Town Of New Lyme, WI	US
S1-279437971	C+ Tech Company	1865 Clayton Road, Abington Township, PA	US
S1-345495124	New Delhi Engineers Private Limited	90/31 B, First Floor, Malviya Nagar, New Delhi, New Delhi, Delhi	India
S1-985511693	Frontier Products	215 Oneida Street, Storm Lake, IA	US
S1-149756894	India Walwhan Developers Limited	Kalarickal, Cra 106, Chayakkudi Lane, Pettah P. O., Thiruvananthapuram, Trivandrum, Kerala	India
S1-435009157	Cooke Global LLC	126 Woodruff Avenue, Eastchester, NY	US
S1-191857038	R 7 Classic Equity L.L.C.	7441 Southfork Road, Putnam County, TN	US
S1-543758228	Schumacher Ameren Inc.	54 980, Albertville, AL	US
S1-758389375	Amrita Decor (India)	4/2329, Gali No 7, Bihari Colony, Bhola Nath Nagar, Shahadra, Delhi, North East, Delhi	India
S1-122110258	Cascade Classic Medical	2685 Sunset Boulevard, Seaside, OR	US
S1-171489233	Bryan Evo LLC	993 Kelly Road, Magdalena, NM	US
S1-499736656	Morales Ventures	53 Houghton Street, Unit 2, Worcester, MA	US
S1-754824741	Parrott, Foley & Saldivar, L.L.C.	374 Saint James Drive, Clarksburg, WV	US
S1-739322975	Proteo Inc	31 Pine Lane, Unit - 1, Somerset Township, PA	US
S1-136330836	Eye Preferred Clinic LLC	6187 Ethridge Lane, Conway, AR	US
S1-586877520	Green Global LLP	Gonawadi, Mulshi, Pune, Mulshi, Maharashtra, Pune, C/O Prakash Shamrao Kalmadi	India
S1-651350749	Sky & Sons Limited	13/402, Arakkal House, Ambalanada West, Pullur P O, Thrissur, Kerala	India
S1-28037258	United Capital, LLC	NY, Newburgh, 3 Spring Hill Lane	US
S1-466161010	Golden Wealth Labs LLC	1138 Harry Wise Road, Lawrenceburg, KY	US
S1-101147510	Roy Storage Limited	D-14/41-42, Sector-8, Rohini, Delhi	India
S1-832281946	Vang Prudential Associates	401 Elm Street, NY, East Rochester, Unit Unit 1	US
S1-977617024	Autism Assistance League	2524 Broken Circle Road, Flagstaff, AZ	US
S1-703803209	Laziz Ai (India) Limited	Kolkata, C/O Amarendra Nath Roy 81, Ananda Palit Road P.S. Entally, Kolkata, West Bengal, Howrah	India
S1-408457402	Innovative Engineering Laboratories LLC	736 Pinecrest Drive, City Of Jefferson, WI	US
S1-817722141	Englund Pacific Consolidated	24128 Harvest Circle, Milton, DE	US
S1-935117085	Silver Pub	IL, 733 Highview Avenue, Rockford	US
S1-957868435	East Cross LLC	1370 60, Morganfield, KY	US
S1-549910019	Good Energy	Flat No C2, Third Floor, Apple Tower Owners Association Apartments, Ernakulam, Kerala	India
S1-904155211	Gustafson Skin Care Corp	IN, 412 Graham Street, Kentland	US
S1-156877424	Solutions Wire Infra Limited	Jintan Compoundjintan Road, Surendranagar, Gujarat	India
S1-63709994	Oncology Legacy Partners LLC	275 Graham Road, Unit 2, Cuyahoga Falls, OH	US
S1-237105046	Congregation Fellowship	165 Santa Maria Street, Georgetown, TX	US
S1-721095326	Bangalore Soft Pvt. Ltd.	No 166/1, Sapthagiri Nilaya, 3Rd Main Road 2Nd Left Gnanaganganagar, Bangalore, Karnataka	India
S1-353847188	OA Ridge Nexus	6325 Broomes Island Road, St Leonard, MD	US
S1-700127661	Acosta Modern Opendoor LLC	212 27th Street, Kansas City, KS	US
S1-614616808	Gabrila Collins, CPA	401 Rockburn Court, Purcellville Town, VA	US
S1-838304190	B & T Staffing LLC	573 Piper Road, West Springfield, Unit A, MA	US
S1-143424275	Good Impex	58-11-9/1, Ramalayam Street, Near Ramalayam Temple, Old Karasa, Visakhapatnam, Vishakhapatnam, Andhra Pradesh	India
S1-509796998	Integrated Creative Company PLLC	116 Inglewood Street, Long Lake, MN	US
S1-380142312	Micaela Myers Hudson	6248 Gracely Drive, Cincinnati, OH	US
S1-968278805	Devpriya & Co	Plot No-76 Aman Estate, Opp. Navjivan Hotel, Nh 48, Anklesvar, Bharuch, Gujarat	India
S1-374232325	United Investment Private Limited	House No.1336, Sunny Enclave, Sector 125, Kharar, Rupnagar, Punjab	India
S1-181431616	Lally Arts Private Limited	Flat No 4, Fly View Residency, Sno 129, Near Warje Fly Over Bridge, Pune, Maharashtra	India
S1-392664769	Healthcare Raikva Investments Private Limited	At Khamkheda, Kalwan, Satana, Nashik, Maharashtra	India
S1-547349909	Monroe Twelve Inc.	VA, Salem City, 401 Market Street	US
S1-977240546	Akshar Real (India) Pvt Ltd	No522 5Th Floor Saipoorna, Luxuria Haralur Rd, Bangalore South, Bangalore, Karnataka	India
S1-974717590	Sree Association Private Limited	U 223, Gf Shakarpur, Delhi, East Delhi, Delhi	India
S1-943159017	Eternal Memorial Trust	G No 1430 Jay Shivshankar, Hou Society No 2 Mhetrew, Pune City, Pune, Maharashtra	India
S1-668276877	Laxmi Foods Pvt Ltd	Shop No. 109, Plot No. 26, S.V. Road, Jawahar Nagar, Goregaon (W), Mumbai, Mumbai City, Maharashtra	India
S1-75414891	Town Of Byron Dental Certified Care	9209 Dragonfly Road, Town Of Byron, WI	US
S1-623964800	Premier Business	New Delhi, Delhi, Hno 240 Village Pitampura, North Delhi	India
S1-529251527	Willard's Tri-State Deli	269 Fulton Avenue, Unit Apartment 1, Mount Vernon, NY	US
S1-972175487	Classic & Co	Delhi, New Delhi, Wz-10, West Delhi, First Floor Asalatpur Village, Janakpuri	India
S1-665712472	Anvil LLC	616 Charles Street, Unit 202, La Plata, MD	US
S1-349404715	Peridara Malt	810 I27, Lubbock, TX	US
S1-119098104	Field Preparatory Academy	7 Circle Drive, Westbury, NY	US
S1-792595283	Mais Clean Brands	7529 Brookbend Lane, Cottonwood Heights, UT	US
S1-391278136	Geer, Marquez & Becerra Inc	Calabash, NC, 74 Callaway Drive	US
S1-139409335	D 5 Sterling Orion LLC	1044 Elmer Street, Griffith, IN	US
S1-933228710	Rajasthan Energy Ltd	No 295, 29 Link Street, V O C Nagar, Tondiarpet, Tondiarpet Fort St George, Chennai, Tamil Nadu	India
S1-996685603	Board of Buildings	9262 Static Avenue, Mesa, AZ	US
S1-243514646	Katy's Electric	9020 Spring Valley Lane, Unit APT 320, Spotsylvania County, VA	US
S1-4820274	Emkay (India) Projects Public Limited	Flat No 203, Sai Venkataswara He Vaishnavi Enclave, Secunderabad, Hyderabad, Telangana	India
S1-844572813	Gulf Franklin LLC	5519 Gatewood Street, Houston, TX	US
S1-955836730	XK Aviation	101 Canary Lane, Estill Springs, TN	US
S1-329526320	Estes All Oxley Inc	116 William Mack Drive, Portland, TN	US
S1-889462673	Integrated Medico Private Limited	C/O. Ravindra Devprakash, Ramnagar, Neemuch, Madhya Pradesh	India
S1-134762784	Digital Constructions Private Limited	Chempazhanthy Po, Thiruvananthapuram, Kerala, Thiruvananthapuram, Trivandrum, Eagle House	India
S1-88388419	Lakshmi Healthcare Private Limited	H.No.183, Anandlok Clny, Serma, Matiyari, Faizabad Road, Lucknow, Uttar Pradesh	India
S1-945299780	UI Fifth Inc.	602 41st Avenue, Unit B, Nashville, TN	US
S1-637758417	Effie Soares Independence Inc	2056 View Lane, Walker, MN	US
S1-92320641	Allied Nova LLC	180 289, Payson, AZ	US
S1-546084178	Caix International LLC	NC, 7 Green Street, Clarkton	US
S1-738157767	Yetta Pierce, L.C.S.W.	1025 Laurel Crest Road, King, NC	US
S1-353938908	Good Builders Pvt Ltd	Patna, Jagat Kunj East Boring Canal Road, Bihar	India
S1-899469792	Gomes and Michael Block LLC	4900 Bunchberry Lane, Outing, MN	US
S1-712271613	Julianne Geiger Blackrock LLC	400 Highway 347, Bismarck, AR	US
S1-197294398	Kraft Rail LLC	18 Kelley Road, VA, Stafford County	US
S1-920469929	Shivam Power Private Limited	7 Chokkalinga Samy, Kovil Street, Palayankottai, Tirunelveli, Tamil Nadu	India
S1-106318472	Associated Semiconductor Enterprises LLC	5709 Rockhill Street, Fl 0, Wichita, KS	US
S1-22860435	Lacroix Xrp Associates	890 Acadian Thruway, Baton Rouge City, LA	US
S1-713728012	Sanchez Superior Fashion Inc	322 Happy Lane, Hendersonville, NC	US
S1-621685978	W/E Paceline LLC	VA, 1036 Stafford Street, Arlington County	US
S1-793605614	Cardiology Care LLC	2404 1370, Fl 0, Alvord, TX	US
S1-952454336	Neptune Clinic Private Limited	Ground Floor, Nagarjuna Street, Vijayawada (Urban), Andhra Pradesh, Krishna, D.No75-7-17	India
S1-270731517	East Trading Saharanpur	Clemant Town, Hasanpur Rajwahe Patri, Saharanpur, Uttar Pradesh	India
S1-238562893	Warren Pediatrics LLC	12902 Riccati Drive, Marana, AZ	US
S1-765250180	Jai Systems	D No: 7-1-397/ 92 And 93, 95, Fl : 303, Sri Ram Towers, S.R.Nagar, Near Abiruchi Sweet H, Ouse, Hyderabad, Telangana	India
S1-473208131	Liu Fresh Open Associates	248 Travis Avenue, Hempstead, NY	US
S1-937738313	Sree Projects Private Limited	Flat No. 105, S. R. Towers, Iv Main Road K.P.H.B. Colony, Kukat Pally, Hyderabad, Telangana	India
S1-964736623	Gabriel Pifer Clearthink Inc.	Jacksonville, 18628 747, TX	US
S1-790065339	Hudson Certified Patriot of Humphrey	400 Division Street, Humphrey, AR	US
S1-733176614	Pediatric Direct Care Associates LLC	5829 Elkton Pike, Elkton, TN	US
S1-174018912	Vinio Xrp	3130 Whitetail Ridge Road, Town Of Superior, WI	US
S1-865737862	West Clean Collective LLC	5445 16th Street, OH, Parma	US
S1-710881257	Galaxy Power Limited	Miraj, Maharashtra, Sangli, Hospital Road Behind Hotel Arfa	India
S1-163646518	Pediatric Dentistry Partners	5323 Juniper Avenue, Phoenix, AZ	US
S1-865855745	Lts Finance Ltd	603A Sahitya Businesspark, Ahmedabad, Nr Sahajanand Business Pk, Gujarat, Ahmedabad	India
S1-933361224	Wilson & Baker	23997 Encanto Court, Colton, CA	US
S1-466005074	Complete Capital Safety	Unit 214, 6650 Cottage Hill Road, Mobile, AL	US
S1-969849472	Brewer Holdings	20 Shannon Glen, Perinton, NY	US
S1-380214981	Gulf Guild Inc.	44 Cold Spring Circle, Naugatuck, CT	US
S1-869638500	Nexus LLC	1018 Real America Drive, Hobart, IN	US
S1-364486837	Bison, PLLC	1145 5th Street, Birmingham, AL	US
S1-377758010	Vanguard Commercial Enterprises LLC	809 Blue Quail Drive, Weatherford, TX	US
S1-407406376	Urology Care Inc	5022 Clinton Highway, Knoxville, TN	US
S1-493786912	Ss Industries Private Limited	Kolhapur, Csn. 56B/256, Maharashtra, Kolhapur, E Ward, Arunoday Co. Op Soc., Rajendranagar	India
S1-642449816	All It Private Limited	No.165, 4Th Floor, Peters Road, Royapettah, Chennai-14., Chennai, Tamil Nadu	India
S1-423156254	Creative Services Pvt Ltd	H No. 205, Sf, Munirka Village, New Delhi, South West Delhi, Delhi	India
S1-369645535	Bangalore North Logistics Private Limited	No 1015, B Wing, 10Th Floor, Mittal Tower, Bangalore North, Bangalore, Karnataka	India
S1-667148460	North Finance Pvt Ltd	H. No. 76, Plot No. 21, Susmriti, Erandwana, Pune City, Pune, Maharashtra	India
S1-804823270	Red Logistics Private Limited	Plot No. 322/16, Ghorpade Peth, Shankar Sheth Road, Opp. Mira Housing Society, Pune, Maharashtra	India
S1-326180508	Cornerstone Paloma of Bonifay LLC	2767 Red Hoss Lane, Bonifay, FL	US
S1-726907354	Jarlay Environmental	12214 64, Williams, AZ	US
S1-73792302	Mayank Trading Pvt Ltd	B-5, Nandram Park, Bhagat Enclave Uttam Nagar, Delhi	India
S1-852182971	Hines & Kearney Resorts LLC	1293 Elm Grove Circle, Silver Spring, MD	US
S1-599220101	Lyris Vance, Inc	9854 Hayfield Court, Loveland, OH	US
S1-718352213	Jones & Oneill Middlefield	Middlefield, 2422 166, NY, Unit Apartment A	US
S1-852621129	EY Lodging LLC	331 Centre Street, Unit 3B, Boston, MA	US
S1-955910744	West Jordan City Community Chiropractic	5061 6435, West Jordan City, UT	US
S1-832020723	Risha (India) Green Co	D-115 Ring Road Defence Colony F/F Near Mcd Office, Newdelhi, New Delhi, Delhi	India
S1-701077411	Estrella T. Foster, DDS	Tigard, 11100 Walnut Street, OR	US
S1-130058396	Davis City Surgical Strategic Physicians LLC	23019 Dale Miller Road, Davis City, IA	US
S1-201888637	Life India Private Limited	New Delhi, 83, Narang Colony, Delhi, Janakpuri	India
S1-632933406	Dream Ceramics Center	Sy.No.565 Lingareddy Pally, Siddipet, West Godavari, Telangana	India
S1-474901765	International Systems Private Limited	Hig - 1/36, Lane -13, Satyasai Enclave, Khandagiri, Bhubaneswar, Khordha, Orissa	India
S1-237946935	Desert Network Associates	1130 Veteran Road, Bedford County, VA	US
S1-228985375	Associated Genomic Brands LLC	166 Sap Bucket Circle, Peru, VT	US
S1-865081196	Industries Purva Transports Private Limited	I-2171/28, Ground Floor Sangam Vihar, New Delhi, Delhi	India
S1-592877712	Behavioral Health Care Associates LLC	32 Shore Road, Gray, ME	US
S1-473572147	Allied Apex Plains Inc	13800 Flint Rock Road, Rockville, MD	US
S1-218332494	Blue Prime Biotech LLC	Locust Grove, 6976 610, OK	US
S1-994382593	Technologies Solar India Private Limited	Door No 1/1290, Opp. Ashok Saw Mills, Near Co Operative College, Olavakkode, Palakkad, Kerala	India
S1-915430211	Johnson & Long Citizens LLC	5728 Carothers Street, Cincinnati, OH	US
S1-518752247	Norlin, Smith and Ayers	73 20th Street, Unit B, Columbus, OH	US
S1-386612459	Kakar Enterprises Private Limited	3/447 C, Padmini Apartments Behind Nadakkavu Post Office, Nadakkavu, Kozhikode, Kerala	India
S1-464598355	IL Consultants Private Limited	No. 19, Clc Works Road, New Colony Chrompet, Sriperumbudur, Kanchipuram, Tamil Nadu	India
S1-36771319	2373 Park Place Associates Care	1921 Mockingbird Lane, Ardmore, OK	US
S1-660274803	Synergy Sangh	A-403, Bharti Gold, Kesnand Road, Opp., Shree Ganesh Residency, Wagholi, Pune, Maharashtra	India
S1-726923436	Jay Industries Private Limited	7A North Towergirdhar Apptt 28 Firozshah Road, New Delhi, Central Delhi, Delhi	India
S1-99511956	Swastik Finance Private Limited	Lucknow, 47, Nehru Nagar, 48207, Lucknow, Uttar Pradesh	India
S1-17916002	Genio Hygiene Private Limited	No.201/2-W, 4Th Floor, 80Ft Road, Karur, Tamil Nadu	India
S1-24425539	Christiane Thelen Venture, LLC	1506 Marie Court, Finksburg, MD	US
S1-608094444	Harris Grupo	117 Louis Drive, Houma, LA	US
S1-123916067	Universal Producer Private Limited	Fl No.- 601, Balwant Nagar, Yashlaxmi Blossom Appt., Nashik, Maharashtra	India
S1-13501775	Ashlock Copley	11329 83rd Lane, Otsego, MN	US
S1-705799753	Supriya Ropeway (India) LLP	1St Floor, Krishnasai Xryclinic 60Feetroad, Satyanarayanapu Ram, Ongole, Prakasam, Andhra Pradesh	India
S1-135243965	Tigris Project Private Limited	Bhilwara, Rajasthan, Shri Ram Niwas 88-89, Patch Area	India
S1-471059066	Hawkins Goldman	7156 Polder Drive, Memphis, TN	US
S1-879785408	Aili Mcdowell Stock	NC, Wilmington, 2507 Legend Drive	US
S1-988930211	Addlife Shiksha Private Limited	Plot No 4 Sri Krihsna Nagar 27/7 Street, Maduravoyal Village, Thiruvallur, Tamil Nadu	India
S1-421753713	Colonial Utility	8657 10th Avenue, Unit UTIL, Anchorage, AK	US
S1-775299451	Daly Liberty Technology	22 Green Field Place, Spring, TX	US
S1-635722690	Imperia (India) Projects	B /42 167 Kalina Co-Op Housing Society Ltd A-5/19, Sunder Nagar, Kalina, Santacruz, East, Mumbai, Mumbai City, Maharashtra	India
S1-549747081	Clean Seas Care	12230 Rachael Drive, Rogers, MN	US
S1-194705252	Tamiko Wong Preferred Stores LP	100 Matador Lane, Unit 806, Charlotte, NC	US
S1-200882022	Behavioral Health Partners Group	7 Dennis Drive, Clifton Park, NY	US
S1-83681892	Tejita Auto Private Limited	H.No. 7-2-1669, Flat No. 401, 4Th Floor, Uthopia Block, Lodha Towers, Sanath Naga, R, Hyderabad, Telangana	India
S1-704471830	Eastern Elite Wilco P.C.	1991 Walker Road, Leon, WV	US
S1-625713812	Sla Representations Private Limited	15 G, Raheja Centre, 214 Free Press Journal Road Nariman Point, Mumbai, Mumbai City, Maharashtra	India
S1-649620158	Ghr Sai Private Limited	C/O Parasnath Singh, Piparpati Godhawal Chauraha, Piparpati, Maharajganj, Uttar Pradesh	India
S1-172108771	Liberty Crystal Fannie L.L.C.	2229 Richmond Street, City Of Appleton, WI	US
S1-393566242	Dermatology Physicians LLC	836 Donald Court, Mansfield, OH	US
S1-690867707	Super Impex Pvt Ltd	#7/12, 10Th Street, Tvs Nagar, Padi, Ambattur, Chennai, Thiruvallur, Tamil Nadu	India
S1-180582408	Metro Valley Globa	212 Hazel Street, Chillicothe, IL	US
S1-86329437	Bureau of Buildings	AZ, Mammoth, 85175 Vega Street	US
S1-232021525	Manulife	15812 91st Street, Vancouver, WA	US
S1-958500479	Family Partners	9855 800, Crothersville, IN	US
S1-385108889	Expo Industries Group Clinic	C/O Vijay Raghunath Kalvinkar, A-2, Sai Duplex, Opp-Jaydeep Society, M'Pur, Vadodara, Gujarat	India
S1-327378283	International Enterprises	Door No. 9, Plot No. 28, 10Th Street Jothi Nagar, Manali Highway Road, Tiruvo, Ttiyur, Chennai, Tamil Nadu	India
S1-268791800	Summit League	1502 Dogwood Lane, Foley, AL	US
S1-667863120	Sheffield Charitable Trust	Patna, Bihar, Patna, Near Payare Lal Bag, Sandalpur, Kumharar, Gaighat, Adivasi Coloney	India
S1-389329694	Vedanta Logistics Ltd	Rawatpur Gaon, 102A, Kanpur Nagar, Uttar Pradesh, Surendra Nagar Rawatpur Gaon	India
S1-681493746	Life Technology Private Limited	Ali Complex, Bowenpally, Secunderabad, Andhra Pradesh, Telangana	India
S1-888162331	Good Estate Limited	House No.14, Ground Floor, Laxmi, Nagar-A, Gram Kalyanpura, Tehsil Sanganer, Jaipur, Rajasthan	India
S1-368091146	United Law Chambers Limited	A-57 Basementshivalik Malviya Nagar, New Delhi, South Delhi, Delhi	India
S1-20308291	Pediatric Dental Physicians	3945 Stanton Street, Portland, OR	US
S1-273769514	Om Investments Private Limited	C-303, 3Rd Floor, Signature View Apartments, Mukherjee Nagar, New Delhi, Delhi	India
S1-557424082	South Staking	13519 Route 50, Fairfax County, VA	US
S1-460862310	Bastion	5302 Merlot Drive, Lloyd, NY	US
S1-487470374	Atlantic Fund	20 Tack Road, Edwards, CO	US
S1-260457967	Lopez Mountain LLC	Fair Oaks, 5846 Fledgling Court, CA	US
S1-635580339	EXK Engineering Limited	A-7/701, Aakanksha Towers, Kalyan Complex Panch Marg, Off. Yari Road, Andheri West, Mumbai, Maharashtra	India
S1-662283104	Coastal Daedalus	14350 79, Buchanan, TN	US
S1-717902964	Wellcome Strategies Private Limited	Bhagwant Pura, Mauranipur Road, Jhansi, Uttar Pradesh	India
S1-192894395	India Winsome Cee LLP	T C 3/1557 4Pattom P O Pattom P O, Thiruvananthapuram, Trivandrum, Kerala	India
S1-952573445	Star Medical Digital Inc.	6475 Fish Hatchery Road, Mohawk, TN	US
S1-612413766	East Seven Investments Private Limited	Kallukadan House, Krishnankutty Road, Kunnathunad, Ernakulam, Kerala	India
S1-369487946	White Business Private Limited	North West, Tajpur, A-50/1, Delhi, G/F, Kh. No 157 Mohan Baba Nagar	India
S1-141041764	Tripura & Co	Calcutta, 79 Topsia Road (South) Ps Topsia, West Bengal, Kolkata	India
S1-271919278	Digital Logistics Private Limited	Shop No 2, G No 4, Laxman Vihar, Ph-Ii Gurugram, Gurgaon, Haryana	India
S1-117645737	Mountain Society III	1568 Wellingshire Street, Canton, OH	US
S1-653604318	Modern Engineering Private Limited	184, Jeevanagar (Cross) K.K. Pudur, Coimbatore, Tamil Nadu	India
S1-138753083	Ashish & Brothers Limited	1294, Wadki, Tal Haveli New Telephone Exchange, Pune, Maharashtra	India
S1-281463651	Drayeon Futurewave L.L.C.	1045 375, Unit 1, Logan City, UT	US
S1-928412769	Good Exports Limited	Pno.15 Shiridi Sai Colony, Vizianagaram, Andhra Pradesh	India
S1-647303277	Thomas, Harris and Strunk	7644 Falls Creek Way, Burlington, KY	US
S1-856968532	Brown Frontier Pattana, LLC	189 Blackmer Street, Unit 2, New Bedford, MA	US
S1-8534718	Cardiology Allied Specialists Inc	226 Marietta Street, Saint Clairsville, OH	US
S1-202580743	Martinez End	1493 Carver Road, Franklin Furnace, OH	US
S1-660606065	Metropolitan Technical International LLC	2001 Woodridge Lane, Florissant, MO	US
S1-142302332	Porter Agriculture	1212 Lester Drive, Albuquerque, NM	US
S1-195302687	American Express Colombier Inc	1717 1550, Provo, UT	US
S1-749577284	Tomais Churchill LLC	500 Elm Street, Nocona, TX	US
S1-885384570	Omni India Pvt. Ltd.	D-11Anand Vihar, New Delhi, East Delhi, Delhi	India
S1-611269712	Vision Medicine	812 120th Lane, Coon Rapids, MN	US
S1-596818927	Precision Payroll Networks	1835 Hartford Drive, Gastonia, NC	US
S1-411327872	Bay International Center	6103 Piney Grove Way, Prince William County, VA	US
S1-565577535	Modern Management Private Limited	Plot No. 47, Next To Vadgoankar Hospital Kamal Cooperative Society, Old Gangapur, Naka, Nashik, Maharashtra	India
S1-572815107	Oriental Academy	Mumbai, Kandivali East, Maharashtra, 11 Floor Tower I, Challenger Tower I Chsl, Thakur Village, Flat No.1106	India
S1-861530625	Internal Medicine Health of Chicago Inc.	7552 Carpenter Street, Chicago, IL	US
S1-43891697	Global Construction Pvt Ltd	7Th Floor, 701A, Welldone Tech Park, Sohna Road, Welldone Tech Park, Gurgaon, Haryana	India
S1-114262560	City Of Fitchburg Economic Development Center	2971 Index Road, Unit Unit 115, City Of Fitchburg, WI	US
S1-630629787	Synlava Care	WI, W5603 E, Town Of Burnett	US
S1-637442746	E+ Healthy Inc	1355 County Farm Road, Wickliffe, KY	US
S1-804107991	Nataraj Airways Pvt Ltd	Pandey House, B Wing, Second Floor, Opp Cumbala Hill Hospital, August Kranti, Marg, Mumbai, Maharashtra	India
S1-175845794	Arma Iron Works	747 640 Avenue, Arma, KS	US
S1-667181339	Bay Association	516 Fremont St, Boone, IA	US
S1-475267007	SG Baba Pvt. Ltd.	60-3-12, Ramachandra Nagar, Vjjayawada, Krishna, Andhra Pradesh	India
S1-341797989	North Federal Cion	2525 Morrisville Parkway, Cary, NC, Unit 330	US
S1-577467966	Nexdyne Park, LLC	Chesapeake City, 806 Bethel Road, VA	US
S1-877930638	Mask Conclave Private Limited	Sf-Sf211K Plot No Gh 01, Gaur City Centre Sector 4, Gautam Buddha Nagar, Uttar Pradesh	India
S1-951864974	Dang Compass LLC	5535 Mcdowell Road, Unit 1146, Phoenix, AZ	US
S1-65206828	Capps Nevada LLC	212 Ray Street, Abington Township, PA	US
S1-279971164	Summit Hyperliquid Partners	504 Mccormick Avenue, Connellsville City, PA	US
S1-654634127	Holy Technologies Private Limited	P C Jain, D-6, Mitradeep Apartments 38 I P Extension, Patparganj, New Delhi, Delhi	India
S1-46866686	GO Heritage Income, LLC	NY, 40 Huron Road, Bellerose	US
S1-147760108	Shakti It Limited	Sr. No. 104, Jambudiya, 8A National Hignway, Morbi, Rajkot, Gujarat	India
S1-215087813	City Investments Private Limited	Village- Gijhore Near Gyan Bharti Public School Sector-53, Noida, Gautam Buddh Nagar, Gautam Buddha Nagar, Uttar Pradesh	India
S1-124476379	RR Genetics Private Limited	House No. 173, Boarte Wasti, Taluka-Daund, Haveli, Pune, Maharashtra	India
S1-211906138	Premier Aerospace International LLC	54 Tantara Bend, Pittsboro, NC	US
S1-619723332	Shelly Abt All Floating	13035 Bach Elm Street, Houston, TX	US
S1-977569667	Hari Good Foods Private Limited	39/32, Gfb Marenahalli Jp Nagar, 2Nd Phase, Hbcs, Bangalore, Karnataka	India
S1-590411363	Baltimore Womens Health Associates	2465 Woodbrook Avenue, Baltimore, MD	US
S1-176314229	Logical Salt Private Limited	Flat No. 151, Tower J, Dlf New Town Heights Sector- 86, Nawada, Fatehpur, Gurgaon, Haryana	India
S1-160219268	New Delhi. Infomedia Private Limited	Palika Bhawansector Xiii R K Puram, New Delhi., West Delhi, Delhi	India
S1-738674502	Shiv Trading	175, Upper Ground Floor, Jammu, Mohalla, Maujpur, East Delhi, Delhi	India
S1-617543326	PYA Smart LLC	Magnolia, 9020 Pine Lane, TX	US
S1-605033406	Hari Consultancy Private Limited	No. 3 & 4, Jeevan Bima Nagar Main Road, Hal 3Rd Stage, Near Jeevan Bimanagar Poli, Ce Station, Bangalore, Karnataka	India
S1-310923502	Unique Logistics Private Limited	H.No.1-65/20/K, Rbnr 133, Plot.133, Flat No.201, Road No.3, Kakatiya Hills, Madhapur, Hyderabad, Telangana	India
S1-184063428	VW Real Private Limited	70/1526 1St Floor Chammani Towers Kaloor Ernakulam Kl In, Kaloor, Ernakulam, Kerala	India
S1-685134234	Anchondo Bancorp of Redmond PC	2152 Newberry Court, Redmond, OR	US
S1-952369489	Family Atlantic Associates LLC	Saco, ME, 196 Jenkins Road	US
S1-560327591	Chamunda Healthcare Limited	Door No.8-2-293/2/A/794, Plot No.794 Road No.40, Jubilee Hills, Hyderabad, Telangana	India
S1-558380452	Sunrise Constructions Private Limited	Thane, Plot No.454, 3Rd Flr, Flat No.C-305, Sec-12, Khairane Gaothan Rd, Koparkhairane, Shakeel Azmi Sadan, Navimumbai, Maharashtra	India
S1-606715285	Great Marketing Private Limited	C/O Atul Kumar, Umesh Prasad, Jakariyapur, Patna Sadar, Patna, Bihar	India
S1-277428803	Bestone Foundation Pvt Ltd	D No 12 2 170/5 Sapthagiri Apartment Opp Gokarna Matt, Car Street, Mangaluru, Dakshina Kannada, Karnataka	India
S1-418668916	Maharana Centre Pvt. Ltd.	4 B B D Bagh East102 Stephen House, Kolkata, Calcutta, West Bengal	India
S1-153299769	Bud Consultancy	Vill Po Chaklalpur Purba Para Ps Sutahata, Purba Medinipur, Midnapore, West Bengal	India
S1-410823874	India Fibre Limited	A/102, Eden- Iv, Hiranandani Gardens, Powai, Mumbai, Maharashtra	India
S1-120731500	Jillana Sherrod Modern Income LLC	1411 Red Oak Drive, Girard, OH	US
S1-436869045	Womens Health Partners	2313 13D Avenue, Ruso, ND	US
S1-100494146	Staley & Stoke, LLC	2022 Merrill Lane, Unit 5c, Bullhead City, AZ	US
S1-827199926	GUX Hawk	Maharashtra, Parbhani, Latur, Market Yard Latur	India
S1-677694603	Gonzalez Amplify LLC	212 Edgar Road, Unit APT 415, Saint Louis, MO	US
S1-944434480	Beth Chapel	1935 W 40th St, Unit APT 118, Davenport, IA	US
S1-246636474	Anand Ventures	B-806 Mondeal Heights, Ramdevnagar Satellite Ahmedabad, Ahmadabad City, Ahmedabad, Gujarat	India
S1-7193030	International & Brothers Private Limited	Laxmi Niwas, D-2/7, Municipal Colony, Vikhroli Park Site, Mumbai, Mumbai City, Maharashtra	India
S1-798255035	Govinda & Sons Private Limited	Chatterjee International Centre 17Th. Floor, Flatno. 02, 33A, Jawaharlal N, Ehruroad, Kolkata, Kolkata, Howrah, West Bengal	India
S1-994944091	Emerald LLC	725 Coralie Street, Hamilton, OH	US
S1-427694289	Indian Impex Private Limited	No. 12, Akshata Enclave, Adichunchanagiri Road, Mysore, Karnataka	India
S1-755749101	Metro Initiative of Omaha	5906 155th Street, Omaha, NE	US
S1-991230559	Rvj Welfare Society	73, Anandram Illam Annanagar Shanmugapuram, Palani, Dindigul, Tamil Nadu	India
S1-277274283	Wright Micro Inc	13919 288th Street, WA, Graham	US
S1-742892235	Complete Works LLC	31 River Vista Drive, Adel, IA	US
S1-607204571	Classic It Private Limited	K-174, Gali No. 8 20 Futa Road, Wazirabad Village, Delhi, New Delhi, Delhi	India
S1-805975740	Patriot Initiative	5560 Tucker Road, Collegedale, TN	US
S1-934557723	LQU Perfumery Pvt Ltd	807/2, Opp. I T I Antalia, Gandevi, Gandevi, Navsari, Gujarat	India
S1-543315978	Om Red Business Private Limited	C/O Subhdeep Apartment, Block C, Ground Floor 63 Lenin Sarani (By-Lane), Deshbandhupar, A, Siliguri, Darjeeling, West Bengal	India
S1-546883951	Trident Holdings	Shop No. 3222, Maharashtra, Pune, Pune City, Konark, Indrayu Business Hub	India
S1-984883896	Quality Elite Vii Co	10408 Topview Road, South Jordan, UT	US
S1-588723400	Justice Consultants	18A, M G R Nagar 8Th Street, P N Road, Tirupur, Coimbatore, Tamil Nadu	India
S1-288275475	Optimal Design Associates, Inc	15359 Bald Eagle Lane, Prince William County, VA	US
S1-957340511	Desert Society Inc	4038 Talmadge Road, Unit 102, Toledo, OH	US
S1-606582338	Pacific Atlantic Waste LLC	Columbia, TN, Unit B, 914 End Street	US
S1-434351134	Ricky Majette Security Services	Archdale, NC, 904 Eden Terrace	US
S1-576557349	Fullmer National	224 Decatur Lane, Bomont, WV	US
S1-921062735	Rangel Seneca Inc.	802 19th Street, Knoxville, TN	US
S1-925734623	Fresh Diner! LLC	1828 Till Road, Fort Wayne, IN	US
S1-764672471	Maa Infrastructure	F-388 Sarita Vihar, New Delhi, North Delhi, Delhi	India
S1-287377897	Naix Inc	1916 1st Avenue, Bessemer, AL	US
S1-92701951	Opus & Brothers Private Limited	19, Floor-Grd, Plot-147/149, Gaiwadi Sadan, Dr Veigas Street, Mumbai, Maharashtra	India
S1-336235117	Bryant's Cosmetics	304 16th Street, Grottoes Town, VA	US
S1-948566232	Nobrius	7541 20th Avenue, Boy River, MN	US
S1-948791878	Twisted Pilates LLC	9355 Nicklaus Lane, Lakewood, IL	US
S1-202525701	Frontline India Ltd	Karnataka, Bengaluru, Bangalore, No.5 Spoorthi, 2Nd Floor, Padarayanapura Main Road Near Kuvempu Circle, Pipeline Road, Vija, Yanagar	India
S1-313504509	Cordelie's Preferred Auto Glass	85 Pleasant Lane, Tonka Bay, MN	US
S1-788717727	Premier Technologies Private Limited	Unit No.363 Wing B, 2Nd Floor Royal Palms, Goregaon East, Mumbai, Maharashtra	India
S1-546362229	Navyug Solutions (India) Limited	Flat No. 403, Tower-5, Ramky One Harmony, Hyd, Hyderabad, Telangana	India
S1-386789709	Caneque Inc	4684 Laurel Avenue, Gilbert, AZ	US
S1-583197607	Sterling Classic Industrials	MT, Missoula, 5845 A Sandpiper Drive	US
S1-407846991	WQ Safe Staking, Inc	1804 Countrytown Road, Powhatan County, VA	US
S1-765850304	Vagdevi Solutions LLP	Ap-81, 1702, 17Th Floor, Mundhwa, Pune, Maharashtra	India
S1-734692295	Blake, Boyd & Odell Pmv, LLC	576 Riverby Lane, Delaware, OH	US
S1-164409720	Operating Engineers Local 645	1814 Honeysuckle Drive, Blacksburg Town, VA	US
S1-924897637	Vinod Engineering Limited	Door No 297/2A1, Eidgah Back Side, Ambedkar Nagar, Ambur, Vellore, Tamil Nadu	India
S1-405526554	Horizon Brothers Private Limited	A/103 New Madhuban Chsl Sai Baba Nagar Mira Road East, Thane, Maharashtra	India
S1-778846839	First & Sons	Ss 1/530, Sitapur Road Yojana Sec A, Aliganj, Lucknow, Uttar Pradesh	India
S1-832703299	Jain Solar Private Limited	Fc-128 Tagore Garden, New Delhi, West Delhi, Delhi	India
S1-541834014	Delhi Projects Private Limited	Ugf, South Wing, Nbcc Place, Bhishma Pitamah Marg, Lodhi Road( Adjacent To J.N Stadium) New, New Delhi, Delhi	India
S1-850163725	A A & K Solana	5281 Leona Drive, Cincinnati, OH	US
S1-268443578	Town Of	17230 Farwell Street, Fontana, CA	US
S1-919445291	A Dynamic Annuities LLC	11060 Marvil Road, Lewes, DE	US
S1-884620395	Katie Cohn Liberty Sui	354 Midway Drive, Chadbourn, NC	US
S1-478911483	Dynamic Israel LP	2102 Webster Street, Portland, OR	US
S1-373313227	Majestic Tubes Limited	Hyderabad, 11-14-194, Rd .No. 8 Haripuri Colony Greenhills, Telangana, Hyderabad	India
S1-622002666	Indian Construction Private Limited	H. No.24-1074/14, Prakasam Pantulu Nagar Gajula Ramavaram, Jeedimetla, Hyderabad, Telangana	India
S1-561233443	South Impex Private Limited	C/O Chajju Ram Gupta, Near Church, Sanoli, Dera Bassi, Patiala, Punjab	India
S1-559312863	Silver Yoga	NC, 2252 Nc 33, Greenville	US
S1-261619158	Saturn Jewellers Pvt. Ltd.	Flat No.12 4Th Floor, Ramasrama Apartment Old No.26 New No. 73, Oliver Road Mylapore, Chennai, Tamil Nadu	India
S1-881427472	Welty Pacific Horizon-Cuyahoga Falls	1945 13th Street, Cuyahoga Falls, OH	US
S1-550495226	Smyth System	West Lafayette, 116 Creighton Road, IN	US
S1-629644717	Eye Group	Leitchfield, 1610 Lashley Street, KY	US
S1-20584859	Griffith, Martinez and Minter LLC	Lutherville, Unit APARTMENT K, MD, 9 Misty Wood Circle	US
S1-354088494	Shina Mathis Creative Fortress PLLC	982 Seaboard Ridge Avenue, Wake Forest, NC	US
S1-156380173	Pacific Best Garden, Inc	363 Blue Spruce Road, Clinton, AR	US
S1-978447761	Happy Bike Shop! Inc.	Newark, OH, 283 Belle Vista Avenue	US
S1-95910329	Myers Obic LLC	825 River Drive, Unit 103, Tempe, AZ	US
S1-222104402	Behavioral Health Supreme Medicine	17 Bella Vista Avenue, Glen Cove, NY	US
S1-38956705	East Properties Pvt Ltd	181 12Th Cross 2Nd Phase Jp Nagar, Bangalore, Karnataka	India
S1-598451893	Mighty (India) Needs Pvt Ltd	Hydrebad, Banjara Hills, Hyderabad, Telangana, 6 3 248 B1 Road 1	India
S1-191445719	Kian Logistics Private Limited	12 Park Street Room No -411, Kolkata, Calcutta, West Bengal	India
S1-68230327	Anchor Signs Co	412 Gandy Dancer Court, Hagerstown, MD	US
S1-938655105	Kamal Ventures	Unit No. 206, Ii Floor, Gopal Heights Netaji Subash Place, Pitampura, New Delhi, West Delhi, Delhi	India
S1-170355510	Garcia Capital Company	Carlisle, 1756 Walnut Grove Road, KY	US
S1-746187051	Physical Therapy Federal Clinic LLC	4360 150th Street, Clinton, IA	US
S1-696917368	Hickey Trust	1409 Margaret Avenue, Mishawaka, IN	US
S1-170520985	Noelani's Jewelers	2510 Chrisco Road, Seagrove, NC	US
S1-910239489	Jain Ss Technologies LLP	Door No. 17/236, Pidikkakundil, Talappilly, Thrissur, Kerala	India
S1-700838509	Vega, LLC	Virginia Beach City, 1728 Joplin Lane, VA	US
S1-953403869	Silver Hospitality Private Limited	2116 Floor 1, Block B, Street No. 15 Sgm Nagar, Faridabad, Haryana	India
S1-345773661	Wynne C. Logan, Esq., M.D., P.C.	1 Melrose Court, Huntington, NY	US
S1-277662094	Quadrant Policy Private Limited	60, Gidc Estate Por- Ramangamdi, Vadodara, Gujarat	India
S1-661382871	Red Foundation Private Limited	1219, 12Th Floor, Ansal Tower, 38, Nehru Place, New Delhi, South Delhi, Delhi	India
S1-270650980	Perfect Impex LLP	S. No. 159, Matel Road N. H. 8A, Dhuva, Tal. Wankaner, Lakaddhar, Gujarat	India
S1-321920450	Decision Investments Pvt. Ltd.	D 506 Shiromani Complex Opp Ocean Park Nehru Nagar, Ahmedabad, Gujarat	India
S1-583927747	Behavioral Health Care Associates	272 Carriage Park, West Seneca, NY	US
S1-155619181	Excel Infracons Limited	No20, Govindappa Naicken Streetchennai-600 001 Chennai-600 001, Chennai-600 001, Tamil Nadu	India
S1-324140445	Green Krishna It LLP	Plot-G(2), Flat: 214, 1St Floor, Wing-G/2, Shantivan Chsl, New Link Road, Andheri West, Mumbai, Mumbai City, Maharashtra	India
S1-781489698	Metropolitan Alliance	709 Wellspring Drive, Holly Springs, NC	US
S1-874602513	Horne Holdings Group L.L.C.	3672 Backstretch Way, Grove City, OH	US
S1-593897359	Aaditya Techno Private Limited	Flat No.504, 5Th Floor, T, Amrapali Sapphire, Noida, Noida, Gautam Buddha Nagar, Uttar Pradesh	India
S1-681983201	X & C Enbridge LLC	516 Cross Creel Pvt Lane, Gallatin, TN	US
S1-828302951	Nova LLC	4950 Long Pond Road, Westmore, VT	US
S1-695776300	Superior Apparel Digital Inc	22199 Beaumont Avenue, Linden, IA	US
S1-845325293	Lia Rodriguez Atlantic Adamas, PLLC	157 200, Unit 405, Salt Lake City, UT	US
S1-498497018	Guru Foundation Private Limited	B2 2001 Parkwood, S G.B. Road Behind D-Mart, Kasarvadavali, Thane, Maharashtra	India
S1-424318744	Aditya Food Pvt Ltd	1, Dwaraka Chs Ltd, Chedda Nagar, Chembur, Mumbai, Maharashtra	India
S1-726497254	Marketing Refrigeration Sales Ltd	4-11-51/Rkn/51, Information Colony, Backside Mythri Villas, Vasundhara Enclave, Hayathnagar Mandal, Ranga Reddy District, Rangareddy, K.V.Rangareddy, Telangana	India
S1-443155658	Hotel Silver Projects Private Limited	Flat No.114, Srfortunecity, Nagarjuna Enclave, Miyapur, Tirumalagiri, Hyderabad, Telangana	India
S1-589537754	Rockman Cold Pvt Ltd	100/1, M S Paul Chowdhury Lane, Howrah, West Bengal	India
S1-591801930	Summit Neurosciences	19 Beechcroft Street, Boston, MA	US
S1-948403355	Corral, Ketti, D.O.	822 Leeds Drive, Village Of Eagle, WI	US
S1-473045144	Federal Capital Chain Inc	2868 Charlois Drive, Fl 1, Hillsboro, OR	US
S1-325524214	Supreme Industries LLP	4127, Kurinji Nagar, Morappur Post, Harur Taluk, Dharmapuri 635 305, Dharmapuri, Tamil Nadu	India
S1-521473479	Automated Textile Ventures LLC	25300 22nd Lane, Unit 2304, Phoenix, AZ	US
S1-697687494	Yuma Veterans Bright Fund LLC	6809 Quail Run Loop, Yuma, AZ	US
S1-971988808	Red Grill	275 Front Street, MA, Unit 1, New Bedford	US
S1-623408965	Nichol Bate Latin Inc.	350 Greenwood Drive, Mcminnville, TN	US
S1-632035754	L/E Aegon	57 Downer Place, Aurora, IL	US
S1-736385683	Foot & Ankle Regional Center Inc	5620 159th Street, Omaha, NE	US
S1-969686513	Zaex Battery Inc	5101 Linbar Drive, Unit 102, Nashville, TN	US
S1-631364489	Oncology Health, LLC	29 Crestwood Circle, Hampton City, VA	US
S1-572761799	Ferreus South	180 Wallace Road, Unit 13, Nashville, TN	US
S1-939195325	Victory (India) Infra Private Limited	H. No.-148/1 Malapwadi Tal-R.Nagri Dist - Kolhapur Malapwadi, Kolhapur, Maharashtra	India
S1-920899589	East Quartzsea LLC	6418 Jesse Jackson Avenue, Fl 0, Saint Louis, MO	US
S1-742868551	Norman Proshares, Inc.	OK, 430 Elm Avenue, Norman	US
S1-604259902	All Industries Group	12-181, G Floor, Rama Cherlla Palli Madanapalle Road, Basinikonda, Madanapalle, Chittoor, Andhra Pradesh	India
S1-326678390	My Food Pvt Ltd	395 Near Kristu Jayanti College, Defence Avenue K. Narayanapura, Srk Nagar Post, K R Pur, Am Hobli, Bangalore, Karnataka	India
S1-568068726	Giovanna Hernandez Andretti Company	504 Jackson Street, Scales Mound, IL	US
S1-720197943	XDG Impex Pvt. Ltd.	7-11-5, Panthulugari Meda Street, Gajuwaka, Visakhapatnam, Visakhapatnam, Vishakhapatnam, Andhra Pradesh	India
S1-482966617	Family Metro Care Associates Inc	816 Rhino Bend, Oxford, NC	US
S1-464925453	Barnes Canary Clinic	2531 Algonquin Road, Algonquin, IL	US
S1-258983614	Venus & Sons Public Limited	S.K. Tawr, Patti Peda, Satundiya Road Nawaligate, Nokha, Bikaner, Rajasthan	India
S1-643936269	Bombay It Pvt Ltd	C/O Anil Chandra Thakur, Purbajagadanandapur, Nakashipara, Nadia, West Bengal	India
S1-492047760	Chiropractic Health PLLC	Broken Arrow, OK, 306 Fulton Street	US
S1-918504950	Caballero Smart Trinity LLC	303 Stuart Street, Essex, MD	US
S1-887702558	Compass Yield LLC	3400 Centerpoint Road, San Marcos, TX	US
S1-707809382	Al Products Private Limited	Bangalore Rural, Nadavathi Post Hoskote Taluk, Mallasandra, Karnataka	India
S1-972582313	Caso Rent	42533 Flemming Drive, Loudoun County, VA	US
S1-593904121	Phase Seva Samiti	Kp17/304B, Nedumangad Taluk, Chirayinkeezhu, Thiruvananthapuram, Trivandrum, Kerala	India
S1-857577779	Bhogpur Hospitality Private Limited	Bhogpur, Jalandhar, Guru Nanak Nagar, Punjab, H. No. 81	India
S1-976868440	Mancilla Mountain Therapy Inc.	706 Hackberry Road, Cecilia, KY	US
S1-848399263	Perundurai Polytechnic	Maharashtra, Mumbai, 301, Versova Skylarktowers, Near Lokhandwala Circle	India
S1-98978659	Swastik Holdings	309, Marcelo Business Corridor Vip Road, Opp. Shyam Mandir, Choryasi, Surat, Gujarat	India
S1-916171009	Consolidated Software Associates	6123 Old Mountain Way, Prescott, AZ	US
S1-784983003	Mateshwari Traders Private Limited	E-212 Vrundavan Township Meter Room No-2 Harni Road, Vadodara, Gujarat	India
S1-10107530	Big Supreme Investment	Delhi, C-52, East Delhi, C-Block, Ganesh Nagar Pandav Nagar Complex, Delhi	India
S1-210773510	Phillips Continental Petroleum LLC	2304 Shane Ranch Drive, Leander, TX	US
S1-778811767	United Society	140 Wallis Avenue, City Of Gillett, WI	US
S1-7207222	Arihant Consulting	1007, 10Th Floor, Mittal Towers, M. G. Road, Bangalore, Karnataka	India
S1-192804485	Interstate Environmental Ventures, Inc	261 Bunker Hill Street, Boston, MA	US
S1-98944752	Haddon and Nieto Automotive	217 Noble Street, Souderton Borough, PA	US
S1-75854432	Dermatology Associates Inc.	150 Rivers Edge Drive, Unit 340, Medford, MA	US
S1-410493101	Moira Enterprises	P No 126 And 126 A G.P. Colony, Kalyanpura, Sanganer, Jaipur, Rajasthan	India
S1-492880979	Surya Consulting Private Limited	C/O Reji K, Kombikunnath, Planmkara, Nilambur, Malappuram, Malapuram, Kerala	India
S1-875208253	Lotus Services	B-306, Floor 3, Plot 8 (Pt), B-7, Bgta Sahyadri Co-Op Premises, B Wing, Wadala Truck Terminal Road, Mumbai, Maharashtra	India
S1-416500893	Super Media Private Limited	3-4-1/4B, Ramanthapur Balajinagar, Hyderabad, Telangana	India
S1-435672924	Energy Consultancyprivate Private Limited	L-111, First Floor, Shiv Shakti Plaza Main Road, Mahavir Enclave, New Delhi, Delhi	India
S1-892498993	Bangalore India Private Limited	#5, Mchs, 14Th Main, 15Th Cross Sector 4, Hsr Layout, Bangalore, Karnataka	India
S1-462273259	Dynamic Education Labs	3801 6th Avenue, Tucson, AZ	US
S1-937014649	Anay Distributors Pvt Ltd	11/C/612 Swapnapurtichs Bhd Pop Tate Hotel Kailash Complex Rd Opp Mayfair Tower, Pa, Rk Site, Vikhroli West, Mumbai City, Maharashtra	India
S1-895515669	Royal Line LLC	629 Thayer Avenue, Ashtabula, OH	US
S1-409374576	Summit Energy	3822 Westwood Manor Way, Pasadena, Fl 0, MD	US
S1-894333060	Premier Premier Finance Private Limited	Ram Nath Industries, Muzaffarnagar, Uttar Pradesh	India
S1-92619703	Continental Committee II LLC	918 Millseed Road, Happy, KY	US
S1-287032802	Westhoff American Made	120 Stephens Boles Road, Fentress County, TN	US
S1-868969063	Proo Assets PLLC	628 23rd Street, Unit Unit D, West Fargo, ND	US
S1-510447009	Houston Regional Church	12802 Magnolia Leaf Street, Houston, TX	US
S1-8347794	Eagle Pass Urgent Care Health Associates	460 Rio Grande Street, Fl 1, Eagle Pass, TX	US
S1-817627463	Ace Titan Inc	322 Mckinley Parkway, Unit Apartment 1, Buffalo, NY	US
S1-730324654	Titan	8106 Sundew Drive, Tucson, AZ	US
S1-641471546	Raven Skin Care	8374 Holland Way, Unit 105, Ken Caryl, CO	US
S1-645803770	Interfaith League	300 Carraway Crossing, Unit 3403, Chapel Hill, NC	US
S1-639718961	Corporate Retail Networks	5260 Bruno Canyon Drive, Prescott, AZ	US
S1-81662223	Marji's Security	862 Patrick Henry Drive, Blacksburg Town, VA	US
S1-457832402	Walliw Mackin Elite Marshall, LLC	5870 Sampson Drive, Girard, OH	US
S1-222636511	Libbey Mueller Preferred Citigroup	5083 Browns Gap Turnpike, Albemarle County, VA	US
S1-30376764	Blasko Group	115 Jefreelind Drive, Greece, NY	US
S1-167124167	White Coastal	6101 Morningmist Drive, Chesterfield County, VA	US
S1-362873720	Education Foundation V	609 Graves Loop Road, Medina, TN	US
S1-832720721	Steward Elite Chs	18 Thrasher Street, Pembroke, MA	US
S1-568025190	Prema Energy Ltd	Bhavnagar, Fourth Floor, Devarya Flat, Ambawadi, Bhavnagar, Gujarat, B/8	India
S1-946773687	Mountain Federation II LLC	45 Mays Street, Greeneville, TN	US
S1-453075676	Blue Properties Private Limited	Rajaji Salai, Chennai, No:50/38, Tamil Nadu	India
S1-17726756	Industrial Farmer	Plot No. D-1, Kh. No.- 25/20G Gali No.22, Jivan Park, Master Mohalla V, Illage, Libaspur, North West, Delhi	India
S1-146460064	Hyderabad Services Private Limited	8/2/269/5/20, Flat No 302, Plot No 20, Sagar Society, Banjara Hills, Hyderabad, Telangana	India
S1-635593555	Bethena's Automotive Inc.	127 E Bergey Street, Wadsworth City, OH	US
S1-352631083	Meadows Ace Four LLC	100 4th Street, Parshall, ND	US
S1-579973038	Link Siddhi PLLC	1871 Persinger Drive, Badger, AK	US
S1-110675912	High Energy Private Limited	12/28-B, F/F, Tilak Nagar New Delhi, Delhi, West Delhi, Delhi	India
S1-830977304	Miller, Smith & Johnson Aspac LP	17 Lexington Lane, Unit Apartment 1, New Windsor, NY	US
S1-62513565	Real Healthcare Pvt Ltd	2218 B, Manoor-Chekanur Road, Kotteeri, Malappuram, Malapuram, Kerala	India
S1-340338236	Chi Eqv	1250 Johnson View Road, Violet Hill, AR	US
S1-299553003	North Vision Infrastructure LLP	A/13 603, Akarshan Chs Ltd, Rse 4 Charkop, Sector 6, Kandivali West, Mumbai, Mumbai City, Maharashtra	India
S1-401323822	Burnett Liberty Quasaredge LLC	554 Mount Lubentia Court, Upper Marlboro, MD	US
S1-874941171	Aida Traders Ltd	Room No. 618, 6Th Floor, Krishna Building, 224, A.J.C. Bose Road, Kolkata, Kolkata, Howrah, West Bengal	India
S1-448778938	Future Business Private Limited	Block - E Shop No. E0015, Ground Floor, City Centr, E Mall, Siliguri, Darjeeling, West Bengal	India
S1-434285217	Regional League Group	3289 St Charles Street, Jasper, IN	US
S1-304464835	Modern Engineering Private Limited	Ground Floor Of, Plot No.D232, Kalidas Marg, Jaipur, Rajasthan	India
S1-423826098	Software Om City LLP	No.5, Ground Floor, Branson Garden Street, Kilpauk, Perambur Purasawalkam, Chennai, Tamil Nadu	India
S1-955098415	Laxmiwan Detailing Private Limited	D-44, Mohan Singh Market Sec-Vi R.K.Puram, New Delhi, Delhi	India
S1-229225022	Sra Joy Limited	Building No.53/1814, Ground Floor, Adithyamanayil, S A Road, Ernakulam, Kerala	India
S1-727131296	South Pioneer Engineering Pvt Ltd	Flat H-1, Rohan Garima, Shivaji Housing Society, Senapati Bapat Road, Pune, Maharashtra	India
S1-421754255	Goldmine Profit Private Limited	A-1802, Pearl Heights, Yari Road, Versova Near Mandir Masjid, Andheri West, Mumbai, Mumbai City, Maharashtra	India
S1-148508964	Vanguard Technical Consultants LP	Mount Pleasant, 901 Charlotte Place, NY	US
S1-325864782	Ferron Sizzle PLLC	130 Seminary Avenue, Unit 116, Newton, MA	US
S1-754372527	Far Group of Companies	Plot No.2, Silver Oak Bunglows, Chinna Cherlapally Beside Medha Company, Ghatkesar, Rangareddy, Telangana	India
S1-116441265	Isana (India) Aviation Private Limited	172A, Bagmari Road Kankurgachi, Kolkata, Kolkata, Howrah, West Bengal	India
S1-311512417	Seven Consulting Private Limited	849A. Manas Bhawan, Wright Town, Jabalpur, Madhya Pradesh	India
S1-509573032	Aditya Marketing	D.No 2-346, Kota Narava, Gopalapatnam, Visakhapatnam, Vishakhapatnam, Andhra Pradesh	India
S1-773166887	Krishna Finance Private Limited	North West Delhi, 1St Floor, Sector-16, Rohini, North West Delhi, G-1/127, Delhi	India
S1-64961608	Fresh Internet Inc	VA, Bristol City, Unit APT 104, 126 Waverly Lane	US
S1-506749944	Johnson Allied Mellon Care	3745 44th Avenue, Minneapolis, MN	US
S1-494083846	Sushrut Trading Private Limited	Nl/D-12/1:7, Adarsh Chs, Sector-48A, Nerul (West), Thane, Maharashtra	India
S1-951218101	Jain Global Pvt Ltd	S.F.No. 459/2A, Door No. 3/592, Pudupalayam, Avanashi, Coimbatore, Tamil Nadu	India
S1-579487875	Dental Care of Kenton	13907 Cr 70, Kenton, OH	US
S1-725013701	B 7 Secure Energetics Inc	120 Deerfield Boulevard, Hampton City, VA	US
S1-269826793	Phoenix Human Rights Ministries	7835 13th Place, Phoenix, AZ	US
S1-478669893	Token	3425 Clayton Avenue, Wilmington, DE	US
S1-369589826	Upasana Clinic Private Limited	Ii C 89, Rachan Vaishali, Ghaziabad, Ghaziabad, Uttar Pradesh	India
S1-153805723	Anand Technologies LLP	C/O Ushabai Raghunath Gadekar Bahuli, Tal. Sillod, Aurangabad, Maharashtra	India
S1-230358974	Genosoft Trusted Great LLC	4411 Waverly Canyon Lane, League City, TX	US
S1-770415030	All Business Private Limited	House No. 50, Gali No. 6, Ashok Vihar Phase-Iii, Gurugram, Gurgaon, Haryana	India
S1-828544464	To International School	C/O Pragya Gupta, Ward 20, Agrasen Nagar Fatehnagar, Mavli, Udaipur, Rajasthan	India
S1-68455663	Elinor's Electronics	5001 Redbud Lane, Topeka, KS	US
S1-603875890	Orthopedic Associates LLC	3351 Diehl Road, Unit 0, Cincinnati, OH	US
S1-951538177	Digital Apex Enterprises Private Limited	Opp. Park Avenue Colony, Model Town, Kotkapura Road, Muktsar, Punjab	India
S1-585058123	Clean Wellness Group	11458 Contessa Street, Mesa, AZ	US
S1-820440578	Platinum Aerospace Enterprises LLC	400 Moore Street, Clayton, NC	US
S1-576994241	ND Tri-State Planet Group	805 Green Hills Drive, Cleveland, TN	US
S1-481775047	Highland Atlantic Silicon LLC	18 68th Street, Ocean City, MD	US
S1-608923173	Continental Fellowship LLC	VT, 155 Depot Street, Williamstown	US
S1-621183886	Anchor Trading Worldwide LLC	20 Archbishop May Drive, Unit UNIT 1304, Saint Louis, MO	US
S1-99077495	Frontier Coalition	415 Tim Drive, Camden, OH	US
S1-376415072	Delta Foundation LLC	8224 Regal Road, Spokane, WA	US
S1-810486358	Anders Crystal Manulife, Inc.	200 1st Street, City Of Merrill, WI	US
S1-698489417	Paar Traders Limited	Plot No.90, Khasra No.252, Village Bamnoli, New Delhi, South West Delhi, Delhi	India
S1-412545395	Emlynn Guill Communications PLLC	Fort Smith, AR, Unit Apt 3, 2600 56th Street	US
S1-463909384	Empire Coalition	38703 Sheridan Road, Unit LOT 180, Beach Park, IL	US
S1-604005682	Brandie's First Cafe PLLC	3209 Auburn Leaf Loop, Folsom, CA	US
S1-513180877	Classic Trading Private Limited	Andhra Pradesh, Chittoor, Madanapalle, 2Nd Floor, 17Th Ward, Nvr Layout, D.No. 17-101-3	India
S1-28521657	Perfect Software Pvt Ltd	3Rd Floor, P- 411/23B, Hindustan Park Gariahat, Kolkata, Kolkata, Howrah, West Bengal	India
S1-696937964	Ivenan Bluerock LP	3069 Great Falls Way, Unit 112, Sacramento, CA	US
S1-310572694	Bass & Wiesner Laboratories Inc	NC, Shelby, 3006 Sandie Drive	US
S1-249136170	Interstate Royal Rivernorth PC	Unit 2, MA, Boston, 621 Tremont Street	US
S1-931630718	Supreme Hospitality Worldwide LLC	502 Independence Court, Radcliff, KY	US
S1-826196413	K 9 H Otg	1569 Yellow Creek Road, Big Bend, WV	US
S1-472225538	Youth Foundation	12 Stanley Circle, Poseyville, IN	US
S1-601508239	Labib Learning Center	15 Broadway, Baltimore, MD	US
S1-696784315	Aurent Sprott, LLC	110 Billy Robb Street, Greenbrier, TN	US
S1-184018400	Trinity Synagogue	Ardmore, 28264 State Line Road, Unit Unit B, AL	US
S1-759884609	Life Fortune Ventures Private Limited	A-501, 5Th Floor Tower, A Casa Woodstock Gc 2 Sector 16C, West Greater Noida, Gautam Buddha Nagar, Uttar Pradesh	India
S1-478485563	Foundation Kin Facility LLP	P.No. 56, Kranthi Colony, Chengicherla, Uppal, Hyderabad, Telangana	India
S1-936316725	Charlean Groves Valley Five LLC	2331 Main Street, Forest Grove, OR	US
S1-800158134	Arts Federation	MA, Springfield, Unit 1, 129 Malden Street	US
S1-142392584	UFV Services Private Limited	H/O- Sharda Devi, W/O- Shivalak Prasad Amarpur, Meena Bazar, Patna City, Patna, Bihar	India
S1-686278204	Kumud Services LLP	Mysore, Karnataka, # 9, Ring Road, Hebbal Industrial Area, Mysuru	India
S1-753828617	Shields Elite Flagstar LLC	6802 Little Cypress Creek Trail, Humble, TX	US
S1-649002589	Smart Infra LLP	Plot No B-113 Subhash Park Extn Uttam Nagar, New Delhi, Delhi	India
S1-111721340	Irb Polytechnic Private Limited	Ganesh Bhavan10-A South Pond Rd Vile Parle W, Mumbai, Maharashtra	India
S1-831919172	Rubinstein Annuities LP	287 98, Bunn, NC	US
S1-259387651	Matha Wire Private Limited	2/70 B Veppur Main Road, Kunnam(Po) & (Tk), Kunnam, Perambalur, Tamil Nadu	India
S1-660526261	Delta Society VI	330 Marie Avenue, West Saint Paul, MN	US
S1-574395751	Campbell and Patel Inc.	817 Macarthur Boulevard, Unit 145, Coppell, TX	US
S1-556484079	Bhopal Farming Private Limited	Shop No.86, Bus Stop No-10, Arera Colony, Bhopal, Bhopal, Madhya Pradesh	India
S1-544854099	Global Sunrise Enterprises Pvt. Ltd.	C/O Musai, Ward No. 09, Tirhut Bitta, Chatar, Purnea, Purnia, Bihar	India
S1-570045829	Creations (India) Brothers	7, Floor Grd, Plot 80, Neelam, Hindi Vidya Bhavan Road, Marine Lines Railway Station, Mari, Ne, Mumbai, Mumbai City, Maharashtra	India
S1-46080170	All First Producer Private Limited	164/1, Howrah, Kolkata, West Bengal, Manicktalla Main Road	India
S1-540809374	Daniels Metal Works Inc.	4202 103rd Street, Kansas City, MO	US
S1-760078796	Shivam Properties Private Limited	Pune, Maharashtra, Magarpatta City Hadapsar, Pune City, Fl No F1 602 Jasminium	India
S1-797753144	Patriot Academy	10 Crimson Vista Lane, Sedona, AZ	US
S1-301628639	Novial Construction LLC	Bronx, 2078 Cross Bronx Expressway, NY	US
S1-405126562	Arreola, Downing & Peoples	435 4th Street, Caseyville, IL	US
S1-862063547	Singhal Associates (India) Private Limited	Plot No.-522, Kaushalyapur(Jivan Vihar) G.P.-Pamasara, Po.-Kairi, Orissa, Pipili, Puri	India
S1-984396335	Premier Choice Transport LLC	315 Mckoy Street, Clinton, NC	US
S1-65679469	Peridara Dave Inc	719 Knight Bridge Road, Maryville, TN	US
S1-776940048	Al Energy LLP	Plot No: 134 (A-6) Mithra Sowbagyam Apratments, Kamarajan Street Chendurpuram Katupakkam, Chennai, Tamil Nadu	India
S1-296170403	Premier Construction Private Limited	Flat No A-G13, Ananda Bay, Hills, Neknampur, Rangareddy, Telangana	India
S1-395118974	Pacific Corporation	2700 Elliott Avenue, Seattle, WA	US
S1-650150184	Downtown Bistro	5617 Crossett Road, Elbridge, NY	US
S1-661761756	Delta Group	17 Main Street, Sidney, NY	US
S1-159580915	Sai Products LLP	1142, New Delhi, B-1, Opp. Dav School, Vasant Kunj, South West Delhi, Delhi	India
S1-419887692	Straight Edge Yoga LLC	37217 Ash Avenue, Burney, CA	US
S1-266609937	2002 Lexington Ave Partners Inc	5507 Fairvista Drive, Charlotte, NC	US
S1-312188150	Cardiology Specialists LLC	711 Rhomberg Street, Burnet, TX	US
S1-929378362	Cornerstone Financial Works	215 Poplar Street, SC, Walhalla	US
S1-242611734	Cascade Dental Associates LLC	19200 Gabriel Road, Yacolt, WA	US
S1-86169666	Jaipur Telecom Private Limited	10-A, Vidhayak Nagar, Sahkar Marg, Jaipur, Rajasthan	India
S1-860810984	Upper Pioneer Acres Corp	7987 Overland Street, Milwaukie, OR	US
S1-295615816	Arundhati & Co	House No. 239, Village Bassai Darapur Raja Garden, New Delhi, West Delhi, Delhi	India
S1-971511835	Design Infrastructure	3, 2Nd Bcross, Sirmv Nagar Near Ramaiahcoconutgarden, Bangalore North, Bangalore, Karnataka	India
S1-450890324	Vision Energy	C/O Nitin Kumar, Vill Rampura Bulandshahar, Bulandshahr, Uttar Pradesh	India
S1-863315534	Govinda Advisors Private Limited	Post Box No. 651, Bldg No. Xiii/I/28, Puzhakkal C/O Lulu Convention Centre, Ayyanthole P, .O, Thrissur, Kerala	India
S1-555308719	Jay It Private Limited	Calcutta, West Bengal, Kolkata, 261 Parnasree	India
S1-233319159	Quark Developers Private Limited	H. No. 149, Nikunj Royal, City, Upadhyaye, Ward 32, Harda, Madhya Pradesh	India
S1-434857307	Krishna Trading Private Limited	Jalgaon, Maharashtra, Mauliplotno.23, Gateno.107, Ambikahousingsociety, Newbhagwannagar, Jalgaon	India
S1-197274849	Moh Welfare Pvt Ltd	Plot No-2D/204, 1St Floor Sector-9, Cda, Cuttack, Orissa	India
S1-399610017	Tejita Auto LLP	204 Chiranjeev Tower43 Nehru Place, South Delhi, Delhi, New Delhi	India
S1-791955392	Kosmic Esystems (India) Private Limited	C/O Shri Samadhan Shridhar Shingne, D.Mahi, Tq. D. Raja, Dist Buldhana D. Mahi, Buldhana, Maharashtra	India
