source1_entity_id	matched_entity_ids
S1-156380173	S2-755422053,S2-905679603,S2-954495419,S3-713859403
S1-281088937	S2-996249340,S2-764689758,S3-188494008
S1-708400226	S2-11447624,S2-737021373,S2-636078522,S3-952283138,S3-654593788,S3-614607391,S3-508757891,S3-729109395
S1-756695349	S2-509982372,S3-804068072,S3-511136319,S3-859468357
S1-714258980	S2-870741576,S2-873162942,S2-604734765,S3-799756486,S3-701519948,S3-903740309
S1-23704128	S2-506467091,S3-3713015
S1-485642352	S2-147852121,S3-319078308
S1-915642112	S2-402715888,S2-91009340,S3-403169986
S1-836117858	S2-622161281,S3-424713380
S1-479832626	S2-202628267,S2-599419816,S3-507463477,S3-747016064,S3-120203723
S1-875123974	S3-3022854
S1-816490429	S2-497494238,S3-473747741
S1-308782883	S2-986487414,S3-103528225,S3-150873391,S3-871531513
S1-984507050	S2-329828284,S2-896427693,S2-250256780,S3-22582522,S3-692783299,S3-671606501,S3-535971945
S1-5547940	S2-949002390,S2-5971176,S3-732518279
S1-250157667	S2-889744472,S2-914734397,S3-13085487,S3-176811170,S3-875453325
S1-218392965	S2-428162477,S3-978075830,S3-731586224
S1-966140752	S2-373137100,S2-206782156,S3-565244161,S3-693841226
S1-234958095	S2-282804959,S3-584754301,S3-506376420
S1-774848541	S2-197269906,S2-35747313,S2-880969832,S3-399788940,S3-873534933,S3-36254598
S1-680008372	S2-474048096,S3-306689701,S3-319382210
S1-827547918	S2-529947824,S2-618463545,S2-973023568,S2-129222908,S3-841494526
S1-624821654	S2-356368886,S2-196244192,S2-905574441,S2-461604064,S3-527078440,S3-852542808
S1-987269818	S2-501573564,S2-512094322,S3-481807690
S1-385468358	S2-410755528,S2-357389762,S2-86030491,S2-297798516,S3-385741601,S3-983626021
S1-950184273	
S1-14096491	S2-66605545,S2-498177844,S3-542022633
S1-457143712	S2-435219108,S3-755471924,S3-127148283
S1-206439171	S2-263479860,S3-754954752,S3-297790567,S3-21549691
S1-892869955	S2-754170762,S2-960820940,S2-553483725,S3-272252524,S3-611068325,S3-709800305
S1-177568738	S2-585557741,S3-835794655
S1-387007971	S2-186677238,S2-407686016,S2-99136836,S3-581984138
S1-536437562	S2-570694031,S2-93658564,S3-707763046
S1-64156496	S2-846370888,S3-25067680
S1-612728858	S2-771981212,S2-700975694,S2-610368381,S3-721258934,S3-477556334,S3-81723455,S3-906238265,S3-370100264
S1-214964636	S2-598156235,S2-535354196,S2-894538178,S3-607235266
S1-399491682	S2-754743646,S3-696749979
S1-693252418	S2-822017001,S3-587839619,S3-875049169
S1-587134584	S2-41606567,S2-573371136,S3-581898225
S1-263388520	S2-258688054,S2-523357028,S2-554034138,S3-372366345
S1-91453329	S3-868822842
S1-214577346	S2-829964521,S2-141455395,S3-60862311
S1-459842947	S2-506087085,S2-992666687,S2-927704089,S3-264708364,S3-408419383,S3-19183652,S3-899068864,S3-998247683
S1-259325016	S2-46305214,S2-11058492,S2-693416987,S3-805125631,S3-155122211,S3-559035186
S1-388400515	S2-956037665,S2-179705966,S2-574223986,S3-34785908,S3-67885367,S3-227265247
S1-159580915	S2-884300908,S2-423999022,S3-810558658,S3-134162936,S3-527305613,S3-326388909
S1-340338236	S2-624232566,S2-364390394,S2-897407537,S3-906793716,S3-665363504
S1-779588120	S3-479635107,S3-707159869
S1-108711914	S2-863621354,S2-240824878,S2-986008174,S2-265728515,S3-676350893
S1-266609937	S2-253727163,S2-815882759,S2-587649998,S3-666221133,S3-355906080,S3-967336320
S1-213893648	S2-594512875,S3-833399414
S1-385272418	S2-976935067,S2-72473954,S2-777759874
S1-963120061	S2-669896943,S2-357672545,S3-845491045,S3-296226061,S3-865090134,S3-788751969
S1-931577411	S2-544969030,S3-317557998,S3-853957075,S3-360094054
S1-226224906	S3-403259627,S3-698543230
S1-558531705	S2-773545973,S2-46706995,S3-988483237
S1-641755311	S2-74505697,S2-833744072,S3-16866014,S3-270216679
S1-397364097	S2-30484495,S2-492549889,S2-486594369,S3-89002069,S3-625873970,S3-728555806
S1-269070202	S2-802600291,S2-363398706,S3-245206654
S1-752039671	S2-186642276,S2-265360244,S3-768171288
S1-256450670	S3-972841055
S1-776858948	S2-430506611,S3-339538234,S3-161802047
S1-656303388	S2-242695731,S2-18063275,S2-809474265,S3-675591970
S1-466871772	
S1-996342380	S2-747679353,S2-547750572,S3-962014858
S1-910556226	S2-55420283,S3-870614715,S3-545833126
S1-907496870	S2-170164124,S2-458347901,S3-845818397
S1-150709371	S2-36378868,S2-968366752,S2-589225581
S1-588893489	S3-118464979,S3-230408144
S1-512948760	S2-516524677,S3-135761998,S3-336683889,S3-94859001
S1-52698576	S3-627849242
S1-808877405	S2-280577422,S2-982358031,S2-944365039,S2-791957712,S3-693000542,S3-845931537
S1-213545418	S2-478743965,S2-563871876,S3-240817655,S3-451243475,S3-741710020,S3-458393738
S1-657004191	S2-517644830,S2-359921483,S3-415672790,S3-146411338,S3-588825943,S3-732636533
S1-110425275	S2-471588279
S1-783383219	S2-315651481,S2-579867775,S3-374529110
S1-89982203	S2-397565680,S3-589887382,S3-427258764,S3-269888865
S1-352067956	S2-553520505,S3-364512173
S1-271204076	S2-829144435,S3-5944587,S3-492046915,S3-679659108
S1-307845683	S2-858973394,S2-181806416,S2-711142634,S3-76557874,S3-647189042
S1-626803493	S2-783830690,S3-214157287,S3-656967658,S3-692726670
S1-71712577	S2-480873310,S2-637347122,S2-410837406,S3-567413861,S3-798019949
S1-908947781	S2-337181011,S3-265849723,S3-704430868
S1-165099225	S2-593708102,S2-143849145
S1-863645973	S2-314245888,S2-395014702,S3-751466734
S1-415755117	S2-860228240,S2-642767743,S2-768335191,S3-338662748,S3-979130648
S1-838304190	S2-250727630,S2-159531390,S3-732087968,S3-569881997,S3-769873022
S1-102360963	S3-844808167,S3-890231141
S1-951369909	S2-638953620,S3-796890992
S1-308850031	S2-150454518,S2-398956598,S3-693994849,S3-98510869
S1-649620158	S2-305224818
S1-327769343	S2-237610558,S3-28294590,S3-460348336,S3-854316523
S1-700519352	S2-992312751,S3-189115569
S1-272371632	S2-627629971,S3-552891452
S1-946403704	S2-83598278,S2-485651933,S3-694369616
S1-733071084	
S1-482496963	S2-968110399,S2-803486253,S3-65684685
S1-865964830	S2-810093872,S2-208255643,S3-239303096
S1-747889137	S2-397911390,S2-479185878,S3-970151096,S3-128243235
S1-307014189	S2-547701031,S3-819448902,S3-404877476,S3-580506340,S3-314686479
S1-289335483	
S1-631134591	S2-947559656,S2-523334138,S3-481243664,S3-673685508,S3-957823053
S1-378515115	S2-71913398,S2-114208166,S3-968203383
S1-75604659	S2-992107268,S2-272937602,S3-493101997,S3-429607687
S1-252666627	S2-77536274,S2-430418625,S3-148169204,S3-323832109
S1-176766994	S2-280528776,S2-145314216,S3-90944413,S3-368178255
S1-784905401	S2-733153501,S2-864900431,S2-477305517,S3-762023304,S3-955327034,S3-247948263
S1-462490789	S2-185413104,S3-282436768
S1-358637900	S2-331767434,S2-604813531,S3-112726127
S1-696784315	S2-89952193,S2-470456711,S3-752579935
S1-478476963	S2-697278486,S2-807801387,S3-65478528,S3-7528644,S3-684458724,S3-613089349
S1-28471899	S2-397137442,S3-108662785,S3-386654773,S3-296205831,S3-677119253
S1-690401533	S2-779757375,S2-280651988,S3-258063776,S3-131975425,S3-296370507,S3-535354568,S3-503335092
S1-589700697	S2-382989894,S2-253866800,S3-12936875,S3-964666288,S3-839562468
S1-11472845	S2-128256662,S2-415679114,S2-178318019,S3-534336232,S3-357889277
S1-823852858	S3-738857814,S3-760342991
S1-609849067	S2-850722816,S3-664963813,S3-950921958,S3-870825111,S3-969987178
S1-669784397	S3-36940421,S3-491071429,S3-792632368
S1-736923340	S2-652206170,S3-784962841
S1-458967090	S2-564919537,S2-194934476,S3-402580222,S3-664957856
S1-511347881	S2-456408211,S3-552260130,S3-998432534,S3-973246139
S1-488668325	S2-812935924,S2-995044239,S2-804977682,S2-737846435,S2-666611611,S3-429824179,S3-881365718
S1-412309680	S2-237899391,S2-554317261,S2-355429943
S1-377912796	S2-174749893,S2-924309076,S3-404913044,S3-107968680
S1-896711535	S2-908392201,S2-306404378,S3-194356843,S3-637483462,S3-829489917,S3-737409964
S1-880145809	S2-392092611,S2-700865002,S3-96454477,S3-640021182,S3-523987767
S1-18573707	S2-441631476,S2-22853487,S3-897971580,S3-362245090
S1-570656789	S2-969138162,S2-747547944,S2-758333632,S3-496857044
S1-419136348	
S1-453881945	
S1-587629275	S2-855949990,S2-207170311,S3-576240128,S3-933254626,S3-451195524
S1-318204814	S2-207255557,S2-943796102,S2-837898931,S3-498888364,S3-825200445
S1-322454717	S2-648551030,S3-649262204
S1-113257644	S2-322438904,S2-443413299,S3-31784813
S1-213714171	S3-349624759
S1-665883062	S2-932980444,S2-33551308,S2-319128325,S2-405435610,S3-686381021,S3-98737986,S3-508389687,S3-265878779
S1-713936444	S2-684026162,S2-226023759,S3-144309148,S3-841391989
S1-893237041	S3-642239657
S1-21793453	S2-615081941,S3-79149406
S1-694518410	S2-214670872,S3-966574752
S1-63709994	S2-461395170,S2-436844711,S3-667534109,S3-631637268
S1-613934145	S2-424083567,S2-6702013,S3-952336037
S1-251362977	S2-109232035,S3-428973764,S3-942991422
S1-459563353	S2-9761083,S2-424609103,S3-328772819
S1-148167667	S2-928896056,S2-828199106,S2-217066967,S2-401954492,S3-793359598
S1-920368455	S2-820453776,S2-354655166,S2-572109925,S3-133398579,S3-186960018,S3-265191385
S1-82328195	S2-278435952,S3-114774544,S3-859527969
S1-924032533	S2-662185537,S2-92210194,S3-426143380,S3-196840309,S3-595969079,S3-75789859
S1-670225337	S2-225703870,S2-383279923,S3-796167106
S1-681811173	
S1-197785735	S2-860616205,S2-413758141,S2-719766662,S3-564615474
S1-984094020	S2-978670073,S2-707234039,S3-543282333
S1-411872145	S2-499031278,S2-973225636,S3-93718409,S3-580837675
S1-11738169	S2-412960565,S2-712171290,S2-691596607,S2-571253917,S3-762966359,S3-950424259
S1-566715938	S3-543241598
S1-794379014	S2-764315109,S2-116884045
S1-645484427	S2-623040521,S2-830200341,S2-63947678,S2-374717733,S3-182700400,S3-927792983
S1-499598702	S2-182537287,S3-86422778
S1-750654471	S2-594147356
S1-273593933	S3-874759266
S1-513896966	S2-680104875,S3-945282045,S3-286063198
S1-627513026	S3-296566900,S3-132149512
S1-245647698	S2-601165927,S3-734202255
S1-920645000	S2-117072906,S3-568371532,S3-50071300
S1-311928770	S2-718871879,S2-858670353,S3-387258789,S3-355988039,S3-147645485
S1-83352129	S2-519154940,S2-827155006,S2-749821066,S3-674562485,S3-762867591
S1-98834811	S2-686083519,S3-306839713,S3-468016788,S3-670114498,S3-20260407,S3-539275987
S1-437129142	S2-53628718,S3-538493242,S3-275624380
S1-616700030	S2-898502080,S3-314682398,S3-59265945
S1-15389647	S2-621794438,S3-549979085,S3-43884079
S1-393447163	S2-657160921,S3-683003762
S1-851548100	S2-525247505,S2-152117027,S3-103431363,S3-726225289
S1-508987582	S2-598817071,S2-956326786,S2-615101439,S3-398119158,S3-239456622
S1-766626188	S2-126115285,S2-54039880,S3-406045736,S3-726349166
S1-230837480	S2-446736542,S2-67923927,S3-266176885
S1-540057546	S2-890593214,S3-886878943,S3-521991096,S3-764211024,S3-150813353
S1-606533779	S2-791197603,S2-407961038,S2-819439571,S3-69161251,S3-179527934
S1-9212356	S2-381316924,S2-973650088,S2-340409782,S3-732684127,S3-131931820,S3-907535335
S1-7769902	S2-269714745,S3-703208441,S3-307833229,S3-986610595,S3-975120200,S3-336159166
S1-924272601	S2-691756981,S3-438784252
S1-634553515	S2-1687620,S3-945056874,S3-5786375,S3-445836190,S3-753275689
S1-893380324	S2-468753772,S3-146349188,S3-202633008
S1-405977855	S2-500367411,S2-632521261,S2-289375443,S2-945932653,S3-552755772,S3-135843998
S1-31672637	S2-400636435,S3-364566220,S3-619839859,S3-837208333
S1-861441031	S2-524167601,S3-857313826,S3-953546689
S1-129117961	S2-736244364,S3-809226540,S3-794913735
S1-560440019	S3-361343362
S1-216026940	S2-828738106,S3-516801082,S3-475880262,S3-550273865,S3-508837871
S1-438670909	S3-274633760,S3-477542298,S3-710874468
S1-651386858	S2-391384884,S3-563656471
S1-426345127	S2-341094348,S2-465137822,S2-766297994
S1-425890229	S3-930915575
S1-727085121	S3-29881238,S3-689272339
S1-375604834	S2-776266046,S3-568493962,S3-777304638
S1-342322978	S2-973319121,S2-653444424,S2-407813135,S2-615439428,S3-994874269,S3-283702937
S1-420370812	S2-721420258,S2-111166006,S3-193921065,S3-373662561
S1-28521657	S2-363561740,S2-904731886,S3-180363900
S1-855564214	S2-527988411,S2-72874383,S2-10050603,S3-141195149,S3-99870154,S3-45885467
S1-504633880	S2-325802600,S2-501337673,S2-925474362,S3-409303705
S1-111597660	S2-464456023,S3-89340360,S3-198570593
S1-716099254	S2-486161176,S2-429467691,S2-77707339
S1-489963371	S2-19634884
S1-268656652	S2-324781823,S3-316633491,S3-832958094,S3-596850176
S1-729589202	S2-802249469,S3-662982046
S1-665967992	S2-191340002,S2-346473613,S3-169553970,S3-289765710
S1-956220640	S2-631276649,S2-147804688,S3-15162463,S3-263189136,S3-618418877
S1-23100503	S2-719929720,S2-721558592,S2-224801608,S2-781394376,S3-464122850
S1-945190176	S2-198522184,S2-562343354,S3-921377982
S1-525541149	S3-996725890,S3-798058463
S1-696552441	S2-152542963,S2-856507909,S3-509668229,S3-246408808
S1-668196437	S2-285072574,S2-709655623,S3-49589322,S3-328206207
S1-991290175	S2-366142403,S2-377285605,S3-993494756,S3-795989105,S3-948694197
S1-47159174	S2-923205824,S2-217304568,S2-931454291,S3-1232026
S1-907882719	S2-297682604,S3-371924426,S3-598806507
S1-361602027	S2-749874056,S3-825723059,S3-79212812,S3-507269217
S1-896148745	
S1-681448563	S2-577641070,S2-13520596,S3-751249275,S3-319979462
S1-269759643	S2-628432237,S2-919618213,S3-762021860,S3-203142861,S3-917604653
S1-193056291	S2-789476100,S2-578192635,S3-211351910
S1-628411590	S2-281804426,S2-289487949,S3-861356994
S1-704270289	S2-577316509,S2-43861485,S3-571116546,S3-271936712,S3-322343136
S1-462512071	S2-432017073
S1-839528854	S2-602293279,S2-564116711,S2-721936803,S3-862558984,S3-355088607,S3-91845765,S3-905411734
S1-536213280	S2-52777593,S2-858429006,S3-443550386,S3-803939909,S3-513638579,S3-237171452
S1-336941640	S3-977126091,S3-455715141
S1-874145231	S2-753726195,S3-807914334,S3-270301232
S1-449602338	S2-997780133,S3-740945116
S1-658827208	S2-998136802,S2-691285423,S3-222772820
S1-927518995	S2-85269972,S2-475437318,S3-561642186
S1-966785343	S2-272453289,S3-204315121,S3-552741119
S1-883492372	S2-735224922,S2-200035318,S3-420510879,S3-740382083
S1-838249767	S2-525542940,S3-313956547,S3-462673614
S1-470707565	S2-34611121,S2-920685013,S2-610445865,S3-996772926
S1-999873480	S2-658251185,S2-964353163,S2-939273160,S3-338643793
S1-312356498	S2-739892316,S2-350834364,S2-802985845,S3-91753182,S3-949108437
S1-154718636	S2-576439565
S1-156713861	S2-77919998,S2-515624657,S3-755792332,S3-157908576,S3-920101992
S1-588429221	
S1-849674294	S2-408253716,S3-96173991,S3-584853945
S1-979052697	
S1-160219268	S2-433932956,S2-216888616,S3-394983165,S3-224772820
S1-854491548	S2-602911288,S3-927566325
S1-755442834	S2-148849633,S2-957423116,S3-180046738
S1-642256690	S2-520079577,S2-437675824,S3-883942178
S1-644777020	S2-745783085,S3-310327859,S3-491162471
S1-588985931	S2-303319418,S3-823421675
S1-662283104	S2-716241994,S2-407247254,S2-805707441,S2-214593578,S3-544107349,S3-691562422
S1-271559458	S2-507855505,S2-258654781,S3-273468052
S1-969849472	S2-332711282,S3-507602939
S1-828588963	S2-760900008,S2-932413821,S3-344293822
S1-402486949	S2-18454863,S2-356111724,S2-293327604
S1-211734566	S2-310202416,S2-582542756,S3-470800036
S1-899388109	
S1-653367757	
S1-589367326	S2-242167079,S3-760386981,S3-297922875
S1-350020686	S2-284198873,S2-935666294,S3-588169372,S3-167350130,S3-294620344,S3-992305250,S3-977501528
S1-36250699	S2-208326230,S3-755522051,S3-155716610
S1-741831905	S2-550089555,S3-682157630,S3-742671494,S3-583702983
S1-669413767	S2-959697447,S3-217959102,S3-15984876
S1-47792919	S2-472051045,S2-71218182,S3-548572847,S3-602294976,S3-408313140
S1-891777387	S2-502279056,S2-359418367,S2-115997981,S3-849351805,S3-748379203,S3-487528732,S3-618342019
S1-504090947	
S1-466333379	S2-308846449,S2-872126182,S3-891514460,S3-908335101,S3-445234693,S3-506627624,S3-560663481
S1-205082267	S2-442919220,S2-7939806,S2-868789847,S3-959584703,S3-755392851,S3-841580698
S1-816361888	S2-532554586,S2-764106543,S2-210524253,S3-201179791
S1-988583775	S2-718511681,S3-51390520,S3-73190704
S1-536806784	S2-434942109,S2-369618526,S3-359453401,S3-818465931
S1-464598355	S2-186558622,S2-615395688,S3-580413078,S3-234546736
S1-378518900	S2-740655480,S2-223550868,S2-324933895,S3-762898551,S3-193357223
S1-245222672	S3-611978102
S1-586219709	S2-613542844,S2-608110440,S3-939554787,S3-934272435
S1-96061934	S2-93895857,S3-748021145
S1-53878698	S2-905268222,S3-527690764,S3-227564617,S3-457743298
S1-360201984	S2-826594623,S3-240071828
S1-131917065	S2-248553368,S2-712707601,S2-791689315,S3-477551960,S3-132772440
S1-723072871	S2-992213747,S3-29422689
S1-478747383	S2-317195616,S3-595478583,S3-595951268
S1-152086798	S2-150699179,S2-922159230,S3-567591116
S1-346414712	S2-360482829,S2-127551463,S2-665687914,S3-223533947,S3-621790647,S3-399684273
S1-968338601	S2-970777927,S2-858831254,S2-41167868,S2-749155303
S1-52226726	S2-660406110,S2-740166803,S2-727310427,S2-906894639,S2-931614874
S1-77249733	S2-796114221,S3-568239603
S1-405318995	S2-901840042,S3-415482838
S1-42291252	S2-605812552,S2-50777649,S2-57070969,S3-952859510
S1-817783724	S2-850934098,S3-923458628,S3-192832094
S1-899121341	S2-292053559,S3-241837961
S1-673309399	S2-840680423,S2-656838791,S3-220259949
S1-978310221	S2-629648,S3-422261175,S3-985160394,S3-774833196
S1-204148555	S2-220546859,S3-224204486,S3-58455811
S1-408348932	S3-513651487,S3-626096245,S3-598054706,S3-997684229,S3-127660402
S1-252642244	S2-338355086,S2-325719704,S2-117637048,S3-583592278
S1-41171192	S2-246434576,S3-100408866
S1-926846661	S2-104426625,S3-679489796
S1-383769509	S2-682059972,S2-574615875,S3-411004137
S1-604469145	S2-936880457,S3-74417745,S3-606389640,S3-469280846
S1-765790058	S2-501087304,S3-937286400,S3-235313029,S3-671768903
S1-274487315	S2-884046334,S2-587267862,S2-273772961,S3-847985145
S1-410647948	S2-639316091,S3-666123648
S1-460692141	S2-583655857,S3-105215502
S1-841037392	S2-459857325,S2-971116905,S3-801786805
S1-791641097	S2-284164507,S2-956630099,S3-46936378
S1-627228881	S2-674292450,S2-146425310,S2-291369604,S2-865749907,S3-58815857
S1-137022787	S2-932982158,S3-251196138
S1-563978339	S2-963608003,S2-297519875,S2-919019805,S2-947868177,S3-644312278
S1-476161390	S3-159014988,S3-739792009,S3-693977640,S3-256620785
S1-378377248	S2-230515705,S3-812082260,S3-290050494,S3-180974145
S1-510628339	S2-912195529,S2-668015529,S3-981530726,S3-554543327
S1-813300561	S2-291136877,S3-152045996
S1-909011897	S2-383846171,S2-663495880,S2-701182459,S3-608859126,S3-356534926
S1-769923974	S2-368760556,S2-632361066,S2-855397657,S3-672798554,S3-648838076,S3-746549450
S1-51615934	S2-624613246,S2-756210094,S2-729013461,S3-916499462
S1-184779127	
S1-893456730	S2-824747867,S3-38696679
S1-540248225	S2-414297624,S3-278912083,S3-474071672
S1-644846774	S2-593525543
S1-514150824	S2-206308788,S2-758368769,S3-361215008
S1-374135310	S2-216560915,S3-36585009,S3-147963984
S1-487966731	S2-205802139,S3-232063073,S3-290655274
S1-182617425	S3-56551541,S3-275576672
S1-138739394	S2-530330248,S3-147424075,S3-174735366
S1-168609388	S2-464659703,S3-371931927,S3-924306135,S3-761189380
S1-683588165	S2-643034543,S2-929643238,S2-577115353,S3-76205472
S1-884620395	S2-222101201,S2-664581673,S2-696309603
S1-151791046	S3-91613522,S3-659145348
S1-606304356	S2-548680010,S2-314310807,S2-717431302,S3-647041382,S3-526380445,S3-678466340
S1-406351784	S2-383407163,S3-658761892,S3-390883773,S3-181431466
S1-318805446	S2-177126158,S3-771736573,S3-325188972,S3-690447846
S1-91143121	
S1-6260344	S2-239185126,S3-636681435,S3-880992213,S3-622904155,S3-138755452
S1-608923173	S2-155456721,S2-776229496,S3-995469839,S3-760488705,S3-637895909
S1-412360360	S2-800304063,S2-417977703,S3-313925354,S3-853653466
S1-5861447	S2-400866003,S2-35662055,S3-497866252,S3-225443209
S1-531341510	S2-915476986,S2-358064079,S3-591868133
S1-631865399	S2-826717817,S2-448891898,S3-358451007,S3-101218847
S1-186347944	S2-384534184,S3-658916895,S3-454469217
S1-633233150	
S1-679039591	S2-219852669,S2-818373395,S3-767608260,S3-960748601
S1-49936219	S2-45770689,S2-574068731,S3-393251389,S3-437186735,S3-377601407
S1-335981579	S2-457305981,S3-19674142
S1-525427336	S2-620426156
S1-813010246	S3-173521357,S3-515905103
S1-929668788	S2-450225365,S3-561086932,S3-481714721
S1-148133966	S2-387406344,S3-889946977,S3-912398847,S3-643931577,S3-653174179
S1-909341166	S2-664418916,S3-388137293
S1-751051919	S2-841576683,S3-282551312,S3-346470515
S1-737478629	S2-87570986,S3-638517037,S3-243268831
S1-60506259	S2-274719668,S2-325240172,S2-218979023,S3-748893019,S3-781610043
S1-750545262	S2-878822021,S2-860671350,S3-604912584,S3-379810111
S1-585874110	S2-991068103,S3-812634384
S1-889267121	S2-929576452,S2-554781827,S3-832345544
S1-949590524	S2-115767824,S2-553230315,S2-185456205,S3-168508853,S3-722486882
S1-202895631	S2-350062168,S2-852806896,S2-825649896,S3-2463837
S1-973845626	S2-82273571,S3-603670297,S3-627243554
S1-823547488	S2-26654762,S2-639302837,S2-590092499,S3-171037874,S3-878851287,S3-565594295,S3-479607021
S1-4979758	S2-634538761,S2-110970747,S2-550708567,S3-96201329,S3-167185102
S1-539470422	S2-453062891,S3-273266343
S1-846312754	S2-133249244,S3-197700885,S3-718800662
S1-711190165	S2-374027519
S1-676345756	S2-128761908
S1-515767421	
S1-760508434	S2-521385747,S3-202793509,S3-556143430,S3-646708097
S1-100517908	
S1-227320716	S2-340842872,S2-41726397,S3-552778701,S3-956446146,S3-843708853
S1-115276053	S2-967563582,S2-987929472,S2-945316512,S3-319962300,S3-433119087
S1-436869045	S2-593243418,S3-647459856,S3-322044745,S3-63529731
S1-656346867	S2-229407931,S2-788523832,S3-746598815
S1-704068742	S2-63426111,S3-923488210,S3-526483887
S1-550789274	S2-988688449,S2-103165595,S3-546410977,S3-75505329,S3-30489894
S1-475974172	S2-53882398,S3-18287408
S1-924943772	S2-108940112,S2-806391488,S2-92510958,S2-734724222,S3-542571409,S3-679559773
S1-483489716	S2-832205921,S2-788664908,S2-348191667,S2-471409064,S3-37459811
S1-844438699	S2-457385834,S2-869998633,S3-260384713,S3-36332321,S3-819908612
S1-53665388	S2-305659951,S3-122135653,S3-958498574,S3-853261343,S3-482602214
S1-938213288	S2-268262795,S3-231520724
S1-651960782	S2-738639797,S2-243722286,S3-44853907
S1-44875043	S2-485823695,S2-141259193,S2-924508189,S3-299002268
S1-186459575	S2-724736652,S3-715293013,S3-944882848
S1-927950371	S2-831012464,S3-186045495,S3-281699040,S3-294313253
S1-920310093	S2-18585885,S3-660984384
S1-349282392	
S1-213085846	S2-486241968,S3-405661180,S3-282179763,S3-356002199
S1-194474304	S2-429900584,S2-39744773,S3-379489625,S3-854404121
S1-327168433	S2-712706086,S3-252881667
S1-713623673	S2-475007273,S3-974096137
S1-550667393	S2-554305901,S2-313182302,S3-353977824,S3-978214232
S1-370898364	S2-623522416,S2-529104363,S2-288700163,S2-853570522,S3-594257924,S3-968356063
S1-433592402	S2-257262270,S2-70009816,S3-729726933,S3-579672759,S3-930563819
S1-74066322	S2-599563320,S2-458636457,S2-275371936,S2-792583130,S3-137383519
S1-848306284	S2-102696365,S3-398531385,S3-204648084,S3-544258654,S3-951577434
S1-766640964	S2-961524394,S3-903426251,S3-762166323
S1-948791878	S2-26649620,S3-209053757
S1-118756651	S2-118332850,S2-912288548,S2-205019737,S3-840499398,S3-264022925,S3-155588331,S3-800867760,S3-802110839
S1-243178390	S2-101777805,S2-522600903,S2-701045319,S3-611764807
S1-10048099	S2-627409593,S3-192579825
S1-616940758	S2-502393035,S2-774964883,S3-965617469
S1-731067679	S2-212230910,S2-991513352,S2-262189316,S2-777417590,S3-457987133,S3-474413105
S1-926534241	S2-90912239,S2-938581766,S2-194653412,S3-571023604,S3-848430396
S1-603464916	S2-921996660,S3-824446752,S3-395084090,S3-379908576
S1-283191230	S2-348454246,S3-59553165,S3-222184226
S1-621698823	S2-750671652
S1-53959786	S2-876780802
S1-244608832	S2-833787911,S3-685150043,S3-158576743
S1-253006551	S2-467497308,S2-697451486,S3-793303282,S3-939928806,S3-459823960,S3-129716110
S1-822815679	S2-431849009,S3-748034079,S3-108989777,S3-513190213
S1-704029409	S2-61062359,S3-665728506,S3-695025491,S3-897808925
S1-210871959	S2-847528074,S3-813173718
S1-541721112	S2-523261972,S2-769455681,S3-254179995
S1-303284714	S2-104652071,S2-58277565
S1-171542203	S2-746662114,S2-406586109,S3-699367077
S1-117954284	S2-858366595,S3-861377573,S3-422842521,S3-965495820
S1-527717351	S2-694648493,S3-500504316
S1-165197500	S2-740456891,S2-898845810,S2-255274323,S3-74686474,S3-470097029,S3-805425078,S3-16731653,S3-178087706
S1-280107093	S2-455801623,S3-999479477
S1-773019131	S2-58081461,S3-716573400
S1-616769069	
S1-902088990	S2-813186458,S3-105237037
S1-487499470	S2-425148948,S2-866844316,S3-967807266,S3-886907326,S3-184487276,S3-931805796
S1-527493370	S2-254274653,S3-868308980,S3-34331261
S1-88191335	S2-682156446,S2-974629320,S3-543159016,S3-263565776
S1-659434932	S2-66686834,S2-393655027,S3-301572540
S1-415136757	S2-16632961,S2-834687073,S3-807926214,S3-205568215
S1-557652176	S3-281454064
S1-247456766	S2-942101703,S2-672497434,S3-890924793,S3-497056653
S1-914160038	
S1-836846914	S2-91203175,S2-781687151,S3-422081259,S3-68114383,S3-421882299,S3-248065361
S1-485157353	S2-220310492,S3-545550365,S3-779952016
S1-192917220	S2-882647368,S2-680374670,S2-768916534,S3-56874
S1-867811957	S2-556235079,S3-121405067
S1-138434350	S3-930286314,S3-596539829,S3-293322160,S3-845415308
S1-990471075	S2-902446487,S3-421551
S1-799863861	S2-742648167,S3-67750063,S3-516589498,S3-201687028
S1-170508520	S2-331760211,S3-327778398,S3-893250911,S3-727244367
S1-175146896	
S1-883676742	S2-674847734,S2-307323735,S2-573226371,S3-949779384
S1-911582079	S2-386975047,S2-464011982,S2-521236245,S3-689455361,S3-949835378
S1-354239934	S2-980074279,S3-753950105,S3-31471245
S1-468203787	S2-935774342,S3-701540190,S3-980378787,S3-531528467
S1-840505234	S2-996650136,S3-486738089
S1-955339059	S2-514759638,S2-160720184,S3-982570754
S1-621897245	S2-517089130,S2-624266622,S2-459088460,S2-902180449,S3-766927650,S3-483632710,S3-4692409
S1-489328214	S2-666447185,S3-858011549,S3-49017363,S3-879290496
S1-903587025	S2-278544896,S2-503261165,S3-432131032,S3-926763790,S3-93819813
S1-267189572	S2-305044551,S3-210727084
S1-27574374	S2-220803266,S3-927881004
S1-724681849	S2-338593736,S2-88316435,S3-266678273,S3-950572063
S1-518598725	
S1-798745383	S2-273275615,S3-328758263,S3-555667582
S1-359477150	S2-402055479,S2-624339936
S1-994258638	S2-922970018,S2-695891270,S3-87434055,S3-440874745,S3-612501241
S1-984883896	S2-437955889,S2-253289290,S3-273623627,S3-301245111
S1-143147522	S2-348515871,S2-688418140,S3-391231524
S1-34199188	S2-160035187,S3-819166349,S3-547101272,S3-696051734
S1-414612978	S2-962725689,S2-519162906,S3-309064876,S3-156782609
S1-663776366	S2-622901954,S2-701354499,S3-801862019
S1-325212926	S2-659453902,S3-380521753
S1-614256818	S2-400359384,S2-255147485,S3-985968255,S3-96276871
S1-441521575	S2-711941878,S3-112208062,S3-109968537,S3-90906888,S3-158134195
S1-387920894	S2-18212015,S2-432699598,S2-464433884,S3-900044419,S3-602808145,S3-867799825
S1-789743175	S2-244208519
S1-568182113	S2-579929962,S3-298917082
S1-829370853	S2-885573420,S2-360037828,S3-659941766,S3-10262353,S3-265524927,S3-762107771,S3-453200269
S1-679725780	S2-408959166,S2-89161316,S2-153105296,S3-776584171,S3-167896599
S1-243514646	S2-9293945,S2-522848709,S3-702689395,S3-817097497,S3-656071029
S1-535765317	S2-462058422,S3-140092761,S3-707037672,S3-616037595
S1-681493746	S2-586159203,S3-367199794,S3-160411133
S1-565927721	S2-979530107,S3-439304437,S3-930089342,S3-118485161,S3-212993653
S1-617708386	S2-237251671,S2-96990846,S3-71280178
S1-93078046	S2-616516833,S3-513897489,S3-578632330,S3-133809058,S3-762175372
S1-228916395	S2-62657369,S2-882443492,S2-319142259,S3-869558024
S1-921003724	S2-752570245,S2-490284718,S3-382327643
S1-421016697	S2-825711781
S1-336878822	S3-50490510,S3-954602802
S1-336780188	S2-341931578,S2-779823378,S2-958507412,S3-542672331,S3-569552249
S1-50099056	S2-426869901,S2-869123378,S3-820218248,S3-101595193
S1-667500849	S2-517668832,S3-877966985
S1-780910760	
S1-867266149	S2-565596881,S3-225759777
S1-557345334	S3-443973299,S3-917434629,S3-804909491,S3-770734429,S3-277337342
S1-338799385	S2-897506062,S3-629368362
S1-719374161	S2-388585584,S2-222653426,S3-975640634,S3-372193049
S1-553219012	S2-671693982,S2-292650127,S2-760406057,S3-314780744,S3-844672978
S1-576291191	S2-722014240,S2-180319076,S2-928158760,S3-295564960,S3-351233650,S3-80810960
S1-460861084	S2-453053542,S2-156801402,S3-738521523
S1-533890205	S2-731192667,S2-977864073,S2-713543705,S3-896259214
S1-790311187	S2-765840325,S2-26206779,S2-60969062,S2-182571897,S3-669228919,S3-883971361
S1-52725033	S2-490156255,S2-667905037,S2-678014666,S2-897105210,S3-558848350
S1-483932060	S2-742647940,S2-54614998,S2-985203356,S2-940964656,S3-307494855,S3-856081143,S3-394201893,S3-910173095
S1-320943743	S2-661410397,S2-924985645,S2-781192717,S3-651915114
S1-197041126	S2-168095529,S3-716535495
S1-873304569	S2-812100270,S2-674708819,S2-306244551,S3-407755309,S3-475508592,S3-805750040
S1-70302602	S2-145457465,S2-985578585,S2-961263719,S3-204410002,S3-508012296
S1-833531534	S2-891768309,S2-226138199,S3-420158394
S1-808956000	S2-29298508,S2-264816526,S3-615537031,S3-555681960,S3-428530778
S1-951061876	S2-430500691,S3-650615792
S1-754906428	S2-703386479,S2-89776319,S3-365878957
S1-924421919	S2-783454294,S2-946249887,S3-378815880
S1-251665283	S2-158426632,S3-413873593,S3-815603866,S3-34846609,S3-174969829,S3-623552313
S1-762934594	S2-837759382,S3-740797699,S3-205089991,S3-822277720,S3-360377783
S1-980687727	S2-262327037
S1-755884690	S2-244004027
S1-405233254	S2-218362977,S2-806816553,S3-735966888
S1-588015070	S2-370093729,S2-56447806,S3-802009871,S3-273901324
S1-303795974	S2-319272469,S2-724582631,S3-164907286,S3-75032359,S3-474869048,S3-706404473
S1-884065294	S2-511068370,S2-261168826,S3-585764716
S1-143533419	S2-660584589,S3-376714872,S3-89483478
S1-832359412	S2-451226965,S2-422395652,S3-787339816,S3-778950944,S3-636454145
S1-240773981	
S1-550107368	S2-307010474,S2-638948584,S3-296464832,S3-627907540,S3-57259999
S1-302711439	
S1-757841514	S2-547008811,S2-14577228,S3-94571506,S3-978950023
S1-971156999	S2-544901622,S2-257058198,S3-820654957,S3-705346876
S1-737724866	S2-326732574,S2-632113884,S3-447942329,S3-338552903,S3-716225319
S1-265923392	S2-514111866,S3-383780356,S3-786656454
S1-98679701	S2-179116184,S3-702335739,S3-399202255,S3-211759788
S1-485747521	S2-15140408,S2-887115456,S3-905689745,S3-61534085,S3-955127784
S1-96736047	S2-284005879,S2-568369163
S1-141668628	S2-309197435,S2-180365708,S3-529076264,S3-333414792,S3-719938727
S1-365938328	S2-53452097,S2-648571597,S3-864580082,S3-324463846
S1-170520985	
S1-521683395	S2-193624241,S3-491409139,S3-249778978,S3-797931775
S1-480377025	S2-603979275,S2-850449121,S3-94246315,S3-942080097,S3-713819305
S1-252951568	S2-412797432,S3-243437582,S3-471627776
S1-209089218	S2-452460004,S2-338625852,S2-220691954
S1-86252679	S2-148000160,S2-240040996,S3-133150468
S1-817896921	S2-173522587,S2-917976044,S2-146738528,S3-449551824,S3-49282623,S3-344594364,S3-327752923
S1-389329694	S2-754964479,S3-902781020,S3-264916761,S3-752258222
S1-101344015	S2-485123352,S2-863458152,S3-42232546,S3-226634171,S3-784583199
S1-164976937	S2-774831540,S2-652933558,S2-829938277,S3-727240107
S1-143371188	S2-639603387,S2-402315480,S3-557616188,S3-70938127,S3-349426123,S3-345927492
S1-594999953	S2-724772761,S3-741853630,S3-754927669
S1-940675977	S2-433615647,S2-907706283,S2-449877526,S2-127123447
S1-587608804	S2-205819328,S2-529163419,S3-249215103,S3-318998370
S1-574578128	S3-615545979
S1-46866686	S2-856301598,S3-317418137,S3-879675325,S3-206567010
S1-151067338	S2-983768378,S3-417186505
S1-853675965	S2-647258542,S2-624891744,S3-841719047,S3-709723958
S1-326625421	S2-72755054
S1-865661225	S2-28327806,S2-296478836,S3-672268261,S3-379558081,S3-445199504,S3-723686491,S3-558101629
S1-642461111	S2-896737312,S2-954882322,S3-155731517,S3-274065077
S1-909768153	S3-866177106
S1-276669591	S2-858874777,S2-396143407,S2-39636828,S3-789316365
S1-77265181	S2-243058147,S3-453285353,S3-431327166
S1-156998275	S2-474591336,S3-671127503,S3-829340470,S3-63812214
S1-137547275	S2-427782246,S3-291667355,S3-661619189
S1-281044560	S2-494919155,S2-246406002,S2-997388625,S3-22058252
S1-567579414	S2-625638882,S2-458238742,S2-707451293,S3-465268470
S1-953445907	S2-873744137,S3-446881009,S3-199486077
S1-534569198	S2-172294441,S2-138733795,S3-413754973,S3-647459180,S3-316107246,S3-8667450
S1-920469929	S2-793424156,S2-838576856,S2-254235643,S3-7739685,S3-927048504,S3-289767056,S3-268647930
S1-470212756	S2-73594764,S3-665831416
S1-915802075	S2-905450829,S2-332987954,S3-337121938,S3-829710013,S3-425663543,S3-622276761
S1-202019557	S2-398356134,S2-138120598,S3-219256676
S1-587096890	S2-569305368,S3-286143582,S3-514220551
S1-950550401	S2-508033182,S2-728439135,S2-641334368,S2-355684220,S3-429526450,S3-947664817,S3-552834795,S3-465829407
S1-406446168	
S1-571949938	S2-876927602,S2-166948154,S3-165502360
S1-908994671	S2-124485214,S2-752973725,S2-559821471,S2-523903844,S3-810426084,S3-218608506,S3-685945662
S1-149077807	S2-935404724,S2-516755600,S3-218920563,S3-741375088
S1-533853093	S2-796419210,S2-493212885,S3-187334893,S3-106938960,S3-648350456
S1-981353763	S2-920755192,S2-814664091,S3-217719226
S1-656476259	S2-76079482,S2-9688383,S3-751877834,S3-166105583
S1-786953716	S3-323242627,S3-16922978
S1-385500689	S2-484569206,S3-822498910,S3-397893124
S1-371599993	S2-94115088,S3-329268528
S1-571777763	S2-132246004,S3-932250835,S3-755782138,S3-766589478,S3-497123214
S1-172779705	S2-953714209,S2-534585370,S2-64575466,S3-587106078,S3-762548235
S1-267359660	S2-647692716,S3-729826230
S1-457859907	S2-731757673,S2-66306184,S2-882643779,S3-995258418
S1-455001220	S2-777728423
S1-866019529	S3-480517980,S3-318041311
S1-992937955	
S1-399607660	S2-623240851,S2-469347061,S2-677861120,S2-873751255,S3-698929337,S3-892299185
S1-590014508	S2-960924608,S2-343403133,S3-346741744,S3-570603682
S1-412050572	S3-260099937,S3-557933219,S3-969435621,S3-975914856
S1-445235378	S2-125265671,S2-704806690,S3-699281734,S3-245954953
S1-967320038	S2-580947819,S2-71237266,S3-203185971
S1-232165943	S2-11906012,S3-527235064,S3-912165708
S1-603410624	
S1-858591322	S3-5879555,S3-988651973,S3-793134782
S1-801160193	S2-794353827,S2-104987116,S2-704963423,S3-994465232,S3-629902739,S3-684066933,S3-354603182
S1-266219287	S2-537408035,S3-739827446
S1-937882643	S2-862894071,S2-454511024,S3-603408075,S3-401006251,S3-283850313,S3-853309452
S1-565013196	S3-541823292,S3-159544477,S3-279029492,S3-616464010
S1-635722690	S3-293216080,S3-678402016
S1-662434483	S2-626309991,S2-603378987,S2-512469850,S2-479832299,S3-219716996,S3-824973504
S1-793024070	S2-207892555,S3-71724964
S1-327708727	S2-227428953,S3-77802454
S1-670141647	S2-798555995,S3-5596157,S3-363714652
S1-74007180	S2-254227060,S3-321788187
S1-642406641	S2-648275674,S2-193541672,S3-66592434,S3-271132392
S1-610793763	S2-698321908,S2-52584222,S3-323512304,S3-521977707,S3-703345756
S1-386378436	S2-291785309,S2-924207125,S2-954830730,S3-258826591,S3-506731020
S1-82493261	S2-679490535,S2-914917113
S1-162663257	S2-892820819,S2-513839578,S2-289377648,S2-842020718,S3-619779483,S3-631634056
S1-71862657	S2-448200441,S3-559709618,S3-18260148
S1-840085810	S2-929216586,S2-787772301
S1-227680854	S2-909503837,S3-541203842,S3-329620694
S1-56378293	S2-347294803,S3-306720650
S1-257516667	S2-325897226,S2-510208470,S2-480200374,S3-665581423,S3-615075063
S1-331259700	S2-868969373
S1-240676985	S2-864531797,S3-393974531
S1-132749398	S2-858525036,S2-280451972,S3-441269610
S1-476566531	S2-702385127
S1-797186636	S2-838145359,S2-421485648,S3-130659641,S3-787815737
S1-183180605	S2-378499767,S2-864948204,S3-260609409,S3-325375313
S1-519787016	S2-912488221,S3-515362271,S3-696684467,S3-156682305
S1-571915445	
S1-438718645	
S1-941270062	
S1-833335903	S2-292758632,S3-361761067
S1-380060263	S2-437530908,S2-232750386,S2-387663610,S3-141355626,S3-20453539,S3-659600787
S1-347129735	S2-982575795,S2-276178807,S2-898217646,S3-298312005,S3-252355983
S1-753924643	S3-466767588,S3-582439000
S1-853111951	S3-17678626
S1-607899120	S2-297070286,S3-810771491,S3-801009617,S3-891938885
S1-133245310	S2-608759394,S2-825375973,S3-1200556
S1-153282443	S2-953078860,S2-147224719,S2-550398080,S3-767054765,S3-33485787,S3-441494692,S3-629444269
S1-741069440	S2-474251092,S3-211606033,S3-831865937,S3-207760272
S1-704801117	S2-873546879,S2-960945348,S3-404625823,S3-813489751,S3-207320801,S3-67335192
S1-565052646	S2-492416694,S2-471839260,S2-838273084,S2-621490368,S3-109760253
S1-877376773	S3-246199781
S1-230703687	S2-776682451,S2-212707810
S1-211213418	S2-801130763,S3-924457282,S3-942180491,S3-69465542
S1-114893185	S2-735504821,S3-608374870
S1-111408316	S2-123041296,S2-658005912,S3-512461932
S1-685365609	S2-382464685,S2-804545396,S2-618048569,S3-106183691,S3-37150852,S3-905538562
S1-218152229	S2-362148670,S2-940580186
S1-622622377	S2-661138687,S3-303900951
S1-366062498	
S1-936569207	S2-783380705,S3-922488617
S1-507427539	S2-150882415,S2-319405283,S3-236351695
S1-150443792	S2-40942347,S2-179569518,S2-928727487,S3-665850399
S1-616342080	S2-358001011,S3-680963293,S3-924505417
S1-354020058	S2-574442002,S2-691344517,S3-245291480,S3-136331356,S3-47299354
S1-726144263	
S1-879838577	S3-461527603
S1-436903277	S2-571986563,S3-996717864,S3-136502527
S1-199248277	S2-304330791,S2-110864550,S3-61816005,S3-721816139
S1-959085159	S2-871590749,S2-956906814,S3-912172899
S1-43000659	S2-584070281,S2-503391726,S3-342602480
S1-273592804	S2-395784705,S2-277861868,S3-884388076
S1-952031042	S2-340935615,S2-868094979,S3-736673690
S1-205599474	S2-124724903,S2-339582082,S3-372788696,S3-95573641,S3-573125509,S3-192072916,S3-569017060
S1-304294192	S2-981715498,S2-708096651,S3-104639944,S3-154249927,S3-609318370
S1-503423898	S2-130538090,S2-863269562,S3-135035271,S3-324372566,S3-345543185
S1-124883140	S2-119252939,S2-837806611,S2-200362882,S3-523101999
S1-131394065	S2-454894861,S2-971043078,S3-876994991,S3-372383955,S3-113850127
S1-97687174	S2-940199959,S2-791785015,S2-97493660,S3-46647430
S1-204205375	S2-421143572,S3-20888986,S3-703577452
S1-302565676	S2-754268054,S2-152822558,S3-582333727,S3-29934047
S1-129551040	
S1-90756569	
S1-966083775	S2-395430381,S2-26850036,S3-716117582,S3-114823470,S3-730201731,S3-172615042,S3-389115488
S1-287144171	S3-930208260
S1-560327591	S2-230606757,S2-2053267,S3-116020915,S3-243716986,S3-709891031,S3-734387666
S1-224899146	
S1-897743927	S3-497012997
S1-836561694	S2-844649521,S2-232862115,S3-277868030,S3-751466229
S1-188327251	S2-962978269,S2-38906143,S2-937441897,S2-788924955,S2-156831649
S1-903628027	S2-280995036,S3-439929867,S3-549668835
S1-141442814	S2-824781880,S3-397464371,S3-233881920,S3-125530099,S3-429943798,S3-195568977
S1-838598431	S2-165158930,S2-184712792,S2-993590386,S3-810086331
S1-366310100	
S1-578175681	S2-557130831,S2-436495372,S2-134270292,S3-780741692,S3-19122944,S3-913517687,S3-519662774
S1-768491169	S3-834908364,S3-170422690,S3-864032204
S1-400569017	S2-419176243,S2-145885392,S3-898782287
S1-468576615	S3-488082751,S3-277773784
S1-576557349	S2-352640486,S2-792455523,S3-974004128
S1-942514353	
S1-896353325	S2-147418415,S2-859655306,S2-559400773,S3-999720555,S3-626851546
S1-664844174	S2-786788701,S2-2269877,S3-701808462,S3-795686376
S1-913021801	S2-498808009,S3-944179796
S1-840015134	
S1-437552067	S2-770738436,S2-246663667,S3-731644594
S1-509877409	S2-779110938,S3-186188363,S3-229124180,S3-961507396
S1-578381029	S2-470502525,S2-211448491,S3-108675873,S3-685655307
S1-771855495	S2-766785982,S2-620201141,S2-894903514,S3-884020758,S3-871352585
S1-680346846	S2-923274931,S3-330476310,S3-219076362
S1-869406249	S2-560952215,S3-64650465,S3-101454015,S3-383005824
S1-123188555	S2-344864553,S3-362342477
S1-553647651	S2-165782552,S2-725292503,S3-811715430,S3-691796145
S1-101147510	S2-667425791,S2-708990505,S2-355557756,S2-933101937,S3-511033123
S1-467106977	S2-72228284,S2-47436214,S3-895299527,S3-570790529,S3-338027176,S3-518329140
S1-899096003	S3-826985782,S3-548807519
S1-224786018	S2-101773745
S1-117981081	S2-817789907,S3-861712435
S1-713854433	S2-744708654,S3-517954917
S1-540888036	S2-506536151,S2-934146246,S3-656329819
S1-446530140	S2-220673769,S2-212441410
S1-654756365	S2-841320758,S2-403712920,S2-423206915
S1-326045101	S2-144559969,S2-989538472,S2-630399896,S3-601436550,S3-398700127
S1-49112489	S2-290800883,S3-480774910,S3-483063322
S1-623964800	S2-337701496,S3-522006751,S3-196175988
S1-652771413	S2-533565850,S3-770306501
S1-634290824	S2-323669321,S2-592808023,S3-464201152,S3-380742080
S1-360626466	S2-356175864,S3-914061938,S3-90398472
S1-768025445	S2-686251940,S2-898786509,S2-535561924,S3-702831516
S1-84723086	S2-56240692,S2-798500353
S1-818055779	S2-247028573,S2-940564752,S2-39013547,S3-96171741
S1-354393570	S2-405147856,S2-373074124
S1-94544920	
S1-774233510	S2-16193684,S2-987619618,S3-162711186
S1-598186038	S2-29703953,S2-457533968,S3-601717328,S3-255207160
S1-189736308	S2-39602107,S2-160573432
S1-553738629	S2-380337103,S3-97631850
S1-113477450	S2-66172886,S2-116516518,S2-831425221,S2-50617749,S3-580145422
S1-318044541	S2-388509537,S3-625559078
S1-959142567	S2-160460409,S2-40201025,S3-44503652
S1-633204369	S2-515350572,S3-70137874,S3-470601144,S3-235663034
S1-256261194	S2-107476517,S2-980364435,S3-665782609,S3-497190011
S1-650755105	S2-937224827,S3-379572520,S3-692148194,S3-21377274
S1-309802252	S2-442944101,S3-536922907,S3-572302616
S1-980598687	S3-686231974
S1-417940524	S2-100864319,S3-571947004
S1-640722578	S2-596425815,S2-242029137,S2-165445503,S2-658912446
S1-725013701	S2-288086111,S2-885194174,S2-579541443,S3-705862369,S3-683666309
S1-123388857	S2-83572911,S3-911735866,S3-969526200,S3-585703743
S1-263912343	S2-325956793,S2-821351757,S3-658760496,S3-386331927
S1-793186121	S2-560685566,S2-211688974,S3-550961879,S3-658910189
S1-837171129	S2-41999877,S3-539777940
S1-773865303	S2-761401854,S2-310044746,S2-346158591,S3-558718731,S3-858422913
S1-122541443	
S1-989511126	S2-960096345,S3-838415045
S1-920473795	S2-915816809,S3-407188983,S3-523643232,S3-36480434,S3-745715082
S1-994757313	S2-14319025,S2-434133894,S2-451481232,S2-817454829,S3-770162348
S1-87187224	S2-5668565,S2-779817003,S3-463256314
S1-580103364	S2-133422536,S3-821059493,S3-48573245
S1-42342530	S2-855462386,S2-100979145,S3-909969861,S3-823788810
S1-809086696	S2-345059598,S2-271332556,S2-720873673,S3-267743940
S1-551641213	S2-627007837,S2-325514161,S3-949507276
S1-555069736	S2-305813927,S3-675175970
S1-118789350	S2-242941746,S2-814426634,S2-22436301,S3-434413866,S3-382026485,S3-45395100,S3-780598941
S1-114960379	S3-878107999,S3-401771898
S1-771878820	S2-351423404,S2-904767438,S3-591320354
S1-434302343	S2-488805283,S2-820565694,S2-278174238,S2-748643753,S3-849708458,S3-407498534,S3-176917042,S3-544160164
S1-27944282	S2-210760801,S2-878264982,S2-156630890,S3-384900669,S3-275191426,S3-591689506,S3-510003769
S1-769464764	S2-513799764,S2-486452785,S3-397984676,S3-434907243
S1-439645602	S2-196469389,S2-897936067,S3-656195893
S1-979982988	S2-29161705,S2-460679649,S2-47321377,S3-107951260,S3-788496149,S3-470158156
S1-851202384	S2-393442486,S2-3816578,S3-993369567,S3-22917430
S1-161016343	S2-601224030,S3-393398536
S1-670478496	S2-482159428,S3-915819858,S3-725729118
S1-562870825	S2-85698357,S2-531582757,S2-587548927,S3-543898917,S3-622713566,S3-292347196
S1-442554509	S2-824093600,S2-175931195,S3-622554082,S3-192165228,S3-654971864
S1-645723983	S3-610890502,S3-584232048
S1-208029221	S2-833766252,S3-57904186
S1-746739462	S2-409063517,S3-68476538
S1-606265557	S2-885992413,S3-962041145
S1-552305114	S2-458480749,S2-882058178,S2-927026992,S3-930119484,S3-149049885,S3-594439123
S1-612472065	S2-533967319,S3-844593118,S3-310322501
S1-530089066	S2-285442754,S2-640815633,S3-939627342,S3-638511594,S3-7528844
S1-811697707	S2-617641630,S2-287217790,S3-600659639
S1-71521162	S2-839644842,S3-241053979,S3-988714018,S3-834877709
S1-728798639	S2-469947599,S2-10929835,S3-374544020
S1-71312215	
S1-623408965	S2-28753006,S2-431443383,S3-901514698,S3-241830719,S3-46409351
S1-934018862	S2-540610508,S3-213637047,S3-103871357,S3-931578627,S3-355895247
S1-124414515	S2-265559260,S2-506624827,S2-76140257,S3-329688206
S1-659663945	S2-237945358,S2-470873198
S1-625252828	S2-854319166,S2-792872873,S2-766082573,S3-967592328
S1-722843165	S2-370666321,S3-548023906,S3-638470371
S1-363340711	S2-398050197,S2-898096809,S2-31814982,S3-389621297,S3-458006048,S3-215359548
S1-401363228	S3-720325881,S3-281879591
S1-504907553	S2-752905216,S3-976878894,S3-823137780
S1-104586218	S2-958950326,S2-227182280,S3-924775587
S1-752812924	S2-184382679,S2-676691832,S2-778518265,S2-428780702,S2-622061638,S3-222651751,S3-405699611
S1-675540448	S2-912833706,S2-493150777,S3-437138532,S3-839597071,S3-629480275,S3-193231030
S1-518063805	S2-981605685,S3-122489887
S1-505432783	S2-802083953,S2-330192942,S2-366806809,S2-254574337,S3-905056688
S1-142613338	S3-864038069,S3-889342281,S3-102273159,S3-19227950
S1-334809141	S2-28848627,S3-517729349
S1-143179429	S2-413394156,S2-133980290
S1-550060708	S2-265643336,S3-706757639,S3-563093923,S3-423749817
S1-601903698	S2-885888720,S2-977695091,S2-764754466,S3-278377605
S1-935414487	S2-810437128,S2-341043513,S3-999518852,S3-371562360
S1-53673214	S2-248351241,S2-387976579,S3-36748442,S3-784081649,S3-583098848
S1-175998159	S2-447310650,S2-514368219,S2-706833789,S2-315965877,S3-21616664,S3-71207192,S3-710053156,S3-104783216,S3-279259207
S1-847461809	S2-163183036,S2-742226434,S2-3217951,S3-2999043,S3-796799608,S3-243545807,S3-161848053,S3-119934304
S1-729926568	S2-955852715,S2-674668982,S3-405807137,S3-194870147,S3-279307808
S1-856968532	S2-933478629,S3-970587155
S1-167471961	S2-994219534,S2-549999704,S3-621062373,S3-601400565,S3-99403138
S1-899752192	S2-523456952,S3-145593269,S3-982870134,S3-501781732
S1-818543567	S2-30870742,S3-955356275,S3-47177721
S1-907337205	S2-899518262,S2-624348757,S3-773926415,S3-519618567
S1-579829755	S2-340624567,S2-783495875,S3-900156859,S3-42524882
S1-433678998	S2-503035624,S3-569049404
S1-949166195	S2-747219646,S3-662599149
S1-528154954	S2-757846754,S2-121527264,S3-144793804,S3-134712354,S3-903728158
S1-194870861	S2-810379550,S2-906620197,S3-829250921,S3-47118507
S1-135298072	S2-751545664,S2-622878068,S3-997198924,S3-20578084
S1-563207226	S2-936648035,S2-448691339,S3-498566216,S3-788945778
S1-384118258	S2-224640965,S3-691939395,S3-459733851
S1-24627927	S2-186588275,S2-513403022,S2-578047933,S3-586923455
S1-729209950	S2-166228793,S3-352634113,S3-571408666,S3-887567056,S3-775604267
S1-141789219	S2-433563797,S3-872428174,S3-446574696,S3-269479932,S3-869746792
S1-960606759	S2-410778763,S2-269199499,S2-720677686,S3-583711449
S1-502595450	S2-132577620,S2-80340227,S3-539905268,S3-21086806,S3-340964390
S1-646622482	S2-954792206,S3-502659657,S3-448381276,S3-272264995
S1-16677079	S2-420544085,S2-162506529,S3-966516904
S1-353529808	S2-966811611,S2-71161533,S3-503243158,S3-119074242,S3-48563081
S1-711584644	S2-917885560,S3-285075439,S3-716371286,S3-391377069
S1-258432866	S2-757443371,S3-65362614,S3-679203505
S1-443676791	S2-287904979,S3-512579188,S3-693355026
S1-672786082	S2-504462011,S3-870020979,S3-72367812,S3-474909410
S1-267899625	S2-569146051,S2-491813847,S3-360079362,S3-283192758
S1-595814160	S2-27503468,S2-482780549,S3-423416171,S3-427707334,S3-854485132
S1-864446727	S2-23600506,S2-650804204,S2-615054186,S2-677924385,S2-414338779,S3-881945966,S3-668035965
S1-288614813	S2-105039464,S2-884514165,S2-929512077,S3-29391867
S1-180483721	S2-902710003,S2-732371783,S3-417291022,S3-133873036
S1-984961310	S2-141577503,S2-940213067,S3-799453836
S1-19505062	S2-110085448,S3-174505366,S3-132270860,S3-887464291,S3-940979724,S3-259671743
S1-149299582	S2-275561411,S2-358634685,S3-642978767,S3-749124891
S1-621074895	S2-376179005,S3-219918871,S3-104814301,S3-384141865
S1-723745293	S2-864850717,S3-537407149
S1-952007227	S2-204667743
S1-890633474	S2-888262595,S2-845080748,S3-934853762
S1-810398431	S2-330446253,S3-265557259,S3-455571176,S3-754608057
S1-150923073	S2-451171848,S3-104106909
S1-38656638	S2-783308003
S1-21773158	S2-152444323,S2-823927908,S2-925866687,S3-120855480
S1-147175383	S3-746486994,S3-676554870
S1-969005256	S2-691148601,S3-746794341,S3-314268553,S3-254321064
S1-144403338	S2-253161540,S2-782087422,S3-6957042,S3-41204131,S3-130273471
S1-563971244	
S1-438824276	S2-194113883,S2-656059617,S3-858673742,S3-375137575
S1-899439059	S2-517917056,S3-854923630,S3-59489796
S1-462929847	S2-209291493,S3-840504406,S3-916262361
S1-424574576	S2-286650001,S2-948070329,S3-609768094,S3-742299078,S3-978229474
S1-777734812	S2-75630200,S3-457175325,S3-25172949,S3-539908058
S1-253836082	S2-583412621,S3-171883824
S1-570615060	S2-102409215,S3-611608508,S3-27931765
S1-933218952	S2-847791399,S2-903001022,S3-700334054,S3-530208784
S1-164316601	S2-62510424,S2-113079785,S3-700188453,S3-135494326
S1-31467936	S2-234674791,S3-72787362,S3-564850367
S1-634613828	S2-549236852,S3-477811985,S3-948985092
S1-242352336	S2-981318124,S3-819772358,S3-338950687,S3-578561676
S1-218825920	S2-368823935,S2-534157462,S2-423200488,S2-788144647,S3-870075997,S3-726380172,S3-619284059
S1-977240546	S2-35241049,S2-986539546,S2-10656206,S3-627689436,S3-860790890
S1-340746308	S2-45786594,S2-635547278,S3-259917842
S1-420272219	S2-854970800,S2-44806294,S3-374682401,S3-758192392
S1-726104	S2-271166709,S2-447528804,S2-763487374,S3-978105561
S1-686814878	
S1-981696723	S2-856382842,S2-589955235,S3-542311304,S3-600025342,S3-58702252,S3-115486560,S3-47879959
S1-139726474	S2-424771796,S2-801648813,S2-551669754,S3-856158580,S3-490178461
S1-793605614	S2-961204488,S3-910566694
S1-548612251	S2-402066306,S3-975731723,S3-230712905
S1-421615380	S2-366555301,S3-475510262
S1-497242422	
S1-211248539	S2-729104852,S2-596336845,S3-222407329
S1-443155658	S2-975120194,S3-993811054,S3-43901246,S3-281859755
S1-677739749	S2-136469043,S3-78979251
S1-845552339	S2-663939101,S2-47478459,S3-234782237,S3-374384,S3-250265330,S3-327753688
S1-765821173	S2-155062225,S3-11839702,S3-149384183
S1-686278204	S2-929513161,S3-64697404,S3-250052963,S3-388107456
S1-696671009	S2-814778726,S3-994587018,S3-154587099,S3-243416087
S1-180751389	S2-938467303,S3-457201923,S3-878642677
S1-660551852	S2-481623848,S2-874581734,S2-295311387,S3-471279570,S3-866380193
S1-337530222	S2-587831993,S2-459496694,S2-535616945,S3-923116343,S3-403198423,S3-354884850,S3-968665370
S1-229553935	S2-259304578,S3-37939174,S3-307150961
S1-861530625	S2-335911169,S2-794768073,S2-680227516,S3-195626333
S1-17916002	S2-839101921,S2-634955733,S2-17834616
S1-231807024	S2-671226294,S2-403828107,S2-979056138,S3-792341318,S3-983232087,S3-552460964,S3-704303605
S1-708857779	S2-47727794,S2-575623533,S2-193505116,S2-452972399,S2-835459523,S3-554657067,S3-217620862,S3-813724797
S1-640751067	S2-995890276,S3-23837256
S1-297626335	S2-793231640,S3-24989014,S3-502723971,S3-600247309,S3-530431323,S3-132148579
S1-430758921	
S1-938999067	S2-930014146,S2-363055617,S3-554627035,S3-971340592
S1-610889527	
S1-208051104	S2-949465718,S2-976378198,S3-13622273,S3-442687537
S1-236995042	S2-851925657,S2-710457227,S3-940675690,S3-17669303,S3-145302230,S3-448853250
S1-98639504	S2-631919620,S2-877252702,S3-65351666,S3-326902432,S3-258879693
S1-22462619	S2-883706874,S2-851150256,S3-81161389,S3-635216120
S1-407722101	S2-288521065,S2-510012056,S3-908457908
S1-346624528	
S1-532562247	S2-231244309,S2-864484910,S3-501464279
S1-449052082	S2-612340048,S2-816439637,S3-956891928,S3-270552632
S1-916436599	S2-51251639,S2-901856335,S2-818274761,S2-132509773,S2-521483779
S1-354444400	S2-913201976,S2-674685304,S2-396856789,S2-263932673,S3-292680038,S3-348239519
S1-547749706	S2-644056132,S3-66037804,S3-917879161,S3-776221655
S1-661096782	
S1-378487073	S2-641334002,S3-51237081
S1-618576763	
S1-225111735	S2-146320426
S1-221965346	S2-224294125,S2-463685244,S3-152728565
S1-374362412	S2-9373871,S2-510815999,S2-294382209,S2-26770183,S3-434118316
S1-81232595	S2-189011069,S2-339599052
S1-466042431	S2-908443796,S2-917451032,S3-871048683,S3-563245207,S3-80523550
S1-66751363	S2-706972062,S2-165183325,S3-4924617,S3-320090914
S1-572681783	S2-742991032,S2-285523669,S3-353991777,S3-291754897
S1-888641369	S2-150148943
S1-613639693	S2-716149070,S3-412697376,S3-942072165,S3-457264795,S3-416158012
S1-198369098	S2-85413562,S3-225912269,S3-390907568,S3-529297921
S1-68848369	S2-313639061,S2-72660043,S2-220136810,S2-974271018,S2-246155411,S3-75796802,S3-275003249
S1-389537625	S2-318438525,S3-221820657
S1-911602225	S2-166356033,S2-489839299,S3-786881970,S3-953837423
S1-348574096	S2-969183081,S2-596953192,S3-564182741,S3-27142215,S3-428613691
S1-431855380	S2-968642966,S2-316296613,S3-541753745,S3-435361239,S3-184131892,S3-358134702
S1-986377032	S2-844401670,S2-250843827,S2-332665662,S3-134737941
S1-638567062	S2-201569710,S2-746222786,S2-601381816,S3-651050720,S3-573464007
S1-149333357	S2-437037472,S3-958390079
S1-981239310	S2-540874272,S3-867101132
S1-409564121	S2-846732575,S3-400144906,S3-463622525
S1-53828916	S2-834054530,S2-594134098,S2-927735053,S3-953102694,S3-592025032
S1-678308610	S2-678587102,S2-94950664,S3-343453240,S3-490321686
S1-877135387	S2-338114295,S2-744484976,S3-117654143,S3-820783779,S3-615583488,S3-32027504
S1-203945169	S2-143085821,S3-408941200,S3-300732949,S3-825986903,S3-247655972
S1-683402167	S2-794033817,S3-362573053
S1-190817222	S2-370437224,S3-877108321,S3-730931302
S1-263380597	
S1-34724084	
S1-224228982	S2-905133891,S3-148093651
S1-595256636	S2-229226616,S2-886367180,S2-229164107,S2-820436190,S3-66403964,S3-242965674,S3-899571383
S1-386580064	S2-906515638,S2-270468991,S3-539436160
S1-99869437	S2-189031839,S2-898217102,S3-319629776
S1-313476618	S2-498037038,S2-411429476,S2-789662831,S3-198462550
S1-519886535	S2-707323904,S3-141815044
S1-70182985	S2-241008529,S2-716445253,S3-636151679,S3-952634461
S1-243302778	S2-968279788,S2-211848997,S3-693851310
S1-982130635	S2-589321089,S3-92785656,S3-574366317,S3-739956444
S1-80113561	S2-596486140,S3-962192808,S3-953572581,S3-750129595,S3-759477748,S3-949339274
S1-983875967	
S1-737822448	
S1-306668975	S2-502291352,S2-399017139,S2-213693915,S3-566045211,S3-360819515,S3-242309110
S1-211544748	S2-108359188,S3-605793848
S1-471328833	S2-143192546,S3-425492957
S1-498659182	S2-597946498,S2-746892305,S2-954309891,S3-218292460
S1-232748585	S2-273233898,S2-914285767,S3-310513324,S3-721774098
S1-290498254	S2-203634627,S2-943845586,S2-991979126,S2-605267339
S1-17642152	S2-484185123,S2-761867795,S2-109620721,S2-758202765,S3-834334229
S1-133164346	S2-978542860,S3-129325867
S1-101199887	S2-1665219,S2-719784819,S3-676265552,S3-557468496
S1-270692094	
S1-187322819	S2-167266542,S3-556805427
S1-171711514	S3-851295296
S1-312999811	S2-665121096,S2-265128744,S3-625293590
S1-675255594	S2-812328180,S3-324968880,S3-457057898,S3-287428998,S3-565363170
S1-503558391	S2-515604800,S3-877102207,S3-657489438
S1-295615816	S2-293028663,S3-328389014
S1-145856824	S2-186511220,S2-987948662,S3-779372252
S1-501507591	S2-2012905,S3-280686969
S1-723328872	S2-594608484,S2-170285770,S3-492637656
S1-107923917	S2-295721182,S3-355527382,S3-12206943,S3-639675573,S3-451119989
S1-509435667	S2-962158806,S2-714875457,S2-974292496,S2-73859740,S3-409906674
S1-518444247	S2-596948412,S2-196199942,S2-652607055,S2-708526550,S2-695159353,S3-435744467,S3-817308353,S3-947329611,S3-4457925
S1-40309814	S3-641324916,S3-74976596
S1-96027844	S2-972345504,S3-497000913,S3-732737108,S3-567956143
S1-781558693	S2-925337128,S2-526824675,S2-295919504,S3-388385851,S3-723742903,S3-765964068,S3-341798362
S1-118835736	S2-180630125,S3-376009054,S3-253126860,S3-76261844
S1-581220967	S3-726863654,S3-97824355,S3-300824521,S3-977638348,S3-674183393
S1-193707000	S2-898000211,S3-28241956,S3-135955611,S3-563131107
S1-117361298	S2-754683880,S2-499700336,S3-409372665
S1-901643357	S2-163204847,S2-246102440,S2-870378693,S3-613200638,S3-815238650,S3-573214182,S3-644794505
S1-642060521	S2-959695843,S2-101201347,S2-382325509,S2-8109024,S3-950988575
S1-27748248	S2-539613195,S2-5668496,S3-620609026,S3-609979213,S3-627113401
S1-759774941	S2-821928505,S2-565328204,S2-387548629,S3-993848901
S1-357379595	S2-628123536,S3-861148452
S1-173793175	S2-389905836,S2-239085747,S2-83766509
S1-504714291	S2-967435981,S2-462097448,S3-883571988,S3-447352673
S1-149445581	
S1-529757223	S2-761218884,S3-429687704,S3-455160528
S1-516746343	S2-725451459,S2-46277421,S3-776309749
S1-288071309	S2-669254600,S2-647859698,S2-311002479,S3-395003967,S3-686269673
S1-757106641	
S1-944403624	S2-397699661,S2-629740505,S2-306730989,S2-856252978,S3-42014549
S1-283724464	S2-175380583,S2-53218731,S3-259549771
S1-71047444	S3-161569604,S3-138942980
S1-41699584	S2-591273668,S3-931441161
S1-617920866	S3-354596889,S3-369153533
S1-974620421	S2-452165930,S2-666553590,S3-632390774
S1-837602486	S2-100882084,S3-10740085,S3-203702096
S1-850344186	S3-592393981
S1-116977514	S2-331510689,S2-749254278,S2-499869586,S2-389359124,S3-443378391,S3-917325345
S1-753643313	S2-466069407,S2-758703946,S3-461983655,S3-216070202
S1-540909807	S2-197615517,S2-381218100,S2-341865216,S3-700979813
S1-391310163	S2-942704007,S3-496362744,S3-932971600,S3-373617342
S1-722337929	S3-440582285,S3-497825454
S1-441237210	S2-296647913,S2-172992367,S2-224604539,S2-867498734,S3-914079168,S3-112726608
S1-146934300	S2-998420344,S3-618712563,S3-468806872
S1-406043973	S2-479569744,S3-492876052
S1-309602370	
S1-988364789	S2-835528454,S2-742523927,S3-582338057
S1-640951558	S2-220183640,S2-409629330,S3-502298442,S3-290454295
S1-82369635	S2-730203148,S2-494497085,S2-114915270,S2-273392159,S3-888011351,S3-867618058
S1-156897566	S2-484294445,S2-60081655,S3-628578002,S3-153366447,S3-881107230
S1-187744993	S2-491926606,S2-73574454,S3-804535848,S3-817761473,S3-150158198
S1-599327764	
S1-771590180	S2-39596731,S2-219660799,S2-86260475,S3-498316500,S3-775181086
S1-80132985	S2-847068303,S2-86436795,S3-932324323
S1-457175849	S2-965168291,S3-293878509,S3-570951044
S1-982276578	
S1-280710259	S2-649053054,S2-310396723,S3-260455602,S3-905937468,S3-626029735,S3-896976934
S1-790956563	
S1-435308180	S2-545864602,S3-799195455
S1-910457378	S2-13737078,S2-157375005,S2-557700032,S3-315539543,S3-143950982
S1-764948767	S2-452062459,S2-505987048,S2-560987732,S3-172309711
S1-122147146	S2-622531040,S2-536752155,S3-454779793
S1-682073897	S2-183629104,S3-237598895
S1-889489985	S2-910413029,S2-141627631,S2-626025919,S3-151638313,S3-582553363,S3-783234593
S1-256795908	S2-150214345,S2-664404904,S3-536446582
S1-388057119	S2-847633985,S2-473753299,S2-802808345,S3-14780157,S3-671677009,S3-294712859
S1-957395766	S2-49407923
S1-455516258	
S1-738753562	S2-978484790,S2-805960951
S1-827331738	S2-204656889,S2-303587983,S2-833927616,S3-308533284
S1-800297051	S2-602884504,S3-698277169
S1-984710352	S2-24735322,S2-776711709,S2-880745935,S3-739292488
S1-545917897	S2-635158726,S2-248399710,S3-132166283
S1-764929533	S2-114122628,S2-100676994,S3-824384808,S3-863654377,S3-628442775,S3-244383461,S3-775537952
S1-288275475	S2-814954598,S3-898886406
S1-303286414	S2-852394837,S2-103675807
S1-459807353	S2-617953462,S3-313174298
S1-825312149	S3-205647382,S3-659265927,S3-664536364
S1-643936269	S2-173951699,S3-840914598,S3-191738951
S1-599831022	S2-986851884,S2-102978598,S3-449043807,S3-609323610
S1-252363531	S2-104996780,S3-378446657,S3-856220924,S3-801557687
S1-690476020	S2-457273044,S2-616742831,S3-73892424,S3-868614751,S3-126242826
S1-928256860	S2-727944789,S2-685326345,S2-485815638,S2-884403714,S2-789316612,S3-79081098,S3-624173309,S3-252900041,S3-772509174
S1-133336078	S2-971190448,S2-692688590,S3-936888490,S3-489216535
S1-186830510	S3-953262937
S1-98868481	S2-457537247,S3-543236709,S3-863734480
S1-693843510	S2-146452782,S3-448806271,S3-168863273
S1-736742625	S2-79496175,S3-79870896,S3-467730832
S1-105412652	S2-790267966,S3-681259445
S1-937973026	S2-728393480,S2-892931456,S2-677998148,S2-832720660,S3-608773978
S1-462469758	S2-205375150,S3-180861507,S3-122284276
S1-497512709	S2-289293454,S3-214055640,S3-476246140
S1-923483887	S2-857355609,S3-633609090,S3-466977462
S1-543028837	S2-45907108,S2-385706951,S2-238271854,S3-299896401,S3-23661627
S1-351063187	S2-905606294,S3-668455732
S1-721636350	S2-711192821,S3-223578549
S1-958098446	S2-269250983,S2-228220571,S2-831558850,S3-328612233,S3-388555687,S3-786621407
S1-779597575	S2-537369098,S2-498731072,S3-214398631
S1-215326992	S2-12605093,S2-942403719,S2-736312071,S2-28913375,S3-714051151,S3-744496504
S1-491982855	S2-620707668,S3-392152660
S1-256009548	S2-235089435,S3-177469883
S1-174302735	S2-924093014,S2-49905716,S2-693177041
S1-948103462	S2-235244593,S3-435926831,S3-24833881
S1-388452691	S2-949892184,S3-348965756
S1-73920632	S2-914714051,S3-705729426,S3-706577000
S1-374702801	S2-524990576,S2-745715788,S3-978986045,S3-276343487
S1-609556162	S2-63297782,S3-546239259,S3-597304117,S3-194700961
S1-515132185	S2-755694227,S2-410465987,S2-391595626,S3-732709337,S3-669690642,S3-345320225,S3-797999661,S3-390870555
S1-356666563	S2-256812736,S3-192968381
S1-242664024	S2-309289080
S1-500605522	S2-934861918,S2-165189544,S3-59519645,S3-808355482
S1-169805870	S2-805324044,S3-425669118
S1-717675106	S2-544838314,S3-547492244,S3-781633992
S1-295335510	S2-509319746,S2-496201260,S2-485883414,S3-449921539,S3-219226412,S3-644123610
S1-215548160	S3-266062243,S3-603690942,S3-755630817,S3-755179616
S1-801067116	S2-173306788,S2-738766917,S3-235154615,S3-987899460
S1-453915349	S2-357937209,S2-915440080,S2-907111430,S3-61719113,S3-94567806
S1-446851301	S2-347258410,S2-73793545,S2-835347058,S3-505382036,S3-713033318
S1-217859068	S2-131450264,S2-456860128,S2-558588254,S3-877993586,S3-860256411
S1-507825001	S2-946734364,S2-372410060,S3-567304105
S1-461759863	S2-126737699,S2-686848505,S2-768122729,S3-648147373,S3-675117622,S3-730393319
S1-940445697	S2-66549080,S3-748238420,S3-83175046
S1-362395784	S2-902282856,S2-861250735
S1-770795093	S2-738529159,S2-921188018,S3-193911476
S1-773166887	S2-960213389,S2-428899786,S2-210637945,S3-550347598,S3-892277833
S1-838686325	S2-442349342,S3-968962004,S3-66377028
S1-187143780	S2-126905852,S3-738440356,S3-89263938
S1-22499966	
S1-969344755	S2-500579587,S3-637282650
S1-905569871	S2-724489102,S2-406143274,S3-784663714
S1-117154890	S2-550337983,S2-788176467,S2-318847940,S3-42783665,S3-392280072
S1-393757170	
S1-617115224	S2-602631125,S2-640161070,S2-732937280,S2-38828156,S3-9489706,S3-942450522
S1-727043662	
S1-528608535	S2-966189728,S2-492757677
S1-869042968	S2-633186894,S3-707690673,S3-463581063
S1-578337437	S2-302352335,S3-47604181,S3-845260151,S3-708691793
S1-917085075	S2-621151556,S2-414091364
S1-226643108	S2-265820620,S2-830597823,S2-467747791,S3-417159526,S3-428733847,S3-245130634
S1-744166339	S3-556973760,S3-721068027,S3-390005114
S1-498829905	S2-385949357,S2-147133096
S1-712271613	S2-943379511,S2-175732912,S3-282978875,S3-717910821
S1-737233017	S2-647271921,S2-266686952,S3-692729877,S3-842321774,S3-672034108,S3-165884212
S1-206756603	S2-350464367,S2-463795109,S2-249373000,S2-823224930,S3-230437370,S3-8281568
S1-728350505	S3-169791031,S3-829644498
S1-51474464	S2-121959116,S3-672032536
S1-749422436	
S1-373313227	S2-398449230,S2-662492161,S2-516272304,S3-214782860
S1-700557137	S2-117856623,S3-545019956,S3-548829925
S1-804608201	S2-103842933,S2-65760040,S3-254466596,S3-734885071,S3-454883856
S1-705130948	S2-117964723,S2-280082868,S3-830431044,S3-339699164,S3-748784087
S1-826196413	S2-681430083,S3-385678921
S1-755662139	S2-580479906,S3-893700742,S3-307901242
S1-571656057	S2-15861374,S2-282124076,S3-900223891,S3-2039467,S3-706399641
S1-991057047	S2-959306230,S2-662217690,S2-562686108,S3-448434628,S3-976982860
S1-681906991	S2-979983411,S2-176418685,S3-460976026,S3-931350872
S1-413114026	S2-683420521,S3-951940349
S1-761158782	S2-818030339,S3-216979300
S1-178917994	S2-215046802,S3-745760453
S1-158599033	S2-363414016,S3-662612314,S3-2516194
S1-593637832	S2-45162786,S3-943662284,S3-601649694
S1-335700469	S2-360475872,S3-299181376,S3-333431005
S1-760539197	S2-568750985,S2-122256652,S3-263934220
S1-489268769	S2-870101061,S2-294818521,S3-309054758,S3-881772932,S3-69636859,S3-591884837
S1-288432445	S2-730539468,S2-25511408,S3-989205878,S3-1186752
S1-364486837	S3-941009976,S3-892320423,S3-29175306,S3-330548553
S1-539677935	S2-419159121,S2-969427765,S3-656958399,S3-191059877,S3-142052802
S1-189311415	
S1-905603318	S2-446342470,S2-173528830,S3-755462153,S3-279873480
S1-957993260	
S1-487468595	
S1-889594342	S2-210153305,S3-921904318,S3-248217149,S3-837192064
S1-349932353	S2-492200140,S3-885277616,S3-158133146,S3-54253583
S1-37349402	S2-859591903,S3-398004061
S1-134809406	S2-950239921,S2-706648510
S1-74065179	S2-197848508,S3-525862602
S1-429623265	S3-998626585,S3-435133781
S1-889457684	S2-276730817,S2-255372517,S2-777354033,S3-272988259,S3-696572409
S1-175987310	S2-203738051,S3-44999619
S1-140378760	S2-417580598,S2-437530632,S2-279770889,S2-374878981,S3-620821139,S3-506122686,S3-425784246
S1-17428332	S2-723330429,S2-806867506,S3-592202015
S1-602293943	S2-413635758,S2-460095252,S3-526549781,S3-750096062,S3-918706761
S1-216530079	S3-780057377
S1-416512325	S2-983387637,S2-487955074,S3-931513766,S3-59420926,S3-746638440
S1-42812092	S2-508422017,S2-291942284,S3-393094439
S1-357440944	S2-286327125,S2-847964077,S3-992073212,S3-289727988,S3-567729642
S1-634888581	S2-987342568,S3-174714339,S3-468009259
S1-315884917	S2-899904013,S2-530321921,S2-375357590,S3-488467895,S3-582702357
S1-173778136	S2-670676910,S3-885083158,S3-78296475
S1-133321529	S2-786999889,S2-525663386,S3-531265091
S1-618393832	S2-968413332,S2-129416740
S1-532688438	S2-816295639,S2-779055287,S3-55255623,S3-659345819
S1-157773119	S2-371723863,S3-863935541,S3-924561028
S1-410169517	S3-232263375,S3-698102849,S3-921277202,S3-956365866
S1-699198964	
S1-617868333	S3-30306314,S3-995012937
S1-909732930	S2-203767983,S2-790645309,S2-114330765,S3-773846730
S1-645164312	S2-896323042,S3-219952559,S3-281773027
S1-681530659	S2-163408373,S2-612743300
S1-387632675	S2-48583685,S3-144792218,S3-715806490,S3-638110210
S1-3079821	S2-960856122,S3-177739178
S1-860405512	S2-350329650,S2-28177433,S3-570784130
S1-116217745	S2-444287890,S2-151093435,S3-968733010
S1-163360144	S2-221782553
S1-483881129	S2-154899819,S2-961961857,S2-488954149,S3-250020395
S1-818248361	S2-116074708,S3-827502470,S3-964995318
S1-723766570	S2-788550370,S3-208486645,S3-793745204,S3-473014190,S3-861740769
S1-348937264	
S1-98500078	S2-198262183,S2-941089870,S2-526610382,S2-388327084,S3-190004819
S1-311350930	S2-251459882,S2-690253020,S2-689865578,S3-451792340
S1-613162524	S2-893556354,S3-150058528
S1-805408700	S2-597408791,S3-884760596,S3-92389719,S3-869207068
S1-343872277	S2-67957347,S2-529583580,S3-110006417
S1-883684537	S2-574001359,S2-260380227,S3-750058217,S3-192665640
S1-74408141	S2-417398818,S3-924636429
S1-691160087	S2-784094899,S2-571750714,S2-493495175,S3-452903191,S3-755644802,S3-602263870,S3-972008107
S1-847407174	S2-784406701,S2-27357518,S2-533923531,S3-191385345
S1-625257314	S3-110091075,S3-671728719
S1-242748900	S2-515060962,S3-518403219,S3-327862748,S3-474884243,S3-652886335
S1-925300947	S2-504469504,S3-608661903,S3-859982192,S3-916891094
S1-790799461	S2-344528396
S1-982179195	S3-260217548
S1-958111221	S2-708006867,S2-827229013,S3-936069340,S3-12106334
S1-917883558	S2-327731720,S3-420727478,S3-761199818
S1-523795709	S2-301473940,S2-690425749,S3-283687499
S1-941781347	S2-679793932,S3-754973441,S3-427892703
S1-697687494	S2-115455380,S2-927800045,S2-860056963,S3-176736154,S3-203920457
S1-513030430	S3-13048928
S1-323373493	S2-886637463,S2-504326131,S3-115093782,S3-218196560,S3-110493535
S1-608093893	S2-765253958,S3-279737004,S3-27828007,S3-601506191
S1-548627407	S2-490930809,S3-582989418,S3-979410457,S3-803015431,S3-251506833,S3-611332815
S1-579487875	S2-548867105,S2-382452409,S3-831964992,S3-320791742
S1-374198742	S2-149863415,S3-598059374,S3-123926419
S1-495707566	S2-183936133,S3-336805094,S3-229674079,S3-206014612
S1-253117448	S2-615387519,S2-878017841
S1-847799629	S2-545584768,S2-798637316,S2-561959791,S2-326866846,S2-720394069
S1-587305490	S2-330075480,S2-44219553,S2-238724146,S3-351090616,S3-424379695
S1-930984126	S2-390692138,S3-418771280,S3-250856997,S3-962361651
S1-451718618	S2-107138439,S2-858078217,S2-47236159,S3-291633138,S3-211941515,S3-417303680
S1-333779149	
S1-172108771	S2-860779191,S2-321581571,S2-388037961,S3-218392360
S1-752637019	S2-820987465,S3-882445939
S1-570351455	S2-953844621,S2-842495981,S3-814667221
S1-335575292	S2-937139062,S3-513951895
S1-881686606	S3-568154307
S1-812722109	
S1-958500479	S2-425608904,S2-209344873,S3-628316528
S1-907968268	S2-199688375,S2-912909052,S2-393364821,S2-451081415,S3-337163861,S3-775878489
S1-205870267	S2-490315440,S2-618177386,S3-374194456
S1-72141218	S2-571015275,S2-815984834,S3-923625900,S3-819076203,S3-487729231
S1-761118402	S2-600277834,S3-124909893
S1-269411998	S2-276213708,S2-928588149,S2-244160387,S3-572754581
S1-158464447	S2-691520295,S3-311323409
S1-349071142	S2-410755697,S3-658564870,S3-493119216,S3-34799965
S1-197274849	S2-43258401,S3-408222598
S1-631853805	S2-258153675,S2-265277496,S2-914210681,S3-833336535
S1-895727088	S2-125367768,S2-680001454,S3-527229355,S3-650213537
S1-59554911	S2-290435688,S2-802579011,S2-25142627,S3-503275121,S3-923177502
S1-956722768	S2-653861924,S2-631489708,S3-608943943,S3-337855767
S1-237105046	S2-951135538,S2-555150848,S2-794338313,S2-442677372,S3-399099512,S3-163700854,S3-965194817
S1-382826514	S2-977167582,S2-67203958,S3-184347412
S1-912141441	S2-765668781,S3-905993530
S1-992570098	S3-64790580,S3-994669599
S1-909538752	S3-768675704,S3-901379174
S1-473581196	S3-647855437
S1-352409481	S2-135704117,S3-682562994
S1-663307536	S2-365634419,S3-52834770,S3-579097030,S3-51323964,S3-743551644
S1-954389505	S2-294913828,S3-356720599,S3-151572761,S3-201668629,S3-366642959
S1-678235128	S2-898231221,S3-577549763
S1-563747573	S2-857399638,S2-412579281,S3-230473152
S1-621183886	S2-605610857,S3-565520877
S1-208584762	S2-596669395,S2-182437324,S3-194162868,S3-475385393
S1-247028059	S2-382830221,S2-872032334,S2-264091888,S3-526263034,S3-135767388
S1-433808443	S2-162297765,S2-329398847,S3-733822818,S3-961678512,S3-890313483,S3-312367992
S1-596105615	S2-211510035,S3-390736040
S1-237743110	S2-519521445,S2-920037803,S2-105170780,S2-328549582,S2-696400824,S3-244818426,S3-492551865
S1-540080230	S2-508906749,S2-72213401,S2-53607152,S3-952322076
S1-877044195	S2-786687739,S2-449840702,S3-178956719,S3-934665520,S3-183051359,S3-58077486
S1-727152318	S2-909434657,S3-884671843
S1-834570378	S2-893980,S3-701085842,S3-252248034,S3-459079413,S3-709696809
S1-870162951	S2-322184820
S1-48050867	S2-810706140,S2-648680892,S2-104518554,S3-817501646
S1-395878686	S2-71911029,S3-911153120,S3-551096662
S1-595701652	S2-400519868,S2-256197244,S2-795642501,S3-78840101
S1-449486782	S2-630897789,S3-478536509,S3-384756518,S3-676495860,S3-809923590
S1-513177648	S2-824175559,S3-876914194,S3-404103289
S1-10823680	S2-688525473,S2-126014498,S3-644073734
S1-257951123	S2-434534626,S2-992448661,S3-488752788
S1-91161743	
S1-696143956	S2-401899206,S3-299870684,S3-386971628
S1-88028810	S2-44884591,S3-412203181,S3-502462935
S1-244703154	S3-47850051
S1-385616770	S2-935835861,S3-141399063,S3-43449620
S1-436257588	S2-376071437,S2-230167354,S2-203103591,S3-640893154
S1-232537122	S2-409160151,S3-666278490,S3-54175040,S3-486805513
S1-700258597	S2-594389526
S1-177450365	S2-839700379,S3-552396648,S3-639432492
S1-591868511	S3-580771719,S3-389366681,S3-496087984
S1-729309540	S2-82857904,S3-886377440
S1-118626031	S2-151791308,S3-77390274,S3-355852271,S3-727007113
S1-814206079	S2-678386493,S2-232966355,S2-514885338,S3-662094189
S1-961844088	S2-384233477,S2-974297019,S2-166409949,S2-915575501,S3-636706398,S3-670017910
S1-876965353	S2-530441093,S2-20395409,S3-667244672,S3-273878039,S3-558077279
S1-184999269	S2-216226762,S3-903963643,S3-627667404,S3-576821271
S1-933738846	S2-362080896,S2-643347379,S2-923629850,S3-906990214,S3-303866988
S1-33238713	
S1-495561039	S2-431046126,S2-506530052,S3-641713672,S3-463513911,S3-503888530
S1-961660285	S2-353146445,S3-236645736,S3-784858266,S3-811952214
S1-832703299	S2-442146719,S2-264733396,S3-183835457,S3-30720850
S1-598916156	S2-320948686,S2-749713373,S3-37984005,S3-749781244
S1-748031974	S2-512947806,S2-26773971,S3-515584534
S1-122478572	S2-471992144,S2-799748374,S2-464758943,S2-651176738,S3-835240744
S1-152836926	S2-555293910,S2-718167972,S2-825638273,S3-393815453,S3-311286290,S3-923834675
S1-720795370	S2-422328704,S3-411805771
S1-87662777	S2-852342328,S2-360841032,S2-242647551,S2-679216869,S3-395249088,S3-659294877
S1-786364717	S2-337901792,S2-213683381,S3-14377373
S1-583197607	S2-202243075,S2-803977540,S3-735606608,S3-923672530,S3-130768331
S1-116641210	S2-749082466,S2-317688849,S2-899184272,S3-725124894,S3-719828107
S1-332491813	S2-889138623,S2-409213379,S2-675661340,S3-431022288,S3-115855862,S3-254674315
S1-995377656	S2-328791330,S2-45373075,S3-110658494,S3-855276382
S1-973618114	S3-968193790,S3-696097259,S3-479377650,S3-523457656
S1-609779971	S2-831494525,S2-901446669,S2-404276975,S2-121200729,S3-11964668
S1-784327096	S2-638292252,S2-797823597,S2-347601991,S3-231645620
S1-591655809	S2-434790994,S3-760056092
S1-316856197	S3-525686847
S1-499157054	S2-780618734,S2-322795170,S3-970000036,S3-728741041
S1-594838304	S2-634664105,S2-295566046
S1-166710161	S2-139977195,S2-174489221,S2-590794897,S3-778115297
S1-634819801	
S1-976572122	S2-168264104,S3-553605629,S3-591961534
S1-674725675	S2-830094198,S2-799560844,S3-831988468,S3-629428811
S1-629117477	S2-798673359,S3-350506021,S3-861458484
S1-933480361	S2-350254203,S3-616887956
S1-955323532	S2-627607021,S3-490603481,S3-27495458,S3-785414771
S1-410345951	S2-982698798,S2-186632792,S3-102416677,S3-121499553,S3-736471226,S3-382271994
S1-886896112	S2-322738067,S3-284753514,S3-91765527,S3-130237034,S3-333887758
S1-708761433	S2-620692521,S3-77875104,S3-673962925
S1-499347161	S2-471480935
S1-730686316	S2-330076757,S2-600887170,S2-785095545,S2-664572473,S3-181089748
S1-229955426	S2-249480273,S3-889095657
S1-168660208	S2-707980458,S3-45034609
S1-994518605	S2-710223973,S2-861903915,S3-340866017,S3-274097242
S1-393566242	S2-964922137,S3-827895624,S3-734103672,S3-551084546
S1-30205593	S2-957341693,S2-72277088,S2-906165641
S1-254424163	S2-535839838,S3-163514433,S3-741022130,S3-32489003,S3-58899094,S3-27157849
S1-827392177	S2-765423284,S3-135381498,S3-439250593
S1-762785981	S2-115017582,S3-430773211,S3-397714603
S1-46163968	S2-431537986,S3-545680005,S3-904823596
S1-877849375	
S1-387626246	S2-581361436,S2-458994262,S3-511706757
S1-367903104	S2-891868364,S3-320764639,S3-286500073
S1-273955802	S2-380019332,S3-142010357
S1-888949854	S2-871505553,S2-744933950,S3-438773743
S1-715952235	S2-266831155,S2-880139938,S3-976512951,S3-991831169
S1-583192868	S2-887516799,S2-538769931,S3-991490672,S3-866944040,S3-323090496,S3-916658601
S1-817735184	S2-258810982,S2-928234026,S3-242756642,S3-118837755,S3-535622840
S1-167146072	
S1-872152291	S2-415064322,S2-867444709,S2-894781215,S2-630012859,S2-795035875,S3-668222571
S1-301977987	S2-598838207,S3-737954203
S1-577981243	S2-179690188,S3-252185360,S3-145806501
S1-605882680	S2-978308887,S2-742459236,S2-628272069,S3-196140103,S3-716130549,S3-713768465
S1-646403784	S3-714623135,S3-218120613,S3-411969852
S1-921050734	S2-900304018,S3-882209798,S3-33896113
S1-888879520	S2-690710546,S2-290738994,S3-482824910,S3-673770299
S1-747983682	S2-884599286,S2-423113692,S2-455987208,S3-713376559
S1-486104807	S2-159589784,S2-317912209,S2-267407394
S1-444136811	S2-344340857,S3-373333114
S1-250657933	S3-347196809,S3-278437888,S3-874987157
S1-124162386	S2-743317194,S2-727707224,S3-931165713,S3-207244027
S1-742088687	S2-455526197,S2-712117319
S1-64530042	S2-650022075,S2-581044370,S3-978827382,S3-554547490,S3-683848707
S1-661382871	S2-343666033,S3-387728888,S3-855202937
S1-858847165	S2-696406949,S3-3507570,S3-256924807,S3-444349225
S1-971836891	S2-685856434,S2-933116448,S2-255503565,S3-471236483,S3-668893087
S1-579588658	S2-854414116,S2-452039784,S3-456825013,S3-322119610
S1-472461413	S2-492639949,S2-414307336,S2-275484292,S3-480576151
S1-381544775	S2-393973834,S3-359357259,S3-765477097
S1-394538402	S2-498338174,S2-439056684,S2-155941394,S3-904987176,S3-843635720,S3-818831802,S3-929490834
S1-127074140	S2-160731758,S2-64721405,S2-366886775,S3-889052857
S1-683016492	S2-605580546,S2-477272774,S2-668477432,S3-456202037,S3-746494182
S1-292274491	
S1-97883057	S2-870057148,S3-395846598
S1-791967500	S2-24553444,S2-728510579,S3-485726149
S1-765971824	S2-956168054,S3-952683147
S1-920672844	S2-904917814,S2-869561259,S3-355160286,S3-381808663,S3-577014726
S1-327433572	S2-233713037,S3-231639940,S3-750490761,S3-167886932
S1-997348420	S2-686609754,S2-260943257
S1-213633120	S2-753162699,S2-380339369,S2-393828672
S1-560638853	S2-814455368,S2-380861975,S3-392233192
S1-557997870	S2-461374764,S3-832304981,S3-54978908,S3-399138067
S1-351208166	
S1-25301706	S3-521670035,S3-289882128,S3-954057336
S1-255522787	S2-436797709,S2-403022242,S3-949091291
S1-922640541	S2-716485928,S2-517954610,S2-227370198,S3-99568245,S3-227681150
S1-85303635	S2-106935557,S2-914398432,S2-858185332,S3-714544197,S3-613657914,S3-848268126
S1-537236754	S2-978419136,S2-569963966,S3-85590091,S3-386396163,S3-105613032,S3-456589389
S1-638874563	S2-991846495,S3-910249799,S3-629087659,S3-98613908
S1-656697983	S2-908149449,S2-698396121,S2-52209314,S3-836962648,S3-813006541,S3-155995767,S3-471346491
S1-945179611	S2-781290269,S3-381483019,S3-741394390
S1-784124789	S3-293644062
S1-630637868	S2-801865568,S2-162058112,S2-938733059,S3-120876974
S1-571180605	S2-269481372,S2-191971646,S2-473341778,S3-423188604
S1-994666685	S2-722683690,S2-822985296,S2-246292104,S2-907405217,S3-815574445
S1-456206043	S2-336240369,S3-598947016,S3-124008285
S1-204049623	S2-755441149,S3-120575390,S3-672303630
S1-501788015	S2-838391817,S3-168525039
S1-937512037	S2-739552180,S3-257984921
S1-614492029	S2-280094497,S3-644913397,S3-632315365
S1-6597451	S2-566834558,S3-536571790,S3-116624844
S1-136971972	S2-780325165,S2-330626844,S3-130683690,S3-847162831
S1-45317490	S3-929083595
S1-329958841	S2-964308986,S2-608951663,S2-137981508,S3-674502868
S1-707881744	S2-217050382,S3-650257564,S3-113968079,S3-253113216,S3-661214641
S1-367040159	S2-516792289,S2-333301549,S3-397036904,S3-587749459
S1-172325432	S2-933630575,S3-107739336,S3-298589774,S3-992113892,S3-731383519
S1-73020942	S2-382346777,S2-600786719,S2-246690955,S3-735511268
S1-29463043	S2-696177740,S3-970325323
S1-89273636	S3-331138870,S3-654364721
S1-507701598	S2-124828212,S3-808775612,S3-13141614
S1-353536955	S2-135978755,S2-519203541,S2-604058370,S3-442311217
S1-872614542	S2-145066568,S3-150077190,S3-762196919
S1-674134414	S2-631072107,S3-850702227,S3-264693102
S1-726534729	S3-930808906
S1-98614433	S2-605314354,S3-135828554,S3-705593639
S1-69819411	S2-202530941,S2-557871296,S2-856032452,S2-323121276,S3-50336492,S3-654875319
S1-246178745	S2-163635070,S2-91311854,S2-86533259,S3-847203006,S3-512558449
S1-374209056	S2-593670085,S3-966488136
S1-248117391	S2-188346406,S2-241979528,S3-510960197
S1-393071074	S2-696911393,S2-114553211,S3-993679201,S3-725021763,S3-424922575
S1-151561538	S2-604919167,S2-465312355,S3-930970865
S1-536472082	S2-281819434,S2-33390988,S2-69243595,S3-872454648,S3-307109568,S3-858346873
S1-278055174	S2-560350941,S2-580487774,S3-993904865,S3-586951346
S1-636692912	S2-661356427,S3-546632550,S3-211890567,S3-110466286,S3-885923100
S1-241331688	S2-495926087,S2-429046704,S3-369805377
S1-359608082	S2-303760742,S2-783527266,S3-421878616
S1-396063133	S2-864231253
S1-733454512	S2-807752848,S2-330793942,S2-82686638,S3-327122014,S3-343408921,S3-21281698,S3-117214391,S3-36680862
S1-808202393	S3-774829446,S3-332345873
S1-173758843	S2-352004435,S2-174004564,S2-141885207,S3-638643812
S1-695505881	S2-802129883,S3-438843745,S3-226697107
S1-133045065	S2-664614078,S2-397142361,S3-342319004,S3-164704051
S1-85335129	S2-582791983,S3-83535156
S1-601370392	S2-735725250,S2-420053860,S2-526082348,S3-667378142,S3-147597084,S3-391061248
S1-930039950	S2-257435864,S3-686276132
S1-281930551	S2-9044377,S2-704578897,S2-154995241,S3-909639990,S3-735728885
S1-616782011	S2-324583027,S2-43223135,S3-682236806,S3-942082323
S1-609612010	S2-186872870,S2-778577757,S2-158485960,S2-244540261,S2-205248593,S3-899330211
S1-212389796	S2-778837024,S2-907829344,S3-53075285,S3-62444916,S3-46824347,S3-211813309
S1-59164081	S2-529950617,S2-472288081,S2-353771299,S3-597815488,S3-236102508,S3-446124918,S3-1393585
S1-802366909	S2-779822873,S2-712957884,S2-619141169,S2-277285829,S3-32582970,S3-611890275
S1-176163678	S2-570738306,S3-240785656,S3-478173571,S3-346230979
S1-836983668	S2-474284752,S2-852634684,S3-749531538,S3-657049233
S1-906896604	
S1-955592880	S2-921767205,S2-656310506,S2-947282938,S3-938165475,S3-884213846
S1-831463493	S2-209067907,S2-363601706
S1-530350244	
S1-626513958	S3-797010599,S3-696167
S1-315060587	S2-96107384,S2-107431390,S2-870548797,S3-256290489,S3-556217329
S1-658388180	S2-464411965,S3-382146176,S3-866458725
S1-941444398	S2-249149450,S3-935043440,S3-830741687
S1-348464724	S2-316497203,S2-677479754,S3-326531320,S3-302010641
S1-923472377	
S1-865802242	S2-11414747,S3-614197769
S1-252721685	S2-665031869,S3-863200238,S3-594534274
S1-165857777	S2-730581473,S2-364941687,S3-927006915,S3-604591997
S1-572784392	S2-385058542,S3-483671937
S1-691005677	S2-540875258,S2-287015578,S3-125667443,S3-492103785,S3-277516082
S1-592464747	S2-192987828,S3-249442161
S1-192276640	S2-559951180,S2-212987961,S2-988691520,S3-788410111,S3-396371126,S3-657450524
S1-373971106	S2-948577713,S2-78200245,S2-962638973,S2-573227913,S3-329500729,S3-158182790
S1-99116064	S2-301687874,S3-668294312,S3-648905833,S3-299862031,S3-670770290,S3-980220382
S1-25655041	S2-909501990,S2-287382703,S2-749154153,S3-364455428
S1-485781176	S2-597526318,S3-2598344,S3-134890469
S1-51876386	S3-396731593
S1-464612611	S2-351156679,S2-423654377,S3-25145093,S3-203695054
S1-64655235	S2-286602697,S3-973638077,S3-357928288
S1-9840297	S2-763153236,S3-636734511,S3-791403364,S3-879587838
S1-665117697	S2-311442068,S3-18383821,S3-674803160
S1-467086998	S3-750307686,S3-717420878,S3-238022073
S1-652301678	S2-618405554,S2-898119690,S2-114382043,S2-341337055,S3-534657175,S3-317306420
S1-405614921	S2-970073750,S2-195860941,S2-15810023,S3-222477678,S3-985017858
S1-414850012	S2-682557511,S3-900236,S3-619017545
S1-196397534	S2-276266320,S2-591963215,S3-317684297
S1-989710975	S2-798730636,S2-952265299,S3-4906745,S3-592106230
S1-952190423	S3-494609834,S3-875523201,S3-197343725
S1-219105250	S2-469104612,S3-891353583,S3-717140305,S3-829717787
S1-635617318	S2-756655283,S2-505148521,S2-756673593,S3-98548664
S1-318323791	S2-29292005,S2-834767754,S3-813788985
S1-554767975	S3-381035296,S3-553479420,S3-53224470
S1-333926784	S2-58466251,S3-36723463
S1-820302738	S2-732210980,S2-30014763,S3-395806656,S3-937493933
S1-505746306	S2-544608166,S3-981121861,S3-74608283
S1-47921844	S2-591299177,S2-593795619,S3-382893494,S3-998200798
S1-756893687	S2-30122718,S2-644130737,S2-222971500,S3-852413739,S3-634751100
S1-129755253	S3-231701854,S3-346101423
S1-524853804	S2-765905236,S2-521630959,S2-848422974,S3-561722225,S3-982563101
S1-928412769	S2-448025172,S2-736256508,S3-433310639,S3-180563696
S1-353119675	S2-781536464,S2-25382446,S3-867605854,S3-651306719
S1-279638685	S2-691989614,S2-734548058,S3-814652517,S3-312563106,S3-798666570
S1-689419239	
S1-867299760	S2-371605774,S2-897736161,S3-617918948,S3-265043374
S1-290981244	S2-351081137
S1-318618823	S2-291892949,S2-557017678,S2-757853267,S2-282954535,S3-168131082
S1-324311697	S2-634945065,S2-216254438,S2-112030517,S3-447147511
S1-543414626	S2-488815208,S2-518690527,S3-817645612,S3-617805145,S3-296357562
S1-465011172	S3-48806579,S3-105591389,S3-389164082
S1-129164983	S2-828299174,S3-409910190
S1-832023693	S2-223664561,S2-627037633,S3-125821836,S3-598759237,S3-836536861
S1-340624309	S2-626330344,S2-700968062,S3-880711849,S3-616422105
S1-616143668	S2-376246459,S2-841306587,S3-499432733,S3-915851087,S3-302422485
S1-664626604	S2-978679482,S2-960812575,S2-209859622,S2-571181668,S3-513474601
S1-874783294	S2-301077735,S3-394839538,S3-425336631,S3-209969494
S1-756051872	S2-614639122,S2-408071722,S3-494441849,S3-317646802,S3-8843261
S1-405455933	S2-941306375,S2-430460761,S3-868260460
S1-773160627	S2-142096179,S2-378492630,S3-250885359
S1-913514235	S2-924252555,S2-500375863
S1-116069218	S2-467949137,S3-69403294,S3-633327529
S1-997739934	S2-563094457,S2-642104436,S2-543647243,S3-240604219,S3-781568939,S3-576598023
S1-248063372	S2-377387438,S2-502534016,S2-35409136,S3-752030038
S1-368321848	S2-23084236,S2-606918967,S2-834977097,S3-83743610,S3-889234167
S1-822492050	S2-195748220,S2-722057223,S3-453276210,S3-409372179,S3-735357190
S1-51170937	S2-771127871,S3-931848735
S1-842771273	S2-945555973,S3-779783951
S1-931086821	S2-95042406,S2-481147629,S3-462030215,S3-992913662
S1-383103394	S2-441294118
S1-323606749	S3-275599592,S3-167521908
S1-828838208	S2-239584700,S3-854821566,S3-258765270
S1-934817845	S2-708419808,S2-237275907,S2-101348060,S3-685438228,S3-798186928
S1-224972760	S3-691852330
S1-919907175	S2-350749427,S3-473130208,S3-482214789
S1-633649497	S2-220560977,S3-365510946
S1-47649824	S2-526292461,S2-295291362,S2-378769548,S3-106983007
S1-200540576	S2-99221355,S3-882666482
S1-850422524	S2-624866375,S3-120325743
S1-899782820	S2-506348874,S3-50981175
S1-531700347	S2-381071992,S2-643837084,S2-984920248,S3-780534668,S3-248411178,S3-39001307
S1-472570797	S2-229698806,S2-17483382,S2-158777919,S3-762628321
S1-166415877	S2-358362963,S3-854282930,S3-142282936
S1-744494644	S2-305790913,S3-109110514
S1-520951064	S2-833751614,S2-211487819,S3-967249873,S3-643906283
S1-389672273	S2-401345604,S2-966405482,S3-939216222,S3-496088603
S1-552145941	S2-95185951,S2-588577613,S2-602566957,S3-155830105
S1-434857307	S2-559295960,S2-270138449,S3-919084117
S1-711206890	S2-266404662,S2-820242730,S2-771934487,S2-314074200,S2-766785924,S3-739311206,S3-809175509
S1-989564816	S2-843398294,S2-614846746,S3-527414270,S3-179746154
S1-739322975	S2-714191363,S2-833925671,S3-838853317,S3-287202848
S1-31350967	S2-157903504,S3-577898883,S3-577292618,S3-972449778,S3-728161812
S1-7124004	S2-261045323,S2-367641576,S3-229515347,S3-37126297
S1-53130436	S2-792895762,S2-156825551,S3-213079563
S1-225640086	S2-500929043,S3-119054589,S3-423947863,S3-138851666,S3-49426731
S1-815888374	
S1-433293163	S2-568525501,S3-136465110,S3-481455903,S3-576787393,S3-611940123
S1-403960370	S2-484212662,S3-563300064,S3-901344064
S1-751276114	S2-730691916,S2-877565360,S2-215798696,S3-821672511,S3-416084256
S1-298936180	S2-602359716,S2-494986248,S2-815430131,S3-920944308,S3-872553336
S1-350069867	S2-869200709,S2-520219032,S2-856985621,S3-879790460
S1-904897003	S2-473423675,S2-52610622,S2-309207219,S3-471447349,S3-408453856,S3-399147113
S1-769968638	S2-2832806,S2-467489472,S2-940310168,S2-658968173,S3-321205307,S3-128776597
S1-117792216	S2-914360753
S1-878939806	S2-990367887,S2-257172687
S1-862743155	S2-547486265,S2-591804151,S2-856175673,S3-151020711,S3-761953251,S3-27178630,S3-479465340
S1-994207642	S2-75384908,S2-290843062,S3-535997605
S1-961779514	S2-781561393,S3-233405187,S3-147667849
S1-920063943	S3-465116282
S1-91504252	S2-185455622,S3-852944672
S1-990663492	S2-148195060,S3-934415610
S1-442052638	S2-580131141,S2-663715352,S2-749468756,S3-120010317,S3-808145983,S3-316046603,S3-780121361
S1-186730310	S2-384270191,S2-747670041,S2-692442487,S2-440256404,S3-610485079,S3-719628480,S3-423188787
S1-933598970	S2-177177703,S2-238428511,S3-134845413,S3-449129542
S1-548375445	S2-221371138,S2-950126637,S3-522868718
S1-489118309	S3-45693159
S1-327736320	S2-94541544,S2-648036866,S2-181894949,S3-545135107,S3-621523448,S3-216307570,S3-687923861
S1-542423709	S2-901110694,S2-329920613,S2-92791656,S2-340182985
S1-795244202	S2-683549377,S2-11483371,S2-489264326,S3-820868032
S1-911201966	S2-734602029,S2-383407564,S3-688159258
S1-865737862	S2-758252945,S3-326128998,S3-774014241,S3-943189930
S1-670947050	S2-508405073,S2-128741214,S3-804294844,S3-762044744
S1-668816867	S2-916268309,S3-691927798,S3-671472779,S3-838117954
S1-151963642	S2-450476725,S3-910684921
S1-482576179	S2-195853583,S2-137333456,S3-638013905
S1-742868551	S2-822576477,S2-132868871,S3-624535571
S1-734417971	S2-404424694,S2-219867165,S2-155526179,S2-931919433,S2-513959081,S3-336296396
S1-594122074	S2-216965807,S2-303851339,S3-527891708
S1-913476172	S2-136548496,S3-212869298,S3-451365362
S1-414981791	S2-690985043
S1-338130407	S2-579399047,S2-764856794,S2-8058364,S3-30382048,S3-845177437
S1-659050531	S2-157529073,S3-592623646,S3-583387096,S3-505797445
S1-238939633	S2-446526917,S3-587992663
S1-982910397	S2-621338924,S3-803671292,S3-893129492
S1-736442413	S2-911135653,S3-350151622,S3-969718271
S1-910946488	S2-1380623,S3-976028779
S1-482966617	
S1-838207922	S2-694386410,S2-693222472
S1-130570772	S2-668302534,S2-488066673,S3-331696025,S3-120823717,S3-227271496
S1-72579645	S2-308047080,S3-287825146,S3-584029825,S3-902115412
S1-773933758	S2-42746813,S2-633060696,S3-851824120
S1-991427597	S2-369133104,S2-655164027,S3-771341718,S3-496619813
S1-114646531	S2-113518639,S3-648492313,S3-419132915
S1-774307266	S2-146245664,S2-764477933,S2-32442423,S3-326197977,S3-795301629
S1-688958188	S2-364821108,S2-114167703,S2-123959103,S3-20294080,S3-923632434
S1-391298204	S2-491528535,S2-338456959,S3-677248259,S3-886778449,S3-438454642
S1-5194820	S2-501019229,S3-994366627,S3-307361329
S1-383620798	S2-586458885,S3-184098437
S1-313367739	S2-629149505,S2-501021740,S2-735420172,S3-203659628,S3-902673012,S3-330846741
S1-195464590	S2-703526280,S2-586834777,S3-23149552,S3-836412852
S1-173151798	S3-179415040,S3-797357313
S1-479455828	S2-204546840,S3-378707675,S3-12065326
S1-977477139	S2-456021115,S3-294800183,S3-79790712
S1-687705494	S2-279881308,S2-687067633,S3-309974396,S3-321802241,S3-146495468
S1-330589411	S2-196076129,S2-413990864,S2-81028308,S2-244320086,S2-645257867,S3-546263764
S1-865141815	S2-717699470,S2-897690022,S3-480752873
S1-905745075	S2-983910323,S3-225146728
S1-623629030	S2-430849256,S2-777652623,S2-313727240,S3-436189886,S3-844417013
S1-56566173	S2-459220217,S2-385367533,S2-685690830,S2-283326531,S3-3722449
S1-900733494	S2-812864380,S2-73267316,S2-762076974,S3-19116399,S3-599808006
S1-492219268	S2-708591953,S3-527527515,S3-822917973
S1-892498993	S2-81051642,S2-175562680,S2-619339665
S1-510354346	S3-941490339,S3-997611068
S1-387328826	S2-604861768,S3-145870246
S1-921151509	S2-735333024,S2-919487870,S2-368687752,S3-317303498,S3-304358658
S1-562376002	
S1-996248719	S2-775991618,S2-423999508,S2-886902869,S3-270207343,S3-656041841,S3-344500030
S1-360852406	S2-262317215,S2-43771388,S3-734841211
S1-211239669	S2-789786984,S2-17921219,S3-561124262,S3-858968137,S3-828853787,S3-967114483
S1-913231851	S2-244880126
S1-260410083	S2-437768994,S3-210947203
S1-56655707	S2-417362290,S2-108811473,S2-504861360,S2-493307494,S2-113794634,S3-731989318,S3-563529899
S1-635593555	S2-120741292,S2-436028493,S3-835675254
S1-571154778	S2-926324473,S2-426062817,S3-152791658,S3-312943899,S3-625263470
S1-625762114	S3-291179315
S1-623517725	S2-678641897,S2-207562010,S2-373210276,S3-532743265
S1-403025365	S2-845370620,S2-933481966,S2-50231955,S3-57064055
S1-190185102	S2-997269873,S2-221323554
S1-303134305	S2-572834812,S2-15438052,S2-824154635
S1-495949982	S2-441321727,S2-33239947,S3-229792767,S3-671509226,S3-995780669,S3-763451715
S1-716389647	S2-647107619,S3-13545990,S3-592497257
S1-246741004	
S1-623730816	S2-699062438,S2-445971583,S3-782660673,S3-509941555,S3-743612869,S3-231780599
S1-947220870	S2-701487239,S2-89878521,S3-397731601
S1-747398222	S2-504656982,S2-683012868,S2-795542700,S3-982003545,S3-223346886,S3-403511629,S3-642437610
S1-77210087	S2-110314131,S2-606976657,S2-319502688,S3-8927404,S3-411070994,S3-97119388
S1-217879569	S2-968623153,S2-188760741,S2-344973993,S3-975416246
S1-723957181	S2-624512554,S3-836526003,S3-809217933,S3-249418077,S3-503994540
S1-580158544	S2-481693160
S1-388098734	S2-392853279,S2-782965734,S3-418288086,S3-852314375
S1-442753645	S2-409682780,S2-208637422,S3-746466342,S3-10379434,S3-780212430
S1-820615748	S2-714219910,S3-268750623,S3-386135284,S3-726764466,S3-700802272
S1-994744648	S2-296911325,S2-970527566,S3-445773848,S3-598786857,S3-501037151,S3-540948274
S1-333219769	S2-193201819,S2-503051483,S3-523011675
S1-480940719	S2-233051321,S2-698713512,S2-706485044,S3-351284236,S3-161397868
S1-364832122	S2-331354827,S2-58273630,S3-838053184,S3-669200764
S1-772731810	S2-825512953,S3-651593698,S3-231097621
S1-238090791	S2-852260218,S2-692122135,S3-276842952,S3-957875855,S3-315813789
S1-159668461	S2-987470995,S3-838296338,S3-51498130
S1-897652201	S2-694916251,S3-326009177,S3-561707692,S3-296222987,S3-521481704
S1-542372123	S2-218574521,S3-750101212,S3-3334846
S1-239714763	S2-650552431,S2-696514737,S3-868862537,S3-471400279,S3-314554909
S1-884334911	S2-45667921,S3-903493800,S3-329081564
S1-797223745	
S1-159472873	S2-746749471,S2-524678391,S3-628452168,S3-255710403
S1-859470907	S2-113251171
S1-956159401	S2-472767088,S2-57412494,S3-485293280,S3-799222653
S1-265250966	S2-625233325,S3-589562693
S1-318713944	S2-897769691,S2-517599718,S2-670059809,S2-120983453,S3-173532902,S3-693371881,S3-489334320,S3-704049004
S1-589436096	S2-815970863,S3-118762349,S3-411221549,S3-777489458,S3-496617970
S1-834041722	S3-149179887
S1-520388853	S2-988387875,S2-279971870,S3-821770660
S1-677991264	S2-716274172,S2-86655354,S2-383366130,S3-880886032
S1-721301793	S2-550323890,S2-270892927,S3-154302619,S3-444974005
S1-701544871	S3-329403982,S3-923255443,S3-37940954,S3-882482414
S1-326180508	S2-89878028,S3-591376490,S3-689502692
S1-578613432	S2-504774768,S2-140007565,S2-453055258,S3-50494039,S3-38248796
S1-68818318	S2-968066090,S3-372524240,S3-986592079
S1-654284223	S2-471137961,S2-298622592,S3-485071860,S3-713644467,S3-493811746
S1-324178568	S2-718355827,S2-695614920,S2-299613402,S3-771440713
S1-923533410	S2-933805267,S2-741495360,S3-299338632,S3-935372376
S1-431296565	S2-198229383,S3-283353746,S3-128976192
S1-448844415	
S1-448079271	
S1-287335409	S2-723618912,S3-491502269
S1-970860111	S2-214267449,S2-388910327,S2-8168310,S3-943768408,S3-120000346,S3-55959560
S1-72194437	S2-412121874,S3-963950822,S3-77206509,S3-427825167
S1-294382682	S2-636955139,S2-500628525,S3-129291677
S1-156877424	S2-634044396,S3-655064969,S3-333040731
S1-707698056	S2-917586929,S2-961558675,S3-943044393
S1-231643515	S2-60355329,S2-496743037,S2-404397693,S3-222830731,S3-433070991
S1-270098919	S2-892570573,S3-154652169
S1-922564396	S2-186957316,S2-613669338,S2-103858682,S3-903629488,S3-295019178,S3-13598193
S1-619819077	S2-948509952,S2-492718438,S3-64754726,S3-206605951,S3-114576258
S1-68709155	S2-47310411,S2-39809819,S3-943785202
S1-910426010	S2-668225389,S2-495745054,S2-158691122
S1-823066460	S2-955395404,S2-678335091,S2-643726231,S2-400441009,S2-435078553,S3-665619769
S1-863678134	S2-154481844,S3-672128602,S3-481288743
S1-187605928	S2-800639534,S2-164727974,S2-564337967,S3-502096508,S3-417773999,S3-98712750
S1-809270651	S3-388072989,S3-695040705,S3-327838246
S1-847603207	S2-441403966,S2-601899137,S3-865500883,S3-365914790
S1-499893677	S2-68425278,S2-299195713,S2-770034408,S2-232739360,S3-773091116
S1-896889382	S2-573712434,S2-639531365,S2-422333004,S3-995593724,S3-436778993
S1-333182257	S2-25602289,S2-545730106,S3-688991810
S1-538026150	S2-689675159,S2-177161148,S2-4450147,S3-620377836,S3-162527818
S1-685127247	S2-369887361,S2-634186278,S3-649854201
S1-942273766	S2-780265727
S1-351416583	
S1-962358044	S2-746563805,S2-321921820,S3-487543069
S1-792836450	S2-821395131,S2-796044551,S3-844891496,S3-27691617
S1-790213006	S2-73602488,S2-517902416,S2-119794487,S2-736560967,S3-655005525,S3-231760043
S1-170891047	
S1-581116306	S2-526504431,S2-222442045,S3-723878044,S3-271910160,S3-454368129
S1-805516151	S2-107583001,S2-690755496,S3-258032163,S3-20241565
S1-437559937	S2-118596726,S3-399746005,S3-728198678
S1-562614473	S2-403190489,S2-792519746,S3-391115039,S3-349075382
S1-245140455	S2-911396240,S2-957848401,S3-421067808
S1-624984457	S2-348813665,S2-281193291,S3-819312284
S1-63050809	S2-462024990,S3-599712437,S3-588052489
S1-475512493	S2-487552051,S2-316250931,S3-331949076
S1-788702450	S3-333067292,S3-692929287,S3-89257810,S3-740333883
S1-570742040	S2-141859196,S2-8927988,S2-894883529,S3-261123629
S1-637315714	S2-374652112,S3-868151267,S3-794942681
S1-947349299	S2-812879585,S3-119797659
S1-628312306	S2-810126576,S2-161434008,S3-921323896
S1-264764963	S2-945074153
S1-371286192	S2-466427419,S3-610419260,S3-616782030
S1-869916985	S2-698240245,S3-954808344
S1-822715767	S2-149447328,S2-454548442
S1-661954186	S2-929449465,S2-609198724,S3-76885081,S3-224552414,S3-406771707
S1-593904830	S2-203332010,S2-326179698,S2-483518793,S2-622223311,S3-231542986
S1-25085578	S2-235472314,S2-930632482,S2-610459564,S3-486993661
S1-478299292	S2-154913981,S2-137944139,S3-840957735,S3-17140528
S1-280061086	S2-701231737,S2-68835475,S2-513176928,S3-433435688
S1-37913704	S2-291965376,S3-675394908,S3-815227102
S1-253078550	S2-47129526,S2-15930456,S2-744458162,S3-641142212
S1-304865001	S2-190890183,S3-675705381,S3-449654037,S3-439123104,S3-478983729
S1-375221014	S2-642544814,S3-602932046
S1-375126019	S2-416756902
S1-571284093	S2-296004803,S3-668760232,S3-735896967
S1-690867707	S2-397761435,S2-48303218,S2-965724953,S2-507335998,S3-692661623,S3-634378625
S1-525307621	S2-37221116,S3-561690057,S3-740487436,S3-26746069
S1-955408400	S3-139178823
S1-164897037	S2-592092932,S3-884713394,S3-349034365,S3-220401048,S3-735795809
S1-594512014	S2-19703194,S3-190480671,S3-663370272,S3-58759365
S1-568068726	S2-356166382
S1-573447861	S3-883317983,S3-687794026,S3-146071026
S1-409374576	S3-542219525,S3-71622090,S3-881119434
S1-765395310	S2-180585995,S2-311569016,S2-31509016,S2-122703170,S2-158131932,S3-238874166,S3-577142663,S3-630365678,S3-415033861
S1-980762721	
S1-444039572	S2-990581523,S2-814463180,S3-404720459,S3-111386224,S3-371792799
S1-694473654	S2-32861843,S3-127558124
S1-993367774	S2-308937888,S2-266344524,S3-145618328,S3-405783555,S3-558508458
S1-32592162	S2-593705250,S2-289154324,S3-599824588
S1-513685559	S2-693120282,S2-800785698,S3-352971492
S1-92675071	S2-784458802,S2-838920133,S2-972702616,S3-638401588,S3-380870931
S1-820440578	S2-777778695,S2-657517644,S3-789262195
S1-633455226	S2-926012447,S2-486493740,S2-115310866,S2-865110237,S2-594368253,S3-576812792,S3-804680871
S1-293173899	S2-498080124,S2-844394067,S3-762038550,S3-798892874,S3-713536049
S1-161566212	S2-174585747,S3-954750043,S3-92049325,S3-137799968
S1-265296585	S2-682383748,S3-75093644,S3-32103715,S3-146617132
S1-679509341	S2-700083025,S2-268979010,S3-868585150,S3-919006488,S3-538178189
S1-977711004	S2-195830110,S2-607499922,S3-141608359
S1-976957860	S2-753312636,S2-52824440,S3-431417735,S3-28455392
S1-920251229	S2-318446708,S2-602945997,S2-753654844,S3-300659392,S3-180596834,S3-858680578,S3-421086413
S1-35889831	S2-745526161,S3-556131731
S1-196520712	S2-417454494,S3-164336848
S1-677049666	S2-170158554,S2-610490551,S2-655949122,S2-671862337,S3-978946923,S3-704958232,S3-928284163
S1-510872976	S2-160876944,S2-850535012,S3-832580751
S1-92494629	S2-398715484,S2-430173657,S3-177497761,S3-636124089
S1-652167666	S2-241782821,S2-839936688
S1-955881860	S2-328753658,S2-132708093,S2-109331436,S3-420832375,S3-795094770,S3-590214638
S1-465948179	S2-457095199,S3-883132511,S3-805865883
S1-888227018	S3-359616803,S3-214343975
S1-430286970	S2-983788562,S2-375856252,S3-938576084
S1-816342802	S2-622067602,S2-566742037,S3-518028683,S3-972738657,S3-624070870
S1-818895977	S2-669861543,S2-910027046,S2-42192439,S3-475139040,S3-719669768
S1-746963211	S2-34592164,S2-520389329
S1-397230675	S2-151043371,S2-984332361,S2-143534246,S3-396002710,S3-845600346,S3-506555553
S1-523199754	S2-346423415,S3-531226828,S3-264364356
S1-802151825	S3-54899462
S1-36771319	S2-691911826,S2-85331653,S3-412847140,S3-968196349,S3-224044456
S1-875198731	S2-758805561,S2-611163483,S2-279826306,S3-340682342,S3-772134490,S3-124453964
S1-472114996	
S1-647498853	S2-270718432,S2-67828016,S3-692007636,S3-689897043
S1-123766986	S2-472187092,S2-915666990,S3-965343290
S1-724615522	S3-764844587,S3-921050288
S1-70637754	S3-351545460,S3-211266640
S1-715011574	S2-285769874,S2-302879645,S3-102261430,S3-691324039
S1-829924536	S2-481807621,S3-33259891
S1-676138691	S2-883063890,S2-235052645,S3-944027350,S3-435418619,S3-606527454,S3-162352773
S1-925829928	S2-269681907,S2-99975742,S3-492313756,S3-932693997
S1-769930896	S2-251739612,S2-275494608,S3-129392845,S3-291696741
S1-504708672	S2-454248717,S2-803160661,S3-656931999
S1-171489233	S2-952663568,S3-896187380,S3-470093837
S1-5666852	S3-771725519,S3-356309818
S1-848066157	S2-302448833,S2-619034888,S2-599692916,S3-195748973,S3-932721649
S1-946864769	S2-144341481,S2-444990989,S3-373644427
S1-445878411	S2-119449034,S2-67569538,S2-620295418,S2-760365711,S2-872222559,S3-328854177
S1-312156078	S2-479340647,S2-810403239
S1-353673213	S2-378604444,S3-207686474,S3-295123941
S1-169206053	S2-535300515,S2-412983800,S3-262029998
S1-309941954	S2-686845148,S2-75716406,S3-528059406,S3-375839337,S3-686932657,S3-384801056
S1-304865704	S2-536705597,S2-665404392,S3-257638026
S1-154393046	S2-992581500,S3-576774003
S1-667533802	S2-49509600
S1-342767270	S2-95576504,S2-170498924,S2-709960599,S3-956975454,S3-174800416,S3-556157983
S1-437775399	S3-743438407,S3-260282561
S1-421121032	S2-722401434,S3-342167817,S3-311382080
S1-734090218	S2-216737315,S2-673592824,S3-713087599
S1-520666254	S2-837440603,S2-627858867,S3-841985832
S1-681253731	S2-835956849,S3-592129615,S3-63270294
S1-447646523	S2-536061197,S3-571700078,S3-429712946,S3-314389321
S1-604604018	S2-227823166,S2-656766577
S1-617119105	S2-232374583,S3-589787998,S3-469148336
S1-369338611	S2-480237259,S2-678661240,S2-649106913
S1-107229576	S2-781786496,S3-553935360
S1-376723347	S2-752716222,S2-17282572,S2-537914069,S3-787926921,S3-747053839,S3-393154545
S1-387031807	S2-178312461,S3-64300027
S1-526751262	S3-868839997
S1-281828617	S2-905297196,S2-196735519,S3-176270361,S3-13221393
S1-812012468	
S1-598401367	S2-303194452,S2-712470149,S3-457462197,S3-623886953,S3-91829511,S3-470639551
S1-189164998	S2-758323030,S2-547153734,S3-567932935,S3-791036731
S1-509535281	S2-503552861,S2-327181222,S2-179921948,S2-71403665,S2-880574147,S3-966120076,S3-344709900,S3-600040402
S1-621123888	
S1-991953857	S2-274114931,S2-501771051,S3-939796836,S3-409914421
S1-276277863	S2-137741209,S3-247441074
S1-961852454	S2-304723394,S2-585086693,S3-949750832
S1-263370515	S2-228543932,S2-534632377,S2-830961435,S3-614142325
S1-583158538	S2-245686963,S2-920661008,S2-46104284,S3-577668144
S1-824847205	S2-484820099,S3-719889601
S1-268295736	S2-130207287,S2-24614120,S3-117380702
S1-686914578	S2-577822973,S3-679900500,S3-611517179
S1-375669228	S2-659786185,S2-821161260,S3-45078878,S3-342059914
S1-814510304	S2-512242441,S2-167069486,S3-74442992,S3-526205725,S3-33953546
S1-908880478	S2-623798557,S2-55421595,S3-475205174,S3-846049722,S3-835686062
S1-967029278	S2-476390499,S2-510257292,S2-413978202,S3-550771899
S1-939195325	S3-713553731,S3-592548056
S1-988103132	S2-142706795,S2-190172359,S2-78490012,S3-102520774
S1-920238983	S2-265930772,S3-974657366,S3-633797202,S3-111119052
S1-407846991	S2-757625532,S2-203991201,S3-669054252
S1-792176615	S2-242930409,S2-891110097,S2-214158595,S2-950048293,S3-983931072
S1-420157132	S2-931141153,S2-526616540,S3-509885312,S3-143213606,S3-404874182
S1-745900582	S2-248945343,S2-847997205,S3-594063923
S1-69285384	S2-671118844,S2-734417045,S2-430107550,S3-240805184,S3-994249353
S1-963497144	S2-451890701,S2-8877789,S3-735681662,S3-654853897
S1-448182681	S2-280644673,S3-930345339,S3-241688118,S3-952541644
S1-56524518	S2-71422754,S2-880376577,S2-674317561,S3-309030882
S1-652403044	S2-24525918,S3-39847081,S3-852436131,S3-682812552
S1-418286873	S2-194517613,S3-443871504,S3-243322595,S3-849202837
S1-768169645	S2-729484076,S3-63995194
S1-243546668	S2-186325799,S2-535543044,S3-18782344,S3-365667792,S3-223306223
S1-419587038	S2-251796227,S3-675532651,S3-265419467
S1-729397958	S2-29196169,S2-29728988,S3-799797527,S3-805812669
S1-377721237	
S1-485935875	S2-755259209,S2-574253166,S2-632065129
S1-347162415	S2-262244773,S2-50955052,S3-476886082
S1-481336830	S2-353629291,S3-139079389,S3-760508404,S3-155989957,S3-604810125
S1-279072967	S2-402308114,S2-57853990,S3-773166446
S1-359776624	S2-685681755,S2-629055456,S2-492921951,S3-959725024,S3-600615492,S3-703840502
S1-474298816	S2-173469202,S3-151868576,S3-958235030,S3-598979982,S3-403605311
S1-170488110	S2-511907431,S2-705570275,S2-147017767,S2-569866509,S2-966535918,S3-760777628,S3-150795022,S3-182239449
S1-773694076	S2-929718650,S2-646931935,S3-675631854
S1-964736623	S2-133021786,S2-370080093,S3-243634972,S3-198924650,S3-200874840
S1-910489053	S2-798604772,S3-620123251,S3-980962054
S1-556637108	S2-230449440,S2-115574984,S3-822269727,S3-871657241,S3-917453
S1-519931137	S2-207694159,S2-526643452,S3-578177728,S3-493974405,S3-716176284,S3-753390355
S1-791992140	S3-836652747
S1-300146049	S2-139190907,S3-13688770
S1-417427401	S2-671799963,S3-665664572,S3-685332758
S1-634429546	S2-681643275,S2-985903330,S3-277109748,S3-348734844
S1-820004652	S2-605754342,S2-265431374,S2-301314133,S3-563658957,S3-554744562,S3-450470707
S1-385269265	S2-863584388,S2-416619140,S3-918751458
S1-814589639	S2-446371835,S2-291836924,S3-441648538,S3-216317266,S3-676520759,S3-991986619
S1-564124135	S2-912231879,S2-743361622,S3-185806389
S1-583158915	S2-54035283,S3-789545944,S3-42119876,S3-994558043,S3-917673177
S1-114638959	S2-723868191,S3-557619284
S1-494666278	S2-671181868,S2-848794129,S3-939284350
S1-242398173	S2-535680777,S3-642941203
S1-964617166	S2-777007343,S2-893524272,S2-226617344,S3-341930939,S3-778924465,S3-475280549
S1-431562569	S2-901002140,S3-932703080,S3-605342065,S3-605082993,S3-5933015
S1-871821494	S2-219018497,S2-534602412,S3-747946102,S3-826009483,S3-957102204,S3-826958485
S1-270123694	S2-978835122,S3-989208098,S3-286264314
S1-774520755	S2-68114565,S3-465403874,S3-211492724
S1-489354516	S2-9307366,S2-359778804,S3-510421545,S3-700424745,S3-953808270,S3-490227491,S3-435764571
S1-57494871	S2-435806961,S3-754093038,S3-876841433,S3-825038073
S1-942045664	S2-666228378,S3-269061180,S3-646243973
S1-746827082	S2-875032932,S2-677930012,S3-13891301,S3-559208013
S1-74554030	S2-886053294,S3-183205344,S3-26554174
S1-538763364	S2-71672538,S2-391888979,S3-604023832
S1-899539345	S2-323312095,S2-536210575,S3-742794546,S3-644002162
S1-235407512	S2-635102973,S2-418024740,S2-266872003,S3-494079895
S1-77244406	S2-446248236,S2-129310002,S2-634611252,S3-794934209,S3-221344283
S1-993368361	S2-876390638,S2-25114193,S2-489470496,S3-44347127,S3-129662625
S1-548062520	S2-540920023,S3-510837712,S3-460306192
S1-817627463	S2-42086122,S3-330451682,S3-419020735,S3-308310499
S1-878196116	S2-697417820,S3-55682767,S3-913940254
S1-633330113	S2-698676654,S3-696580628,S3-930563282,S3-930287319,S3-537305536
S1-729494242	S2-125821999,S3-623040112,S3-392216071,S3-547739243
S1-63821326	S2-100644930,S2-444296079,S3-261759777
S1-272445463	S2-640749310,S2-512568151,S2-608834266,S2-467139364,S3-854310251
S1-399565740	S2-821928966,S2-255733283,S3-366596553,S3-300740716
S1-78962865	S2-305472730,S2-105831986,S3-520890302,S3-601731822
S1-118586307	S3-736011228
S1-829963992	S2-796297155,S2-83556976,S3-26015296
S1-710881257	S2-682290353,S3-83796224
S1-317680041	S2-3993720,S2-761187229,S3-245268853,S3-41233105,S3-580618198
S1-286045557	S2-27837641,S2-28959149,S2-696420786,S3-192713521,S3-403048461
S1-115906408	S2-800164947,S2-229931708,S2-528804900,S3-504206966,S3-425753458,S3-31820967
S1-453670902	S2-710177187,S2-715092705,S3-126377548,S3-610987746,S3-615035662
S1-788717727	S2-726443301,S2-430841772
S1-50580008	S2-279266239,S2-716313809,S3-887920681
S1-846784423	S2-945834277,S3-648937810,S3-571836569
S1-705768352	S2-40797705,S2-760459653,S3-823627342,S3-834513129,S3-784052101
S1-815950207	S2-260984348,S2-762826058,S3-848451799
S1-406576239	S2-306103079,S3-887080043,S3-841424260,S3-716502452
S1-749092595	S2-111774327,S3-281920314
S1-7207222	S2-667464359,S3-88752728
S1-540840570	S2-716833099,S2-173777491,S3-157009015,S3-280015994,S3-658876015,S3-108800789,S3-256964670
S1-809587897	S2-668556939,S3-665511523,S3-276993343,S3-50688220
S1-865081196	S2-949077612,S3-679914150,S3-946211967,S3-271059627,S3-454564145
S1-298152867	S2-471726687,S2-479862026,S2-62319514,S2-814387412,S3-662214855
S1-476074822	S2-457599222,S2-894982687,S2-496907259,S2-49566267,S2-153161854,S3-313334671,S3-313914389,S3-224028571,S3-352590211
S1-798213940	S2-551370522,S2-629145301,S2-264247694,S3-506901196,S3-805841239,S3-28282592
S1-359703251	
S1-413848773	S2-780679632,S2-33502672,S2-674027076,S2-485538932,S2-151365085,S3-178612907,S3-235618921
S1-331217275	S2-686079520,S3-86598525
S1-805226238	S2-744187295,S2-400654085,S2-826849744,S3-108520111,S3-519960248
S1-258610916	
S1-170356283	S2-477558792,S2-117190522,S2-221418910,S3-93046723
S1-503405627	S2-699398801,S3-762787309
S1-331112931	S2-990501157,S3-505036170
S1-939072300	S2-83987495,S3-340466843,S3-790071651,S3-876233551
S1-818610319	S2-773124815,S2-402890518,S2-98044820,S3-782452075,S3-907510812,S3-199826323,S3-860106291
S1-345110290	S2-545048905,S3-118138119,S3-118630996
S1-428451581	S2-166401660,S2-415899845,S3-375079265,S3-668886848,S3-960362869
S1-892029216	S2-52122412,S3-60629004,S3-180700087,S3-949895159,S3-400947877,S3-769084838
S1-588942477	S2-321294083,S2-393685157,S3-492826606
S1-471059066	S2-907848844,S3-464993559
S1-266957295	S2-874720978,S3-194472187,S3-363233964
S1-930306127	S2-596455483,S2-496963113
S1-772997598	S2-492484728,S2-1056557,S2-158809708,S3-825709738
S1-820854543	S2-957087877,S3-569236102,S3-869431266
S1-673311693	S2-604723022
S1-645290771	S2-373300803,S2-4780145,S3-943382331,S3-309142993
S1-726387045	S2-814646677,S2-934165012,S2-668510814,S2-493308292,S3-401720532
S1-184782898	S2-198158715,S2-46699141,S3-22315553,S3-819049271,S3-397537201,S3-241337386
S1-830029805	S2-489700549,S3-922554811
S1-627735221	S2-250512531,S2-480475193,S3-825345125,S3-745969770
S1-874164355	S2-37424073,S2-342022738,S2-825093879,S2-522362098,S2-113112351,S3-556868866
S1-272808438	S3-265298064,S3-969516340,S3-836133408
S1-920223806	S2-854298403,S3-575723784
S1-952414178	S2-190929856,S2-999968473
S1-327289172	S2-450951494,S2-168267675,S3-939533525,S3-743902659,S3-85818785
S1-371642228	S2-705869764,S3-824043091
S1-914123073	S2-879453393,S3-225492696,S3-939840043
S1-72728808	S2-176631682,S3-714459335
S1-871771668	S2-308058811,S3-990192946,S3-116532295
S1-667385988	
S1-25739822	S2-32134159,S2-796162332,S3-67139902
S1-420060533	S2-885265322,S2-586815181,S2-884880110,S3-229942075,S3-267803480
S1-368435155	S2-192327934,S3-617881685
S1-287624814	S2-841660529,S3-789241126,S3-213317786,S3-860444503
S1-129566709	S2-282239030,S3-560162530,S3-376898204
S1-14127043	S3-96306079
S1-852407284	S2-188911369,S2-175921585,S3-77817553
S1-207289934	S2-694268189,S3-674037291,S3-851073166
S1-945904134	S2-315120682,S3-968942604,S3-851201951,S3-778112467,S3-546950875,S3-157593057
S1-678503908	S2-224903988,S3-857745990
S1-715353504	S2-530709826,S2-805196469,S2-658107770,S3-751686951,S3-542245124
S1-586735288	S2-293923633,S2-431821659,S3-786824767,S3-244583002
S1-691779039	S3-371722585,S3-631892100
S1-750049425	S2-906453921,S3-953545551,S3-33288886,S3-745538919
S1-419364566	S2-121763153,S3-241335303,S3-537122558
S1-688832592	S3-908829627
S1-720547746	S2-839205817,S2-259414380,S3-645509462
S1-727131296	S2-200395834,S3-630095974,S3-40468636,S3-330186332
S1-611245415	S2-732299226
S1-959952628	S2-647695665,S2-533731798,S2-249055847,S3-125985129
S1-350395575	S2-939426318,S2-142037332,S2-127301515
S1-707809382	S2-748133979,S3-860503913
S1-93806280	S2-233347205,S2-985537153,S3-743210674
S1-755940109	S2-888849330,S3-691348479,S3-142634907,S3-425526819
S1-713273234	S2-562332939,S3-213857453,S3-385369039,S3-947248152
S1-448137263	S2-581677522,S2-621620713,S2-218503537,S3-763499304,S3-87879050,S3-813307763
S1-428878260	S2-253384083,S3-355943933
S1-775299451	S3-756706905
S1-409497215	S2-469148009,S2-318522652,S3-294983739,S3-316552203
S1-788897468	S2-5811473,S3-447602502
S1-194845331	S2-261201796,S2-944686911,S3-498906752,S3-308011525
S1-873201051	S2-93256612,S2-230540603,S3-286263482,S3-852281476
S1-483141866	S2-237207188,S2-362964585,S3-958706817
S1-8534732	S2-532880378,S3-26934488,S3-402803407
S1-289913241	S2-577691362,S3-327093281
S1-524976005	S2-365439378,S2-504528395,S2-723348502,S3-54922935
S1-551311169	S2-832560126,S2-945318987,S2-317348282,S2-703550101,S3-754426108
S1-759530673	S2-456800532,S3-369641545
S1-689197654	S2-952272922,S2-886116239,S3-383871030,S3-194499495
S1-109896279	S2-852061421,S2-311367736,S2-582613051,S3-523517230,S3-894025439
S1-396629862	S2-554785986,S3-558583914,S3-844764042
S1-802354505	S2-912932347,S2-29561328,S3-428672981
S1-278717731	S2-799600876,S3-809003996
S1-666533699	S2-554122308,S2-381785440,S3-22070462,S3-938934110,S3-312916524
S1-960370717	S2-927293066,S2-577874754,S3-238420129,S3-534441283,S3-443081434,S3-370769562
S1-726907354	S2-268325913,S2-788747700,S2-437629072,S3-608205252
S1-530659270	S2-358604228,S3-171167380,S3-89618344,S3-417346023
S1-260770404	
S1-202957688	S2-44415217,S2-953503164,S3-248058555,S3-738131735
S1-884932402	S2-684608350,S2-383537526,S2-534750099,S3-384450988,S3-536222231,S3-293301722
S1-150700517	S2-310820868,S2-904838358,S2-241479975,S2-149534873,S2-247205923,S3-931186321,S3-96976227
S1-145099878	S2-17345120,S3-48367786,S3-661921743
S1-886649303	S3-591661212
S1-37337822	S2-406231720,S3-206538923
S1-935237875	S2-292629825,S2-748554330,S3-102293969,S3-711897044
S1-416724627	S2-557043784,S3-278562309,S3-435058227
S1-374561866	S2-975093156,S2-424082629,S2-511799324,S2-370714570,S3-212642855,S3-277132081
S1-808850994	S2-546141548,S2-188868324,S3-632037165,S3-206734438
S1-672627288	S2-768000639,S2-410084250,S3-911225110,S3-52870407
S1-62616369	S2-249997354,S2-262583195,S3-512527485
S1-446381067	S2-325195133,S3-282736644
S1-678086602	
S1-106318472	S2-479679422,S2-569535620,S3-306357581,S3-891393747
S1-374349170	S2-883685319,S3-903941665,S3-538568929
S1-554728440	S2-750952198,S2-283414025,S3-354209529,S3-266225961,S3-62387301,S3-737516163
S1-240483393	S2-241344884,S2-367031337,S2-356160901,S2-144551548,S3-616495158
S1-219112924	S2-190467929,S2-36628267,S2-653803153,S3-516461196,S3-262831977,S3-211715788,S3-969024634,S3-308020753
S1-724744114	S3-540386888,S3-533827506
S1-2506251	S2-243448056,S3-13990980,S3-596926852
S1-636532794	S2-953676500,S3-676351437,S3-634232726,S3-167571173
S1-239396144	S3-420000790,S3-939305821
S1-985718412	
S1-893409515	
S1-696545513	S2-957492334,S3-531207200,S3-153185587,S3-72340043
S1-477442096	S2-565134964,S3-304831072
S1-824031067	S2-865523655,S2-829574531,S3-498451951,S3-675260980,S3-770347154
S1-752278816	S2-28386525,S2-97194119,S3-232507414
S1-463681009	S2-274358495,S2-399573717,S2-975689925,S2-520419154,S3-631097642,S3-44804534,S3-771735655
S1-195962477	S2-295189426,S2-361038997,S3-671839691
S1-529697239	S2-607765765,S3-524171334
S1-184235936	S2-377774331,S3-970685075,S3-657883316
S1-614409422	S2-21133439,S2-938106777,S3-522336937
S1-858119038	S2-195786809,S2-153359409,S2-5336171,S2-212986873
S1-993510701	S2-12422418,S2-914781502,S3-422477920
S1-860162860	S2-306456033,S2-306366760,S3-397077274,S3-493609504
S1-404448479	
S1-772512636	S2-513569262,S2-89271169,S2-337411451,S2-265055653,S3-513024543,S3-693367251,S3-815752008
S1-575493781	S2-70095978,S2-279272697,S3-453230366,S3-54500207
S1-516931479	
S1-686419773	S2-384669603,S3-935455549,S3-423636527,S3-222570787,S3-886290943
S1-425369869	
S1-411892463	S2-505788355,S3-877935171
S1-366368643	S2-455930983,S2-408566376,S3-629993203,S3-644290970,S3-207151660
S1-232123593	S2-634159643,S3-874305026,S3-926305971,S3-901949695
S1-584712736	S2-71805438,S3-932825242,S3-72076886,S3-923164886
S1-286120360	S2-991632319,S3-5814549,S3-596778902
S1-320439243	S2-737724187,S2-868282873,S3-902752864
S1-992238198	S2-440046457,S2-355082522,S2-562910366,S2-834046080,S3-528039018,S3-569101302,S3-513973041
S1-202525701	S2-987120128,S2-245615522,S2-75944518
S1-534522583	S2-110846978,S3-500026194,S3-431487717
S1-205794077	S2-490601488,S2-977171016,S3-704753141,S3-43826698,S3-662144979
S1-926155219	S2-863606657,S2-192515858,S3-157498143
S1-815310047	S2-187430087,S3-836550899
S1-317690617	S2-739569037,S3-453165949,S3-655997968
S1-627624963	S3-650759028,S3-435666131,S3-986939090
S1-653816838	S2-859075480,S3-635002869,S3-773396290
S1-628943954	S2-611585574,S2-938686336,S2-456390563,S2-567112919,S3-465681918,S3-554544553
S1-176323280	S2-844302493,S3-319558095,S3-703365124,S3-685922577,S3-3724162
S1-620850468	S2-687626589,S3-815911450,S3-155928299
S1-614927528	S2-943061851,S2-238596045,S3-987911105
S1-864897771	S3-871478128
S1-8313541	
S1-976066964	S3-512024683,S3-651223059
S1-427008733	S2-585253275,S3-90776281,S3-149825318,S3-438053144
S1-911474372	S2-730421357,S3-234755381,S3-791427869
S1-603546113	S2-514332259,S2-683246388,S2-613853456,S2-297735284,S3-583382446
S1-231870118	S2-833970769,S2-159584599,S3-548527178,S3-464340748,S3-366820497
S1-686982504	S2-42018198,S3-621245602,S3-389401459
S1-192116742	S2-167897045,S2-233898361,S3-63206978,S3-832335117
S1-441461980	S2-35879838,S2-337212954,S3-687981844,S3-548654367
S1-118778574	S2-190416929,S2-918722476,S2-946457214,S2-935881140,S3-880657947,S3-94164924,S3-787643115
S1-770911942	S2-231307087,S2-634812583,S3-93897029,S3-940781566,S3-118100710
S1-178067414	S2-403785209,S2-284822214,S2-858537050,S3-916478272
S1-274396809	S2-396463071,S3-446220886
S1-460862310	S2-821150529,S2-766489827,S3-321891731,S3-463121451
S1-354594989	S2-797840649,S2-42882764,S2-716087195,S2-898432025,S3-154726082,S3-199918441
S1-30902337	S2-605802012,S3-3943580,S3-833358345
S1-809738726	S2-573646750,S2-340084555,S3-504660550
S1-230569531	S2-191293434,S2-561809902,S3-997370710,S3-866305321
S1-485346485	S2-668117710,S2-172991907,S3-150319727
S1-323784416	S2-655439286,S2-527104580,S2-309614646,S3-481318537,S3-332930594,S3-443902630,S3-247746803
S1-381682451	S2-696404842,S2-257969872,S2-282151769,S3-102072699,S3-546384064,S3-986173321
S1-504300314	S2-96986943,S2-512660520,S3-144577890
S1-564456230	S2-764896002,S3-213057243,S3-959561716
S1-947408152	S2-264666468,S3-744982934
S1-98173363	
S1-753286450	S3-287002183
S1-575540220	S2-360247666,S2-999378588,S3-342172128,S3-162725545
S1-786040494	S2-194054062,S2-179818525,S3-698374398,S3-947263604,S3-943345658
S1-940757335	S2-552833156,S3-430430557
S1-913174065	S2-393920186,S3-529721139,S3-802152698
S1-781489698	S2-894105710,S3-287450986,S3-672930328,S3-357271361
S1-96225185	S2-946093826,S2-337282273,S3-573884184
S1-732980514	S3-222606224
S1-326109420	S3-696177719,S3-887718804,S3-276305442,S3-913677074
S1-7193030	S2-280934919,S3-636806303,S3-780585683
S1-245896083	S2-760237778,S2-714578992,S2-500026393
S1-271389826	S2-729678862,S2-525030888,S2-399678955,S3-983681022
S1-307731517	S2-756107935,S2-371899503,S2-161708936,S3-574285187,S3-443907199
S1-696928805	S2-775239366,S2-872556073,S3-372462921
S1-561295600	S2-173368920,S3-140543306,S3-643990691,S3-160177930
S1-253615210	S2-379116946,S3-879880921
S1-974241796	S2-545367345,S2-320583452,S3-862802547,S3-212707371,S3-763891730
S1-232649412	S2-8425798,S3-2214935
S1-687674	
S1-448940074	S2-369255773
S1-77899382	S2-8453513,S2-988436333,S2-902844429
S1-6770507	S2-398585005,S2-80140899,S2-195885172,S3-254726803
S1-215760888	S2-888721485,S2-364885495,S3-871213315,S3-497945452
S1-944700436	
S1-872013262	S2-536104790,S3-962605413,S3-973669687,S3-163258772
S1-510821317	S2-36828378,S2-9371242,S3-643451684
S1-29956037	S3-407940492
S1-937014649	
S1-993439913	
S1-332861765	S2-637243430,S2-778737521,S3-871073587
S1-539882112	S2-681806926,S2-106313380
S1-599131479	S2-854725836,S3-651201693,S3-312643091
S1-530154484	S2-679459967,S2-166697791,S3-305869877
S1-458583814	S2-337843289,S3-866443900
S1-805176547	S2-456917439,S2-713066404,S2-453610122,S3-720357534
S1-401356599	S2-159494819,S2-770589117,S2-727951128,S2-801840481,S3-1496894
S1-596530945	
S1-161570766	S2-674760997,S3-53277457
S1-491352053	S2-564061271,S3-278676084
S1-87964180	S2-94130282,S3-263927564,S3-252129745,S3-679081733,S3-104988702
S1-776283021	S2-717294231,S2-214807013,S2-334072198,S3-503594902
S1-256149847	S2-75093651,S3-819419732
S1-454767096	
S1-387788087	S2-652492195,S3-762960800,S3-581716699
S1-828091412	S2-421413999,S2-947007106,S2-949632348,S3-510267820
S1-712581722	S2-991275243,S2-60283634,S2-138904185,S3-458998463,S3-546923603
S1-719024981	S2-964585904,S2-95404464,S3-334487216
S1-818939300	S2-541759914,S3-709622490
S1-724666975	S2-214780876,S2-114492417,S3-282790111,S3-523529061
S1-237382987	S2-990125975,S2-463573365,S3-783266214
S1-20423837	S2-409675301,S2-544624319,S3-730199952,S3-435284530
S1-420228664	S2-917907397,S2-924302917,S3-572394117,S3-41862251
S1-19618602	S2-626451001,S3-155621919,S3-475466732
S1-960199634	S2-234022870,S3-97049326
S1-668157111	S2-654099089,S3-197200638
S1-489516160	S2-105990795,S3-373670217
S1-650693603	S2-757237589,S2-229476752,S2-139875614,S3-469452431
S1-871898365	S2-551089416,S3-182517998,S3-778005890
S1-1989747	S2-409481126,S2-115899772,S3-267679760
S1-201647337	S2-726943797,S2-937431777,S3-974450143,S3-250378509
S1-273392842	
S1-954910510	S2-294220430,S2-298484327,S3-921539470,S3-892532006,S3-130267034
S1-333374527	S2-913610221,S3-795695062,S3-794942769
S1-577168084	S2-748074390,S2-870517577,S3-368166652
S1-108423934	S2-755191633,S3-810222291
S1-607946373	S2-332777516,S2-814497202,S2-242791098,S3-638389463,S3-217206783
S1-977415676	S2-61034398,S3-571526510
S1-285178500	S2-748830867,S2-258017729,S3-403707124
S1-86888227	S2-475927392,S3-67022593,S3-26598641
S1-527595885	S3-825863050,S3-888569454
S1-387162193	S2-891241639,S3-224889571,S3-190895007,S3-508851360
S1-700479011	S2-517352342,S2-585792276,S3-331223496,S3-734132774,S3-602042952,S3-294271823
S1-757358394	S2-515429823,S2-560978354,S2-727082850,S3-719128073,S3-886305821
S1-394491228	S3-654017811,S3-395683409
S1-845659270	S2-166109063,S3-36173864
S1-76175561	
S1-713896524	S2-181965526,S3-85627418
S1-987529230	
S1-768173513	S2-271716460,S2-447548202,S2-933537189,S3-235050922,S3-143363129
S1-933461810	S2-680063441,S2-566640083,S2-794678999,S3-274945789,S3-561672863,S3-975078829
S1-187696956	S2-915518466,S2-966605343,S2-919749949,S3-234154519,S3-123129794
S1-933904337	S3-967964128,S3-345728693,S3-763634557
S1-100383410	S2-921693749,S2-698620235,S2-796329011
S1-822559221	S2-576741746,S2-901336095,S2-643953523,S3-554222431
S1-343463802	S2-223925160,S3-81074170,S3-354399635
S1-709951250	S2-911306203,S2-251437627,S3-190468622,S3-177991172,S3-154059756,S3-79107846
S1-61790999	S2-351850948,S2-580261868,S2-167169760,S3-747738762,S3-160339451,S3-700181453
S1-906382044	S2-638588964,S2-991330785,S2-102264262,S2-956103084,S3-513114998
S1-328932876	
S1-506567506	S2-768037643,S3-772909269,S3-280793435,S3-478815978
S1-117089500	S2-16465643,S2-483697203,S3-26266438
S1-560136767	S2-366902465,S2-130780959,S3-253192562
S1-560635103	S2-513238019,S3-839543101
S1-887445316	S2-112899789,S2-587761161,S2-232091178,S2-908408436,S3-401965049
S1-865840736	S2-589501381,S3-480568483
S1-71482533	S2-245864681
S1-932205821	S2-740105772,S2-335038648,S3-524493626,S3-21792907,S3-549235354
S1-653604318	S2-475303790,S3-528141174,S3-38933816
S1-372569032	S2-409321154,S3-762471493
S1-182330177	S2-434511932,S3-939222578,S3-68685505,S3-434849977
S1-435973459	S3-121461619,S3-479400383
S1-181431616	S2-42199155,S2-708471291,S2-849837214,S3-880679348
S1-332374056	S2-543107464,S2-272547854,S2-608316732,S3-232656447,S3-45851527
S1-296741794	S2-549921632,S3-628416389
S1-641734663	
S1-600506267	S2-748554377,S3-569500654,S3-640253594,S3-410561275
S1-241402776	S2-591841410,S2-897685937,S3-975358245
S1-397445983	
S1-565112323	S2-662582932,S3-174332409,S3-915223154
S1-191445719	S2-885554896,S3-263204998,S3-975923919,S3-368061144,S3-904417493,S3-435954354
S1-431727610	S2-987890294,S2-166867192,S3-163403976
S1-1721953	S2-971907670,S3-656719547,S3-57001533
S1-956259519	S2-174080461,S3-876828423
S1-393170200	S2-913077762,S3-524698699
S1-3698588	S3-582910559
S1-308480961	S2-906118545,S3-859450566
S1-188169807	
S1-190260827	S2-803218424,S2-389554276,S2-130168173,S3-883978295,S3-401420183
S1-65679469	S2-27194860,S3-762229495,S3-175615819,S3-611475946
S1-38261029	S2-110081074,S2-914160514
S1-871964934	S2-537298541,S2-339550622,S2-123724161,S3-312689928,S3-282628151
S1-481948594	S2-964522333,S2-977367648,S2-191928549,S3-24581903,S3-808676813
S1-343970997	S2-12765191,S3-786999359
S1-751893495	S2-738730668,S3-389599012,S3-37890588,S3-491851725
S1-375332602	S2-294362395,S2-774477098,S3-239245300,S3-724041474
S1-253705153	S2-454024800,S3-34903549
S1-757655047	S2-761814697,S2-746150121,S2-552176328
S1-794455332	S2-816984618,S2-383328537,S3-280585569
S1-58523646	S2-827727887,S3-151087973,S3-624252708
S1-208080708	S2-278546349,S2-663765510,S3-643626245,S3-572886394
S1-144960968	S2-205813606,S2-606791209,S3-78427343,S3-889622732
S1-315309947	S2-700705837,S2-152940120,S3-81490005
S1-750609877	S2-784578848,S2-367487336,S3-855268488,S3-629487841
S1-166380995	S2-103562490,S2-341332446,S2-388733401,S3-708559424,S3-360665017,S3-29240247,S3-711200091
S1-213072191	S2-736150197,S3-743235818,S3-550903050
S1-765250180	S2-824414395,S3-656542064,S3-658826404
S1-822201153	S2-52431208
S1-116441265	S2-480048095,S2-896458660,S2-945614786,S3-902803160,S3-485108709,S3-36122156,S3-669910874
S1-720741010	S2-502417539,S2-319847897,S3-565649964
S1-107880052	
S1-717013176	S2-84924849,S3-714732345
S1-377638765	S2-442431600,S2-449883535,S2-372850965,S3-807888783,S3-396366434
S1-197042224	S2-865947538,S3-935061671
S1-211126265	S2-629902575,S3-693829823,S3-626139215,S3-465197988
S1-939212467	S2-985464366
S1-64446299	S3-675305201,S3-259284543,S3-765148334
S1-470332411	S2-495460203,S3-15731904,S3-971675360
S1-280033616	S2-508903413,S2-84369709,S2-634630037,S3-6043501
S1-516399914	S2-847304708,S2-416689065,S3-120705117,S3-131489150
S1-50905021	S2-755912479,S2-46327203,S2-314297309,S2-469864720,S3-376336454
S1-329958963	S2-441499944,S2-4031782,S2-710867326,S3-109580314,S3-134082149
S1-607538262	S2-54232086,S3-75820652,S3-309305064,S3-287775651
S1-973361251	S2-653962404,S3-850896056,S3-264846171,S3-195301876
S1-552544757	S2-795015372,S2-843039474,S3-508063561
S1-459890211	
S1-238562893	S2-440947354,S3-996694118,S3-926894750,S3-477598909,S3-884890048
S1-142302332	S2-264425304,S2-84271404,S3-859065075,S3-882350269,S3-829404619
S1-478321749	S2-853193771,S3-632400235,S3-191355534
S1-933898511	S3-220841859,S3-494069530
S1-468160746	S3-945322062
S1-531905937	S2-234023180,S3-235691501,S3-565886182
S1-719454654	S2-433612869,S3-800659538
S1-372731152	S2-244969434,S2-855526730,S3-847629894
S1-280086809	S2-969687306,S2-24469307,S3-294634823
S1-14461237	S2-51689238,S2-124346986,S2-830206938,S3-498330760,S3-511515316,S3-579968973
S1-311398518	S3-957898371,S3-150527916,S3-761561775,S3-824546374
S1-215771155	S2-536574430
S1-810059317	S2-582155713,S2-74267785,S3-505414327,S3-74630369
S1-609503509	S2-926289832,S3-807056707
S1-177379321	S2-770184943,S3-495341249,S3-232269908,S3-906208185
S1-20584859	S2-569733183,S3-223113526
S1-230561598	S2-107273451,S2-179516267,S3-547257909
S1-861755050	S2-47058461
S1-665216851	S2-825599626,S3-62315882
S1-533347878	S2-885042880,S3-840093589,S3-720241418
S1-166693323	S2-534925110,S2-466104538,S3-404439727
S1-44038682	S2-122346570,S2-972499434,S2-740966845,S2-533654941,S3-760584053,S3-253640963
S1-334532143	S2-115194233,S2-568283482,S2-971681881,S2-499422164,S2-229811175,S3-562029610,S3-460886420,S3-727962830
S1-252798436	S2-409883881,S2-507257752
S1-567171118	S2-601689865,S3-905321676,S3-503853059,S3-816182112,S3-215514537
S1-667563956	S2-57929289
S1-510682219	S2-454462239,S3-178699708
S1-431394523	S2-277952450,S3-879674070,S3-830011855
S1-789519171	S2-74105775,S2-980716981,S3-86341509,S3-973306671
S1-990500501	S2-942138920,S3-657919866,S3-921819839,S3-705620138
S1-797282279	
S1-675714320	S2-107167951,S3-403361608
S1-966382524	S2-862475383,S2-639278759,S2-601773402,S3-901138874,S3-265593159
S1-75224712	S2-880672786,S2-871198765
S1-455825636	S2-874101138,S2-910978627,S2-977983796,S3-574532711,S3-216771278,S3-118619811,S3-926512505
S1-427295694	S2-787665859,S2-3358381,S2-779621069,S3-816194205
S1-852522855	S2-595835954,S2-438522154,S3-453738190,S3-46108943
S1-454210764	S2-792264903,S2-871679277,S2-6464337,S2-789413187,S3-418775316,S3-209396484,S3-140974805,S3-153787398,S3-515082512
S1-104133123	S2-164362629,S3-611758118
S1-506891827	S2-637231154,S2-717813870,S2-317087960,S3-264316646,S3-136284173,S3-357677256
S1-606408482	S3-200493064,S3-753804815
S1-594604839	S2-238375337,S2-327643620,S2-609769722,S3-215788297,S3-208818447
S1-938762822	S2-492921249
S1-444082431	
S1-692417037	S2-25016750,S3-327762907
S1-203797556	S2-811734481,S2-195761480,S3-934440960,S3-517764471,S3-696375581
S1-132190793	S2-811500053,S2-127082555,S2-82993629,S3-623096682,S3-618285253,S3-792095605,S3-910796572,S3-679235574
S1-33014668	S2-302326867,S2-245745255,S2-217531596,S3-595047295,S3-588855634,S3-720679270
S1-537872834	S2-156100572,S2-494561087,S2-736953284,S3-985137205,S3-142898611
S1-468840568	S2-314253328,S3-481663419,S3-700874788,S3-238469154
S1-923036111	S2-944094970,S3-556401763,S3-630113240,S3-221292383
S1-113071849	S2-230117847,S3-568964699
S1-171396957	S2-829194670,S3-43657067,S3-958852020,S3-565001391,S3-707481690,S3-935916936
S1-909826934	S2-984695187
S1-444222437	S2-260257726,S3-997611101,S3-832036182
S1-677799009	S2-691582942,S2-368561584
S1-855659714	S2-451564759,S3-225625024
S1-115352311	S2-386618120,S3-864210434
S1-825351745	S2-32301429,S2-500068143,S2-394871149,S3-567977555,S3-591597686
S1-600386930	S2-676745491,S3-421064493,S3-365973271
S1-388835800	S2-901344698,S3-91982870,S3-353334133
S1-297425676	S2-964295615,S2-951666043,S3-299717963,S3-405560992,S3-999675005
S1-983007147	S2-742474798,S2-316486636,S2-530953632,S3-654844932,S3-625825595
S1-321268985	S2-372536698,S3-214839542,S3-832567652
S1-369277333	S2-504090903,S2-432532406,S3-15164651,S3-704024105
S1-375266965	S2-723344130,S2-724174488,S2-340896534,S3-813558736,S3-195519825
S1-193742229	S2-346782410,S2-206811926,S3-776631351,S3-305801288,S3-425243890
S1-996757797	S2-767645243,S2-696647695,S3-750322028
S1-118374481	S2-667587584,S3-314421140,S3-471022489
S1-321492395	S2-667667963,S3-66330124,S3-180221290,S3-152722425
S1-241851895	S2-209932679,S2-286779175,S3-90093878,S3-20056743,S3-514275355
S1-5811085	S2-6186383,S2-648415828,S2-728077236,S2-808693,S2-678603617,S3-827800707,S3-156790088
S1-153350852	S3-156332886,S3-635007862,S3-548495307
S1-374579495	S2-724186818,S2-356555411,S3-893462452
S1-46126130	S2-505115403,S2-337347558,S3-3411842,S3-470698997
S1-515418325	S2-138618182,S3-806565891,S3-625944609
S1-82107237	S2-435778952,S2-146217729,S3-992861246,S3-6064610
S1-74686397	
S1-654842852	S2-998135125,S2-704345809,S2-108444620,S3-9707708,S3-442102414
S1-164696950	S2-977912883,S2-66318242,S2-783937241,S3-442074916,S3-399335739,S3-364165484,S3-105319991
S1-694249434	S2-841640337,S3-742956089,S3-317212877,S3-328754301,S3-381970804,S3-838226989,S3-572849043
S1-916405380	S2-59111936,S3-254124403,S3-751009839,S3-960332589
S1-95641363	S2-905522736,S2-515314401,S2-35138550,S2-468586532,S3-732297909,S3-203045726,S3-488349369,S3-421818704
S1-641461831	S2-999713546,S3-188997120,S3-333520376,S3-350280380,S3-298898984
S1-92228801	S2-441477030,S2-6876100,S3-471687539,S3-396737144
S1-52751612	S2-872342933,S2-94246302,S2-634112634,S2-439574170,S2-735605832
S1-184369559	S2-820999074,S3-351758689
S1-852122952	S3-388671483,S3-668489832
S1-646744330	S2-630039868,S2-593972570,S3-141914386,S3-12521319
S1-994116119	S3-404219864,S3-646614662,S3-295009140
S1-92701951	S2-240865084,S2-632242105,S2-873464257,S2-5101990,S3-729246904,S3-914912069
S1-624433346	S2-853553109,S3-19616781
S1-345835682	S2-498319107,S3-929170827
S1-65502030	S2-726524693
S1-261145264	S2-897870851,S2-987296270,S3-34101000,S3-517422448
S1-558965025	S2-439547856,S2-238512749,S3-199628011,S3-35073031
S1-367179795	S2-375357687,S3-244216754,S3-169506171
S1-565577535	S2-952423204,S2-781846339,S2-770217925,S3-550345766
S1-377559236	S2-395188810,S2-855457933,S2-703156594,S3-353419671,S3-304636257,S3-48724110
S1-365924748	S2-739226335,S3-272694391,S3-696837729
S1-498225770	S2-126436113,S2-547818612,S2-279712123,S2-212245055,S3-403930654
S1-244032085	S2-847630439,S3-386796117,S3-59385495,S3-838971806,S3-582291552,S3-404795787
S1-594286618	S2-44320577,S3-246294950
S1-613863405	S2-556442668,S3-625763267,S3-984711175
S1-595862585	S2-135088866,S2-234995644,S2-94966934,S3-672637019,S3-529720055
S1-766453197	S3-49519031,S3-940726034
S1-5300269	S2-320639765,S2-126797676,S3-435072244,S3-164725231
S1-579619629	S2-110705666,S2-564520472,S3-838496353
S1-175224961	
S1-119204111	S2-634216999,S2-132293344,S3-901523145,S3-609764561,S3-596594036
S1-148881846	S2-292164041,S2-446391882,S3-67779442,S3-830074660
S1-340931146	S3-585646144,S3-314720973
S1-770569504	S2-112437988,S2-568048697,S3-329131382
S1-63739854	S2-430568829,S2-820605382,S3-638798437,S3-871588251,S3-896991524,S3-15660852
S1-584636608	S2-936155670,S3-444132897,S3-498653670
S1-196995108	S2-277845077,S2-897705505,S3-579261035
S1-141041764	S3-869869339
S1-179389098	S2-45101551,S2-971097432,S3-311016488
S1-511085769	S2-133397911,S3-320983325
S1-905699037	S3-595050817
S1-499736656	S2-47245509,S2-61816139,S3-171850547,S3-770739628,S3-28471313
S1-140932375	
S1-407505482	S2-798558970,S2-346952758,S3-542257238
S1-340891231	S2-444628971,S2-907659677,S2-630625277,S2-547373854,S2-284575705,S3-631453732,S3-624640304,S3-641003947
S1-819790813	S2-997367420,S2-688138586,S2-492867404,S3-901460877,S3-834118441,S3-230530588,S3-51871671
S1-228426403	S2-855318921,S3-798900896,S3-328587708
S1-427885777	S2-574899187,S2-372624882,S3-404630676,S3-82326656,S3-288872455
S1-398503557	S2-17250912,S2-389780237,S2-494461690,S2-994948765,S3-610911245,S3-179318522
S1-530111213	S2-885674047,S2-107369745,S2-73841016,S3-885293500
S1-379216834	S2-325314197,S2-973129702,S2-567713439,S3-632306429
S1-148497145	S2-21667080,S2-734415225,S3-484052095
S1-388233573	S2-129401397,S2-241443448,S2-407506750,S2-577136957,S3-38870456
S1-114782937	S2-817531966,S3-330112385,S3-1374280
S1-162907896	S2-868488908,S3-983814589
S1-60721009	S2-663869382,S3-255812951,S3-405946150,S3-229142870
S1-791769023	
S1-295424411	S2-940335674,S2-221146707,S3-736064454,S3-412714921
S1-703803209	S2-448699634,S3-770635868
S1-397358718	S2-907217455
S1-293631270	S2-751921249,S3-785061118
S1-863265612	S2-621177130,S3-4722292,S3-789445534
S1-80491970	S2-5875049,S3-676175802,S3-634676588
S1-487766994	
S1-143490468	S3-749001365
S1-512711253	
S1-571834288	S2-63811236
S1-429025867	S2-165939881,S2-48793010,S2-139255939,S2-845842366,S3-764059437
S1-760000733	S2-727274686,S2-893736057,S2-686074271,S3-211464984
S1-989566850	S2-923508008,S2-371781144,S3-22920471,S3-49961426,S3-708738977,S3-952581299
S1-951435339	S2-316195171
S1-256438344	S2-732743371,S3-586082351
S1-919990895	
S1-695236318	S2-100748055,S2-914977422,S2-770802102,S3-677874457,S3-424167899
S1-151957128	S2-952431286,S2-182033768,S3-394926326,S3-900906490
S1-162888222	S2-250042555,S2-244477780,S3-159414429,S3-268604619
S1-878197816	S2-834892184,S3-639552825,S3-977825901
S1-766560244	S3-317080938,S3-683435555,S3-11597656
S1-402905764	S2-677114276,S2-690226360,S3-795203257,S3-798322842,S3-78816313
S1-245952202	S3-628538502,S3-167891987,S3-322654784,S3-410537704
S1-245741844	S2-733715345,S2-2095255,S2-139900336,S3-959176569,S3-544037035,S3-987693936,S3-52986250
S1-363913511	S2-621784442,S3-94755361
S1-657504975	S2-100072987,S3-429223443,S3-667371640,S3-527043294,S3-490536805,S3-435918627
S1-674360431	S2-29208209,S3-758530285,S3-803282937
S1-521767287	S2-925265079,S2-318679869,S3-322307507,S3-384362988,S3-820314450
S1-361139890	S2-745784425,S2-715894340,S3-89215837,S3-966944265,S3-900447172,S3-434110962
S1-568261869	S2-42993733,S3-40641889
S1-176873316	S2-839248376,S2-309309878,S2-808581618,S3-905918867
S1-870608695	S2-609842215,S3-536921716
S1-43211930	S2-333661608,S3-537541714
S1-122826791	S2-57788311,S3-888641064
S1-489205577	
S1-481561073	S2-765949559,S2-203658754,S2-64370165,S2-664560476,S3-329450357,S3-225940578,S3-107760773,S3-78582807
S1-745303678	S2-942160541,S2-235173573,S3-410281418,S3-848232675,S3-188086548
S1-129459942	S2-562636852,S3-727829810
S1-790039086	S2-830789832,S3-18890486
S1-143161767	S3-875500904,S3-26417481
S1-4865657	S2-807164174,S2-869980027,S3-310172313
S1-21450238	S2-671125502,S2-167971699,S3-847812692,S3-475761454
S1-182510656	S2-9456135,S3-236073403,S3-713340103,S3-578040900,S3-930603286
S1-171843690	S2-643299407,S2-795115861,S3-87284066
S1-121066256	S3-286514796
S1-571977810	S2-573575107,S2-710593257,S3-82310219
S1-170239807	S2-684577794,S2-555722317,S2-265275146,S3-943141110
S1-101321904	S2-262222508,S2-685946164,S3-574520536,S3-984919912,S3-220874430
S1-147804808	
S1-865712633	S2-820869636,S2-808750298,S2-26031404,S2-151049,S3-274375999
S1-684112311	S2-558674937,S2-199533023,S3-164674579
S1-500292021	S2-15721672,S2-367702190,S3-742066213,S3-735571706
S1-161339557	S2-553373393,S3-498628192,S3-4472810
S1-336235117	S2-173095612,S2-635649546,S2-640138249,S3-119667169
S1-45176074	S3-763697771
S1-720067311	S2-84400038,S2-811570582,S2-808176303,S3-994197788
S1-173714369	S2-752217051,S2-985261956,S2-76623942,S2-965308562,S3-209204458,S3-155374261
S1-702385411	S2-620183557,S3-692555117,S3-334765560
S1-323674665	S2-914110845,S2-14217513,S3-616218924,S3-482579225
S1-416222464	S2-333608203,S3-798909209
S1-333297672	S2-470181468,S2-905148062,S3-509321747,S3-866987575
S1-37470060	S2-591065567,S3-388001802
S1-842958167	S2-743524324,S3-33344842,S3-379169536
S1-438136256	S2-785168006,S2-457584125,S2-394937988,S3-976866461
S1-664121889	S2-818556703,S3-376349948,S3-451698387,S3-727475316
S1-963754634	S2-313056581,S2-356532519,S3-796966697
S1-385799501	S3-436344482
S1-425117144	S2-824652512,S2-444360664,S2-391207168,S3-54124872
S1-402208511	S2-392525727,S2-111822324,S2-676632556,S3-405590263,S3-932069484
S1-253937734	
S1-553129870	S2-402716830,S2-701306555,S3-845048660
S1-108375570	S2-518387798,S2-756899196,S3-612464402
S1-281463651	S2-167895322,S2-899112013,S2-794935918,S3-978202167,S3-448482632
S1-541406134	S2-869263145,S2-652628445,S2-507940885,S2-513642959,S3-263269795,S3-726364530,S3-592958238
S1-725515985	S2-793309308,S2-400675388,S3-124440080,S3-43419871,S3-816806926
S1-973156768	S2-348220956,S3-11006177,S3-244159559
S1-720197943	S2-560623992,S2-301395698,S2-915216050,S3-529512019,S3-417176793,S3-987005189,S3-23424094
S1-446527381	S2-390249637,S3-214326544,S3-993656754,S3-196241369
S1-160063866	S2-354060530,S2-712862080,S3-794807343,S3-502253275
S1-614330722	S2-937773766,S2-520513116,S2-381994112,S3-993654623,S3-298022613
S1-553347750	S2-470546472,S2-809744972,S3-542742134,S3-428441729,S3-707974690,S3-271835441
S1-386029399	S2-775550600,S3-104788816
S1-739032732	S2-244922463,S2-368369012,S3-313935130,S3-583452092
S1-523339668	S2-640680790,S2-19809972,S2-615357223,S2-488338509,S3-530630218,S3-928050933
S1-242611734	S2-470873301,S3-445488564,S3-873848383,S3-253083421
S1-12819119	S2-771916630,S3-637697751,S3-475877500
S1-586809046	S2-821971787,S2-558335596,S3-966225491,S3-58034901,S3-918564398,S3-578076956
S1-242305174	S2-894431153,S3-710038024,S3-192659061
S1-436436622	S2-108135998,S2-910765716,S2-790736090,S3-84133428
S1-561573664	S2-782415486,S3-357537631,S3-903946540,S3-687319511
S1-603069307	S2-487835469,S2-423013549,S3-842600488,S3-306417371,S3-448966492,S3-736509599
S1-814205837	S2-58626226,S2-258885095,S2-535836307,S3-241747421,S3-979695243,S3-386131880
S1-819463805	S2-158088509,S2-318878058,S3-265851327,S3-781447148
S1-938816602	S2-475909589,S2-298813326,S3-399572724,S3-206502116,S3-572556891
S1-577376232	S2-683348025,S3-689005207,S3-596997053
S1-84394445	S2-954207930,S2-720603768,S2-467079505,S3-846245957,S3-746396896
S1-246353275	S3-617805690
S1-573663041	S2-303172595,S3-131607992,S3-677883717,S3-999350850
S1-850163725	S2-409878715,S3-661496524
S1-781102311	S2-656646681,S2-87483473,S2-616008655,S3-80952270,S3-255314977
S1-94570835	S2-768767984,S2-601961700,S3-832488124,S3-429774571,S3-684754883,S3-90949648,S3-58110606
S1-766380851	S2-808904953,S3-905976118,S3-345874317,S3-277707448
S1-573275296	S2-717930028,S3-526749238,S3-889186338
S1-569675845	S2-867122629,S2-875991274
S1-407265542	S2-317991983,S3-814587070,S3-332688242
S1-296995940	S2-558881311,S2-538047401,S3-7504367
S1-86629491	S2-716447519,S2-619206176,S2-942264438,S3-747383356
S1-167589196	S2-424785687,S2-758140167,S2-81251559,S2-950678706,S3-122717134,S3-202498618
S1-622196834	S2-676135753,S2-75501663,S3-435318255,S3-744956087
S1-675885923	S2-551752580,S2-342334087,S2-212784289,S2-146602861,S3-957315461
S1-274285995	S2-905975231,S2-81466515,S2-174332454,S2-447583586,S3-702434442,S3-678699833,S3-15410424
S1-617543326	S2-649791707,S2-761149475,S2-707091493,S3-771489904,S3-55254267
S1-626659752	S2-470969061,S2-19766608,S2-713744642,S3-853751850
S1-797618831	S2-353998880,S2-64370404,S2-356494273,S3-888524395
S1-606674575	S2-782761022,S3-693019532,S3-445885761,S3-597869447
S1-323497889	S2-657225040,S3-232468679
S1-958239106	
S1-944085652	S2-850902240,S3-527530110,S3-995924565,S3-373756879
S1-424003049	S2-538959783,S3-843905076
S1-538885031	S2-650281650,S3-92401632,S3-528647917
S1-403200746	S2-839765210,S2-797069566,S3-125485882,S3-734336482
S1-473987230	S2-815787149,S2-380051170,S3-696359563,S3-210385832,S3-486111245
S1-620562056	S2-540285805,S3-442188712,S3-912297736
S1-342201682	S2-129256744,S3-675478465,S3-817484110,S3-89276949
S1-925734623	S2-329497984,S2-662366523,S3-296640808
S1-391278136	
S1-326580755	S2-92818656,S2-12225132,S3-763857319
S1-557594172	S2-951887048,S2-997743621,S2-989437767,S3-602859419
S1-296559779	S2-498357469,S3-901041154,S3-121920567,S3-703749836,S3-583560337
S1-360687013	S2-772996565,S3-252485516,S3-864475516
S1-211713597	S2-105563080,S3-502265452,S3-315797163
S1-577274368	S2-362240717,S3-803956477,S3-153677471
S1-862861530	S2-430648471,S2-755065247,S3-545898423
S1-877612429	S2-14428322,S2-228111549,S3-794668440,S3-515846174
S1-224250696	S3-546246528,S3-191102859
S1-804786219	
S1-140243714	S2-193862237,S3-979800439
S1-144915043	
S1-223808544	S2-252513974,S2-691697715,S2-765015540,S2-201942370,S3-749462676
S1-650150184	S3-115751615
S1-454580464	S2-994281715,S3-234192370
S1-156761907	
S1-748077925	S2-255330243,S2-447163193,S3-423020266,S3-509096728
S1-386612459	S2-667875102,S2-955525674,S2-414858417,S2-898060559,S2-599859086,S3-417967416,S3-125191958,S3-761668428
S1-357824342	S2-254145061,S2-230602554,S2-143650046,S3-659488662,S3-593014645
S1-389662257	S2-653023477,S3-633201154,S3-36864379,S3-6899944,S3-828389382
S1-146398249	S2-477989625,S2-839062368,S2-463816104,S2-742789115,S3-414285160
S1-144021300	S2-450076895,S3-803362272,S3-509039364
S1-371382998	S2-466213403,S2-616185988,S3-619078647,S3-548149277,S3-433616178
S1-483784505	S2-959539236,S3-107559764
S1-96064197	S2-398289449,S3-960857636,S3-796267143,S3-337812235
S1-620564809	S2-924353002,S2-820572484,S3-225052590
S1-553408496	S2-235081801,S3-67764045
S1-546184841	S2-687667865,S2-815259239,S3-197727984,S3-662402612,S3-330962093,S3-490757660
S1-231227819	S2-994733555,S2-626400216,S2-674829554,S3-801909833
S1-685670497	S2-676789685,S3-487917556
S1-763665008	S2-375815104,S2-734785775,S3-256126108,S3-100273427,S3-252386416
S1-4482107	S2-482479453
S1-242272323	S2-316231084,S2-419979963,S2-428303107,S3-39229363,S3-580403699,S3-463498875
S1-969022982	S2-96358216,S2-477229206,S2-210198777,S2-580540984,S3-171635340,S3-912487671
S1-749404883	S2-843063465,S2-767917241,S2-309425583,S3-531572170,S3-445856452
S1-850143790	S2-125143820,S2-699114402,S3-471824421,S3-101449531
S1-209371599	S2-999390039,S2-981395355,S2-521139823,S3-440989721
S1-974954285	S2-652388645,S3-899866148,S3-933557295,S3-398946440
S1-710707128	S2-552969817,S3-296383893,S3-743370207
S1-604174368	S2-729010002,S3-816184736
S1-211927204	S2-327374394,S3-303979023,S3-484621827,S3-811831021
S1-565889198	S3-163628945
S1-115695265	S2-354603916,S2-666344322,S3-28096720,S3-241685135
S1-762467423	S3-149524565,S3-855858621,S3-92931108
S1-22357419	S2-991701518,S2-552386045,S2-459213116,S3-369551457
S1-388734693	S2-504412885,S3-8069922,S3-132113768,S3-669791313,S3-326250573
S1-4167471	S2-643060293,S2-613677709,S3-884601629,S3-427906615
S1-658341464	S2-15646786,S3-894225241,S3-261450745
S1-960510068	S2-466874123,S3-459775350
S1-73721141	S2-884896975,S2-152218110,S3-686743926,S3-949407082
S1-607890727	S2-579648200,S2-125982502,S3-539612978
S1-450554625	S3-626987397
S1-321543314	S2-664799187,S2-434612144,S2-98552104,S3-784488665
S1-966449191	S2-909249704,S3-7029500
S1-759439382	S2-680808638,S2-738151474,S2-268152666,S2-957465596,S3-315269589
S1-480506549	S2-551507067,S3-985361136,S3-132947835
S1-298606422	S2-167604513,S2-574164410,S3-84588059
S1-420911744	S2-371046421,S3-416325927
S1-968954990	S2-133529707,S3-163575928
S1-946403593	S2-666210364,S2-761837065,S2-308252870,S3-566139865
S1-187851978	S2-592302276,S3-322308350,S3-18531541
S1-536970408	S2-67362841,S2-157026195,S2-980196559,S3-166813878
S1-471809422	S2-325770017,S2-924789864,S3-792962095
S1-347304557	S3-503494425
S1-456932079	S2-842143001,S3-163150445,S3-573360938
S1-234383247	S2-904711403,S3-873323800,S3-140489551
S1-119684165	S2-714907214,S3-943798885,S3-910641878
S1-719263554	S2-726172785,S2-631544898,S3-505300877,S3-663931689
S1-918817797	
S1-266627136	S2-878201613,S2-94772471,S3-869459834,S3-302537754,S3-841108234
S1-123114392	S2-938608730,S2-171150233,S3-867793558,S3-992487935
S1-365466720	S2-879009556,S2-105162421,S3-338511421
S1-615560315	S2-338919402,S2-913886053,S3-467400135,S3-852944090,S3-608133121,S3-352418145
S1-553438396	S2-796851051,S2-158025903,S2-956357824,S3-524493077
S1-285074972	S2-291068985,S2-25738199,S3-977199631
S1-202168197	S2-156863720,S2-707547823,S2-613571785
S1-308155233	S2-325973785,S3-904887870,S3-790801594
S1-211906138	S2-771171114,S2-505453167,S2-633798875,S3-523801072,S3-570351337
S1-22179214	S2-33190359,S2-339897048,S3-850727210,S3-333241885
S1-635580339	S2-961208963,S2-141909861,S3-272265216
S1-362063019	S2-595391932,S3-534980529
S1-154181309	S2-228006996,S3-648850529,S3-859983350,S3-888989071
S1-184018400	S2-997440129,S2-219525887,S3-179865470,S3-516135299
S1-448708179	S2-228635186,S3-572940767
S1-568398768	S2-384508952,S2-917564144,S3-924078981
S1-353667696	S2-28978245,S3-258330300,S3-891838926,S3-94393229,S3-645115488
S1-680868661	S2-363967263,S2-289996154,S2-312285228,S3-421149059,S3-137497696,S3-19243389
S1-637758417	S2-276345747,S3-513135208
S1-178246268	S2-58414832,S3-892389394,S3-950582088
S1-350524044	S2-455612869,S3-847315180,S3-668028342
S1-192804485	S2-128992123,S2-499839893,S3-577046053
S1-35690144	S2-536272123,S3-661751370
S1-86492838	S2-286655317,S2-352970201,S2-247381716,S3-689148991,S3-857106868,S3-905541032
S1-544907280	S2-542533590,S3-38055357,S3-293244248
S1-175601260	S2-500029599,S2-527641563,S3-18485354,S3-201069080,S3-844773349,S3-317549501
S1-749333576	S2-670101150,S2-723698431,S3-234266279,S3-171979702
S1-433445154	
S1-958174154	S2-105622566,S2-670468922,S2-916921613
S1-29507374	S2-367219055,S2-957285611,S3-900575568,S3-202925062,S3-710288667,S3-845481501
S1-868473743	S2-573006970,S2-461103844,S3-521647461
S1-114485813	S2-776125891,S2-730516618,S2-498772683,S3-403694438
S1-391870100	S2-157777060,S3-783580213
S1-792586057	S2-149966728,S3-389576373,S3-507457560,S3-354076041,S3-806661759
S1-503926144	
S1-522145962	S2-700266875,S3-347486465,S3-149464116
S1-631411036	S2-285991308,S3-78628949,S3-489165892,S3-804951626
S1-64573046	S2-751818300,S2-816550570,S2-658444876,S3-12570014,S3-632990331,S3-88752520,S3-56525451
S1-193500487	S2-407495381
S1-226463068	
S1-525842600	S3-678198686
S1-765850304	S2-157679375,S2-966267101,S2-138403931,S3-23175315
S1-426240039	S2-545187289,S3-228334329
S1-302084543	S2-232294644,S2-344012677,S2-553161808,S3-295906483
S1-636632140	S2-96361955,S2-358047165,S2-926901952,S2-137419549,S3-626708168
S1-808394266	S2-203420485,S2-676828798,S2-192073164,S3-500288617
S1-800517437	S2-316445357,S3-264673075
S1-422328946	S2-751875211,S2-332917362,S2-920380268,S2-396785857,S3-849339969
S1-72181872	S2-747552289,S2-642947098
S1-271196213	S3-915900488
S1-953955429	S2-522031880,S2-994475309,S2-567075781,S3-39089087,S3-538884122
S1-212215865	
S1-8347794	
S1-721815485	S2-328413470,S2-445171633,S2-965413402,S3-836062617,S3-35895180
S1-477572042	S3-782804821,S3-705607098
S1-6129820	S2-309211741,S2-631156764,S2-476390312,S3-274573303
S1-42687323	S2-235477793,S2-922642529,S3-94064591,S3-658666878
S1-334331207	S2-859302656,S3-302784199
S1-172857228	S2-651705368,S2-470828853,S2-993812822,S2-161461139
S1-250861684	S2-539771155,S3-277431301,S3-732129072,S3-723440635,S3-629978242
S1-520822853	S2-193775005,S3-458699400
S1-26803856	S2-348386432,S3-139181986
S1-595848273	S2-804301528,S3-232619871,S3-946130278
S1-788714021	S2-132395007,S2-953507797,S2-797459436,S2-656761257,S3-721092915,S3-61008654
S1-457353999	S2-761034476,S2-85078930,S2-675577936,S3-956469181,S3-520135976
S1-826394831	S2-422871652,S3-329974971,S3-549550729
S1-19249589	S2-350997972,S2-373630381,S2-705294488,S3-97634797
S1-778656443	S2-280590594,S3-64320301,S3-945266341
S1-90909924	S2-424938384,S2-902868090,S2-406195579,S3-623642273,S3-498755276,S3-160165098,S3-145458077
S1-543145670	
S1-291237936	S2-737572162,S2-148514720,S2-667065103,S3-31048692
S1-990127600	S2-113041146,S2-638989862,S3-987028735,S3-177677065,S3-305601005
S1-482093263	S2-758317280,S3-850977356,S3-36273510
S1-354088494	S2-531489636,S3-374029428,S3-977171838
S1-748674188	S2-417711824,S3-113285118,S3-531498044
S1-895663432	S2-742956306,S3-899543837
S1-952535390	S2-175628617,S3-382530253
S1-188980752	S2-835264441,S2-892973128,S3-72294131
S1-74255467	S2-847434378,S3-332651264,S3-842911325
S1-277693213	S2-539335971,S3-59308484
S1-739589833	S2-865191704,S3-227064571
S1-505241537	S2-487450134,S3-760976008,S3-780637029
S1-473045144	S2-549301672
S1-470690309	S2-214202381,S2-347619883,S3-48842175,S3-979798390
S1-149344543	S2-665541056,S2-347532043,S3-464139844
S1-443558864	S2-3198743,S3-203678364
S1-291623929	S2-570587810
S1-147760108	S2-722599532,S3-449813178
S1-725511090	S2-787676652,S2-749561571,S2-493701847,S2-377345743,S3-371215402,S3-626918707
S1-823512738	S2-303262090,S3-925784481
S1-161191848	S2-23422314,S3-585187432
S1-499561958	S2-716635024,S3-322277718
S1-464942584	S2-575884525,S3-551861431,S3-128346627,S3-618392860
S1-405649992	S2-692766989,S2-596520689,S2-350642614,S3-301654780,S3-712929525,S3-774629337,S3-108152010
S1-250457429	S2-634771999,S2-675261312,S3-244317959,S3-638048912,S3-976353691
S1-102816125	S2-684431666,S2-998191196,S2-649763953,S3-108355086,S3-180339164,S3-623579810
S1-871048050	S2-341589024,S2-838160122,S2-582246734,S3-454899817,S3-396650711
S1-419337124	S3-79023150,S3-589309087,S3-796647518
S1-287739154	S2-281739132,S2-489718820,S3-714241241,S3-646190035,S3-3413301,S3-431638019
S1-527948766	S2-900355385,S2-492825750,S3-130473563,S3-723803539,S3-656566668
S1-103358659	S2-833065115,S2-144916211,S2-196338590,S2-881778651,S2-26708326,S3-672332179,S3-25168322,S3-284301144,S3-672992972,S3-740352693
S1-570236509	S2-464978164,S2-511325479,S3-589396379,S3-979622517,S3-76251559
S1-107858589	S2-829795207,S3-867123137
S1-342912242	S2-249296501,S3-377825978,S3-290884505
S1-552534721	S2-34910357,S3-93604136
S1-208029006	S2-912766206,S2-543987577,S3-864338192,S3-287101248
S1-942393303	S3-835657096
S1-551271089	S3-686103266,S3-526759614,S3-805870814,S3-857753816
S1-496452498	S2-428252787,S2-767076125,S2-106365511,S3-423090430
S1-341404382	S3-949376230,S3-659629901,S3-743756036,S3-288423875
S1-51012186	S2-502773589,S2-959306885,S2-849365573,S3-255110451
S1-236662863	S2-499842796,S2-714597859,S3-575167119
S1-70079786	S2-566065482,S2-974301198,S2-727136156,S3-990760453,S3-280270585,S3-535979604
S1-987336764	S3-55345895,S3-545958927,S3-140262557
S1-611273107	S2-121665098,S3-270970121,S3-305199807
S1-349668969	S2-533652105,S2-573508526,S3-482852581
S1-778846839	S2-998806023,S2-846175551,S3-704584681
S1-337669511	S2-842489508,S3-99208597
S1-317653327	S2-290072463,S3-918918731
S1-858950454	S2-122495776,S2-629154891,S2-549127248,S2-642827523,S3-971705250,S3-64088413,S3-560824216
S1-37556368	S2-575531421
S1-951030139	
S1-295219800	S2-362744911,S3-117598898
S1-667181339	S2-304269465,S2-347209123,S3-392257741,S3-938743435
S1-692797446	S2-401342391,S2-56329511,S3-413942599
S1-72105037	S2-514934724,S2-32984297,S2-123489145,S3-887646063,S3-897086043
S1-322308971	S2-103723114,S3-309477520
S1-943403207	S2-40599075,S3-930024225,S3-265909477,S3-87248266
S1-316455239	S2-804634,S2-656390594,S2-137888232,S3-992130570
S1-786774077	S2-776067446,S2-201082575,S3-36569520
S1-995074486	S2-690662686,S3-283470580,S3-815478865,S3-679969819
S1-496151213	S3-427106294
S1-675773914	S2-52414714,S3-597483068,S3-382773182,S3-997697125
S1-787501880	S2-399568245,S3-631025451,S3-8030264,S3-680417561
S1-858515114	S2-772632285,S3-535467901,S3-988957579
S1-7740191	S2-516830169,S3-969702640
S1-190428785	S3-91865524
S1-708627344	S2-729212095,S2-812064138,S3-85045851
S1-535549992	S2-312835238,S2-991980794,S2-322599641,S3-317301694,S3-232050904,S3-848911353,S3-994549860,S3-275400538
S1-458408500	S2-922046566,S3-341719904
S1-126616805	S2-493562978,S3-767953219
S1-48209572	S2-322016214,S3-80789267
S1-434568968	S2-506564748,S3-600755432,S3-988352484,S3-393702225,S3-197691539
S1-498046757	S2-551353044,S2-398977284,S3-224710478,S3-869130383,S3-309220530
S1-992397140	S2-448903742,S2-585987373,S2-832421861,S3-968094851
S1-875462359	S2-731071120,S2-865783569,S2-325516724,S3-553194271
S1-887495356	S2-966914338,S3-298217911,S3-312555928
S1-583762499	S2-133104593,S3-277189852
S1-590725037	S2-798955255,S2-507285358,S3-509213680,S3-882725083,S3-255079578
S1-760685711	S2-772114450,S3-648340610
S1-705013195	S2-398649635,S3-276382265,S3-998017309
S1-717104761	S2-14848885,S2-551387582,S2-873060835
S1-176284272	S2-649997642,S3-367207178
S1-843682049	
S1-837341373	S2-300008117,S3-900086670
S1-569675287	S2-903705130,S2-387309918,S3-756569906
S1-834330228	S2-260579403,S2-218872764,S3-829522648,S3-670220605
S1-456291858	S2-491039398,S2-200450444,S3-353805338,S3-80649353,S3-378041084
S1-185168795	S2-922220010,S2-749063189,S2-363213843,S3-726359130,S3-241576070
S1-954898523	S2-722198589,S3-381527937,S3-534000211
S1-833899170	S2-396135510,S2-986764341,S2-93926800,S3-742140898,S3-943611268
S1-713728012	S2-761665431,S2-108790562,S2-122016524,S2-659717520,S3-675334420
S1-659891044	S3-257843504
S1-313794043	S3-192258034
S1-71432438	S2-500505255,S2-680962244,S3-382374087,S3-20650543,S3-206452962
S1-721890820	
S1-471254973	S2-552150276,S3-399539749,S3-453895879,S3-283652340,S3-566092227
S1-83014583	S2-858387638,S2-248617494,S2-839421742,S3-713394201,S3-774239885
S1-900034380	S2-990165978,S2-786787908,S3-69211888,S3-132411727
S1-262946176	S2-105083232,S2-408229592,S2-780575727,S2-793632274,S3-751659628,S3-221360836,S3-766003616
S1-509638668	S2-480877837,S3-34112559,S3-146112185
S1-85959578	S2-180684355,S3-649127753,S3-150039063
S1-299169920	S2-722550428,S2-702027658,S3-342529731,S3-162060338,S3-175048298,S3-797664105
S1-765915675	S2-536867114,S2-127987287,S3-372493955
S1-438766767	S2-248859979,S2-279813873,S3-869467074,S3-382310530,S3-777909281,S3-716123634
S1-561668047	
S1-522168617	S2-963511532,S3-238786515,S3-218143069
S1-102529223	S2-331140512,S2-565545466,S2-274639249,S3-165143647,S3-486564870,S3-662380804
S1-487470374	S2-799693931,S3-719371079,S3-206306719,S3-273827734
S1-54112712	
S1-720669439	S2-436048578,S3-647121495,S3-94234650,S3-618456590,S3-959922065
S1-593897359	S2-422251112,S3-8942691,S3-790288283
S1-828252114	S2-791884504,S2-151567916,S2-893525639,S3-205804816,S3-308591397,S3-184371228
S1-458109241	S2-59131014,S2-191112631,S2-757610668,S3-905320204,S3-750240989
S1-993893530	
S1-902173886	S3-644775053
S1-214725026	S2-821396865
S1-147007999	S2-688458703,S2-865294757,S2-251316719,S3-175227927,S3-278490549,S3-814880915
S1-554815890	S2-623473806,S3-240112672,S3-664488168,S3-22964865,S3-430642856
S1-841219087	S2-483616233,S2-577979170,S2-252025528,S3-40215847,S3-217504494
S1-689560434	S2-548043547,S3-184749868
S1-274298822	S2-622485916,S3-711246460
S1-652345902	
S1-178090797	S2-522803538,S3-153991957
S1-507728299	S2-842982695,S2-481058736,S3-214217262,S3-582476233,S3-898262112
S1-580732281	S2-506809729,S2-322682142,S2-681228553,S3-541349724
S1-463868982	S2-457494353,S2-319668243,S3-432895277,S3-163950087
S1-320612918	S2-199330446,S3-309691007
S1-531878697	S2-187525172,S2-669740001,S2-902681510,S2-980306327,S3-914464613
S1-758321657	S2-926797237,S2-930001793,S3-867638795,S3-33604133
S1-737136935	S2-184136488,S3-65590268
S1-877930638	S2-227632587,S3-43796377,S3-781704396
S1-657296748	S2-496709881,S2-933904668,S2-308807638,S2-77608689,S3-725964379,S3-219371058,S3-205575455,S3-638262169
S1-717383117	S2-276388179,S2-771392146
S1-673684962	S2-909541958,S2-528237639,S3-687434586,S3-598499,S3-466012786
S1-798776093	S2-193159181,S3-895473895,S3-69493702
S1-833436524	S2-910790078,S2-981792620,S2-950699801,S2-666118078,S3-896322739,S3-884479515
S1-7268807	S2-830373606,S3-178950524,S3-397893486,S3-112915232,S3-26200082
S1-213488520	S3-967885722,S3-260897771
S1-775662485	S2-917518249,S2-533740529,S3-942885465,S3-278663326
S1-734257738	S2-618772881,S3-297828031
S1-13798486	
S1-959554176	S2-857301873,S3-643379441,S3-532432293,S3-692302629,S3-447431480
S1-887593545	S2-443959188,S2-407115747
S1-102796074	S2-317184443,S2-596894346,S3-800937846
S1-94812018	S2-823793571,S3-874309440,S3-408797200,S3-408774640
S1-605033406	S2-522670727,S2-983408143,S2-714186459,S3-103477390,S3-842273256,S3-532813171,S3-871235186,S3-258539263
S1-14888119	S2-730419973,S2-305895040,S3-348923647,S3-4276421
S1-751467683	S2-210794740,S3-238032770
S1-615013118	S2-883131184,S2-937262132,S2-822906533,S3-262010018
S1-816761694	S2-404262963,S2-967452437,S2-206525778,S3-164816941
S1-15929875	S2-804216892,S3-123310848,S3-508055936
S1-696415516	S2-789363731,S2-753491183,S2-720316648,S3-321382993,S3-290797811,S3-297390986,S3-801119156
S1-764148568	S2-197498308,S3-813454993,S3-651182419
S1-192056105	S2-68803352
S1-666045687	S2-151627984,S2-348025854,S2-920179922,S3-515923561
S1-774548485	S2-137988683,S2-363236758,S2-60549805,S2-192449328,S3-976760120
S1-195342481	
S1-860810984	S2-754416615,S2-877892208,S2-829927917,S2-461642225,S3-682153020,S3-840731900,S3-616842076
S1-75087502	S2-865709891,S2-822980121,S3-716911181,S3-853624386
S1-997831283	S2-410426567,S2-141945067,S3-697496177,S3-615308686
S1-503765044	S2-447127825,S3-210777340,S3-118743014
S1-744853582	S2-503034982,S2-78947358,S3-113297286
S1-754519389	S2-908576675,S3-674040184,S3-565920731
S1-982363128	S2-324817731,S2-841971593,S2-294324804,S3-309557126
S1-797774162	S2-390615481,S2-869928583,S3-648925102
S1-502302790	S2-592093475,S3-111721698,S3-146826958
S1-885139388	S2-404743374,S2-300683299,S2-211472221
S1-926322329	S2-27438339,S3-558877100,S3-131507419
S1-102390799	S2-825469170,S3-764260150
S1-210451640	
S1-154888532	S2-486618389,S2-416171367,S3-17918113,S3-310832172,S3-903289344
S1-285360271	S2-432805555,S2-802964422,S3-994620172
S1-248970598	S2-842344067,S3-887837010
S1-680115739	S2-123123902,S2-511633274,S3-630740080,S3-844381233
S1-120709284	S2-581965048,S2-555992331,S3-846950033
S1-259387651	S2-939807553,S2-355291706,S2-799174093
S1-345495124	S2-531341109,S3-827945064,S3-427751633
S1-285477440	S2-391005295,S2-767764452,S3-116055666,S3-602920688,S3-544495418,S3-101643202
S1-94790401	S2-6616843,S2-15432787,S3-301712978
S1-768681494	S2-445220264,S2-597272940,S3-75321861
S1-456729525	S2-925569039,S3-30648290,S3-648797659
S1-38321566	S2-140925376,S2-952242125,S2-132479620,S3-411915902,S3-506535136
S1-146365568	S2-384191545,S2-96132951,S2-605136759,S2-317752182,S2-401828813,S3-556124228,S3-718590607,S3-592901509
S1-272690073	S2-111646167,S2-816170073,S2-826800423,S3-266977457
S1-962228316	S2-993091490,S3-737123343,S3-320742935,S3-3571826
S1-325907878	S2-207587644,S2-428085765,S3-248078338
S1-742524206	
S1-622002666	S3-864684952
S1-770856071	S3-479449645,S3-219453497
S1-263094055	S2-128244446,S3-988410876,S3-449500285
S1-215256308	S2-548183128,S2-417039071,S2-979497693,S2-228026249,S2-235676922,S3-500237116,S3-456417416
S1-98771610	S2-226635206,S3-464337852,S3-249350857
S1-256074536	S2-579654255,S3-945078608
S1-151890197	S2-684951119,S2-546548177,S3-913697563
S1-665555995	S2-614193322,S2-201789889,S3-300794659
S1-132433003	S2-552335474,S2-311636091,S3-586423039,S3-209351477
S1-429228549	S2-565341086,S3-900223200,S3-813540547,S3-102176785
S1-779520890	S2-773249769,S2-900308180,S3-64093366,S3-177229295,S3-112534552,S3-383122867
S1-955836730	S2-367269118,S3-542082885
S1-285489351	S2-516190805,S2-868052566,S2-73665494,S3-513630024,S3-893216568,S3-676276892
S1-881069298	S2-885737668,S2-898903204,S2-593318072,S2-416827867,S3-499012456,S3-571298221
S1-353605317	S2-711005965,S3-451397752,S3-25132346,S3-846692677
S1-652218758	
S1-307288511	S2-539713591,S2-781333109,S2-830779335,S3-279291550,S3-337966412,S3-501083458
S1-658482127	S2-98554258,S2-350308010,S3-495052913,S3-886383427,S3-724121948
S1-629706394	S2-170770517,S3-52935837,S3-164946770
S1-592422824	S2-591538312,S2-322596881,S2-435559689,S3-264843519
S1-989536525	S2-197285229,S2-506528080,S3-732257255
S1-986152708	S2-169497377,S2-970550597,S3-445357523,S3-747351092,S3-933540857
S1-846977766	S2-697252263,S2-224214881,S3-134244352,S3-812521680
S1-678278760	S3-96901216
S1-453028925	S2-749523721,S2-884666746,S3-762356943,S3-278022585
S1-860577362	S2-636463002,S2-489317429,S3-503089817,S3-432572527
S1-95842439	S2-652666601,S3-88832207
S1-553435570	S2-495787541,S3-500763654,S3-447837298,S3-168740529
S1-231751912	S2-70741772,S2-340011487,S3-138946981
S1-756039361	S2-335253839,S3-138299726,S3-152773772,S3-643358403,S3-350758896
S1-158871572	S2-506213892,S2-909622978,S3-613177031
S1-795753517	S2-696172386,S2-330525216,S2-757717806,S3-505963385
S1-366920551	S2-343485413,S3-454391941,S3-725754836
S1-102777198	S2-608648071,S2-31771446,S2-725653574,S3-653031482,S3-453025376,S3-993180689
S1-576007207	S2-859157378,S3-628375930
S1-886060021	S2-623078844,S2-764242907
S1-59247291	S2-77836740,S2-291404359,S3-816718154,S3-939725654
S1-660101133	S3-141386048,S3-993121626,S3-734575115
S1-4942139	S2-792196063,S3-228844532,S3-662882083
S1-720346426	S2-285212310,S3-352135199,S3-352182623
S1-67711394	S2-417086555,S3-226910311
S1-656768331	S2-852744836,S3-366965544
S1-188906531	S2-954040964,S2-389469251,S2-459511781,S2-123821806,S3-733337113
S1-460355841	S2-140667086,S3-574601230
S1-479150319	S2-656956652,S2-184011119,S3-238155,S3-424050560
S1-859913901	S2-331928853,S2-363901694,S2-500203053,S3-858756129
S1-143613356	S3-933549110,S3-575586316
S1-572917374	S2-21842789,S3-19075058
S1-549747081	S2-101481351,S3-435578229,S3-367217792,S3-710664282
S1-888976448	S2-773154125,S3-402608393,S3-757558614
S1-137800863	S2-310335536,S2-921567504,S2-401510991,S3-417332234,S3-966395223
S1-464857155	
S1-654626973	S2-299730698,S2-453772990,S2-74486679,S3-362523841,S3-332227875,S3-246537107
S1-655533988	S2-375337874,S2-301638485,S2-529449301,S2-833327332,S2-914130429,S3-687303543
S1-979046028	S3-183113302
S1-809924303	S2-670729033,S2-651508553,S3-348667225,S3-111863146
S1-164038328	S2-581795836,S2-86004607
S1-847862438	
S1-866737119	S2-883810540,S3-434778827,S3-101079895,S3-594036658
S1-221779260	S2-388596433,S2-159611243,S3-442109450,S3-540623372
S1-419492200	S2-542308792,S3-931673322
S1-660274803	S2-673491992,S2-574458417,S3-6353944,S3-298720024
S1-459631473	S2-324126507,S2-488499241,S2-310903985,S3-638241708
S1-396507258	S2-383264743,S2-273276500,S3-596849397
S1-264626269	S2-617185071,S2-421900285,S2-889369931,S3-956220710,S3-379686446
S1-963679853	S2-729362445,S2-787732216,S2-716121251,S2-773798073,S3-86761014,S3-133783023
S1-787287750	S2-821616058,S3-52027718
S1-166201401	S3-152459955,S3-776552819
S1-454783119	S3-404711828
S1-367370972	S2-591301945,S3-790929567
S1-528269924	S2-915611570,S2-781239178,S2-512864924,S3-726870799,S3-488263513
S1-906104172	S2-968646634,S3-579187679
S1-819601887	S2-636008949,S3-680465179,S3-968860381,S3-460552934
S1-196088436	S2-565507792,S2-586372006,S3-768349536
S1-931630718	S2-740076310,S2-115217166,S3-296997819
S1-664377214	S2-305166343,S2-607189845,S2-659882587
S1-907645993	S2-123344806,S2-134278765,S3-636282707,S3-391288363,S3-221576346,S3-427482009
S1-71782227	S2-748715680,S2-215117286,S3-942175130,S3-412932289,S3-626348055
S1-242048271	S2-446110144,S2-690168684,S3-792349235,S3-609035632
S1-195302687	S2-10165115,S2-765874295,S3-373030936
S1-589464314	S2-716505167,S3-426331131,S3-886028852
S1-209386135	S2-525936817,S2-471623050,S3-740377233,S3-293082454,S3-611459447
S1-324359239	
S1-760738690	S2-708206347,S3-242779370,S3-697066878,S3-128909619,S3-170760625
S1-646909698	S2-524456075,S2-990853665,S3-365590694,S3-634359643
S1-779613849	
S1-607751617	S2-478337017,S3-941825293
S1-950597221	S2-56734263,S2-185902508,S2-161085777,S3-318680180
S1-802821998	S2-240301960,S2-10717394,S2-997278739,S3-457041795
S1-160131111	S2-938808173
S1-175784776	S2-861476420,S3-973126132
S1-974019979	S2-757765959,S2-681751936,S3-461196608
S1-682326917	S2-59447476,S3-19509373,S3-36314909,S3-980945579,S3-252453110
S1-161393085	S2-470002349,S2-895704814,S3-945058511,S3-671903373,S3-314576153
S1-718352213	S2-147853801,S2-497444123,S3-454636500
S1-285672609	S2-240940602,S2-888381863,S3-930442856
S1-385486273	S2-77918136,S2-605123376,S2-480803535,S3-538303630
S1-99793531	S2-630326136,S3-32295060,S3-144625064
S1-113947873	S2-322992571,S3-204366258,S3-388472683
S1-996685603	S2-840593863,S3-197465282,S3-109902982,S3-23965251
S1-46840949	S3-254640796
S1-566398188	S2-734980152,S3-103359388
S1-530155768	S2-232910502,S2-809767122,S3-935008927,S3-239889271,S3-975713340
S1-435421636	S3-58971986,S3-636305788,S3-494533816
S1-876254635	S2-637695058,S2-562849843,S3-956482071
S1-170355510	S2-598228233,S2-577598154,S2-276810189,S3-513287444,S3-918828329
S1-192226963	S3-111316218,S3-795683917
S1-71554719	S2-779141395,S3-189611035,S3-381778788,S3-45627590,S3-151465401
S1-693860797	S2-840279014,S3-645616627,S3-28003165
S1-701477202	S2-378795294,S2-629841898,S2-444478497
S1-69681564	S2-499232297,S3-305331707,S3-269795545
S1-153446626	S3-482259546
S1-610948709	S2-538547755,S2-749584698,S2-387521094,S2-832599507,S3-899067056,S3-642449490,S3-483586191,S3-552244104
S1-401202103	S2-985951562,S3-237801209,S3-840591836
S1-866922582	S2-122451405,S3-395575460
S1-825011569	S2-595643720,S3-623136173
S1-443778425	S2-398456530,S2-65636909,S2-233830375,S3-638873894,S3-941876881
S1-18209384	S2-985286801,S3-772310842,S3-235986049,S3-870465303
S1-750632579	S2-859217665,S2-655087895,S3-692294058,S3-158567357
S1-783127731	S2-336005449,S3-671971345
S1-287110128	S2-361048982,S3-893277319
S1-323033263	S2-271884272,S3-589820454
S1-184939694	S2-649534941,S2-804691638,S3-529596979,S3-441555147,S3-78374540,S3-479446872
S1-642452340	S2-740057657,S2-406737473,S3-460677241
S1-375305239	S3-458060255,S3-11443257
S1-321920450	S2-934862035,S3-327138853,S3-463734827
S1-514359098	S2-253993552,S2-382095535,S3-10952135,S3-206972088,S3-717419813
S1-640247048	S2-807389854,S3-285264031,S3-865514439,S3-881818084
S1-287616845	S2-482667297
S1-584231782	S2-572325344,S3-694666599,S3-970966068,S3-437658949
S1-774961930	S2-827105591,S3-351390317
S1-843954784	S2-759464771,S2-812770003,S3-876291633
S1-752787069	S2-857957960,S2-942908027
S1-867261538	S2-657212375,S3-263522826,S3-171154927,S3-692072968
S1-365184329	S2-164279516,S2-812986566,S2-676711135,S3-946029518,S3-494913900
S1-950448489	S3-539554510
S1-524485821	S2-578184822,S3-235712180,S3-388610451
S1-576533228	S2-473813053,S2-686129447,S3-734759865,S3-858522135,S3-925329908
S1-101965355	S2-515285961,S2-332955755,S3-469479023,S3-738627624,S3-24671907
S1-399053308	S2-357367004
S1-183067373	S2-67695329,S2-970320769,S3-589182281,S3-660210746
S1-561233443	S3-165079458,S3-835002050,S3-535378268
S1-249769235	
S1-322586677	S2-734994577,S2-664643088,S2-968936911,S3-383053924,S3-149371070
S1-794762701	S2-558369677,S2-528849622,S3-570200831,S3-573878762
S1-111968014	S2-47303626,S2-50049567,S3-709433972,S3-8211406
S1-103139047	S2-146071968,S3-598425201
S1-99847941	
S1-82418670	S2-193379029,S3-489350086
S1-583709258	S2-628194240,S3-989082370
S1-738991795	S2-139457345,S2-214814859,S2-561669342,S2-382631800,S3-105495320
S1-753567061	S3-414542987,S3-275647506,S3-69588525
S1-593687140	S2-288863305,S3-773416112,S3-89166649,S3-193629485
S1-956244799	S2-86975520,S3-475181212,S3-909805654
S1-879331734	
S1-681983201	S2-593549676,S3-477729352,S3-820055250,S3-822364630
S1-320922557	S2-901759211,S3-340587974,S3-889055353,S3-604392624
S1-708927587	S2-144981532,S2-196047245,S2-598400956,S3-891625239,S3-920476145
S1-306331822	
S1-499763811	S2-439423049,S3-594810312
S1-266082113	S2-114508506,S2-119964029,S3-207648461,S3-58497299,S3-709750196
S1-234838390	S2-56690861,S3-501848476
S1-798850090	S2-386729192,S2-598993941,S2-553500784,S3-682867199,S3-269898783,S3-981048560,S3-976941138,S3-226760248
S1-174723317	S2-997165218,S3-384376088,S3-131932115
S1-432518754	S2-538234142,S2-479069994,S3-846261739,S3-842027189,S3-477819188
S1-687999058	S2-821851753,S3-806926906,S3-560556681,S3-814592114
S1-779269199	S2-764748505,S3-865750568
S1-900544442	S2-913626926,S2-126114325,S3-89931723,S3-653877915,S3-988798014,S3-565685213
S1-598178757	S2-98431142,S2-650583,S3-371525268,S3-877499740
S1-324631567	S2-439597465,S2-26135903,S3-264967646,S3-389471047,S3-366726773
S1-934557723	S2-473180767,S2-414086067,S3-419252792,S3-183687981,S3-894808937,S3-979427187
S1-664507780	S2-113096239,S2-201439185,S3-554586911,S3-592102244,S3-533875404,S3-592354578
S1-607868834	S2-125047587,S2-772241982,S2-400290202,S3-475146138,S3-628243509
S1-249199267	S2-562740261,S3-558453280,S3-470216671,S3-889891972
S1-197294398	S2-239259491,S3-405388808,S3-199334035,S3-7417867
S1-238485174	S2-910404740,S2-932854937,S2-381199509,S3-355510095
S1-9941366	S2-479980436,S3-418607276,S3-95380040,S3-967658106
S1-6930751	S2-849566449,S2-117533088,S3-67693210,S3-262618512
S1-11463188	S2-616698238,S3-529219563
S1-476057900	S2-642642219,S2-50165659,S2-682904199,S2-995799850,S3-895236065,S3-408437430
S1-630361185	S3-118362364,S3-666078861
S1-299851645	S2-513065672,S2-33558725,S2-359925411,S3-909055201
S1-568201342	S2-315550396,S2-606623657,S2-866485506
S1-272435300	S2-17722863,S3-555725554,S3-824817385,S3-525346838
S1-229845490	S2-217141651,S3-808649669,S3-818565439,S3-994577385
S1-139628630	S2-927238511,S2-343233614,S3-824817836
S1-533904836	S3-877569965,S3-277271626
S1-774384413	S2-710584304,S3-652834355,S3-561368866
S1-945806697	
S1-713545256	S2-248532384,S2-774058033,S2-664483783,S3-899196868,S3-22588597
S1-858963380	S2-735397406,S2-184146475,S3-388724680,S3-359229038
S1-338163807	S2-726939886,S3-144723343
S1-86049995	S2-738503468,S3-174324303,S3-150365839
S1-586877520	S2-437866279,S3-935430807,S3-951894297
S1-897513060	S2-593142684,S2-17176513,S3-532275776,S3-601700282,S3-724179935,S3-201530391
S1-866437830	S2-785846781,S2-378699234,S2-626143913,S2-277424958,S2-368870374,S3-779794019,S3-795855199,S3-392510053,S3-244670858,S3-81727955
S1-224736120	S2-343357854,S3-141947133,S3-715746913,S3-475395147,S3-794465671
S1-404175154	S2-748003453,S2-951136932,S2-494051359
S1-901272067	S2-593918017,S3-827958901,S3-620252842
S1-480870203	S2-120013219
S1-928921929	S2-263868127,S2-282673578,S2-380647327,S3-622257807,S3-64427253
S1-610562570	S2-955314256,S2-630833712,S2-377346451,S2-542917031,S3-493266174,S3-668768345
S1-589481618	S2-910763610,S3-726264739,S3-707068398,S3-259314307
S1-334268114	S2-583432588,S3-320684313,S3-116308277
S1-353053966	S2-630291294,S2-639000433,S3-905763542
S1-895515669	S2-744128269,S2-143049725,S2-156338005,S3-296394240,S3-281903985
S1-690880022	S2-469579906,S2-796520947,S3-575389209
S1-392978306	
S1-460281383	S2-969353505,S2-441832401,S2-952634690,S3-820874711
S1-282486716	S2-141397,S2-275185238,S3-722387386
S1-23489196	S2-636683055
S1-747172310	S2-435490178,S2-5300507,S3-230497448,S3-434297244
S1-41255876	S2-857069106,S2-504920855,S2-760742839,S3-817599595,S3-293803470,S3-654052688
S1-854879243	S2-612346397,S3-398595488,S3-740299111
S1-88435677	S2-347614278,S2-815665772,S3-606798715,S3-197504319
S1-115430564	S2-800945635,S3-156666388
S1-728932687	S3-718573382,S3-276994752,S3-669573838,S3-951954081,S3-416691877
S1-622811440	S2-384764674,S2-555158951,S2-940944221,S3-835642835,S3-516144427
S1-454396104	S2-902179431,S2-229599796,S2-466790318,S2-760200027,S3-87367820
S1-13501775	S2-637945441,S2-80489231,S2-236461929,S3-678336667
S1-909663371	S2-237551857,S3-114946722,S3-106988319
S1-932257186	S2-700124705,S2-977565959,S3-35447051,S3-636502224,S3-737265918
S1-409257741	S2-967004033,S2-358671878,S3-798959435,S3-24078048,S3-840710888
S1-984116449	S3-932539587,S3-969605833
S1-267184990	S2-303690046,S2-720803571,S2-214378630,S3-746948370
S1-227092581	S2-150120701,S3-974864432,S3-434184002
S1-666141703	S2-377012318,S3-583644599,S3-83587325
S1-426357698	S2-421519895,S3-756225736
S1-308200514	S3-80108045,S3-41575509
S1-682108569	S2-202817080,S3-628967756,S3-932699512
S1-123488861	S2-938623001,S3-202711433,S3-6466464,S3-33729288
S1-541561117	S3-829375062,S3-406323450
S1-686409485	S2-967706857,S3-665051143
S1-924305663	S2-793135567,S3-135020518
S1-739112808	S2-612838272,S2-692334673,S2-466414993,S3-959756136
S1-433984315	S2-121228499,S3-822837396
S1-152847270	S2-483754637,S3-284978515,S3-603835440
S1-475699260	S2-18004957,S3-617050985
S1-692211620	S2-63137977,S3-340550214
S1-535731460	S2-769886885,S3-473774318
S1-402532342	S2-965467617,S2-129468287,S2-162219721,S2-243281140,S3-596709495,S3-860244011,S3-236345299
S1-110675912	S2-560450095,S3-718850172,S3-231039805,S3-935898789,S3-963488868
S1-529741859	S2-842668978,S2-397467941,S3-909424702
S1-690748949	S2-576099390,S3-478589687
S1-268847058	S3-217255119
S1-940107686	S2-478701725,S3-761213509,S3-61157883
S1-716782433	S2-87108762,S3-323284209,S3-382787237
S1-221231780	S2-66950511,S3-998686937
S1-928698393	S2-485755072,S3-378586420,S3-274133330
S1-193213699	S2-222038429,S3-522514113,S3-484012464,S3-552408167,S3-322925183
S1-788080073	S2-375092784,S2-384111623,S2-559403492,S3-838865340,S3-345613415
S1-632522116	S2-697557381,S3-856819045,S3-35343743,S3-974787230
S1-692250771	S2-906026748,S2-711640904,S3-943874734,S3-459200135
S1-936994289	S2-727652620,S3-73046357,S3-251344471
S1-430745939	S2-558751488,S2-636252366,S3-156302253,S3-756801523
S1-410823874	S2-743543198,S3-382323666,S3-185249349
S1-173511877	S2-305870925,S3-958219405
S1-592091592	S2-375899159,S2-51556429,S3-198777722,S3-124675126
S1-562278344	S2-331626457,S2-877954016,S2-654338656,S3-878436520
S1-351558078	S2-900295436,S2-810198631,S3-832717602
S1-130299768	S2-118793892,S2-18413097,S3-728986262,S3-648739471,S3-350712711
S1-903532985	S2-452656943,S2-932111451,S3-719580123,S3-589876174,S3-181226142
S1-305472629	S2-915556875,S2-897627561,S3-315734162
S1-191857038	S2-430732912,S3-790876123
S1-490395767	S2-344141290,S2-940222021,S3-521864517,S3-97537088,S3-951901140,S3-945493131
S1-837980010	S2-868453711,S2-682495046,S3-165056293,S3-435901998
S1-640405505	S2-975259889,S3-939511025
S1-511741979	S2-98674968,S2-390766383,S3-179216974,S3-483494595,S3-725878444,S3-142089599
S1-615959735	S2-372514022,S2-755473743,S3-233283941,S3-860252899,S3-240252639,S3-755402117
S1-421505377	S2-126966184,S3-550529181,S3-958160601
S1-393210514	S2-560253768,S3-105432148,S3-848896738,S3-194159856
S1-784764279	S2-53388242,S2-363547550,S2-198461592
S1-210316522	S3-794829592
S1-371635637	S2-200260692,S2-921411720,S3-776888443,S3-220837192
S1-441571416	S2-163370703,S3-623152819,S3-316135196
S1-386105141	S2-307313715,S2-142229905,S3-608914380,S3-596163547,S3-750538047
S1-429751213	S2-13439210,S2-114846704,S2-422976758,S2-561460419,S3-52406996,S3-743528589
S1-333281364	S2-260677759,S3-940545648,S3-243836756,S3-948259692,S3-623984106
S1-462273259	S2-702104128,S3-940802753,S3-962339514,S3-716996794
S1-131093693	S3-130612201,S3-937697399,S3-268031682
S1-943789777	S2-994663025,S2-781097577,S3-679151848
S1-566357190	S2-773551588,S3-383433119
S1-189331644	S2-942976342,S3-434095064,S3-408770656
S1-795882331	S2-782435891,S2-192833784,S2-309485889,S3-351014364,S3-908792473
S1-623115427	S2-897291862,S3-441029184
S1-509704039	S2-149726270,S2-765273306,S2-838161675,S3-883498792
S1-803044725	S2-687188240,S2-13503891,S2-829520403,S2-744903916,S3-107928197
S1-285035098	S2-258426829,S2-71701896,S3-8402275
S1-339153880	S2-170505588,S2-7674469,S2-604939391,S3-981120776
S1-796763060	S2-657989707,S2-689182429,S2-555547298,S3-938991137
S1-662970042	S2-747402625,S2-20821310,S2-87281810,S2-707796778,S3-570040799
S1-654560706	S2-435291545,S3-277678504
S1-726093564	S2-966084346,S3-716470377,S3-589977194
S1-550762058	S3-591147550,S3-932855916,S3-259037116,S3-331750377
S1-805840897	S2-794146118,S2-553021652,S2-241068367,S3-855259095
S1-778815810	S2-512448843,S3-877200468,S3-289658888,S3-335473867
S1-327874437	
S1-249136170	S2-197599313,S2-213308195,S3-698457253,S3-234576754
S1-427332148	S2-575165732,S3-839414469,S3-343957779,S3-561578590
S1-827199926	S2-799841198,S2-878171436,S2-82276736,S3-938041031,S3-755051758,S3-487307068,S3-860245285
S1-349086604	S3-83539696,S3-890338145,S3-516394886
S1-8767124	S2-605173735,S2-535070627,S3-947379200
S1-315579261	S2-506688751,S2-903918977,S2-176695291,S3-165068746,S3-845783879
S1-963905164	S2-182726328,S2-72459346,S3-270501095,S3-69367659
S1-683303524	S2-457580709,S2-507967254
S1-315469650	S2-469628461,S2-310472109,S2-66036863,S2-854911208,S3-453497872,S3-184817080,S3-329630858
S1-52128037	S2-51292313,S2-949864754,S3-210270780,S3-900224910
S1-392323012	S2-618803181,S3-435570719,S3-405622819,S3-958749582
S1-408544466	S2-263233244,S2-100916746,S3-773871673,S3-864876957,S3-125239966
S1-22178796	S2-197821563,S3-741456241
S1-183353579	S2-583716258,S2-60375292,S3-827964767
S1-266495281	S2-969524476,S3-192732808
S1-442516615	S2-353410805,S2-156894639,S3-644128989
S1-546589798	S2-698379184,S2-522001304,S3-32842785,S3-744049502,S3-411928049
S1-377922707	
S1-795230134	S2-681438878,S2-298616092,S3-328508844,S3-441819680
S1-672233723	S3-912661881,S3-127272883,S3-773635548
S1-221361581	S2-790797720,S3-205032043,S3-606708973,S3-537602396,S3-71569877,S3-149090441
S1-612183811	S2-592089760,S3-542033253,S3-355736914
S1-524411483	S2-139625471,S2-231428887,S3-520426028,S3-924074040
S1-273018380	S2-237894132
S1-18355317	S2-792715427,S2-210783926,S3-2522487,S3-497135558
S1-245584267	S2-288360554,S2-475257630,S3-395969968,S3-210184612
S1-650605461	S2-659033109,S2-198821697,S2-938934294,S3-200979565
S1-359772126	S2-317586090,S3-560889220
S1-427338273	S2-701153995,S3-210962554,S3-458860707
S1-301319859	S2-453821747,S3-843431423,S3-977519922,S3-206406326,S3-964868730
S1-256471835	S2-660742700,S2-657391960,S3-528549914
S1-475763988	S2-666782393,S3-339943212
S1-603281884	S2-801792354,S2-620611439,S2-595076408,S3-149779353
S1-140846849	S2-490308639,S3-334264641
S1-937787998	S2-996885481,S2-23842154,S2-438154661
S1-963282896	S2-560199038,S2-642919246,S3-419397541,S3-739907006,S3-615589997,S3-660926468
S1-740026965	S2-794624141,S2-802814226,S3-753429254,S3-635987054,S3-71671113,S3-78668021,S3-209877257
S1-182599619	S2-720476861,S3-291123194
S1-37091456	S2-216925225,S3-670623281,S3-935252377,S3-162922549
S1-348157511	
S1-273813637	S3-575843272,S3-344737005,S3-180706127,S3-842079962
S1-668249022	S2-869696916,S2-59969817,S3-81271916,S3-680304944,S3-456472601
S1-359514718	
S1-102636763	S2-827600962,S2-626923048,S3-137038186
S1-834194094	S2-527015455,S3-571706562,S3-281608802,S3-239249517,S3-259318521
S1-156055753	S2-50801351,S3-77928294
S1-882345970	S2-983097368,S3-487036913,S3-454025879,S3-334371288
S1-532464914	S2-206795996,S3-803076947
S1-996965230	S2-765838812,S2-6927141,S2-580053583,S2-423908263,S2-839098021,S3-179096487,S3-26484512
S1-288451419	S2-500254356,S2-651765637,S2-320102510,S3-187027174,S3-630509563,S3-543665855
S1-654463210	S2-131678669,S2-844547868,S3-833452894
S1-535445837	S2-398225972,S3-533929370,S3-222802957
S1-312188150	S2-827545000,S3-260337388
S1-476286245	S2-675932360,S2-172433028,S2-276795937,S3-882625612,S3-195082543,S3-221139833
S1-108062699	S2-114833864,S3-75192985
S1-379837934	S2-58828317,S2-15756854,S3-600119177
S1-276542910	S2-519333015,S2-407835380,S3-205509254
S1-601508239	S2-528581431,S3-86431839,S3-711885668,S3-781424735
S1-518845293	S2-583728697,S2-383907249,S2-557345460,S3-86878160,S3-21766414
S1-204221814	S2-728951304,S2-979227147,S2-757062675,S3-4062267
S1-356240998	S2-168964511,S2-88420312,S3-463477358,S3-991830724,S3-49951552
S1-878930563	S2-662636800,S3-669721634,S3-163713759
S1-810500349	S2-866308052,S2-297908925,S3-166236189,S3-981360054,S3-329078174,S3-915865144
S1-992173331	S2-16294734,S3-69438454
S1-445496513	S2-685005746,S2-883361245,S3-960880042
S1-317724507	S2-7004155,S3-440137837,S3-359750070,S3-461306962
S1-409392270	S2-150194704,S2-982235966,S2-338731461,S2-529979573,S3-115431457,S3-657284626,S3-161294927
S1-183804717	S2-610093140,S2-752704515,S3-417487099,S3-892184846
S1-616678811	S3-532577199,S3-467433677,S3-740375371
S1-206628703	S3-825782164
S1-260430234	S2-553378276,S2-800992155,S2-294648266,S2-77308851,S3-799997707,S3-343338852,S3-345078842
S1-130058396	S2-292290497,S3-128469967,S3-379563802,S3-920055341
S1-658462758	S2-935686405,S3-179671129
S1-583636538	S2-993171644,S2-291561214,S2-831512030,S3-551252766,S3-723079685,S3-327984602
S1-150796475	
S1-343226068	S2-586847078,S2-162853809,S3-387301074,S3-316945091
S1-783726897	S2-442713987,S2-916135551,S2-202888429,S2-541898729,S3-439086637,S3-165917227
S1-539871759	S2-228694757,S2-482230535,S3-50049145,S3-530343002
S1-552201074	S2-325192857,S3-51124205
S1-2423897	S2-997645477
S1-149485408	S3-985292354,S3-806980990
S1-978680182	S2-638291196,S2-879435513,S3-837412094
S1-532546423	S2-695876937,S2-632287541,S2-840192088,S2-733369258,S3-533791574
S1-699268663	S2-103970071,S2-280059207,S3-391567940,S3-800189911
S1-731477293	S2-742040891,S2-235974377,S3-187429187
S1-759720352	S2-270545574,S3-275127372,S3-894722187
S1-975510516	S2-304169360,S2-520833465,S3-283899397,S3-565910875,S3-86651820
S1-336282177	S2-87019673,S3-835584214,S3-395799680
S1-340232184	S2-667343566,S2-411472640,S3-168205511,S3-127053569
S1-139335003	S2-926452035,S3-755571062,S3-159912666,S3-718575878
S1-12088447	S2-933615662,S3-186063802,S3-105843017,S3-453786107
S1-23744517	S2-299864563,S2-312486614,S3-401044198,S3-291125110,S3-186902891
S1-178720072	S2-164197459,S2-48581344,S3-443525415,S3-934682523,S3-874235139
S1-449426909	S2-675978490,S2-495778324,S3-512805522
S1-883879647	S3-192884585,S3-718706558
S1-680267791	S2-981750252,S2-639685352,S3-38595003,S3-761558580,S3-184055677
S1-705273654	S2-899919139,S2-253965773,S3-136163399,S3-328549773
S1-34574391	S2-796091867,S2-785322602,S3-263311591
S1-109274691	S2-332694530,S2-607890314,S3-932113227,S3-674495617,S3-123064872
S1-165344189	S2-294579844,S2-511001955,S3-399551713,S3-393973782,S3-134682288,S3-84336287,S3-845306400
S1-67527827	S2-489023256,S2-258773254
S1-246790874	S2-573519622,S2-883190023,S2-771340722,S2-668772479
S1-112224808	S2-377698924,S2-89157421,S3-248496003,S3-911152560,S3-670833012
S1-622135617	S2-913672495,S3-162177199
S1-681410014	S2-105391429,S2-390945885,S3-706905775
S1-465894667	S2-750614896,S2-253649604,S3-875958947
S1-557887046	S2-261423504,S2-640441194
S1-84417218	S2-195708552,S2-949970229
S1-442278489	S2-620726936,S3-347130540,S3-220185531,S3-388883868
S1-134493001	S2-460159261,S3-663722371,S3-639091067,S3-199791387
S1-387429978	S2-846833581,S3-860120618,S3-845189219
S1-169617024	S2-945071555,S2-772423254,S3-59745325,S3-902313136
S1-929259410	S2-909109772,S3-936496219,S3-296702063
S1-152629056	S2-924181337,S3-702135487,S3-24392851
S1-41025816	S2-825187979,S3-922548839
S1-904511485	S2-343898862,S2-778242960,S2-843249033,S2-639143815,S3-98941766,S3-554407356
S1-275527684	S2-271455212,S3-882026730,S3-868493341,S3-148019402
S1-355101591	S2-878891773,S3-801953483,S3-372873482,S3-463939511
S1-127550104	S2-946117887,S3-664406801
S1-526242095	S2-833548109,S3-474550724
S1-42227249	S2-160569091,S3-536824681,S3-613235211,S3-505283519
S1-283201867	S2-565170410,S2-276661202,S2-18291660,S3-663879678
S1-991964764	S2-845839089,S2-727627006,S3-245438506
S1-909344527	S2-387034648,S2-430094137,S3-935014175,S3-412424899,S3-673919995
S1-720348821	S2-316824009
S1-994802689	
S1-638266733	S2-371428523,S2-548594927,S2-876063962,S3-214112047,S3-480006235
S1-483659991	S2-63761178,S3-183971418,S3-509382679,S3-712163974,S3-961921060
S1-899469792	S2-188190432,S2-122000047,S3-978135499,S3-825361288
S1-397466835	S2-841462180,S3-400301248,S3-990465044,S3-812536397
S1-645708436	S2-453493207,S3-575117711,S3-94761526
S1-942966329	S2-456683722,S2-750191800,S2-136317148,S3-964232288
S1-459692643	S2-970582299,S2-117470846,S3-997185489
S1-984177784	S3-671266467
S1-126012158	S2-873062617,S2-944405022,S3-584990015,S3-194931821
S1-305467838	S2-416859169,S2-356431619,S2-195534687
S1-785129717	S2-220916957,S3-832123472,S3-577125206
S1-114119357	S2-594511574,S3-514529366,S3-826877861
S1-277144771	S2-892695994,S2-990743890,S3-690684260,S3-647380322
S1-134646882	S2-908229739,S3-362719614,S3-40148785
S1-497838930	S2-876010848,S3-620196842,S3-730400112
S1-411394429	S2-363275319,S2-477376213,S3-847349885,S3-1107992,S3-486440483
S1-60232496	S2-837925578,S3-834555019,S3-307936850
S1-116993151	S2-407454921,S3-195254132,S3-25541369
S1-192894395	S2-616554977,S2-253164124,S3-933543667,S3-672622449,S3-526439853
S1-443197296	S2-785036470,S2-106926459,S3-65682638,S3-721191378,S3-166779755
S1-768281037	S2-252591046,S3-738209924
S1-982143868	S2-136360358,S2-39376365,S3-649544275,S3-613112920
S1-771387992	S2-245109481,S3-571106825,S3-98615692,S3-724648935
S1-266098952	S2-88826373,S3-652502917,S3-570776405
S1-647625671	S2-396182158,S2-417471001,S2-752168881,S3-680511260
S1-383261626	S2-434624517,S3-437200020
S1-162593001	S2-335322974,S2-381402880,S2-626201820,S3-443312032
S1-480685595	S2-515600697,S3-689629359
S1-725265924	S2-406893371,S2-964627494,S2-469012390,S3-507315439,S3-93208006
S1-894062525	S2-782578077,S2-380902604,S3-863246216,S3-189059236,S3-840771734
S1-103010128	S2-400668593,S3-715955351
S1-290449013	S3-681896980,S3-40118953,S3-491874193,S3-906193356,S3-74916029
S1-696937964	S2-697672532,S2-806676386,S3-876398554
S1-341354451	
S1-474899817	S2-550644288,S3-986300590
S1-755749101	S2-669337284,S3-897818424,S3-405891975
S1-529552092	S2-130611952,S3-315246297,S3-434918575
S1-358672445	S2-99063944,S3-745454633
S1-948091289	S2-166512046,S2-983136621,S3-951931888
S1-394397195	S3-377745984
S1-623610907	S2-422514183,S3-227052700,S3-682268099,S3-42843085
S1-787528372	S2-981764109,S3-643987221,S3-268258905,S3-305803890
S1-898229048	S2-972167604,S2-630348597,S3-883953124,S3-445564343
S1-570675522	S2-381578299,S2-518448222,S2-229695542,S2-448715683,S3-117240118
S1-37704707	S2-286997128,S3-861799967
S1-27871599	S2-460968999,S2-15320929,S3-690620123
S1-163311807	S2-685591433,S3-670855715,S3-660577602
S1-612267125	S2-650572918,S2-921703815,S2-804152192,S3-506259847
S1-528627690	S2-176866219,S3-32497151,S3-196638795,S3-248633471,S3-777933424
S1-552431803	S3-655776193,S3-108263906,S3-772273523
S1-544854099	S2-741352674,S2-149457008,S2-440905759,S3-864104429,S3-342657910,S3-275617710
S1-418803407	S2-513931011,S2-362999179,S3-981731191,S3-641774711
S1-612546969	S2-748164862,S2-211991969,S3-456461287,S3-311003854
S1-244343186	S2-47900307,S3-387981394,S3-408292982,S3-630012837
S1-152764624	S2-966717893,S2-366200714,S3-297150172,S3-667562079,S3-780114295
S1-904844059	S2-187447253,S2-659380967,S2-140187977,S3-341373043,S3-545258705,S3-428751885
S1-71524666	S2-856825408,S3-946707648,S3-190268077
S1-565611266	S2-478546142,S2-935045101,S2-265767794,S2-357316716,S3-198107181,S3-467541901
S1-666039375	S3-56144165,S3-878870723,S3-591345898
S1-897740465	S2-846305666,S3-587041814,S3-959922651,S3-345164297
S1-800027019	S2-492354349,S3-809787989
S1-523454564	S2-193027064,S2-311942434,S3-404955078,S3-81942443,S3-734280927,S3-180111044
S1-948566232	S2-599807906,S2-395803719,S2-99219692,S3-369724716,S3-789069903
S1-108695418	S2-177412168,S2-900936762,S3-803554029,S3-453716345
S1-761782697	S2-30940651,S3-759701521,S3-935649477
S1-953403869	S2-684198830,S2-88330059,S3-869934312
S1-184528552	S2-838800943,S3-794108604,S3-566703602
S1-844448893	S2-493111407,S3-532090450
S1-57993591	S2-590713196,S3-548704364,S3-886684411
S1-804870663	S2-417537082,S3-817576665,S3-565272502,S3-33348586
S1-952317911	
S1-550665321	S2-256947433,S2-87040586,S2-144652953,S2-491736420
S1-850187608	S2-11647668
S1-559164504	S2-706948846,S2-369370910,S2-735015812,S2-557106739
S1-571398865	S3-995654451,S3-151789249
S1-746187051	S2-27544629
S1-204673227	S2-729641141,S3-860692955,S3-145880887,S3-221741039,S3-500136057
S1-73889651	S2-374542898,S2-11013333,S3-356989650,S3-409734146
S1-451863687	S2-581153068,S3-927456130,S3-143744898,S3-388234857,S3-585091969
S1-703246363	S2-622543329,S3-582957821,S3-553748579,S3-417227893
S1-46170315	S2-745153029,S2-223865281,S3-637202810
S1-640530629	S2-405801940,S3-901913928,S3-275362335,S3-240751100
S1-487939330	S2-872603494,S2-572871875,S2-875990593,S3-211442815,S3-900154566,S3-111918665
S1-529169532	S2-3222095,S3-19798993
S1-421546900	S2-891770027,S2-88323543,S2-894307713,S3-794070948,S3-131445764,S3-688389687
S1-289171298	S3-710998740
S1-512114726	S2-632873302,S2-812761023,S2-558401445,S3-36985001
S1-106469060	S2-28879653,S2-785669240,S3-466920560,S3-144088982,S3-246056338,S3-184484928
S1-209567818	S2-937799521,S2-265422250,S2-787571795,S3-680669619,S3-221755369,S3-844480453,S3-535389260,S3-488280538
S1-856151385	S2-128300555,S2-837452202,S2-197417269,S3-942238673,S3-851810910
S1-806767046	S2-863486799,S3-811216690,S3-485293370,S3-582687106
S1-432054254	S2-510262453,S2-85501568,S2-825068794,S3-669552173
S1-44047574	S2-288729283,S3-22369120,S3-229710772
S1-549146189	S2-821751312,S3-69689397
S1-180574078	S2-647399325,S3-974059506,S3-459751067,S3-212662028,S3-859906394
S1-825400759	S2-909313640,S2-438492307
S1-358954532	S2-125970994,S2-904178792,S3-301134677,S3-237384359
S1-564910443	
S1-64208086	S2-258872732,S3-560736893,S3-761357619
S1-199664637	S2-207865871,S2-754965763,S3-421941217,S3-752313793
S1-85857396	S2-664026766,S2-55686686,S3-969233020,S3-730386124
S1-989756915	S2-357396248,S3-254501369,S3-850096948,S3-411793583
S1-261811696	S2-578209592,S3-475396142,S3-352565174,S3-361986217
S1-811460433	S2-97455258,S3-683619246,S3-614559807,S3-431692322
S1-804310168	S2-330326429,S3-771471238,S3-415087073
S1-24990806	S2-78335643,S2-972074743,S3-694506918
S1-182163668	S2-117204079,S2-589150633,S2-971222853,S3-532645734,S3-227022377
S1-259705304	S2-168525681,S3-949435949,S3-999215262,S3-593409385
S1-917217492	S2-986508764,S2-504398566,S3-554404152,S3-2400882,S3-433015378,S3-778182533,S3-702505223
S1-342376844	S2-564915638,S2-476889663,S2-856040033,S3-343597553
S1-810031087	S2-416704868,S3-420642403,S3-970756464,S3-586569378
S1-761842895	
S1-653247297	S2-435684559,S2-914383333,S3-300774615,S3-585098428
S1-430057110	S2-821620341,S2-14409920,S2-930402041,S2-672531558,S3-175528214
S1-110152258	S2-958262236,S3-907142014,S3-433100924,S3-871265605
S1-98823296	S2-626068758,S2-847795898,S2-52769409,S3-319639701
S1-587601458	S2-422365377,S3-553028517
S1-779497977	S2-130499174,S2-782427610,S3-524081093,S3-161292613,S3-869683207
S1-416477410	S2-315636062,S2-21934404,S3-777560082
S1-924897637	S2-745960683,S3-968108705
S1-999731757	S2-756149344,S2-208923289,S2-174249756,S3-909128808,S3-296186806,S3-68443809,S3-133756988
S1-147366576	S2-887465742,S2-368266262,S3-713093024,S3-177003472,S3-539637991
S1-919406797	S2-21738904,S3-401016432
S1-354471027	S2-256194317,S2-187509909,S2-8113645,S2-896130534,S3-234046804,S3-683973637
S1-957753894	S2-416202988,S2-628937622,S3-419323640,S3-48333451
S1-634842371	S2-193975197,S2-899445539,S2-582172023,S2-30043019,S3-778916793,S3-195775352,S3-966459984,S3-284813294
S1-956013771	S2-33275799,S2-881895041,S2-571456560,S2-453465349,S3-919155361,S3-655884251,S3-400448312
S1-111516859	S2-42003727,S3-925591037
S1-699712626	S2-423534986,S3-922850010,S3-395338474,S3-385145854
S1-373212072	S2-60813604,S3-109616986,S3-382534768,S3-689021217
S1-882244781	S2-898659332,S3-573284684
S1-409687629	S2-312270102,S2-585781454,S2-67162748,S3-869798991
S1-492999950	S2-898998902
S1-788338472	S2-678274026,S3-597389546,S3-121813794,S3-738150954
S1-306369175	S2-114509371,S2-382877582,S3-482541251
S1-407260675	S2-666641269,S2-957546987,S2-738808631,S3-460880203
S1-910054907	S3-538951297
S1-97933707	S2-177604620,S2-919747722,S2-211863861,S3-86388977,S3-849131262
S1-841205112	S2-932985147,S2-885039540,S2-147136742,S3-262154526,S3-330339656,S3-518276710
S1-534062912	S2-735799909,S3-147731079
S1-366081313	S2-291452809,S3-113909133,S3-702005685
S1-370721226	S2-962890497,S2-71783559,S3-5228020,S3-20259122
S1-966338505	S2-927582878,S2-553798521
S1-959741504	S2-664698883,S2-220333210,S3-643879599,S3-119654516
S1-527257564	S2-935219329,S2-263601550,S3-591052329,S3-695023586,S3-503351735
S1-583927747	S2-732382538,S2-226299755
S1-348620188	S2-370725484,S3-868246108,S3-434997540
S1-820472213	S2-958641188,S3-38581395
S1-72556924	S2-947108101,S2-141492471,S3-851077213,S3-162858270,S3-905736267
S1-343731538	S2-574143267,S3-969927328,S3-537856787,S3-560540840,S3-999926677
S1-948046108	S2-867377413
S1-743184644	S2-287879388,S2-665670333,S3-486078265,S3-711531794
S1-933703122	S2-46048726,S3-908078796
S1-403113665	S2-245863333,S2-668856589,S3-115962646,S3-220891571
S1-18043593	S2-182014346,S2-260323026,S3-151074501
S1-600282889	S2-759757082,S2-946852078,S2-35872530,S3-323855335
S1-490842253	S2-907118035,S2-555844105,S2-426779814,S3-270062231,S3-138772715
S1-64383095	S2-766239041,S2-543468107
S1-953951659	S2-954888570,S2-745635228,S2-458095432,S3-92744039
S1-390017311	
S1-881905746	S2-287425062,S2-33276365,S3-212400998
S1-326522181	S2-195396902,S2-881194143,S2-515925378,S2-666107624,S3-782345736,S3-440898501,S3-653310701
S1-553707209	S3-719017798,S3-464739130,S3-457953736,S3-270135773
S1-544043978	
S1-555166300	S2-390231428,S3-242495266,S3-573050643,S3-238262545
S1-682809829	S2-648737674,S3-156887503
S1-265054548	S2-342348506,S2-117566921,S2-582238294,S3-683359793,S3-608734977,S3-236590862,S3-205548332
S1-278657322	S2-217625325,S3-804325793
S1-19079462	S2-848393104,S2-975898473,S3-233283478,S3-549688158
S1-571694	S2-126301426,S2-510514431,S2-5502463,S3-975979168,S3-283644506
S1-689601198	S2-128534969,S2-481826161,S2-609035130,S3-292418777,S3-195659805,S3-256371952
S1-635479692	S3-980561378,S3-160251651
S1-389997652	S3-305087980,S3-489611746,S3-644957822
S1-185508259	S2-133165217,S3-960136043
S1-285396131	S2-289198935,S3-889899184
S1-172125464	S2-439983333,S2-527308739,S3-83250743,S3-336102008,S3-385090755,S3-285998239
S1-373663390	S2-475201329,S2-433949839,S3-749477339,S3-611465822
S1-620108729	S2-186241101,S2-540056000,S3-288028251,S3-631687606
S1-415505399	S2-417847895,S3-928842503
S1-83020048	
S1-512268914	S2-191867688,S3-516070869,S3-153275517,S3-769582175
S1-111215258	S2-554720081,S2-359533994,S3-99618256
S1-828302951	S2-790793751,S3-982960943,S3-897766797,S3-286766672
S1-377186696	S2-713130991,S2-394911223,S2-784804831
S1-237417820	S3-190043859,S3-700838024,S3-782520474
S1-206731834	S3-509740473,S3-187593420
S1-259008157	S2-532755090,S2-441939468,S2-955083888,S3-622656965
S1-746969306	S2-16522897,S3-652622937,S3-603933227,S3-974340091
S1-299553003	S2-453909967,S2-696281828,S3-134689498
S1-860510577	S3-456148254,S3-707597741,S3-769991022
S1-770392003	S2-111939001,S2-259237457,S2-558755074,S3-115196340,S3-333843380
S1-255915919	S2-528088114,S2-626901986,S2-385497841,S2-477839396,S2-281481038,S3-980993267,S3-562247010
S1-639496966	S2-550626247,S2-789429027,S3-207125399
S1-221697546	S2-634600297,S3-409256660,S3-795482397,S3-694189268
S1-194514273	
S1-779127115	S2-90100866,S2-280534767,S3-54637030
S1-97175507	S3-399248421,S3-92414820,S3-670680295
S1-946429990	S2-866566285,S2-212990110,S3-85319916,S3-67467340
S1-542235360	S2-688449331
S1-172093064	S2-13094604,S2-619354663,S3-51133401,S3-332845397,S3-466455438
S1-384596708	S2-428365972,S2-85503039,S2-39817857,S3-509176520,S3-612245211
S1-595597172	S2-535490027,S2-520975599,S2-229402901,S2-345570462,S3-43257684,S3-815837761
S1-267727877	S2-51182627,S3-580675552
S1-824424830	S2-16744284,S2-865415019,S3-934855374,S3-151914578
S1-849082332	S2-857072286,S2-495172680,S3-884615120,S3-954524589,S3-852103173
S1-784059496	S2-947836049,S3-321472599,S3-301238270
S1-285456116	S2-512709911,S3-556204782,S3-596838894,S3-889708005
S1-827945512	S2-965642568,S3-103785236,S3-3239982
S1-134712539	S2-792581930,S2-561028076,S3-284368324,S3-353690595,S3-937970139
S1-606715285	S2-124292781,S2-633292793,S2-863671099,S3-790110095
S1-91047245	S3-383428194
S1-754803449	S2-3081048,S2-319477092,S3-256487879,S3-179019483,S3-444603757
S1-301297984	S2-557181180,S2-444436223,S2-35770037,S2-614088573,S3-101754158
S1-286289134	S3-978644803
S1-885912584	S2-206667990,S2-749053877,S3-470634490
S1-596950208	S2-2187957,S3-857186863,S3-207065448
S1-775603925	S2-361088099,S2-905886394,S2-597981211,S3-27272087,S3-312986850
S1-998866264	S2-660101253,S3-242257769,S3-499365688
S1-988437688	S2-391148621,S3-554522948
S1-48070057	S2-324288340,S2-199453745,S3-584178635,S3-437043587
S1-207789563	S2-33582282,S2-48308806,S2-27028246,S3-230897338
S1-264410314	S2-166334594,S2-593285974,S2-611711511,S3-248223817,S3-676764675
S1-279547520	S2-371236950,S3-855003112,S3-794205461
S1-242789690	S2-326599714,S2-279974872,S3-870955986
S1-114705086	S2-198598136,S2-295346895,S3-349692230,S3-249590600
S1-79332677	S2-968505809,S3-533882439,S3-52344374,S3-104025105
S1-310702888	S2-116447212,S3-473080883
S1-400335406	
S1-17886712	S3-40219561,S3-159444452,S3-658019939,S3-563016225
S1-988766059	S2-87347890,S2-369663211,S3-319491260
S1-899739967	S2-433007791,S2-688824270,S2-373462748,S3-952867168
S1-118485065	S2-626621870,S3-765105855
S1-199211762	S2-901348353,S2-416665198,S3-504045809,S3-498465562
S1-511782642	S2-165027713,S2-541006876,S2-323935828,S3-397128581,S3-664673270,S3-282258999
S1-962751610	S2-206792976,S2-342962616,S2-103183750,S2-297580297,S3-306800968
S1-397856792	S3-63437019,S3-214777681,S3-578517743,S3-100636444
S1-942525109	
S1-606447255	S2-486732474,S3-744118881
S1-51830676	S2-376905409,S2-991402460,S2-691438721,S3-577643926,S3-318651265,S3-569763032
S1-597137613	S2-87576494,S2-755405943,S3-933369011
S1-399610017	S2-815473018,S3-13300329,S3-342967032
S1-682122086	S2-80434616,S2-198000716,S3-115739548,S3-494549122
S1-128521039	S2-823572627,S2-956081912,S2-450728561,S3-963655479,S3-344470324,S3-255904738
S1-46942082	S2-914282318,S3-472458455,S3-444645293,S3-986877080
S1-741827739	S2-744794706,S3-193649477,S3-693526679
S1-999898202	S2-347708212,S2-99757792,S3-31721089,S3-807666796
S1-28037258	S2-281392132,S3-131344368,S3-648899902,S3-469217622,S3-273820408
S1-299326343	S2-230485685,S2-976812558,S3-774921527
S1-767838627	S2-785876728,S2-419493919,S2-960642969,S3-78939531,S3-454671684,S3-546828108
S1-229003060	S2-976832009,S2-623960611,S3-870052400,S3-518726587,S3-101998083,S3-615895258
S1-846071210	S2-135160059,S2-423896936,S3-721832757,S3-426600229
S1-305792447	S2-738390143,S3-913617788,S3-222726874
S1-457808243	S2-871870699,S2-662267936,S3-70805022,S3-938320582
S1-153786283	S2-607458059,S3-293048004
S1-677553251	S2-120546725,S2-320809037,S3-882249198,S3-978660817
S1-666471363	S2-261643744,S2-875748967,S3-456007034,S3-818901799
S1-922486220	S2-254390132,S3-388553691,S3-911097688
S1-838289575	S2-449130715,S2-395432434,S3-276207454
S1-40948462	S2-748128112,S2-934647044,S3-43158581,S3-335013417
S1-159012568	S2-256931935,S2-410056770,S3-41910598
S1-637442746	S2-315300925,S2-55897225,S3-97534054
S1-465189995	S2-578829385,S2-472597941,S3-216501290,S3-46980595
S1-319276766	S2-898691742,S3-210134798,S3-947873566,S3-700366491
S1-520603414	S2-744646880,S2-644011425,S3-942086835
S1-647387736	S3-374174189,S3-247405923,S3-539223402,S3-243687564
S1-664255640	S2-579747801,S2-283069369,S2-985187822,S3-70890513,S3-87996205
S1-554454024	S2-481922933,S2-706382494,S3-535982600
S1-556554201	S2-164059912,S2-628399625,S2-102228434,S3-618062499,S3-153893453,S3-408727040,S3-792334034
S1-244167583	S2-718819326,S3-916908536,S3-861745638
S1-474604022	S2-330854487,S3-794567887,S3-135532972
S1-623144748	S2-81197109,S3-344277991
S1-158168889	S2-494015682,S3-393279922,S3-244392730,S3-693416675
S1-421958459	S2-336837627,S3-166292726
S1-70466117	S2-393490888,S3-354712780,S3-724246125
S1-595784172	S2-626116982,S3-681305169,S3-559943109,S3-871172445,S3-623106964
S1-370987413	S2-541896297,S2-158843431,S3-607233192
S1-635068579	S2-142556020,S2-741689519,S2-494729020,S3-503821899
S1-77481418	S2-681169344,S2-388388653,S3-959364310,S3-826712659
S1-878279699	S2-843200953,S2-90390419,S2-477925742,S2-509599666,S2-101194469,S3-440975047
S1-40340515	S2-263762787,S2-561569627,S3-167905666,S3-939331545
S1-623964069	S2-178127325,S2-237850202,S2-293159445,S2-265757452,S3-635262850,S3-791234490,S3-122188093
S1-272511072	S2-189250962,S2-898923219,S3-709722126
S1-46847868	S3-639917795
S1-270731517	S3-852481502
S1-756682078	S2-903847990,S2-830049414,S3-10585325
S1-219652104	
S1-833258149	S2-97498980,S3-390769336,S3-433269407
S1-167107239	S2-785533139,S2-134647828,S3-385145228
S1-875897953	S2-349377832,S2-508417633,S3-298006364,S3-175685510,S3-232022803,S3-641948345
S1-188461927	S2-938329521,S2-108355285,S3-363972103,S3-175022767
S1-798468080	S2-983916058,S2-424029484
S1-460359317	S2-876063178,S2-530376929,S3-496495402,S3-888905780
S1-274020651	S2-757550195,S3-316353990,S3-679625529,S3-558161767
S1-411941245	S2-569360772,S2-738534475,S3-827589367,S3-993082562
S1-668834304	S2-184079867,S3-125626278,S3-37655251,S3-665060085
S1-841009399	S2-490227947,S3-216297782,S3-235481562
S1-65619892	S2-10278030,S2-370848773,S3-783909200,S3-457847078
S1-98505338	S2-730185385,S2-686313790,S3-476789977,S3-45367402
S1-909320352	S2-570922905,S2-744250689,S3-870989193,S3-462706346,S3-394533377
S1-813634276	S2-423108465,S2-550144091,S2-389772376,S3-593221521,S3-143755363
S1-265390105	S2-889543404,S3-694392582,S3-536980908
S1-524169202	S2-140313935,S3-653682732,S3-580231499
S1-400177964	S2-368566403,S2-736329730,S2-147033770,S2-330894627,S2-946778528,S3-603099185
S1-889519432	S2-586464695
S1-798644882	S2-373624156,S2-408742040,S3-385117538,S3-254823967
S1-125862960	S2-85870098,S3-294544333,S3-110486596
S1-248793348	S2-19864400,S2-480045060,S2-23441064,S3-371951582,S3-401482609
S1-67692894	
S1-801579627	S3-387968629,S3-854873054
S1-445305037	S2-160651512,S2-323467830,S3-769133312,S3-282202326
S1-425632362	
S1-506247695	S2-450089171,S2-429836656,S3-115232803
S1-216235982	S3-399331528
S1-587407893	S2-156973997,S3-971188845
S1-805248939	
S1-415262444	S2-742285567,S2-723230835,S3-820246503
S1-422085599	
S1-180893583	S2-70423875,S2-308070759,S3-841984444
S1-773832558	S3-86511610,S3-175166503
S1-474732644	S2-46826281,S3-494218256,S3-125696724
S1-537371810	S2-799995552,S2-805595817,S3-39550518
S1-728221615	S2-298403060,S2-31625783,S2-804172762,S3-515029278,S3-647299176
S1-450890324	S2-837631996,S2-545252530,S2-455908963,S3-876499202,S3-83803951,S3-247432859
S1-194871527	S2-883545181,S2-764832178,S3-677959484,S3-521204677,S3-125144841
S1-137946304	S2-939262456,S2-918371523,S3-91657332,S3-595100540,S3-421983774,S3-99005199
S1-22866641	S2-148032374,S2-418038633,S2-668396798,S3-5422038,S3-670491196,S3-533173761,S3-795208382
S1-232901280	S2-782647403,S3-290153998
S1-780989434	S2-737906333,S3-866035679,S3-880770978,S3-380174383
S1-43936497	
S1-740434662	S2-695213452,S3-629313984,S3-971807460
S1-475443566	S2-451600992,S3-301614240,S3-485293459
S1-801922134	S2-153152400,S3-468610092
S1-648973057	S2-578210629,S3-486977563
S1-122777126	S2-178899560,S3-111281446
S1-594116442	S2-384620956,S3-120292036
S1-991316139	S2-136376391,S3-864775051,S3-853239437,S3-341938603
S1-754465251	S2-711426493,S2-236187013,S3-237839403
S1-34895749	S3-194672304,S3-30119516
S1-723078814	S2-910494480,S3-798064669
S1-826063405	S2-885060937,S3-16719554
S1-738674502	S2-810447604
S1-377844951	S2-667255194,S3-863855786
S1-847038393	S2-812733298,S3-707592729,S3-371595717
S1-768107743	S2-191351546,S2-843846633,S3-681276236,S3-554603394
S1-961261225	S2-465683928,S3-755098513,S3-60373712,S3-980102474
S1-200499649	S2-794030326,S3-449878638,S3-396492481
S1-122963911	S2-932473041,S2-332796086,S3-58734182,S3-840554315
S1-570633624	S2-968841864,S2-129961329,S2-691751654,S3-93864730,S3-701359884,S3-200905266,S3-238920811
S1-343605379	S2-684968400,S3-616210486,S3-433896949
S1-539975931	S2-996079763,S3-529824810
S1-318653382	S2-246245876,S2-839159590,S3-527704377,S3-326001515
S1-859134734	S2-252306289,S2-621562292,S3-204358086
S1-286264350	S2-785007268,S3-187385995
S1-758694709	S2-254795658,S3-500943256,S3-321534846
S1-981231766	S2-53800191,S2-632772661,S3-909653686,S3-977483564,S3-236131098,S3-353668757,S3-84252996
S1-917175080	S2-995758054,S3-964616285,S3-658745634
S1-876601645	S2-935789577,S2-481691996,S2-522448850,S3-10557774,S3-981288978
S1-111721340	S2-875318650,S3-507322029
S1-187876868	S2-765241899,S2-221990478,S2-211181795,S3-205420235,S3-472266560
S1-68230327	S2-879412459,S3-806213927
S1-124160802	
S1-398891516	S2-658930618,S3-750177419
S1-718479044	S2-201337766,S2-76324320
S1-720483189	S2-545138341,S2-123430600,S2-736055425,S3-558448428,S3-215640613,S3-493760894,S3-185354373,S3-735694054
S1-50265410	S2-696508770,S2-105996418,S2-752557091,S2-232663858,S3-914014148,S3-823749188,S3-801108077
S1-549307880	S2-46055897,S3-881001820
S1-915348353	S2-373154260,S2-750800156,S2-611856138,S2-916828266,S3-757633782
S1-766538524	S2-495544837,S3-13394151,S3-323025359
S1-869931275	S3-497700290
S1-584673081	S2-658970350,S3-482494191,S3-585418757
S1-504540607	S2-733901029,S3-985291944,S3-299925857,S3-124124856
S1-437479304	S2-556780749
S1-613719717	S3-521666472,S3-948668880
S1-118105641	S2-433658398,S2-523087127,S3-152114075,S3-129064959
S1-441825838	S3-426157604
S1-315244511	S3-173419444,S3-468610226
S1-992559131	S2-126123642,S2-692208157,S3-161407611,S3-431215961
S1-968522968	S2-91397582,S2-330192771,S3-102641468,S3-868188468
S1-175749993	S2-22257136,S3-199720626,S3-276171191,S3-773436612,S3-41121905
S1-702324451	S2-31453806,S2-973701253,S3-637028503,S3-282861303
S1-499278133	S2-943560326,S2-82832440,S3-678656901,S3-323458693
S1-657810501	S3-950838116
S1-467488501	S2-414930424,S3-374754244
S1-497046603	S2-36151832,S3-845121963,S3-606926389
S1-370254365	S3-530566356,S3-403011635
S1-331890905	S2-264937556,S2-854867872,S3-965486297,S3-586483194
S1-881484101	S2-803342340,S2-53799878,S2-480476735,S3-548050349
S1-268195297	S2-29542150,S2-945790965,S2-271032201,S2-481853329,S3-22902473,S3-734117702,S3-794694515
S1-653255919	S2-162303347,S2-7846008
S1-870567861	S2-673661185,S3-867302471,S3-489645724
S1-701139531	S2-34511362,S2-768748023,S3-287922136
S1-472225538	S2-798733472,S2-583039174,S2-434433978,S3-90833309,S3-824865936
S1-589548920	S2-240538160,S2-117887437,S3-669701224
S1-588116362	S2-103843026,S3-567264661,S3-448624496,S3-524475812
S1-729764483	S2-836897276,S3-112429307
S1-1263265	S2-777739687,S3-524901156,S3-367097897
S1-99107529	S2-743800068,S2-536403368,S2-461317845,S2-556197867
S1-572273382	S2-908472247,S3-596421804,S3-825558645,S3-602812314
S1-392436845	S2-569468870,S2-662978022,S2-846112965,S3-707272198,S3-332863492,S3-893688405,S3-507631490
S1-664438613	S2-697254631,S3-420918796
S1-686420656	S2-893447854,S3-66814977
S1-107246032	S2-427033721,S3-154821885,S3-251411021
S1-867730480	S2-34961013,S2-95984673,S3-626650261
S1-907084274	S2-120105386,S2-361566404,S2-574877977,S3-387688078,S3-295875736,S3-982760177
S1-824458785	S2-229564364,S2-422925929,S3-971505990
S1-193201323	S2-220780488
S1-814239373	S2-736770861
S1-823248721	S2-921226744,S2-196812094,S3-309509011,S3-631271182,S3-109477612,S3-236750897
S1-546862587	S2-220453071,S2-781193103,S3-697449289,S3-762932296
S1-654819917	S2-101975093,S2-617081893,S3-710696204,S3-77748241
S1-41889538	S2-920915315,S2-847842158,S2-648331602,S2-407227690,S3-125174739,S3-462849015
S1-580203585	S2-637061591,S2-603480683,S2-490346037,S3-411389128,S3-39397794
S1-77655921	S2-856795900,S3-414705049
S1-549662422	S2-868006906,S3-979167904
S1-459380335	S2-537235079,S3-583879648,S3-118478992
S1-291219769	S2-433659427,S3-510552016
S1-21011304	S2-877763841,S2-257050002
S1-397155013	S2-174648252,S2-509521233,S2-461410978,S3-764203252
S1-726497254	S2-398552487,S2-313308628,S3-806313146
S1-41221495	S2-318350015,S2-842142743,S3-177253311,S3-203901367,S3-519239121
S1-582378704	S2-84811930,S3-103299522,S3-103099063
S1-832378203	S2-857332510,S2-341478245,S3-997097105
S1-884714129	S2-334562950,S3-983305773,S3-627753181,S3-729228800
S1-410792293	S2-833361341,S2-12547378,S3-435140523,S3-754419257,S3-876511000,S3-580961275
S1-633579498	S2-708056454,S2-526684851,S3-857614664
S1-108966079	S2-362089070,S3-100495767,S3-151742761,S3-359756479
S1-780548493	S2-665113899,S2-292526323,S2-482820327,S3-567795338,S3-128723240
S1-641095065	S2-669554090,S3-555329964,S3-37061120,S3-349016329,S3-71238227,S3-64137654
S1-923084506	S3-711239834,S3-986559435,S3-614089738
S1-440180014	S2-308161977,S2-84131189,S3-414351439
S1-920194962	S2-853357871,S2-992389945,S3-291358479
S1-931194248	S2-406610637,S2-186441316,S3-596288528
S1-120731500	S2-401471395,S2-756994234,S2-718234750,S3-961561800
S1-956517053	S2-10711015,S3-664663062,S3-198254135
S1-275888088	S2-674494482,S3-223444609,S3-793819924
S1-215087813	S2-183566060,S2-999274145,S3-772370838
S1-372861213	S2-641381256,S2-633598449,S2-175115112,S2-137769049,S2-122134131
S1-993952289	S2-889039662,S2-828696727,S2-566886992,S3-264216187,S3-295569174,S3-576862295
S1-963800417	S3-254644426,S3-614869448
S1-109967067	S2-525492655,S3-506870447,S3-797174966
S1-842874780	S3-798577650,S3-938121094,S3-413558979,S3-464899140
S1-222104402	S2-673137249,S2-85953015,S2-205694807,S3-640422698,S3-222553018
S1-207818474	S2-773975258,S3-294169076
S1-730286469	S2-952350250,S2-698715677,S3-779028652
S1-898699979	S2-20373993,S3-161751482,S3-427082357
S1-439962104	S2-948887356,S3-180316107,S3-248984814,S3-477280933
S1-944685744	S2-963505770,S3-636405714,S3-247085188,S3-152491040
S1-30452865	S2-731455420,S3-602789613
S1-514117187	S2-443998244,S2-590888165,S2-564522196,S3-702842504,S3-607211112
S1-585058123	S2-930016939,S2-641520849,S2-451691276,S3-884881283,S3-166963551
S1-778278899	S2-448338476,S2-724473375,S2-32453958,S2-575517409,S3-943878734,S3-886550638
S1-365544061	S2-206278608,S2-335621235,S2-817507326,S2-43539703
S1-140239728	S2-810038674,S3-321179233,S3-861779617,S3-838038083
S1-681151249	S2-969008951,S2-489423407,S2-879853587,S2-59196450,S3-756200088,S3-815199096,S3-463108840
S1-149756894	
S1-370517031	S2-961937296,S2-845648313,S3-69587365,S3-16175350
S1-518467656	S2-264888641,S2-789907472,S3-997464279,S3-655929070
S1-763179636	S2-11068430,S2-678257277,S3-675727436
S1-59753932	S2-390885310,S3-303104892,S3-832602835,S3-736150490
S1-666953118	S2-352539592,S3-462476058
S1-119008078	
S1-46468324	S2-158154200,S3-870442411,S3-584609548
S1-208320245	S2-227734194,S3-419561232
S1-217388835	S2-618221564,S3-935036478
S1-444691867	S2-45254555,S3-282884100,S3-680785571
S1-543145234	S2-289775188,S2-546395119,S3-418598880
S1-894424387	S2-986005778,S2-550254123,S2-917069105,S2-700801202,S3-766875379,S3-695287013
S1-270354908	S2-897506226,S3-575801474,S3-256752706,S3-336100015
S1-831434941	S2-668081710
S1-61379215	S2-744769042,S2-895237880,S3-860198320,S3-530072898
S1-577008638	S2-109457220,S3-790603014,S3-699326896
S1-230173972	S2-538498248,S2-220180450,S2-401027269,S2-79076200,S3-415823041,S3-366836418
S1-86481632	S2-854071718,S3-4259905
S1-111481477	S2-378581644,S3-427015381,S3-276739740
S1-433158565	S2-160790494,S3-250607859
S1-905863792	S2-171931508,S2-154858550,S3-731698670,S3-852681469,S3-658774557
S1-43805803	S2-628025461,S3-258792182
S1-485567300	S3-982296241,S3-936439890
S1-990224175	S2-529226722,S3-508061980
S1-774639565	S2-377328096,S3-274735748,S3-510464080
S1-362873720	S2-204042542,S2-184298848,S3-514013217
S1-755236935	S2-424446899,S2-966921579,S3-181803340,S3-733549151,S3-356687794,S3-300886965
S1-543540061	S2-903074996,S2-315001291,S3-115487601,S3-943649223
S1-578348052	S2-821936651,S2-605494175,S2-313855980,S3-147265378,S3-717436058
S1-274107378	S2-24458528,S3-27085617
S1-830809719	S2-107804129,S2-807012376,S3-45786321,S3-566255904
S1-202985008	S2-828536872,S2-783438372,S2-102855731,S3-18650020,S3-327151510,S3-803400424,S3-435035812
S1-595264591	
S1-111412935	S3-966298847,S3-727324467
S1-332225785	S3-761463514,S3-173998390
S1-200415696	S2-7129915,S2-447247244,S3-384084177,S3-141968655
S1-406265052	S2-208591459,S3-505327320
S1-920837495	S2-823777377,S2-214677388
S1-520906559	S2-300326778,S3-984783670,S3-616432039
S1-709732843	S3-519059804
S1-521224354	S2-266410759,S2-925331458,S2-987423501,S2-606434630,S3-460232965,S3-104273041
S1-787544524	S2-685078267,S2-416980868,S3-524555245
S1-647059993	
S1-974203163	S2-233469814,S2-737152130,S2-746233421,S2-455949448,S3-478421070,S3-435761715,S3-784499890
S1-320741722	S2-385749580,S2-450176629,S2-680704265,S3-214947440,S3-424969036,S3-877131512,S3-878313530
S1-754958959	S2-224978823,S2-610719236,S3-53001272,S3-349635807,S3-684591071,S3-707096260
S1-702179180	S2-655346495,S2-353712784,S2-541687937,S3-232886575
S1-212847532	
S1-729278271	S2-390779746
S1-194121789	S2-442295300,S2-276278235,S2-36550272,S3-305662056,S3-363248346,S3-274943481
S1-452632023	S3-908904623,S3-988683702,S3-675457932
S1-848986710	S2-46101646,S2-399239152,S2-882868457,S3-738478340
S1-433589568	S2-808268448,S3-954042652,S3-883640800
S1-662121215	S2-726478281,S2-326792415,S2-964352235,S2-71686951,S3-490011510
S1-136672972	S2-607716085,S3-8477647,S3-114385311,S3-595523350
S1-265033490	
S1-720358459	S2-141649595,S2-116356521,S3-631457654,S3-650876506,S3-578054960
S1-131705824	S2-848474292,S3-316008866,S3-405737201,S3-851151541
S1-218747690	S2-342432308,S2-519087451,S3-570833408,S3-525037701,S3-640139890
S1-706613210	S2-82766218,S3-720558499,S3-569231202,S3-360742186
S1-360044652	S2-631748082,S2-550060486,S2-846365389,S3-732367651
S1-382278600	
S1-948849280	S2-201116162,S2-767952129,S3-233274675,S3-367488653
S1-322822732	S2-103715132,S2-499106902,S2-657241422,S3-229059264
S1-270866020	S2-923772654,S2-996499211,S3-835550016
S1-562355896	S2-647401552,S2-533558983,S2-673699977
S1-80043768	S2-250466460,S3-979238295,S3-172531311,S3-651984913,S3-90207288
S1-353786439	S2-991560269,S3-901888666
S1-664574205	S2-74339559,S2-909488169,S3-934670353,S3-719751399
S1-642589785	S2-809706977,S2-182791603,S3-635863558,S3-697921713,S3-550499541
S1-156968554	S2-557219313,S2-938701930,S2-472260395,S3-327831090,S3-861257685,S3-538990949
S1-112320877	S2-325594310,S2-530131590,S3-924879199
S1-960926470	S2-402596656,S2-615511018,S2-513687898,S2-910666676,S3-304347710,S3-154120585
S1-385990088	S2-101208311,S2-461684201,S2-481493483,S3-622586826
S1-135543321	S2-497493110,S3-199666187
S1-50370317	S2-545911510,S2-510117196,S2-382024086
S1-134190085	S2-528890115,S2-300373352,S3-4200267
S1-759925087	S2-690105705,S2-3578630,S3-169083062,S3-515001667
S1-823328928	S2-124355274,S3-399391631,S3-513636687,S3-886335512,S3-455001907,S3-513016330
S1-179729839	S2-291894556,S2-362975748,S3-344507298
S1-927601792	S2-993633039,S2-997473883,S3-839182725
S1-441478907	S2-487327379,S3-19745731,S3-429122874
S1-367810831	S2-32865720,S2-521926140,S2-578634275,S2-683837001,S3-693022700,S3-222445702
S1-64806261	S2-849985021,S2-669664937,S3-862678187
S1-351944053	S3-435419382,S3-900077879
S1-355564031	S3-525245137
S1-498625470	S3-791013187,S3-519446648
S1-191593325	S2-219772557,S3-286239988,S3-450588380
S1-240684827	S3-392805805,S3-48953197,S3-72876073
S1-461032048	S2-376579039,S3-241960223
S1-534046796	S2-857708828,S3-244707398,S3-157160877
S1-155589630	S2-765960361,S2-963827121,S3-104975556,S3-918259072
S1-280818643	S3-783212931
S1-503758045	S2-650686351,S3-294871664,S3-373546517,S3-586268688,S3-614984605
S1-259942047	S2-633459975,S2-491562583,S2-695511226,S2-273475270,S3-90365842
S1-355449951	S2-42663408,S3-195161040
S1-944966077	S2-584795367,S2-867275782,S2-773093041,S2-482181265,S3-444539992,S3-569237733
S1-88655576	S2-141133155,S3-576716488
S1-476273116	S2-996834707,S3-701412602,S3-703141307,S3-256904468,S3-647790832,S3-991897341,S3-587725805
S1-852987200	S2-595080341,S2-581929010,S3-467375835,S3-988173640
S1-815053828	S2-51183487,S2-808721864,S3-897860507,S3-78736195
S1-287531531	S2-105270266,S3-135453553
S1-593265830	S2-933765311,S3-546461676
S1-224198284	S3-642042733
S1-366560720	S2-258227739,S2-612635929
S1-171554587	S2-540834930,S3-290314515,S3-42912861
S1-802813134	S2-342844994,S2-219173342,S3-633180464
S1-86293897	S2-110610051,S2-59509120,S2-259420058,S3-311429925
S1-323868164	S2-156630896,S3-694662432,S3-77075228,S3-323488159
S1-622661924	S2-161277479,S3-150998430
S1-863908542	S2-558677706,S2-959246114,S3-778092007,S3-564413216,S3-854043384,S3-482431206
S1-202388137	S3-906876955,S3-608797106,S3-569186792
S1-723510622	S2-308161373,S2-241508407,S3-712278035,S3-382286010
S1-454168448	
S1-927481815	S2-394669449,S2-849625769,S3-955651026
S1-563497581	S2-138932432,S2-197222449,S2-371331354,S3-161938941,S3-29196552
S1-860867480	S3-334886408
S1-709818793	S2-266792243,S2-110998405,S2-849993777,S3-713021446,S3-137556784
S1-920267667	S2-882719949
S1-53487928	S2-237410096,S2-606712834,S2-36526926,S2-418006897,S3-703471082,S3-355306113
S1-727826889	S2-722322309,S3-459077984,S3-45574979,S3-150815472
S1-701688498	S2-844059072,S3-65028685
S1-716777399	S2-988452395,S2-840363761,S3-454793277
S1-541576983	S2-326240084,S2-898179452,S3-94641162
S1-737420039	S2-896190623,S2-226201472,S2-407141338,S3-856307667,S3-54843543,S3-882635057,S3-678409939
S1-121542148	S2-901236861,S2-891767180,S2-214505802,S3-235987531,S3-151230266
S1-700838509	S2-846144562,S3-958693172
S1-599124134	S3-724108310,S3-316277163
S1-218612912	S2-36498169,S3-864828609,S3-652457235
S1-668897081	S2-897896736,S2-16889326,S3-732841015,S3-867794108,S3-908916271
S1-154701028	S2-26155887,S3-715182523
S1-747727548	S2-987769724,S3-894634303
S1-8731937	S2-879782497,S3-669923857
S1-314372795	S2-820155619,S2-787065692,S3-337337672
S1-728001210	S2-290729337,S2-13138966,S3-302846037
S1-740485841	S3-75683361
S1-31710288	S2-574977873,S2-632814789,S3-610745202,S3-208450481
S1-965355675	S2-187840721,S2-567608413,S2-625453807,S3-340341498,S3-122383669,S3-232134279
S1-833355180	S2-626916620,S2-535175625,S2-25788171,S3-715473747,S3-762936593
S1-404322030	S2-110856341,S2-528684176,S3-300064246
S1-318669031	S2-456599260,S3-727068697,S3-612961403
S1-506186865	S2-53346181,S2-58006771,S2-597358836,S3-38094495
S1-852182971	S2-658225165,S2-480042186,S3-747252639
S1-886365347	S2-140294187,S3-886482375,S3-684413235,S3-404012410
S1-76282366	S2-155760595,S3-340850993,S3-916303883,S3-687999289
S1-705884174	S2-468593290,S3-622562639,S3-32412582,S3-801699589
S1-756163326	
S1-195672308	S2-617837860,S2-698239176,S3-310929871,S3-171469276,S3-632133203
S1-668405326	S2-736735152,S2-936982401,S3-34349389,S3-160926119
S1-604420560	S2-449593778,S2-624726140,S2-898802305,S3-438957338,S3-487866400
S1-999001691	S2-329037129,S2-189211261,S2-178845145,S3-173798214,S3-340357676,S3-923512168,S3-100331810
S1-632719426	S2-654305135,S3-381474675
S1-226773632	S2-787304137,S3-968279337
S1-672285868	S2-219304098,S2-998945598,S3-633231580
S1-953287896	S2-182016047,S3-705320505,S3-424585125
S1-691977518	S2-127119283,S2-538625542,S3-389289734
S1-619723332	S2-719166568,S2-952466035,S3-379254139,S3-451634003
S1-709166147	S3-946254451,S3-134557860,S3-412357859
S1-356195378	S2-902665373,S3-471008639
S1-239742150	S2-120752361,S3-828935420
S1-573801604	S2-679330269,S2-109659492,S3-166698867,S3-598053122,S3-421479543
S1-136330836	S2-455167448,S2-249593831,S3-806121027,S3-705765437
S1-958240025	S2-376056599,S2-251366848,S2-165803074,S2-648937624,S3-305178545,S3-774774990,S3-458268005
S1-732890689	S3-874406686,S3-853651834,S3-605768915,S3-945682836
S1-952836136	S2-516738638,S2-709812056,S3-527844506,S3-440187381
S1-390225356	S2-894847951,S2-654198007,S2-260313418,S2-357325720,S3-236562772,S3-92633043
S1-343579510	S2-772624813,S3-673496142,S3-512140001
S1-625802072	S2-892410091,S3-983405964,S3-414023268,S3-216135070
S1-436201844	S2-532347054,S3-413282810
S1-127025286	S2-446824960,S2-31191622,S3-42483076,S3-336779737
S1-230073782	
S1-666788670	S3-578367519
S1-773412766	S2-354762308,S3-798090908,S3-187664866,S3-349575775
S1-26063231	S2-820273704,S2-202499312,S2-768302556,S3-553274749,S3-870661283,S3-190674068
S1-360680402	S2-248247377,S3-560830850,S3-16926488
S1-843367425	S2-676558104,S2-546826847
S1-352090975	S2-151739715,S2-468104041,S3-725326283
S1-384462835	S2-599225966,S2-62435017
S1-775046391	S3-717221491
S1-231082348	
S1-959099513	S2-499565155,S2-684967986,S3-150628082
S1-353847188	S2-273880157,S2-21972124,S2-926939218,S3-240205570
S1-607204571	S2-159071702,S2-853558569,S3-216571677
S1-375332948	S2-817145259,S2-150750740,S3-864920991,S3-105443832
S1-252594261	S2-471790835,S3-612529419,S3-783826304
S1-965731340	S2-264882335,S2-174761834,S3-115718162,S3-124011131
S1-24065318	S2-196818030,S2-802121016,S3-168783544,S3-272879449,S3-270638837
S1-957868435	S2-659089401,S3-228583077,S3-762230003
S1-648512334	S2-639728164,S2-247205329,S3-1205095
S1-761063726	S2-495252154,S2-699501097,S2-530114963,S3-53199413,S3-605405310,S3-221432234,S3-988353626
S1-669929505	S2-922710978,S2-153639889,S2-654932889,S2-641611747,S3-368369594,S3-715080865,S3-305853934
S1-902501622	S2-164080855,S2-778579515,S3-290563446,S3-100283816
S1-620085288	S2-21664409,S3-921750152,S3-119285609
S1-833733517	S2-941582990,S2-996940380,S2-933671321,S3-768826652,S3-713958953,S3-788027528
S1-667151961	S2-351062657,S3-875613133,S3-264568564,S3-413722440
S1-21048540	S2-658885103,S2-283523219,S3-588688731,S3-978916700
S1-920031307	S2-161000922,S2-137553682,S2-466658861,S3-934076030
S1-269532156	S2-101818836,S2-316022371,S2-331118864,S2-355881306,S3-385625613,S3-285882879,S3-559141684
S1-221955669	S3-233689594,S3-248823784
S1-702451000	S2-872291653,S3-34938407,S3-882040959,S3-876363836,S3-441811931,S3-808735163
S1-517061148	S2-603634207,S3-627330437
S1-70224988	S3-989851960,S3-576410997
S1-644697144	S3-66258736
S1-585063089	
S1-3936600	S2-379098374,S2-410657205,S2-695671294,S3-714450757
S1-831522641	S2-339542019,S3-989805185,S3-840798898,S3-29218941,S3-132479167
S1-449723034	S2-283927824,S2-424224523,S2-403526388,S3-443871368,S3-856372468
S1-665159097	S2-123362002,S3-960054086
S1-140252190	S3-503435622
S1-698180786	S2-493633861,S3-751819967
S1-670114242	S2-607876022,S2-714466610,S3-603019704,S3-167145117
S1-499445735	S2-550094326,S2-159484973,S2-559615234,S2-979612374,S3-456445653
S1-681923707	S2-752758623,S3-276401715
S1-661761756	S2-265925929,S3-471782358,S3-23087634
S1-38573339	S2-496073781,S3-986382855,S3-555337014
S1-774974107	S2-131240862,S2-49154688,S3-252745306
S1-373729992	S2-325194008,S3-620620391,S3-820455902,S3-201172466
S1-244230473	S3-76752180,S3-756047379
S1-653834426	S2-966447143,S2-888490815,S3-477223978
S1-641547477	S2-366631404,S3-165240560
S1-82185895	S2-888292194,S2-120738117,S2-904434229,S3-521003517
S1-304194032	S2-987812167
S1-983227298	
S1-19646994	S2-668698637,S2-7716821,S2-254466139,S3-451569271,S3-965560299,S3-204005292
S1-235356597	S2-703704604,S2-358196739,S2-942186329,S3-915667240
S1-99527051	S2-136408326,S2-768303577,S3-704350275,S3-214033855,S3-797093846
S1-560224154	S2-504839313,S2-32878167
S1-95685053	S2-254633308,S3-465335040,S3-377540375
S1-607985672	S2-12397347,S3-735357557,S3-411077566
S1-723706929	S2-868431191,S2-713959120,S2-140905879,S3-307715612
S1-766047860	S2-599267758,S3-373090675,S3-867199640,S3-997555664
S1-658831507	S2-969111039,S3-775153562,S3-427124560
S1-583947096	S2-502215087,S2-759865363,S3-363581583
S1-354545800	S3-283055548
S1-879793496	S2-549433392,S2-463688741,S3-258291342,S3-267016895
S1-443047042	S2-910780683,S2-806729403
S1-657795700	S2-803846592,S2-452682725,S2-552691526,S2-786148393,S2-644536745,S3-605192505,S3-889833059,S3-324197376
S1-358160244	S2-359917270,S2-929286126,S2-992032747,S3-466842605
S1-755984649	S2-51142563,S2-381139390,S3-9348830,S3-289711148,S3-394064952
S1-168985128	S2-27160641,S3-805427623
S1-319231277	S3-278925512
S1-320526669	
S1-322990538	S2-353593844,S2-49528346,S3-68776256
S1-918504950	S2-624438429,S3-272342229,S3-251269345
S1-599877972	S2-121804886,S2-196407617,S3-390263423
S1-393866174	S2-335415050,S2-924683678,S3-555044793,S3-224413808
S1-864768952	S2-372762868,S3-950393505,S3-921285159
S1-531384131	S2-764942187,S3-625876966
S1-436422686	S3-371311352,S3-669682276
S1-108567352	S2-246881524,S2-339302173,S2-569520988,S2-73377921,S3-868352489
S1-642156747	S2-600983825,S2-473632514,S3-121137494
S1-103467225	S2-223414624,S2-916360138,S3-178752242,S3-995629271
S1-534253446	S2-30424865,S2-37714086,S2-721080733,S2-137367006,S3-151271915,S3-16127624,S3-790980921,S3-839586650
S1-485312459	S2-631595886,S2-99106777,S3-421353919,S3-558932764,S3-646868263
S1-875161493	S2-779696543,S3-435394709,S3-899517992
S1-865390982	S2-57007316,S3-840002179,S3-200361819
S1-176785649	
S1-324852738	S2-720032769,S2-982720766,S2-250111990,S3-582524765,S3-149746001
S1-145691158	S2-548385222,S3-981953811
S1-119098104	S2-42608945,S3-543021821,S3-871915472,S3-862801418,S3-301375655
S1-746860166	S2-459621937,S3-232196196,S3-990657712,S3-372435503
S1-731213726	S2-450156584,S2-925241766,S3-798000332,S3-56786210,S3-172966290
S1-445212769	S2-568295407,S2-919479668,S3-280810672
S1-236843018	S2-761235436,S3-316613302,S3-152735371
S1-70086687	S2-81702117,S3-219168482
S1-103913633	S2-352286113,S3-451464882
S1-807242744	S2-759798860,S2-308126047,S2-150016251
S1-477891510	S2-594924783,S2-657183775,S3-244019241
S1-406067416	S2-870379541,S2-253481771,S3-609874384,S3-333581237
S1-412082682	S2-75962716,S3-141773855,S3-517901429,S3-888831302
S1-311512417	S2-185082185,S2-435946098,S2-88907843,S3-148652251,S3-722704852
S1-337287232	S2-86045534,S2-393589971,S3-939869676
S1-771842252	S2-318205236,S2-581938625,S2-124392106,S3-393609537,S3-634241639
S1-917392763	S2-171574559,S2-660002222,S2-3894313
S1-714478673	S3-104324170,S3-577286921,S3-518179966
S1-136731499	S2-452109199,S2-906164285
S1-713392535	S2-401209442,S2-572346884,S2-100481130,S2-231654267,S3-380059453,S3-707682305
S1-582357451	S2-430435002
S1-91703751	S2-173594504,S2-324927774,S3-73303896,S3-536779936
S1-424672874	S2-574417538,S2-427533793,S2-44523609,S3-908103616,S3-405705974
S1-778108499	
S1-724867486	S2-183343399,S3-736876986
S1-815328259	
S1-14374867	S2-542155345,S3-512153060,S3-919667081
S1-203073147	S2-478719868,S2-536800483,S2-286540898,S3-808378906
S1-727088267	S3-468974907,S3-647214168
S1-875952665	S2-296229850,S3-144782031
S1-275323888	S3-948132796,S3-283081271,S3-544059603
S1-818777138	
S1-355246517	S2-386514177,S3-880431016,S3-214812725
S1-595375282	S2-49247215,S2-977199431,S3-892316169,S3-674421597,S3-595365448,S3-926347488
S1-24578003	S2-583113805,S2-990421817,S2-644581057,S3-402459983
S1-142628422	S2-964673251,S3-870402139,S3-345605397,S3-422262739,S3-335007546
S1-758389375	S2-558019584,S2-265755717,S2-287773606
S1-687177743	S2-369817486,S2-294198538,S3-852209109,S3-117380587,S3-541281983
S1-801485671	S2-288487318,S2-557933567,S2-381440888,S2-272730362,S3-534370533
S1-358167354	S2-318118946,S3-732410191
S1-779574258	S2-359856108,S3-979425580,S3-812337636,S3-75638308
S1-378463957	S2-901771760,S2-798116985,S2-353346469,S3-798621995,S3-631687941,S3-881596705
S1-362525336	S2-894013821,S3-635430357,S3-543004047
S1-293656341	S2-923458488,S2-122052108,S2-151423225,S3-487425989
S1-185241999	S2-759313196,S2-634225978,S3-805052508
S1-668629913	S2-371779262,S3-246993633,S3-424760506,S3-287090027
S1-893649348	S2-711855967,S2-67682756,S2-766713390,S3-20088713
S1-540809374	S2-507039359,S3-946956166
S1-438859506	S2-210899490,S2-245433902,S3-738612409,S3-611716112
S1-301628639	S2-669883057,S3-253438654,S3-763319626,S3-455490886
S1-599536103	S2-837474375,S2-604616487,S3-496236011
S1-28159865	S2-249016531,S3-418389977,S3-8325132,S3-190020679
S1-409180858	S2-364153232,S3-417649853
S1-151529167	
S1-623064067	S2-58008832,S3-632543981
S1-204358397	S2-399867991,S2-463502439,S2-739887435,S2-883921782,S3-611554030,S3-322341263,S3-488294995
S1-204014600	S2-556873411,S2-292319384,S3-947841258,S3-822832600
S1-719714708	S2-518287684,S3-162047286,S3-787963116,S3-740524384
S1-523127177	S2-338972127,S2-907422367
S1-622768687	S2-303512826,S2-723581351,S3-658391420
S1-224400237	S2-682350773,S2-365286951,S2-767855795,S3-350763603,S3-382250484
S1-11841032	
S1-796937728	S3-388983375,S3-594389641,S3-656014546
S1-714093910	S2-800904487,S3-242868454,S3-674175372
S1-514122953	S2-755815307,S3-150599231,S3-952331005
S1-193577629	S2-328253887,S2-21895538,S2-765228561,S3-394866508
S1-285918410	S2-272631286,S3-157369103,S3-97338004,S3-343167058,S3-796037456,S3-357668182
S1-814747825	S2-488393949,S2-922318873,S2-779744827
S1-897021460	S2-889250037,S2-712185086,S3-139656980,S3-751221877,S3-757305205
S1-733574073	S2-709438133,S2-796757478,S2-24323908,S2-622209621
S1-803555394	S2-286429155,S2-485166394,S2-665090129,S2-88432150,S3-370504731,S3-348905822,S3-160749631,S3-355259646
S1-17572808	S2-277052754,S2-177314607,S2-531796076,S2-129579666,S3-184612385,S3-667921790
S1-424346094	S2-5443606,S2-949679430,S3-578178345,S3-241506699
S1-421753713	S2-366457001,S3-236205611,S3-387648718
S1-723551560	S2-626428069,S3-266232517,S3-665152440,S3-302990694
S1-656196892	S2-393524349,S2-860671147,S2-976192028,S3-921653875,S3-23403188
S1-633678444	S2-97306713,S2-860356537,S2-58708913,S3-746834122
S1-959135712	S2-331978100,S2-432956968,S3-621724904,S3-893784040,S3-673197745
S1-319883370	S3-95841374,S3-902867172
S1-533736022	S2-708931807,S3-889968885,S3-920494952
S1-265183716	S2-862257154,S2-527257467,S3-26466239,S3-409711919
S1-315589624	S2-190547045,S2-201032563,S2-923793375,S2-66582433,S3-497067041
S1-203111983	S3-310873280
S1-260639701	S2-840740713,S2-976036931,S3-975436179,S3-998042457
S1-258754083	S3-325911733,S3-989604775,S3-882534053
S1-400552333	S2-543869706,S2-494570169,S3-702643657
S1-387087019	S2-716818843,S3-547383992,S3-900908967
S1-859170740	S2-875960641,S2-904746608,S3-475637808
S1-724479673	S2-929577306,S2-994144342,S3-810537195,S3-222447116,S3-951841946,S3-959889640
S1-48161342	S2-9807279,S2-51190065,S3-702223684,S3-567335785,S3-31666318
S1-25338063	S2-468827192,S2-71180943,S3-906771402,S3-592857193,S3-229014008,S3-722067761
S1-758957570	S2-60776705,S3-23901852,S3-191065527,S3-40736674
S1-377762810	S2-776194380,S2-925561047,S3-383606638
S1-763337374	S2-510964974,S3-64993735,S3-702161750
S1-450437115	S2-600646425,S3-785864100
S1-751887130	S3-100224597
S1-305459626	S2-664683438,S3-330807871
S1-908930245	S3-755848242,S3-649895764,S3-988383364
S1-999180814	S2-820047199,S2-370622024,S2-585678479,S3-83750199,S3-991886560
S1-490431981	S3-755157598,S3-937429188,S3-609490842,S3-131662633,S3-514033100
S1-297520632	S2-401003206,S2-27954283,S3-689960374
S1-115239174	
S1-949435702	S3-268786578,S3-266282036,S3-523507323
S1-441101512	S2-232405291,S3-586849517,S3-727788658,S3-596406590,S3-155261422,S3-125557359
S1-951864974	S2-340806238,S2-72614303,S3-791643476,S3-137062902
S1-694011711	S2-840735488,S2-151349957,S3-499563103
S1-547253093	S2-524627387,S2-593388569,S3-671730873
S1-251556121	S2-523707320,S3-551431299,S3-19586535
S1-644902882	S2-546944547,S2-58373861,S2-253390884,S3-367739879
S1-401860486	S2-76300756,S3-883174371,S3-796002838,S3-233497436
S1-998015708	S2-279819469,S3-923996860,S3-598223394
S1-842883551	S2-265715720,S3-90533054
S1-607935359	S2-289326201,S3-340623731,S3-336198576,S3-597262176
S1-236695385	S2-756336481,S3-307386457,S3-45369767,S3-36232141,S3-22303141,S3-716499999
S1-393117441	S3-858496634,S3-9289089,S3-770090775,S3-463106910
S1-195550298	S2-305167783,S2-348204149,S2-831171653,S3-100541731,S3-500630121
S1-923717673	S2-893669096,S2-360431629,S2-830454631,S2-290466572,S3-685903377
S1-544516943	S2-889093031,S3-751432461
S1-864763991	S2-648491196,S2-33518270,S3-658500637,S3-656700599,S3-799754417
S1-418532567	S3-135804278,S3-17949526
S1-537389732	S2-726545078,S2-671575429,S2-130873595,S2-436919482,S3-181706468
S1-76366715	S2-125486894,S3-796223572,S3-981440641,S3-318398531
S1-63103062	S2-203537332,S2-529574635,S3-57069081,S3-445362608
S1-756637307	S2-16874234,S3-526815111
S1-421655841	S2-296364739,S3-369891162,S3-599230704
S1-17189768	S2-235337850,S2-527229016,S2-686369630,S3-971478763,S3-410043212
S1-559943054	S2-4481299,S3-858462586,S3-170043025
S1-747175132	S2-561292011,S2-549731725,S2-971432289,S3-504869996,S3-400792205,S3-342733427
S1-993102109	S2-322117322,S2-783713614,S3-639839079,S3-723627512,S3-704899898
S1-340282298	S2-784334409,S2-158527774,S2-314416078,S3-542167046,S3-469389584
S1-855097829	S2-143468743,S2-822478089,S3-560401869,S3-996948156
S1-569284896	S2-611217004,S3-76081058,S3-813014419
S1-989306197	S2-75768040,S2-178851453,S2-697681586,S2-491440924
S1-739484611	S2-456334227,S3-637806176,S3-527079788
S1-321728797	S2-213300231,S2-927947080,S3-137908909
S1-709878547	S3-157098460,S3-111138733,S3-49936474
S1-894440997	S2-719184648,S3-345355068,S3-712026701
S1-109560763	S2-96044860,S2-83449999,S3-878748215
S1-933361224	S2-687325448,S3-390182367
S1-874120460	S2-952091548,S3-163092674,S3-278010849
S1-537465770	S2-279857257,S2-59752300,S3-570002476,S3-668100295
S1-173816668	S2-772960597,S2-196565535,S2-662531459,S3-553039673,S3-261834442,S3-972657924
S1-907253761	S2-955732205,S2-786064205,S3-71165655,S3-834222116,S3-644605135,S3-320943184
S1-239329280	S2-739440783,S2-693057082,S3-153797425
S1-588635485	S2-144699479,S2-813598808,S3-546274570,S3-96965242,S3-450179241,S3-374620839
S1-636154729	S2-716246059,S2-853810266,S3-899666067,S3-928452018,S3-478966691
S1-642114479	S3-509522261,S3-796204317
S1-348657766	S3-339925341,S3-623698897,S3-546668846
S1-431598437	S2-18778150,S3-520005497,S3-607231906
S1-576994241	S2-857809179,S2-728242338,S3-542991468,S3-290108344,S3-428832047
S1-609206786	S2-660461911,S3-668273355,S3-837478712
S1-523296598	S2-473214379,S2-326534671
S1-330086719	S2-205773898,S3-552458777
S1-310932236	S2-127116474,S2-419158033,S2-954834510,S2-103509557,S3-801563258,S3-871983899,S3-188518649
S1-893820185	
S1-817722141	
S1-77747906	S2-278631354,S2-847333297,S2-772040719,S3-364153899,S3-58547482,S3-717979911
S1-198037894	S2-573024233,S2-456839428,S3-373963343,S3-812709364
S1-279976885	S2-174866893,S3-805811313,S3-75232009
S1-406545790	S2-426284721,S2-697670495,S2-550387081,S2-444639062,S3-784661940,S3-812355106,S3-789461749
S1-836742727	S2-194548488,S3-314995726,S3-589353666
S1-881374107	S2-66617950,S3-174331319
S1-528814232	S2-434324486,S3-41462846
S1-524427228	S2-657141933,S3-65937239,S3-55730446
S1-60547024	S3-307615708,S3-336870830,S3-12175531
S1-332488104	S2-633941132,S2-705109218,S2-974256986,S3-953817519
S1-749138865	S2-789323011,S3-477206467,S3-25385336,S3-396531025,S3-460926308
S1-782738304	S2-881060332,S3-426717765,S3-34760276,S3-837875828
S1-424266152	S2-293399632,S2-29919092,S3-577548361,S3-93262584
S1-334070982	
S1-959524738	S2-245888211,S2-15204191,S3-817943181,S3-496370378
S1-511326937	S2-731785009,S2-495602483,S3-904896864,S3-160982258
S1-674761616	S2-33749663,S3-658225855,S3-7737301,S3-946331198,S3-280265420
S1-625116740	S2-259743011,S3-276196443,S3-209842786
S1-802041304	S2-717338742,S2-980012942,S2-826650840,S3-755186967
S1-100232853	S2-287780616,S2-175092710,S2-625588850,S3-161060052
S1-522914584	S2-650935895,S2-246994293,S2-387133666,S2-774967370,S3-950337259,S3-412731239
S1-203326824	S2-491837874,S3-517771749,S3-576750311
S1-1243787	S2-231017873,S2-992645935,S2-693089796,S3-722124799,S3-176168571,S3-400059747
S1-934321504	S3-14568069,S3-679823384,S3-421838366
S1-48238622	S2-286685377,S2-610346241
S1-341891735	S2-661367598,S3-407727370
S1-522818896	S2-926702004,S2-515879896,S3-599861418,S3-619737733
S1-617890093	S2-969127228,S3-602483383
S1-974269750	S2-230586481,S2-4540202,S2-332903516,S2-672036658,S3-65980947
S1-909027340	S3-377588524
S1-438296852	S2-162440034,S2-886420072,S3-12417836
S1-366178010	S2-550567409,S3-163505645,S3-441863543
S1-762636390	S2-8259658,S3-330388368,S3-322152257
S1-63336925	S2-651907727,S2-261054623,S3-286307767
S1-324401038	S2-539469356,S3-697104635
S1-402656023	S2-638524621,S2-985632844,S2-267821404,S3-892409109,S3-405008592,S3-957548109,S3-596150927
S1-592054873	S2-451527485,S2-387745693,S2-213956758,S3-397420753,S3-298146818,S3-482970061
S1-448463184	S2-812920374,S2-93531555,S2-311010179,S3-683781533,S3-158779914
S1-171844639	S2-392371876,S2-392579718,S2-270024250,S3-288768115,S3-571300056
S1-351886406	S2-227280708,S3-25378685,S3-515110554
S1-156337024	S2-520581095,S2-623739587,S3-182034594,S3-257980883,S3-882467606
S1-594278649	S2-979708643,S3-315161614
S1-685573536	S2-834442259,S3-253560754,S3-28985460,S3-812349637
S1-357540238	S2-381329794,S3-758762467
S1-756837915	S2-166211513,S3-853027852,S3-678356083
S1-279959184	S2-661747960,S2-271131441,S2-866504774,S3-872174717,S3-375283409
S1-515069235	S2-397757423,S3-606695407,S3-972835200,S3-234688269,S3-659435016
S1-565256950	S2-263452402,S2-369612626,S3-732836842
S1-996909451	S2-860969439,S2-542097886,S2-415712958,S3-916600905,S3-746230970
S1-639997463	S2-907765432,S2-914622873,S2-741043878,S3-273049261
S1-56433810	S2-790389460,S2-586613881,S2-496376844,S3-779663789
S1-610114236	S2-486969657,S3-974430256,S3-431121647,S3-287486928
S1-92130809	S2-69712632,S2-123233874,S2-660114868,S3-185890209,S3-330116451
S1-993177630	S2-528975517,S2-80036942,S2-618000709,S3-460291908,S3-144126521
S1-610113167	S2-212063936,S2-26570026,S3-949839497,S3-412620735,S3-227073215
S1-188804926	S2-555620820,S2-73464346,S2-753614292,S2-496853187,S3-391610143
S1-302832745	S2-871486917,S2-47279741,S3-108628085
S1-876725832	S2-353621076,S2-957752245,S2-496761077,S3-264480949,S3-542013466,S3-425335070,S3-321524603
S1-217372304	S2-973263229,S3-958885841
S1-23058836	S2-967619509,S3-800014850
S1-733047554	S2-528377454,S2-588699609,S2-791418416,S3-609377261,S3-481260115
S1-186955057	S2-782645980,S3-631921777
S1-898887539	S2-651951831,S2-248195124,S3-546010779,S3-666933324,S3-948743401
S1-807330892	S2-259750912,S3-293018031
S1-452674848	S2-93425888,S2-72078513,S2-578260019,S3-906075340,S3-334389692
S1-307227133	S3-528569296,S3-932951108,S3-665362623
S1-697976164	S2-786618910,S3-50678477
S1-907900306	S2-418707888,S2-910587935,S2-12242446
S1-165265018	S2-353517215,S3-968112512,S3-715297563
S1-442300218	S2-531827824,S2-575938960,S2-185101229,S3-873699206,S3-272934669
S1-776197135	S2-909698452,S3-955797508
S1-478184485	S2-914792505,S2-926170879,S3-356957334,S3-504227320,S3-607101509
S1-934331427	S2-636496472,S3-566752237,S3-540347008
S1-258486001	S2-961882016,S3-496350041,S3-180402802
S1-619972638	S2-370966162,S2-77563023,S3-909842384,S3-866474730
S1-845129432	S2-165050811,S3-680943567
S1-767531745	S2-36195963,S2-609583785
S1-975607959	S2-982612712,S2-385772847,S2-321539331,S3-333369719,S3-445994159
S1-966645253	S2-9050581,S3-566801105
S1-12618303	S2-934594638,S2-133268219,S3-771279007,S3-978644881
S1-213901493	S2-88634593,S2-333638602,S2-747485222,S3-351805651,S3-712295814,S3-666991219,S3-463955944,S3-575140122
S1-532789446	S2-442099373,S3-415323294
S1-988639159	S2-417160362,S3-581358154,S3-618115656
S1-478180969	S2-285385322,S2-64260148,S2-845663628
S1-457832402	S2-33088638,S3-751810161
S1-466161010	S2-276331967,S3-490640963,S3-563215125
S1-34045832	S2-858477409,S2-825931548,S2-157745412,S2-664770956
S1-822613425	S2-945715827,S2-991278043,S3-459031659
S1-750565241	S2-214673772,S2-573672618,S2-59578634,S3-882965590,S3-379055924
S1-489111085	S2-492228797,S3-63502235,S3-624009626
S1-933143078	S2-491667492,S3-497530340,S3-74863085,S3-622187546,S3-460378969,S3-902076826
S1-353487518	S2-258804848,S3-324176014
S1-437736774	S3-129451627,S3-820648377
S1-787462445	S2-966615256,S2-788400857,S3-390870861,S3-698191800
S1-742640671	S2-963358708,S3-409854516,S3-956446211
S1-974678365	S2-989320168,S2-237497049
S1-22379621	S2-853863617,S3-270841684,S3-839283288
S1-153805723	S2-314857250,S3-177961325,S3-849105211
S1-145266974	S2-124061228,S2-179863315,S3-836614810,S3-304114552,S3-161833629
S1-766888418	S2-67982631,S2-874781734,S2-125029330,S3-872280647,S3-652493206,S3-139162300
S1-558848019	S2-933408384,S2-700330117,S3-153504025,S3-74096627
S1-123686922	S2-543036458,S2-781642956,S3-689674284,S3-180275213
S1-299700882	S2-792334462,S3-162531245
S1-606582338	S2-330384776,S3-370244655,S3-572626757
S1-736505375	S2-863056357
S1-237677845	S2-952837311,S2-851373784
S1-897741680	S2-212442600,S3-152722303,S3-723237427
S1-272928008	S2-952327344,S2-513213395,S3-565499615,S3-745634743
S1-526039245	S2-633691877,S3-983056251
S1-653276230	S2-291035200,S2-989426257,S3-574523780,S3-19969439
S1-975749649	S2-604916106,S2-91351124,S3-767670882,S3-540310982
S1-878277381	S2-145027739,S3-601842774
S1-488351374	S2-386659026,S3-889801845
S1-931996493	S2-387683301,S3-344503911,S3-922890177
S1-595923397	S2-15682502,S2-10820891,S2-591010406,S2-872046204,S3-421814729
S1-147446882	S2-210508624,S2-701180576,S3-405883322
S1-790324041	S2-29764569,S2-432360331,S3-435746233
S1-228738311	S2-998559272
S1-240083260	S2-972368055,S2-332333451,S3-759602272,S3-363536524,S3-802869304,S3-128246992
S1-581560251	S2-948725079,S3-800833037
S1-995020697	S2-829038990,S2-799424669,S2-567814214,S3-448656365,S3-43159711
S1-982080093	S3-882609905,S3-106171989,S3-373725745,S3-648402093
S1-193044836	S2-170996728,S3-643470621,S3-457645040,S3-869426657,S3-304454011
S1-856055997	S2-865234249,S3-531996809,S3-398113314,S3-615447093
S1-825104319	
S1-761303033	S2-831701810,S3-553176167
S1-452794092	S2-524943370,S3-83964313
S1-928513297	
S1-97293861	S2-753832444,S3-702251925
S1-731127959	S2-721705233,S3-395350168,S3-214306852
S1-289224173	S2-330605259,S2-181349788,S3-552263747,S3-13881208,S3-502953781,S3-121814021
S1-806248832	S2-184232434,S2-820424264,S2-629946328,S3-714364207
S1-980143190	S2-646728251,S2-801847769
S1-951571841	S2-37387484,S3-436855406,S3-669816049
S1-685763490	S2-131312099,S3-250224578,S3-984870052
S1-161732081	S2-363496000,S2-865209941,S2-542303801,S3-178853522,S3-76571006,S3-620070087
S1-371240682	S2-679751949,S2-321650913,S2-836388925,S2-511276447,S3-107046298
S1-167124167	S2-970666044,S2-231973099,S3-657680686
S1-32831060	S2-292103960,S3-574310526,S3-742169647
S1-197465200	S2-956972642,S2-252482171,S3-257521362
S1-696917368	S2-268918007,S2-599844183,S2-377863368,S2-738377920,S3-601470083,S3-889521660,S3-471216077
S1-546540698	S2-928373912,S2-746057418,S2-262729863,S2-230443242,S3-87177134,S3-160283544,S3-546934354,S3-887383795,S3-510773172
S1-531830313	S2-427182495,S2-678649032,S3-924347631,S3-398129355,S3-791901766,S3-505152255,S3-436601859
S1-623199045	S2-994525069,S3-989495062,S3-429794671,S3-627301475
S1-860552646	S2-322395321,S2-880170951,S2-132849902,S3-336768890,S3-215794704,S3-601879772
S1-903799166	S2-184877894,S2-801808223,S3-911875384
S1-776142282	S2-13987732,S3-634824730,S3-312642761,S3-403669684,S3-158337355,S3-867600112
S1-90854291	S2-960897111,S2-44671221,S2-29653661,S2-539344882,S2-330016250
S1-739545607	S2-44497255,S3-305259940,S3-771264862
S1-550426702	S3-357581397
S1-141277353	S2-23992304,S3-394982762,S3-659570541,S3-533665317,S3-355879702
S1-730727771	S2-491730756,S2-624492629,S3-507859666,S3-360193942,S3-16999406
S1-209211298	S2-321480273,S2-589834190,S2-290260421,S3-46929133,S3-918497220
S1-522117215	S2-348441055,S2-158437214,S3-131858855,S3-357998863,S3-265645148
S1-391185105	
S1-993699509	S2-471508535,S2-44674525,S2-206035487,S3-732983449
S1-315340549	S2-551352663,S2-229188805,S3-351336221
S1-620640790	S2-240141982,S2-20067738,S3-707559141,S3-43632281,S3-220437042
S1-642449816	
S1-278505247	S2-270582709,S2-222311814,S2-4349803,S3-826642821,S3-821439422
S1-748369080	
S1-16669291	S2-397147589,S2-93335661,S2-430019415,S3-293381031
S1-664348598	S2-251706002,S3-469684529
S1-438557784	S2-3454669,S2-231209187,S2-978924858
S1-812234407	S2-193141644,S3-324712855
S1-345096817	S2-977323289,S2-351134174,S2-566711187,S3-725101506,S3-957656858
S1-749327070	S2-746913267,S2-96455391,S2-136583345,S3-275187944,S3-490897963
S1-348470951	S3-47615161
S1-518272019	
S1-268783008	S3-689103461,S3-617579710
S1-65799258	S2-165527838,S2-540464573,S3-889216942
S1-991274072	S2-258434033
S1-222920993	
S1-533565137	S2-49316242,S2-314478509,S3-309176015,S3-148606203
S1-826177422	S2-596202506,S2-511695027,S2-421334745,S3-888945664
S1-98460538	S2-736341656,S2-613946180,S2-850903730,S2-379015466,S3-166551296,S3-519961418,S3-429311588
S1-6316406	S2-980259018,S2-905495139,S3-424840458,S3-710130644
S1-620678354	S2-371369882,S2-742596103,S3-875370669,S3-278658320
S1-46074207	S2-586455674,S2-186466376,S3-366869907,S3-269092061,S3-557965273
S1-459768778	S2-526698777,S2-805014166,S2-365606212,S3-633322324
S1-162794263	S2-107968674,S2-337270119,S3-729280573
S1-762703301	S2-612563633,S3-564832030,S3-44190100
S1-666014936	S2-365695061,S2-174799300,S2-512963424,S2-238485263,S3-355700473,S3-114788628
S1-687773428	
S1-935733056	S2-699381442,S3-741329109,S3-402954083,S3-15547091,S3-676783386
S1-228609234	S2-171665572,S2-125725108,S3-445912135
S1-858478278	S2-346738649,S2-406235084,S2-427833231,S3-402101007,S3-439914275
S1-833864930	S2-756264027,S2-322513272,S2-815314325,S3-899599127
S1-892776194	S3-221492699
S1-877883823	S2-212780978,S2-518879325,S3-34055155
S1-450496000	S2-309600951,S2-343755710,S2-673152525,S3-828174115
S1-280659846	S2-587084013,S2-300666312,S2-226181770,S3-326211669,S3-52313275
S1-758878625	S2-688814840,S2-441554468,S3-659840450,S3-162801470,S3-885864503,S3-350097114
S1-270246733	S2-834487553,S3-166148080,S3-584342440
S1-345939600	S2-663208682,S3-673268316,S3-959388247,S3-388937174
S1-630561478	S2-890857826,S3-371772373
S1-826746760	S2-676759531,S3-21522419
S1-376925673	S2-430239675,S3-337834853,S3-505265869
S1-21554917	S2-470110029,S3-545680053,S3-281985741,S3-872785428
S1-599562761	S2-149544542,S3-158436908,S3-265129269
S1-701630055	S2-333694410,S2-278951028,S2-506185870,S3-832955419,S3-596861654
S1-756607719	S2-993169506,S2-90918646,S2-268658617,S3-345012882,S3-943180984
S1-604681581	S3-713468839,S3-571738146
S1-334527544	S2-570444414,S2-463794511,S2-133684134,S3-576595898,S3-798520546,S3-781628207
S1-652375499	S2-994884902,S2-281396091,S2-66169250
S1-524304580	S2-419383472,S3-682920605,S3-356091404
S1-736272414	S2-795665855,S3-808511010
S1-569487406	S2-325133941,S2-806744299,S3-321123369,S3-864491274
S1-218510015	S2-355489153,S2-654618417,S3-275908680
S1-832368951	S2-565062958,S3-796689484,S3-625218301
S1-946930451	S2-255573753,S3-646001573,S3-320912532
S1-481495400	
S1-813301393	S2-670994281,S2-40513672,S3-715077646,S3-366237833
S1-134638877	S2-798340218,S2-345734947,S2-180699023,S3-523215960
S1-685647817	S2-588799773,S2-595860816,S2-835043086,S3-577808506
S1-199065071	S2-97647771,S3-229368162,S3-990428330
S1-771300410	S2-979217127,S2-299842453,S3-449775825
S1-594152956	S2-682274973,S3-635509085,S3-309580708,S3-277139590
S1-639257726	S2-404580905,S2-484586357,S2-988207559,S2-60125541,S2-18161211,S3-133352332,S3-598050911
S1-745651125	S2-66612969,S3-576938492,S3-303012024,S3-567528218
S1-857577779	S2-856556372
S1-365097970	S2-956427673,S2-997167345,S2-285347991,S2-18373717,S3-848735447,S3-364229548,S3-441278004
S1-753981349	S2-151617208,S2-969865691,S3-579894997,S3-976599744,S3-930256176,S3-72514435
S1-416403348	S2-183018765,S2-602846607,S2-96512576,S3-670940005
S1-953862836	S2-85379394,S3-993391666,S3-289898141
S1-587797744	S2-318280700,S2-432448034,S2-323508612,S3-600631097
S1-543758228	S2-931970362,S2-181694348,S3-633563731,S3-540064336,S3-15703644,S3-524410082,S3-297536392
S1-293875494	S2-695328368,S2-580866768,S3-272970160,S3-217569548
S1-543240598	S2-873188879,S2-289115999,S2-539890080,S3-705604588
S1-368940214	S2-537107839,S3-422716420,S3-502576753
S1-831111852	S2-623212100,S3-404661726,S3-301890415
S1-619446705	
S1-820129209	S2-728129657,S2-539579952,S3-872356130
S1-390507912	S2-79518956,S2-453020839,S3-638077302
S1-455253959	
S1-285069454	S2-683945662,S2-376512147,S3-102561524,S3-394942456
S1-159805606	S2-237725456,S2-982153337,S2-129152296,S2-199697747,S2-433848114,S3-715213286,S3-553700917
S1-395476193	S2-305449588,S3-576539108,S3-371447630
S1-44215517	S2-153853763,S2-521641179,S2-705372711,S3-277945503
S1-377090509	S2-219195573,S2-985678934,S2-51414091,S3-671075194
S1-111910680	S2-327542750,S2-970103453,S3-42639986,S3-812409363,S3-777297610
S1-707474106	S2-459111344,S3-128288419
S1-960615742	S2-955024479,S2-717421413,S3-988463234
S1-755150706	S2-371955042,S2-33725533,S3-858556531,S3-85406997,S3-405977917
S1-337187355	S2-845997623,S3-931544166
S1-65204101	S2-863762451,S2-671534546
S1-399684344	S2-770732919,S2-436364307,S2-918712589,S3-395884817,S3-843040819,S3-399371342,S3-244294706
S1-288156117	S2-501041909,S3-641651294
S1-152427237	S2-295561473,S2-110363016,S2-413820592
S1-11470273	S2-536079173,S3-861793872
S1-865253226	S2-203682794,S2-484865368,S3-972044697
S1-271758783	S2-311294724,S2-216278563,S3-350438157
S1-893251338	S2-163347599
S1-556562831	S2-231551811
S1-260995205	S2-83760454,S3-839719257,S3-431130110,S3-205886856
S1-958675414	S2-812622207,S2-2237523,S2-910172465,S3-530336135,S3-46484075
S1-34603324	S2-581383237,S2-974078037
S1-407406376	S2-520248684,S2-794606335,S3-401631258
S1-99760362	S2-394893466,S2-741471784,S2-4088718,S2-937312859,S3-1868557,S3-136657209,S3-571026947
S1-133635094	S2-372705589,S2-347584180,S3-145796942,S3-892626670,S3-626951904
S1-360644673	S2-794802917,S2-445517464,S2-919060161,S3-143687914
S1-544345920	S2-592773564,S2-307232293,S3-158224259
S1-548784274	S3-58602389,S3-266407522,S3-469817042,S3-849812183
S1-845272069	S2-632494808,S2-166122793,S3-734875271
S1-616058847	S2-542112793,S3-686854141,S3-623926096
S1-40239233	
S1-593544703	S2-163481033,S2-927503191,S2-661931209,S3-374994827,S3-432101879,S3-620943057
S1-184645812	S2-860890273,S2-521436749,S2-701219630,S3-38357451,S3-122968106,S3-22336675
S1-762586547	S2-525763805,S2-338675037,S2-938784457,S3-179472614,S3-751503471,S3-339732602
S1-476434905	S3-497793107
S1-374979431	S2-105863171,S2-599821756,S3-717746303,S3-911115897
S1-285066365	S2-270951430,S3-417060506,S3-97403980
S1-671137125	S2-455512751,S3-114788986,S3-121339137,S3-899941823,S3-265592571
S1-544845213	S2-783804426,S3-455894337
S1-42116714	S2-957876747,S2-506385073,S3-57103718,S3-266989886
S1-257239205	S2-38547117,S3-586787508,S3-397853402
S1-977170059	S2-693484215,S2-903732581,S2-173052979,S2-60814422,S2-593434599,S3-200824029
S1-80262665	S2-864806514,S2-195221232,S3-912252471
S1-4820274	S2-974307760,S3-304789161,S3-625810079
S1-618450382	S2-921477448,S3-438029496
S1-814667807	S2-977000106,S2-575859735,S3-911313094,S3-230254857,S3-114093030,S3-25772482
S1-995344599	S2-450004714,S2-638419494,S2-319766125,S3-156869264,S3-881928860
S1-253925667	S2-503820855,S2-752201640,S2-674802859,S2-863686791,S2-865831423,S3-262228627
S1-334602452	S2-584465702,S2-439373385,S3-621759506
S1-148690895	S2-600465432,S2-713796605,S3-94864786,S3-230384024,S3-357550142
S1-903741903	S2-841262215,S2-496392034,S2-954176332,S2-908754291,S3-203807894,S3-842499994
S1-43011050	S2-465534031,S2-149666186,S2-123354342,S2-133666267,S3-52636165,S3-694620342
S1-140138353	
S1-288112063	S2-575917726,S2-333144685,S3-953527066,S3-954785224,S3-896435683
S1-204707432	S2-747834149,S2-88953780
S1-641976006	S2-10650395,S3-52557015,S3-118663157
S1-741139560	S2-432859939,S2-990144888,S2-689561253,S3-294117826
S1-72428401	S2-35856551,S2-906455698,S2-125405090,S2-418699075,S3-796363929,S3-503451239,S3-729248192,S3-849602487
S1-48291245	S2-857276472,S3-292073054
S1-865240769	S2-149515808,S2-88247037,S3-516901958
S1-137093246	S2-607337395,S3-616307821,S3-803468083,S3-385139011
S1-764214329	S2-903164189,S3-979366479,S3-428707662,S3-840772636
S1-830958913	S2-791994429,S2-406129615,S3-825919125,S3-928838077
S1-796414280	S2-986989332,S3-682327007,S3-494721850
S1-140852379	S2-101332592,S2-214634865,S3-921864202
S1-853987230	S2-247241508,S2-463015864,S3-556833353
S1-716580632	S2-554030375,S2-90361406,S3-495116367,S3-399955943
S1-604262138	S2-19857513,S2-380915532,S3-83797102,S3-737503888
S1-929265648	S2-752215029,S2-409637041,S3-955229703,S3-700103463
S1-798993430	S2-388944654,S3-877155998,S3-713375957
S1-635192907	S2-844011343,S2-326578940,S3-552581365,S3-531920585,S3-396276351,S3-42740058,S3-393665951
S1-7199015	S2-389223489,S2-808743252,S3-101387646
S1-316593757	S2-60323072,S3-113736994,S3-563195549
S1-25670089	S3-830293854
S1-9860121	S2-900874217,S2-111974514,S2-900971755,S2-606808097,S3-586107363,S3-947758061
S1-119267333	S2-307966042,S2-323242678,S2-642279452,S3-835961878,S3-822565900,S3-614742544,S3-463808841,S3-830500896
S1-513763536	S2-360011685,S2-982944015,S2-530003297,S3-551543510
S1-715256975	S2-159921224,S2-51354118,S3-647472877
S1-752478863	S2-791813735,S2-417658447
S1-166240861	S2-719059185,S2-900296221,S3-204378286,S3-780662649,S3-686275637
S1-524792629	S2-555442813,S3-19839182,S3-975232347
S1-104641467	S2-173540409,S3-18786737,S3-232205873,S3-655575966
S1-231032686	S2-193952945,S2-68460871,S2-351927064,S2-362307888,S2-533716083,S3-238420648
S1-561449964	S3-893996604
S1-746546614	S2-992485082,S2-710908029,S3-653012739,S3-673365812
S1-478485563	S2-976101599,S2-51893835,S3-461857742
S1-789570704	S2-126311139,S3-466708284
S1-83359666	S3-144223195
S1-515516908	S2-514004289
S1-686415781	S2-743657923,S2-246369024,S2-488732237,S3-756641910
S1-50924680	S2-921356459,S2-839287395,S3-79519503,S3-734686975
S1-801791897	S2-35086144,S2-698738609,S3-829519027
S1-588656072	S2-862041677,S3-335460483,S3-847649373,S3-842266506
S1-214347917	S3-429522461,S3-254004388
S1-272463102	S2-829223535,S3-478293985
S1-307115986	
S1-783219746	S2-494186435,S2-236470244,S3-427497318,S3-778861235
S1-59134611	S2-215146139,S3-773363883,S3-502790604
S1-310842393	S2-132899138,S3-57216107,S3-487286682,S3-89120515
S1-584021664	S2-64713207,S2-95912644,S3-718753159,S3-734064877,S3-659485115
S1-169518423	S2-805687679,S2-767519104,S2-134010517,S2-122157871,S3-585955331,S3-686025913
S1-649968095	S2-631494537,S3-100244512,S3-74186879,S3-970139582
S1-972596282	S2-593867688,S2-939022115,S3-346312491,S3-796338001
S1-28813877	
S1-742625212	S2-428728249,S2-230726374,S3-753769238,S3-302836722
S1-102617246	
S1-234442559	S2-111276707,S2-542612198,S3-397984119
S1-802288346	S2-871857099,S3-438328348,S3-604938627,S3-123662493,S3-13200842
S1-20573503	S2-867260365
S1-248824862	S2-957985227,S3-25158190,S3-414648795
S1-710533290	S2-640805920,S2-833812479,S3-149019412
S1-274916479	S2-445014829,S3-803528531,S3-355630172
S1-832905640	S2-228493945,S3-710771204
S1-206904170	S3-36918041
S1-829278813	
S1-526007485	S3-126437123,S3-298018830
S1-140035259	S2-588317245,S2-807803388,S2-163891128,S2-820185302,S2-868908596,S3-622744503
S1-350328529	S2-516234616,S2-443625648,S3-609093928,S3-185396971,S3-486369847
S1-840801826	
S1-937935902	
S1-803944141	S2-452774095,S2-830872654,S2-377629642,S3-94454233
S1-938655105	S2-922882823,S2-837697709,S2-772335180,S2-227461379,S3-206159132,S3-762889744,S3-37536435,S3-954876298,S3-808053041
S1-30376764	S2-180063240,S3-408091387
S1-717684100	S2-747943759,S3-800554317,S3-340467443,S3-251080598
S1-763967319	
S1-700603878	S2-416758928,S2-755583080,S3-223200339,S3-901005742
S1-916171009	S2-586488263,S3-852818091,S3-956987126,S3-796867086
S1-568623395	S2-811172388,S3-177707992,S3-764803233,S3-854868854
S1-607076889	
S1-417626941	S2-88919601,S2-592330470,S2-336738493,S3-373346005
S1-344308771	S3-65426108
S1-129170234	S3-661538816,S3-104889978,S3-196616300,S3-382913621
S1-883946804	S3-213260934,S3-637177225
S1-415895619	S2-767028741,S2-486734518,S3-360060783,S3-568941443
S1-699024031	S2-856439544,S3-503606760
S1-552256071	S2-332977109,S2-357804351,S2-903785517,S3-443653869,S3-730179160
S1-261242558	S2-192602507,S3-866438514,S3-299747549,S3-200338671,S3-862772278,S3-366429101
S1-37275897	S2-219354680,S2-986240543,S2-226241665,S2-389935359,S3-819837279
S1-910645412	S2-295440574,S2-402387696,S3-978778921
S1-624553978	
S1-296121800	S2-577427742,S2-919323206,S2-629150831,S3-508044946
S1-826445454	S2-511274841,S3-505814855,S3-51539500,S3-834548217,S3-376175033
S1-362455314	S2-235232843,S2-968372965,S2-281128880,S3-428771799,S3-311371845,S3-344242396
S1-230412109	S2-419739228,S2-183692572,S3-878626901,S3-489729048
S1-254764959	S2-59574118,S3-330070884
S1-979472703	S2-288067955,S3-400592649
S1-851608660	S3-37822714,S3-769826143
S1-402948576	S2-329925184,S2-148870882,S2-583556241,S2-389420810,S3-900905088,S3-281262784
S1-53027256	S2-176603767,S2-877091589,S3-21847365,S3-866887944,S3-705178817,S3-449835192
S1-788683061	S2-816243383,S3-8364533
S1-201401730	S2-516231850,S3-487455043
S1-91385509	S2-310668477,S3-821989771
S1-856806979	
S1-674762593	S2-915528157,S2-305396520,S2-896687938
S1-720462525	S2-505589607,S2-90766593,S3-151942641
S1-647771455	S2-255967705,S3-854205416
S1-319597963	S2-516972666,S2-492935554,S3-332782718
S1-185408254	S2-410467481,S3-132661611,S3-502801598,S3-656586433,S3-489067425
S1-251909906	S2-535193673,S2-397214643,S3-767769781
S1-780594520	S2-488644430,S2-231103800,S3-498079508,S3-84010506,S3-847176950
S1-230000298	S2-697584058,S3-946765970,S3-898621519,S3-224799017
S1-711115156	S2-188898571,S2-48042668,S3-444059142,S3-354952794,S3-932217216,S3-794266118
S1-836906131	S2-582806586,S2-686707209,S3-204878829
S1-891547969	S2-353551699,S3-767360698
S1-366578255	S2-168753803,S3-951708086,S3-985592981
S1-707326080	S2-23285103,S2-763575746,S2-839801325,S3-290150630
S1-885573839	S2-568871638,S2-373690191,S3-98249884
S1-393247831	S2-49661062,S2-62246029,S3-369366963,S3-424394601,S3-882551518
S1-40048815	S2-223289445,S2-676737444,S2-160067991,S3-346496295,S3-784948716
S1-182016627	S2-768495664,S3-682212966,S3-88475610
S1-537053133	S2-264867301,S3-467914068
S1-215173887	S2-451554612,S3-119165951
S1-412539915	S2-154811636,S2-779349649,S3-76631714,S3-614871256
S1-195861227	S2-731788141,S3-382985480,S3-117324889,S3-250718083,S3-997618580
S1-253651009	S3-658318717
S1-420408739	S2-469480812,S2-723805104,S2-705181516,S3-347907749
S1-995956858	S2-160835691,S2-970929594,S2-712429543,S3-376387900,S3-610810737,S3-24438406,S3-913571599
S1-614743024	S2-925693415,S3-258303252
S1-310572694	S2-967994474,S3-89362058,S3-577643912,S3-447412792
S1-841012173	S2-407367130,S2-892679512,S2-111491801,S3-927596383,S3-364321010,S3-373722390,S3-848499660
S1-847630685	S3-172179840
S1-30139910	S2-21905907,S2-185081484,S3-618484526,S3-374105794,S3-473057383,S3-343989625
S1-546084178	S2-535977609,S2-128480640,S3-345811674,S3-125705028,S3-504989919
S1-804636597	S2-114147188,S2-736394925,S3-823138493
S1-623966299	S2-763426170,S3-294977399,S3-259105218,S3-797621970
S1-560206546	S2-764376231,S3-989588141,S3-380237866
S1-550380520	S2-13809327,S2-455541662,S3-612080577,S3-76761230
S1-21240542	S2-18265113,S3-925783614
S1-621005440	S2-38686640,S2-512397394,S3-175138803
S1-803464282	
S1-490889386	S2-815896460,S2-541206579,S2-156364865,S3-630375663,S3-193868350,S3-724001899
S1-441605213	S2-726643621,S2-450140174,S3-653797190,S3-605128031
S1-88322932	S2-113759962,S3-11928196,S3-388738630,S3-925240426,S3-220796942
S1-267171201	S2-86941646,S2-328125184,S3-629282816,S3-469597345
S1-918027298	S2-702272867,S2-941883144,S2-352318491,S3-744353459,S3-332908939,S3-902118568,S3-908759126
S1-460822131	S2-219086600,S3-248726288,S3-701339390
S1-952369489	S2-357846762,S2-836077590,S3-357246990,S3-894868125
S1-190540254	S2-815140595,S3-447626724,S3-727071546
S1-386307566	S2-397464454,S3-713337205,S3-339194352
S1-552878571	S2-908818468,S3-738179770
S1-427119187	S2-511688643,S3-881885430,S3-788525228,S3-474049397
S1-316297976	S2-131699506,S2-536405312,S2-571922317,S3-259889594
S1-833648635	S2-413103296,S2-51368375,S3-352914873
S1-741717304	S2-950731626,S2-875979547,S3-378466847,S3-725703489
S1-862777374	S3-359471320,S3-500521977,S3-889463018,S3-576997122
S1-863858335	S2-985473027,S3-138540368
S1-335678980	S2-43891583,S2-855545905,S2-455387690,S2-216092132,S3-431863539
S1-799659819	S2-297180340,S2-189627887,S2-487878513,S3-314283777,S3-56757746,S3-15558355
S1-291968673	
S1-709996781	S2-517581606,S2-468408600,S3-204552319,S3-821183473
S1-9876410	S2-866097671,S3-526572648,S3-59765627,S3-516110218
S1-675391722	
S1-56931494	S2-888790678,S3-752840590,S3-705656522
S1-491619478	S2-777256313,S2-369349630,S3-139977747
S1-174155637	S2-149036323,S2-309891711,S3-509920831,S3-432251066
S1-171598027	
S1-928466155	
S1-166158737	S2-241437091,S2-20056714,S3-852376053
S1-209762159	S2-32936422,S2-383703140,S2-292440715,S3-701024217
S1-659097171	S2-400582326
S1-261613849	S3-23134422
S1-805363766	S3-574567746,S3-338200365
S1-254260396	S2-9932317,S3-485758237,S3-484629747,S3-505131136,S3-589928336
S1-487807535	S2-127691185,S3-480939210,S3-747771667
S1-277490403	S2-114396444,S2-449689734,S2-989203056,S2-28440049,S3-952427356
S1-694945671	S2-93919505,S2-690848346
S1-601413126	S2-920345940,S3-867923345,S3-586885112
S1-10612228	S2-866636676,S3-247044606
S1-769212911	S2-696113764,S3-58446738
S1-996920746	
S1-603070127	S2-630651352,S3-475151,S3-402402100,S3-58777371
S1-222681632	S2-451712597,S3-368993395,S3-339207889,S3-640946021
S1-611269712	S2-289223955,S2-216421153,S3-512864064,S3-383276357,S3-136608072
S1-245188948	S2-444453318,S2-356972646,S3-678467348,S3-818967444
S1-274801115	S2-448374064,S3-702022207,S3-501274387
S1-489354822	
S1-749466557	S2-811670317,S3-543017137
S1-883596074	S2-959477637,S2-788338323,S3-459597761,S3-590390006
S1-290277386	S2-626120380,S3-298229407
S1-973596814	S2-469255819,S3-270928372,S3-71704096,S3-781838033,S3-539694149
S1-101437976	S2-961574440,S2-445494636,S3-227951539
S1-111899955	S2-133882523,S3-902394849,S3-340459104
S1-51858100	S2-302510576,S2-929399172,S3-219935721,S3-676317437
S1-697787865	S2-700443628,S2-923517178,S2-971550713,S3-698921490,S3-584274910,S3-523086568
S1-305273872	S2-799145647,S3-390028058,S3-206619603
S1-513010430	S2-250977143,S2-831781542,S2-633045982,S2-115964797,S3-626865591
S1-455335544	S2-399185991,S2-343400002,S3-598608768,S3-184865451,S3-328767327,S3-548473072
S1-729089151	S2-400252972,S2-192740682,S3-910134319
S1-938140590	S2-4763006,S2-180359297,S3-853481094,S3-391558492,S3-446246337
S1-199826363	S2-597834153,S2-124650962,S3-670627124,S3-459502129
S1-812508500	S2-493650232,S2-576585741,S2-428530148
S1-648190935	S2-873520488,S2-117583299,S3-462904885,S3-23915550,S3-352859258,S3-205530175
S1-306551551	S2-499125066,S2-937852825,S3-665442722,S3-291027366
S1-413834494	S2-213497678,S2-59389415,S3-264682061
S1-131421921	S2-481803120,S3-855968402
S1-122946011	S2-433644863,S2-696476133,S2-83156923,S3-184412033
S1-302564709	S2-512214876,S3-616494685,S3-837815289,S3-586978098,S3-930532768
S1-294997894	S3-514814800
S1-612730118	S2-878730062,S2-268322202,S3-708310800,S3-409893913
S1-898310354	S2-676511082,S2-91578336,S3-818882838
S1-116567161	S2-215013748,S2-407212212,S3-914527624,S3-316909762,S3-283339905,S3-646105220
S1-384269511	S2-990559482,S3-110990673,S3-882087607
S1-744422539	S2-333793984,S3-258541855
S1-304386686	S2-173246472,S3-224356782,S3-304554479
S1-435672924	S2-691979164,S2-242488389,S3-108146815,S3-861042655,S3-96726366
S1-4060393	S2-979737908,S3-920276733,S3-592727188
S1-597550328	
S1-242277613	S2-895679276,S3-822757394
S1-13109896	S2-170708259,S3-298554142
S1-268174379	S2-195073131,S2-686589881,S2-299201484,S2-561413514,S3-354428179,S3-104384698
S1-283352366	S2-157330851,S2-284613178,S2-992744641,S3-121492237
S1-915923495	
S1-395261737	S2-611105622,S3-689034200,S3-969788274,S3-230622838
S1-670501562	S2-523694300,S2-441912047,S2-628828252,S2-392926941,S3-673309796,S3-901655511,S3-734153948,S3-542705380
S1-496373917	S2-59569726,S3-349062544,S3-800139273,S3-814249103
S1-996047025	S2-876822007,S2-245383932,S3-879832621,S3-758733523,S3-979901033,S3-698385313
S1-864302717	S2-437607650,S2-106203445,S2-159321190,S2-110547025,S3-915576973
S1-535089628	S2-163356313,S2-306016409
S1-231734368	S2-818644489,S2-299846702,S2-120905030,S3-416573861,S3-379256020
S1-311488770	S2-846948303,S3-286832237,S3-443890312,S3-150695105
S1-575262178	
S1-329540993	S3-913965659
S1-552396675	S2-866742536,S3-626226993,S3-858825740,S3-371530526
S1-798584986	S2-528395857
S1-894354858	S2-779925488,S2-992804545,S3-976684264
S1-517813890	S3-668295152,S3-974584054
S1-886132807	S2-966710311,S3-32830715,S3-441719229
S1-862063547	
S1-238203805	S2-533822134,S2-33373036,S3-142948783,S3-822580231
S1-287032802	S2-952230920,S2-548664193
S1-847164192	S2-851046608,S3-838755504
S1-802530322	S2-457459724,S2-980554441
S1-915017639	S3-309177876
S1-334199750	S2-990871849,S2-893806242,S3-131602040,S3-33791003
S1-56098342	S2-604724258,S2-513450880,S3-401627180
S1-644751827	S2-222453160,S2-190862300,S2-450821190,S3-940954767,S3-972528668,S3-588545546
S1-971749494	S2-739923041,S3-895905978
S1-753854019	S2-96152045,S2-942263364,S2-850108030,S3-917047209
S1-175635026	S2-1486884,S2-691412518,S2-415415471,S2-289924492,S3-206604061,S3-388580198
S1-708709547	S2-952151979,S2-541569307,S3-687543637
S1-271585060	S2-55079837,S2-852592675,S2-283563300,S3-315997883,S3-817051999,S3-199669798,S3-480000605
S1-725919408	S2-466899457,S3-797976532
S1-187634864	S2-973993480,S2-919780241,S2-394144187,S3-148513635,S3-340102109,S3-297543081,S3-501901456
S1-399750025	S2-865267990,S2-778555579,S3-875009409,S3-698148602,S3-317146417
S1-379313606	S2-717076787,S2-853160048,S2-557111624,S3-901793868
S1-954830984	S2-822101173,S3-844138822,S3-541575039
S1-323036542	S2-956553917,S3-712109150,S3-496642414,S3-553042426,S3-656999338
S1-591374132	S2-116866062,S3-897231304,S3-806243922,S3-727265897
S1-332162258	S2-804376049,S2-84035610,S3-251038301
S1-912704393	
S1-987070779	S2-726697135,S2-27716460,S3-447419223,S3-155015688,S3-3771483,S3-117131126,S3-380991067
S1-920083555	S2-88528393,S3-598423453
S1-454203667	S2-284358634,S3-927700001,S3-348150703
S1-588723400	S2-151066607,S2-348329032,S3-863097912
S1-842783891	S2-627064391,S2-278061636,S3-694252953,S3-460509542
S1-426320818	S2-781587346,S2-245224928,S3-347686415,S3-486031578,S3-867437980,S3-567236380
S1-866508747	S2-758684287,S3-587407898,S3-616247038,S3-57295854,S3-891120862,S3-326331151
S1-341768283	S2-424084960,S2-933072016,S2-599533220,S3-208633824,S3-206537561,S3-568181350
S1-881310815	S2-207927534,S3-355207477,S3-741552743
S1-33866821	S2-526578053,S2-23922457,S3-868291854,S3-976164038
S1-83643470	S2-80054658,S2-848720636,S3-800259984,S3-148194908,S3-824416055,S3-417448705
S1-761437804	S2-357313500,S3-996906428,S3-254827870,S3-91389227,S3-952819555
S1-780999809	S2-805210706,S2-38315540,S3-547675432
S1-737056792	S2-566893509,S2-177753196,S3-866190280,S3-875147474
S1-387037261	S2-886647938,S3-41964324,S3-226223041
S1-564370700	S2-570729291,S2-354144432,S2-804655118,S2-337882254,S2-672441425,S3-983252746,S3-867973461,S3-197424395,S3-718634476
S1-159883264	
S1-468809950	S2-634519771,S2-637282016,S2-722427905
S1-730652852	S2-158962713,S3-939906816,S3-197818765,S3-40569710
S1-76828926	S2-541091261,S2-115434513,S3-446166923,S3-891655722,S3-572932779
S1-736252943	S2-191343599,S2-469917304,S3-349586560
S1-964601334	S2-959080730,S2-39459007,S3-174998726,S3-346676174
S1-69139258	S2-598996478
S1-608094444	S2-255726675,S3-189553495,S3-475837059,S3-83342965,S3-290617893
S1-852307794	S2-88673,S2-550836265,S2-758782573,S2-931499628,S3-273961569
S1-214808027	S2-561299073,S2-679288788,S2-849635170,S2-978283361,S3-562314159,S3-448690326,S3-309105327
S1-801618850	S2-882660118,S2-805562807,S3-884315863,S3-810338913,S3-700266509
S1-654727667	
S1-208402612	S2-992730943,S2-533013476,S3-200493201,S3-217280558
S1-155876632	S3-834138841,S3-829476713,S3-437278948
S1-251597997	S2-23834754,S2-798391418,S2-580896833,S3-761851614
S1-434351134	S2-488695603,S3-936803984,S3-640363843,S3-725597574
S1-554085409	S2-965647692,S3-534625624,S3-843867844
S1-666690457	S2-929035664,S2-796776927,S3-744515222
S1-936112693	S3-897280006
S1-949596772	S2-185710864,S2-380144802,S2-563623783,S3-276017677
S1-471842925	S2-107902899,S2-252059941,S2-266038957,S3-572221403
S1-900032831	S2-707319583,S2-359952741,S2-138287716,S3-880211614
S1-187510974	S2-944834302
S1-627612055	S2-892086039,S2-968301214,S3-703271414,S3-294230805,S3-831975324,S3-155685530
S1-355067553	S2-904572725,S2-631152550,S2-357136770,S3-744474260
S1-128574087	S2-806387271,S2-53099403,S2-853463905,S3-778840363
S1-490867547	S2-851155864,S2-157210262,S3-404519135,S3-532962425
S1-713745808	S2-65902317,S2-3129746,S2-160988939,S3-407869957
S1-753222045	S2-583357242,S3-137619647
S1-845721889	S2-493593810,S3-759604590,S3-672132546
S1-694067176	S2-569029040,S2-866662948,S3-650606908,S3-482760684
S1-779407214	S2-421315325,S3-261387997
S1-87152466	S2-806521874,S2-610160370,S2-753849852,S3-251084215
S1-959115212	S2-67231975,S3-639484307
S1-338580877	S2-244881959,S2-71883835
S1-574858013	S2-296980392,S2-667231868,S2-886776499,S2-112684864,S3-554208907,S3-316796181
S1-675527974	S2-904127377,S2-649898061,S3-815279961,S3-925554765
S1-593930425	S2-966259973,S3-184728499
S1-563389647	S2-535706075,S2-648698358,S3-24471575,S3-346201284
S1-549910019	S3-306661261
S1-924474838	
S1-100122317	S2-672079026,S2-407339207,S3-932962524
S1-888368218	S2-593544832,S2-298932703,S3-16170591,S3-256650589
S1-969686513	S2-24135186,S2-257019358,S3-436131606
S1-793065382	S2-812642010,S2-889545944,S3-970908557,S3-680797694,S3-744782853,S3-773249086
S1-815502491	
S1-212870252	S2-41952290,S3-698497042
S1-886623283	S2-438465271,S3-692490122,S3-546240587
S1-396005219	S2-560333740,S3-354162695,S3-570040056
S1-151078992	S2-590314659,S2-737130769,S3-932245786,S3-191094167,S3-553460141,S3-852127325
S1-986844228	S2-386604087,S3-26453193
S1-305345110	S2-288243726
S1-861340043	S3-535243950,S3-534668411,S3-569944696
S1-629644717	S2-514237838
S1-466643133	S2-459272770,S2-182535674,S3-594374468,S3-399608748
S1-550495226	S2-98906388,S3-421634668,S3-771335326,S3-205934920,S3-326134690
S1-125834933	S2-835204473,S2-945131484,S2-382202491,S3-631243021,S3-655480510
S1-394340130	S2-802580138,S3-14821788
S1-281873880	S2-473786766,S2-686420120,S3-643797777
S1-732948731	S2-854261384,S2-969550554,S2-202759636,S3-556010459
S1-140536298	
S1-637719981	S2-907959323,S3-425947510,S3-814452865
S1-526909052	S3-36755905,S3-447816939,S3-934329629,S3-348904539
S1-646356728	S2-130556470,S2-912763191,S3-510205334,S3-949505836
S1-249613692	S2-609575748,S2-170526924,S2-949408575,S3-790641791,S3-355817216,S3-579487182
S1-95100760	S2-557181825,S2-916347825,S3-257903869,S3-215179294
S1-304128504	S2-243530734,S3-959510546,S3-351211833,S3-45635211
S1-78856345	S2-130383165,S3-679571035
S1-364686014	S2-170176382,S2-327757052,S3-353031416,S3-485257857,S3-17365132
S1-600054812	S3-975250935,S3-527658514,S3-512637506
S1-71167365	S2-493549137,S3-960878640
S1-838572645	S2-921834169,S2-723760331,S3-633104987,S3-893276192,S3-549788335
S1-154697488	S2-664513182,S3-71316444,S3-227311552,S3-795503712,S3-832684674
S1-318522026	S2-151525894,S3-76098202,S3-263001016,S3-578396617
S1-369586145	S2-481901528,S3-76482060
S1-873404901	S2-39564297,S2-397993847,S2-512847983,S3-465486152,S3-955045049,S3-78431862,S3-492676064
S1-902363865	S2-606902909,S3-456077078,S3-251284815,S3-702535441
S1-450395396	S2-120430454,S3-348215065,S3-835245279,S3-830846997
S1-651148895	S2-582241628,S2-88460697,S2-775939640,S3-894351054
S1-215454039	S2-582471275,S2-356346151,S2-324902915,S2-459896010,S3-745095761,S3-505000945
S1-503230998	S2-391503548,S2-159189308,S3-114221473
S1-438050128	S2-533437687,S3-223365554,S3-74126194,S3-550034354
S1-425254647	
S1-915558520	S2-994420096,S2-117405101,S3-355391222
S1-990008985	S2-905508337,S3-315513741
S1-285500850	S2-160758405,S2-268424192,S3-118141999,S3-205691588
S1-929165048	S2-704659576,S2-730308426,S3-904055009
S1-978447761	S2-87484846,S3-746969656,S3-898415102,S3-338269016,S3-879932170,S3-655544486
S1-614281685	S2-539657908,S2-462429929,S2-289403436,S3-115495681,S3-371179751,S3-950277101
S1-97352437	S2-328953569,S2-100733127,S3-11220756,S3-44287693
S1-269891432	S2-350357570,S2-46534283,S2-253108313,S3-621747339
S1-714329325	S2-622929875,S3-408355207,S3-519967258
S1-689268840	S2-742388076,S3-636821625,S3-988466229
S1-120244078	S2-429653625,S3-451809446,S3-539415447,S3-340615118,S3-322430601
S1-618262627	S3-334471786,S3-821732380,S3-549644698
S1-713909072	S2-181590790,S3-844836206
S1-275610297	S2-160625529,S3-946846950
S1-751629729	S2-576239013,S2-404582417
S1-905490180	S2-970559150,S2-911284770,S2-661557952,S3-56054772
S1-771091453	S2-790785429,S2-773601459,S2-530471343,S2-117765760,S2-706649549,S3-66582034,S3-445934784,S3-200673596,S3-641056318
S1-966870421	S3-653841298
S1-447862549	S2-238047928,S2-371374686,S2-330456325,S2-2888418,S3-269615698
S1-828915647	S2-66741311,S2-333840075
S1-374788993	S2-798508170,S3-124993622,S3-110913053,S3-505193140,S3-194100520
S1-648204456	S2-580696525,S2-818319320,S3-121819662
S1-530170962	S2-742296829,S2-102719245,S2-462194166,S3-555638074,S3-760383070,S3-312253237
S1-175696341	S2-310866741,S2-405884499,S2-418102292,S2-979459573,S3-984137514,S3-663562868,S3-621429039,S3-305613441
S1-367022824	S2-846569292,S2-190843713,S3-113059545
S1-567751361	S2-277223389,S2-531542003,S3-767446615,S3-818584239
S1-538554156	S2-912243990,S3-286107313,S3-778852639
S1-602183747	S2-113942391,S3-652562444,S3-888332711
S1-621142103	
S1-505560235	S2-309009649,S2-991638578,S3-291768635,S3-472275893,S3-969084522
S1-12484999	S2-581178325,S2-242474170,S2-25575950,S2-726329089,S3-581059377
S1-327620907	S2-582642570,S3-515090704,S3-450491189,S3-700614234,S3-264964827,S3-332871704,S3-624789799
S1-760038618	S2-53630674,S2-365734460,S3-909350436,S3-60454001,S3-847480602,S3-983509240
S1-172157434	S2-740333626,S3-202429456,S3-93746448
S1-272018858	S2-436713844,S3-479320994,S3-615008340,S3-411633847
S1-355523251	S2-777127249,S2-430958600,S3-951205870,S3-831476634
S1-287156878	S2-768402418,S3-712032676,S3-346517313
S1-273200435	S2-827650172,S2-283227736,S2-680817834,S3-494487766
S1-982562442	S2-890691935,S3-217467233
S1-333090130	S2-246925444,S2-522574291,S2-284750944,S3-871360472,S3-160063497
S1-455542244	S2-783626966,S2-827674972,S3-715120063,S3-285361255,S3-622055025
S1-613644585	S2-211280491,S2-553801312,S2-663826332,S3-492278421,S3-85073041,S3-302584974
S1-568804558	S2-559653634,S3-833907324,S3-635761490,S3-914993083,S3-597998195
S1-599683230	S2-19086786,S2-476013696,S3-757777663,S3-645449807,S3-565030415
S1-326719579	S2-601974030,S2-382289393,S2-528886527,S2-28259493,S3-969608834
S1-913795647	S2-269871164,S2-444605318,S3-16485850,S3-976358518
S1-796508491	S2-493174395,S3-674196711,S3-531184485
S1-326600016	S2-956003424,S2-394258937,S2-111380565,S3-690811582,S3-784537295,S3-675371847
S1-592941578	S2-477317283,S2-91265121,S2-695001131,S2-745279163,S2-686771337,S3-339643247,S3-794688919
S1-415332902	
S1-450522842	S2-881590724,S2-412975357,S3-609431945
S1-186386511	S2-657166960,S2-744399400,S2-631569429,S3-203631275,S3-528306629,S3-228803350
S1-156472601	S2-423583620,S2-231688229,S3-86158631,S3-438469785
S1-45512837	S2-951387534,S3-510257730
S1-230826203	S2-96628639,S2-615128060,S2-642044308,S3-683700672
S1-387104046	S2-84754572,S3-892418992,S3-492217835,S3-374975799,S3-462908589
S1-791876964	S2-828378284,S2-49757017,S3-456817069,S3-499993432
S1-318593995	S3-120366437,S3-514851446,S3-103758325
S1-961344628	S2-739893095,S3-797664655,S3-715348637
S1-996509130	S2-986621709,S2-120649705,S3-485461494,S3-546408958,S3-828542499,S3-675360178
S1-36562067	S2-559902871,S2-549295880,S2-847182072,S3-224670014,S3-720959420,S3-102397366,S3-670399083
S1-417249246	S2-219793554,S2-943766168,S3-781014727,S3-876401187
S1-271323039	S2-70256183,S2-577477096
S1-885742563	S2-910151626,S2-532094989,S3-90625980,S3-273636594,S3-797445229
S1-986723656	S2-411518891,S2-144231047,S2-450457987,S3-210852168,S3-383826241,S3-300270438,S3-867237462,S3-519675373
S1-273127182	S2-942984307,S2-310277054,S3-744669738,S3-858483005
S1-526975757	S2-493091399,S2-937118338,S3-303149075
S1-265409117	S3-371660542
S1-894061244	S2-640789139,S2-198540735,S2-371600314,S2-421514605,S3-611119833
S1-185691542	S2-413431287,S2-435408179,S3-78046239,S3-432843570,S3-131627226,S3-115947170
S1-35320707	S2-675457610,S3-258928427,S3-936036490,S3-119386832,S3-579155981
S1-411563151	S2-84649643,S2-826684612,S3-253502769,S3-175932730,S3-420563488,S3-195355358
S1-528571864	S2-451170206,S2-947951685,S2-281371908
S1-187727266	S3-358002295,S3-680558637
S1-759884609	S2-127877706,S3-782991698,S3-297156701,S3-358939994,S3-467376751
S1-369949748	S3-9965749
S1-566335682	S2-721553061,S2-666342104,S2-111124933,S3-626696720,S3-453443687
S1-48668534	S2-638612440
S1-134762784	S2-703070571,S2-745511335,S3-231262586
S1-741782796	
S1-485955432	S2-367000476,S2-933577425,S2-841084807,S2-414988205,S2-66002413,S3-729684856
S1-793526462	S2-347524963,S2-385239190
S1-970895134	S2-74451783,S2-211799985,S2-473587860,S2-439689552,S3-676049664
S1-770415030	S2-252517169,S3-820282736
S1-532557581	S2-700181468,S3-325246353,S3-219342395
S1-62039488	S3-695117948,S3-887743042,S3-535594594,S3-484764561
S1-511194350	S2-91965515,S2-580448808,S2-479911356,S2-217092264,S3-29814082,S3-923950843,S3-542319649,S3-64478085
S1-29738533	S2-555340902,S2-509169675,S3-797876069,S3-157375562
S1-571122938	S2-550258793,S2-182758695,S3-931960850,S3-866845430
S1-307839859	S2-616230346,S3-781878314,S3-502857259
S1-479953994	S2-664567294,S2-223080914,S2-433892683,S2-50783475,S3-18130845
S1-491076767	S3-297786900
S1-596396935	S2-703323302,S2-893956707,S2-54736310,S3-472383558
S1-98944752	S2-900956387,S2-901133801,S3-9513434
S1-890704027	S2-115674194,S3-131904730
S1-698943727	S2-628751503,S2-235300796,S2-911407030,S2-480783347,S3-636819233
S1-167552846	S2-47360182,S2-493523159,S2-230169403,S3-195278237
S1-198655141	S2-391571826,S3-887088602
S1-851171632	S2-230023745,S3-816407430,S3-811282690,S3-354888098
S1-831824604	S2-982320383,S2-194997844,S2-487071994,S2-10387439,S3-186660517,S3-524146457
S1-545919136	S2-840617703,S2-255551166,S2-228632765,S3-569658217
S1-269165987	
S1-294587569	S3-256721447
S1-437626186	S2-977518753,S3-330899519,S3-269465005,S3-391933826
S1-116810122	S2-882080939,S3-807144811,S3-877787731
S1-365093030	S2-810801022,S2-539440953,S2-323486084,S3-877275180,S3-781093077
S1-108838402	S2-744747811
S1-829758775	S2-986390774,S2-432730896,S3-323334378,S3-363063113
S1-131326850	S3-105372101,S3-389965596,S3-677145833
S1-638221353	S2-587722864,S2-508215373,S2-517186098,S3-514598717
S1-143424275	S3-267549710
S1-164409720	S2-425831341,S2-279511040,S2-936176941,S3-616041977,S3-435728433,S3-330678407
S1-266886524	S2-344171119,S2-882115618,S3-616612135
S1-58249654	S2-285014541,S3-904942347,S3-436772924,S3-557605439
S1-286867610	S2-585429345,S2-400997086,S3-728474474
S1-585977480	S2-610745347,S3-54309044,S3-555220936
S1-708602210	S2-863622706,S3-283891870
S1-987407152	S2-520895632,S3-552545949,S3-566858872,S3-853711479,S3-623246038
S1-759221011	S2-717225855,S3-467142684
S1-651925385	S2-388947982,S2-816192329,S3-622643069
S1-733932041	S3-317191468,S3-914688111
S1-79074999	S2-819296224,S2-487414669,S3-887377193
S1-609903747	S2-824503930,S2-25616551,S3-377182210,S3-723648644
S1-747493493	S2-435834591,S2-638096750,S3-908632912,S3-336961256
S1-62513565	S2-717953106,S3-587685545
S1-536915008	S2-571662788,S3-545192297
S1-300600703	S2-324239856,S2-943337551
S1-744155703	S2-492797688,S3-65500615,S3-299038279
S1-330783098	S2-60675440,S2-495313797,S3-839633473
S1-998953095	S2-847939871,S3-494395343,S3-519723775,S3-893545096
S1-898675280	S2-634925854,S2-874634917,S3-694012667,S3-514552491,S3-518826663
S1-16695803	S2-622869426,S2-180274462,S3-602764107,S3-819004957,S3-55873572,S3-117847666,S3-64834253
S1-954519290	S2-640911171,S3-719731370
S1-646478501	S2-862681804,S2-144978780,S2-886425721,S3-384894126,S3-145509299
S1-33153590	S2-312573896,S3-543831382,S3-145507810
S1-271852106	S3-893279236,S3-82617698,S3-452668093
S1-642014059	
S1-525958954	S2-224784101,S3-935983903
S1-964538131	
S1-227321312	S2-998066250,S2-356224094,S3-825855955,S3-993330743,S3-664814320
S1-101221742	S2-103665690,S2-459077890,S2-836480939,S2-132259435,S3-391640501
S1-807597917	S2-383128278,S3-425385184,S3-816569715,S3-267619451
S1-294198850	S2-115430182
S1-700788460	S2-223771953,S2-904066037,S2-839486098,S3-617133766,S3-858573156
S1-866398930	S2-864847581,S2-866436478,S3-43551630,S3-646109094
S1-104882831	S2-469155003,S2-646047122,S3-764894411,S3-488672220,S3-488697297
S1-562712708	S2-374908785,S2-144786642,S3-659876439,S3-452929172
S1-177001121	S2-934292617,S2-935968617,S2-684694898,S3-695717359,S3-918303440
S1-149889188	S2-422957514,S2-751582273,S2-818377667,S2-976091729,S2-726847640,S3-566747499,S3-620539631
S1-508987379	S2-679953016,S2-477181785,S3-122636771,S3-183203173,S3-379485786
S1-491980624	S2-38355881,S2-412834140,S2-920094038,S3-608506208
S1-913270418	S3-944114647,S3-293006613,S3-621531069,S3-402607366
S1-480299344	S2-45732180,S3-668464780,S3-784762679
S1-325284782	S2-942201817,S3-842072341,S3-229015983
S1-421623632	S2-19277054,S2-188626847,S3-539389662,S3-9653229,S3-569496842,S3-409969700,S3-686008695
S1-65206828	S2-536738241,S3-802554264,S3-807238478,S3-593856974
S1-349952146	S2-775202887,S2-483137721,S3-582832183,S3-940704367,S3-868522077
S1-439085330	S2-824022759,S2-179047772,S3-891416742,S3-812262108
S1-88388419	
S1-44026366	S2-340901500,S2-201765185,S2-276471479,S2-965669472,S3-166646773,S3-460934807
S1-102351702	
S1-806704941	S2-533770687,S2-178227386,S2-290190283,S3-66642116,S3-368943042,S3-248976144
S1-974622148	S2-522640842,S2-503727814,S3-225114041,S3-645498073,S3-489064614
S1-407694679	S2-457122452,S2-901205270,S3-400952241,S3-683440855
S1-520848382	S2-58914307,S2-235161303,S3-109521327
S1-867470784	S2-114881901,S3-211107502,S3-79113427
S1-243834273	S2-196027968,S3-152065386,S3-514571246
S1-503602908	S2-271158818,S3-836955652
S1-915453033	S2-248817413,S3-679533040,S3-131806445
S1-935567464	S2-586253027,S3-264473432,S3-889004616,S3-272704371,S3-522347038
S1-273527412	S2-699733469,S2-266761282,S3-239767667,S3-122192116
S1-70188106	S2-637622997,S2-761652152,S3-50554747
S1-329444023	S2-524249612,S3-918312767,S3-699014909,S3-746527663
S1-480374136	S2-602899790,S2-104042978,S3-67390319
S1-323704795	S2-680833214,S3-814039333,S3-850926853
S1-793128757	S2-639677389,S2-926325227,S2-591042834,S2-961083063,S3-346655011,S3-816539683,S3-723172397,S3-418524480
S1-575028924	S2-824411686,S2-112251215,S2-72506551,S3-490612251,S3-443199517
S1-859052186	S3-275949199,S3-272998648
S1-860849153	S2-797410912,S2-474393858,S2-242210654,S3-839292018,S3-274326930
S1-361284962	S2-329914132
S1-512017388	S2-788042918,S2-594534305,S3-823260777
S1-562730281	S2-922355051,S3-570241230
S1-72688058	S2-247697791,S3-929636427,S3-295643770
S1-963783351	S2-948573166,S2-135555066,S3-379045451,S3-675231923,S3-598397397
S1-722484361	S2-823488365
S1-890786371	S3-437440257,S3-223919627
S1-968780704	S2-411768567,S3-825609236,S3-446507802
S1-663141861	S2-415823871,S3-862759506,S3-238784326
S1-341797989	S2-444558928
S1-154175170	S2-871644145,S2-180967413,S3-514443569
S1-737340831	S2-189148851,S3-146368741,S3-150467074
S1-852405404	S2-467361877,S3-632251068,S3-36575383,S3-822971241,S3-571004339
S1-408534236	S2-970200882,S2-910087013,S2-136217329,S3-752969188
S1-495608820	S2-904476355,S3-805226378,S3-186622576,S3-672772734,S3-352407289
S1-302197742	S2-815559921,S3-455092557
S1-186868770	
S1-371246982	S3-457900764
S1-602156907	S3-4275915
S1-310870292	S2-391523675,S3-907101609
S1-740445815	S2-21665909,S3-806555248
S1-980593129	S2-988158243,S2-65116902,S3-618694250,S3-850285465
S1-615226029	S3-660957440
S1-592877712	S2-93658639,S3-408554269,S3-654319736
S1-762189895	S2-822460154,S2-17697621,S3-496500338,S3-261725763
S1-748349485	S3-21795261,S3-80669391,S3-855732505
S1-859749870	S2-411610988,S2-793849455,S3-609414028
S1-547349909	S2-920085737,S2-162511154,S2-602131180,S3-221006045
S1-708345657	S2-634847883,S2-79557941,S2-722177975,S3-190781421
S1-976832908	S2-664062414,S3-722591207
S1-181472846	S2-145101931,S2-362954516,S3-695784239,S3-306211838,S3-368142742,S3-269287881,S3-414819632
S1-131422959	S2-57757951,S3-648845543
S1-602446510	S2-649965263,S2-789230972,S2-924503657,S2-297890045,S3-239008539,S3-987132530
S1-432799991	S2-120738784,S3-177990912,S3-481761179
S1-200952670	S2-155196887,S3-35374805,S3-533817936,S3-176291059
S1-257125640	S3-592751393,S3-926028029,S3-457836288,S3-247215081
S1-656885262	S2-167461920,S2-783402812
S1-97078638	S2-65524112,S2-408691831,S3-922570181,S3-221941260
S1-977818388	S2-343446031,S3-297656164
S1-310249535	S2-876564810,S2-154373458,S2-764986192,S2-313636718,S3-585040085,S3-171273215
S1-300447600	S2-119538550,S2-140912551,S3-18163048,S3-966348759
S1-627130245	S2-763171019,S2-89838205,S3-338997422,S3-743133449
S1-776209325	S2-63887928,S3-127961042,S3-529699889,S3-19180952
S1-93593265	S2-470433069,S3-592552521
S1-346834425	S2-119683063,S3-990513913,S3-995261579
S1-321363078	S2-97508731,S2-257966109,S3-896003771,S3-982498778
S1-731485319	S2-265902963,S2-598763788,S3-408121339,S3-514779611
S1-496548092	S3-647770158,S3-170468821,S3-863348593
S1-758870297	S2-148825433,S3-396499984,S3-529356292
S1-627800004	S2-26416467,S3-396355966
S1-265433783	S2-116011118,S2-113624276,S3-564331056,S3-177869321
S1-181002478	S2-386507389,S2-656297042,S3-126286384
S1-458802615	S2-829063822,S2-649177335,S2-66100719,S3-614234379,S3-297226550
S1-789047127	S2-865865572,S3-892976578
S1-903807876	S2-658989214,S2-987917763
S1-704372240	S2-673994331,S2-481053586,S2-940107304,S2-759222796,S3-151114017
S1-614877751	S2-208690250,S2-123805906,S3-351053771
S1-595112672	
S1-818350088	S2-695753212,S2-822437756,S3-420867639,S3-54672564
S1-255541210	S2-606865032,S2-196848265,S3-33647508,S3-520646921,S3-221014845
S1-737169996	S2-139047257,S2-738249782,S3-235553721,S3-769314938
S1-608654809	S2-377589256,S3-276159472
S1-396724739	S2-595599482,S2-403282645,S2-179109227,S3-729257729
S1-228106064	S2-494837385,S3-28314293,S3-568072115
S1-701798231	S2-65075857,S3-327264083,S3-611528614,S3-658466363,S3-421999646
S1-193336347	S2-356799562,S3-685032633,S3-698253853,S3-163156085
S1-726923436	S3-292238716,S3-650110201,S3-115929982
S1-181590862	S3-790513778
S1-572815107	S2-889201330,S2-475072706,S3-810501430,S3-109930476
S1-329062641	S2-47376683,S2-938588100,S3-631335174
S1-350007292	S3-300136631,S3-129628824
S1-75414891	S3-397632069,S3-627789158
S1-403654782	S2-573372352,S3-140346647
S1-322805186	S2-772950334,S3-508802643
S1-846983407	
S1-696142654	S3-750862693,S3-839369334
S1-843466405	S2-171650228,S2-204473618,S3-483017602,S3-633670560,S3-854837562
S1-114494495	S2-323544708,S2-439034992,S2-346229381,S3-306903975,S3-474625422,S3-209285876
S1-172949341	S2-613494149,S2-372290055,S3-863527957,S3-196339775,S3-899629772,S3-130871771
S1-852646691	S2-405617716,S3-48508734,S3-906640499,S3-325363624,S3-638019492
S1-173122181	S2-922326421,S3-182653218,S3-365879790
S1-503829236	S2-941218266,S3-883161719,S3-864347486,S3-959154330
S1-195329927	
S1-283969432	S2-44186819,S3-986167176
S1-708520201	S2-76933238,S3-405968910,S3-920152952,S3-676227272,S3-213489887
S1-189258966	S2-27720238,S2-300478722,S2-460771323,S2-129525678,S2-656963820,S3-42710801,S3-421285267
S1-255620650	S2-861577626,S3-787140046
S1-490948519	S2-715808013,S3-475017645
S1-525049739	S2-738565022
S1-11249432	S2-325220309,S2-512841555
S1-216761478	S2-505827967,S2-853614249,S2-334986374,S3-373272102
S1-855543548	S2-281396895,S2-458944036,S2-646755775,S3-485242506,S3-106889260
S1-300758044	S2-397154820,S2-292717488,S2-931748701
S1-71439292	S2-321790654,S2-363248716,S3-589904048,S3-320775897,S3-823747794
S1-881870935	
S1-35991169	S2-277618257,S3-862763897,S3-576672710,S3-613627356
S1-774139253	S2-588364125,S2-708887405,S2-224156400,S3-346628408,S3-775329812,S3-846984554
S1-31078592	S2-986358540,S2-586861416,S2-976297747,S3-383248290
S1-687794676	S2-92315631,S2-63105768,S2-469695512,S3-570275055,S3-475653190,S3-161794355
S1-762428812	S2-959747015,S3-106339413
S1-585720140	S2-475143741,S2-257830541,S2-315134055,S3-968810108
S1-819075700	S3-645001532,S3-25050561,S3-143989232
S1-198674856	S2-206250761,S3-881843326,S3-714137578
S1-774475770	S2-845957913,S2-431330260,S3-801616951
S1-778811767	S3-809299661,S3-60874239,S3-612742923
S1-874443308	S2-1862508,S3-254185116,S3-284848715
S1-548205663	S3-373983696
S1-131480550	S2-852398239,S3-595806697
S1-915581522	S2-393963714,S2-615145271,S3-974868329
S1-785492530	S2-980702550,S2-672714870,S3-238274375,S3-738599607,S3-483110795
S1-930617339	S2-58497504,S3-838468117
S1-966615737	S2-596724279,S3-642938343
S1-935484939	S2-673138861,S2-596672820,S2-863248049,S2-967334129,S3-147624793
S1-608392888	
S1-58343556	S2-98712553,S3-497441173,S3-635915068
S1-341745578	S2-470620456,S3-521414715,S3-255335052,S3-621005194,S3-430572748
S1-970122992	
S1-497463209	S2-22371524,S2-969010594,S2-111953500,S2-641282648,S3-343617794
S1-178342364	S2-928278191,S2-90578386,S3-548525495,S3-560217357
S1-987410715	S2-252556217,S2-938307245,S2-437465117,S3-628032409,S3-894172745,S3-874918966
S1-176237690	S2-972277349,S2-717375786,S3-191850101,S3-847781281,S3-188744744,S3-727334774
S1-272979013	S2-39514933,S2-652855784,S2-361269143,S3-976576240,S3-932149986
S1-63187351	
S1-836251978	S2-840554187,S2-37139200,S3-407950722
S1-304464835	S2-829755941,S3-756198904,S3-217093115
S1-895692350	S2-266187717
S1-307870262	S2-373827806,S2-951421108,S2-892396645,S3-237323193
S1-778576604	S2-779426437,S3-442910427,S3-36390767
S1-377587611	S2-684314545,S2-643494301,S3-582675188
S1-475872426	S2-829010265,S2-512865948,S2-484134916,S3-289170261,S3-480018407,S3-89578872
S1-425836491	S2-313486876,S2-358826246,S2-300497395,S2-918493477,S3-846705163
S1-72998982	S2-380588686,S3-594059308,S3-253565661
S1-218957022	S2-889428237,S2-997286351,S3-621381121,S3-525737719
S1-465953654	S3-920928271,S3-94270484
S1-857456784	S2-299606987,S2-718914366,S2-64453560,S2-999294845,S3-696753956
S1-340806927	S2-497398791,S2-634133324,S3-280546432,S3-570699326
S1-761215251	
S1-781644722	S2-143720600,S2-77791695,S3-235810407,S3-31003954
S1-647294104	S2-333520188,S2-35933189,S2-195933750,S3-565975760
S1-39924556	S2-662522153,S2-388904559,S3-89568432
S1-852571966	S2-815174639,S2-141490268,S3-502946711
S1-919925336	S2-326855490,S2-127389082,S2-925618532,S2-339662461,S3-550814927,S3-194396826
S1-894229994	S2-392178295,S2-833486451,S3-582714350,S3-99392216,S3-841400182,S3-125934019,S3-733054944
S1-544649643	S2-78039858,S2-217360247,S2-251523610,S3-553359565
S1-210554074	S2-303335152
S1-936425484	S3-745419090,S3-24371270
S1-467910444	S2-821298303,S2-363080246,S3-460487158,S3-422898145,S3-192176063
S1-15558120	S3-415388069,S3-370591048
S1-36868365	S2-377360242,S2-488796023,S3-168566842
S1-471641791	
S1-845325293	S3-361938081,S3-937858901
S1-336338880	S2-664062383,S2-532848790,S3-874037176
S1-956987959	S2-126561582,S3-615239770,S3-360434756
S1-825641425	S2-172624173,S2-16246167,S3-756096213,S3-72143321
S1-387049521	S2-520762202,S2-508580738,S3-919821440,S3-459820043
S1-383164864	S2-213614429,S2-131601288,S3-3722526,S3-36692560,S3-694574775
S1-780940778	S2-877757359,S2-21810078,S3-66609886,S3-109966322,S3-162031650
S1-914938284	S2-360921402,S3-876722735,S3-325616481
S1-912699933	S2-694957010,S3-520043416
S1-729974729	S2-443724298,S2-243927734,S2-439925091,S3-268214735
S1-834244507	S2-663156576,S3-798590863,S3-503546892
S1-289660986	S3-648115974
S1-202457046	S2-852100829,S2-206586322,S3-397996353,S3-21921221
S1-369487946	
S1-578254778	S2-742318931,S3-715393670,S3-86887736,S3-213484173
S1-815978989	S2-258309689,S3-578504473,S3-820695835,S3-843091936
S1-970037701	S2-230080835,S2-560136852,S3-852857765
S1-419950503	S2-981604491,S3-541894061,S3-599440593,S3-931425232
S1-542489487	S2-488535607,S3-920128748
S1-241760805	S2-154780021,S2-773185932,S2-846233814,S3-450010458,S3-282930433
S1-209431198	S3-901801195,S3-160462432
S1-266938242	S2-533185497,S3-257122707
S1-469472373	S2-903312574,S3-684632187,S3-895542369
S1-855592389	S2-975677509,S3-408498821
S1-533394176	S2-521661972,S2-371787572,S2-695380453,S3-603224541,S3-678887969,S3-7848253
S1-810208822	S2-558777641,S3-214961999,S3-401696617,S3-869256607
S1-42158971	S2-843237820,S2-526896477,S2-529091797,S3-771466060,S3-56504789
S1-208173768	S2-136662765,S3-7343269
S1-990794637	S2-804747978,S3-591787720
S1-288479659	S3-311905582,S3-977038969,S3-922572405
S1-798825457	S2-258304183,S2-659123696,S2-548404465,S3-577444943
S1-420519239	S2-562782980,S2-316378915,S2-365141122
S1-716669540	S2-962055207,S2-563903624,S2-267035721,S3-799091186
S1-512756496	S2-30461031,S3-697010462,S3-87541262,S3-273313221,S3-594621898
S1-156516738	S2-59978320,S3-583786624,S3-26664690,S3-908036104
S1-960545720	S2-314841763,S2-750458035,S3-579275318,S3-89321816,S3-881696641
S1-940599333	S2-151052710,S3-196664096,S3-247074704
S1-235560588	S3-787856139,S3-256695333
S1-615701283	S2-590125118,S2-894269330,S2-274921543,S3-114898190
S1-919445291	S2-415027464,S3-808794014,S3-319574706
S1-668350315	S2-943094278,S2-391200554,S3-548782392,S3-509971503
S1-584830761	S2-870159343,S3-651262914,S3-843776853,S3-286364890
S1-538062914	S2-601894559,S3-569824901
S1-260740894	S2-685291045,S3-434951462
S1-436048580	S2-601400139,S3-549511193,S3-821129887,S3-589727794
S1-872945615	S2-507872285,S2-633986310,S3-660617056,S3-804733677
S1-256509555	S2-194194941,S3-552619285,S3-937614048
S1-665124170	S2-791886769,S2-317530390,S3-157447462
S1-249402931	
S1-907657051	S2-126567648,S2-621515084,S3-620283091,S3-330049615
S1-436521550	S3-277547155,S3-945058862,S3-103114018
S1-475483592	S2-53426070,S3-983017357,S3-889333051
S1-961185762	S3-591126416,S3-943595684
S1-395357024	S2-929834826
S1-239820738	S2-521445284,S2-570944805,S3-694359432,S3-381544227,S3-252554835
S1-269826793	S2-255781518,S2-383080802,S3-106082382
S1-87451333	S2-376815332,S3-694225331
S1-811690332	S2-434220019,S3-693308879,S3-83874153,S3-874149969
S1-597554037	S2-908393681,S2-367927402,S3-770960156
S1-362643545	S2-365254029,S3-889988792,S3-268472752,S3-462879328,S3-308392294,S3-9759046
S1-697382201	S2-146135664,S2-706832708,S2-231204618,S2-819086244,S3-981467016,S3-183626099
S1-73715434	S3-469818823,S3-830604746
S1-241103356	S2-906640834,S3-728413440,S3-833673138,S3-888083625,S3-169670430
S1-338037451	S2-925525423,S3-881055719
S1-929672914	
S1-884301611	S2-741203647,S2-577402968
S1-163296009	S2-529350848,S2-927550805,S3-404976915
S1-790650761	S3-999806149
S1-253393715	S2-806554664,S2-271893360,S3-420074150,S3-914012306
S1-65994580	S2-846031797,S2-994024637,S3-511127216,S3-445233236
S1-678651113	S2-214931265,S3-148367024,S3-952986104,S3-829819044
S1-466997586	S2-773408835,S3-440346588,S3-897499791
S1-173738648	S3-676876169,S3-649686905,S3-207337086
S1-919525425	S2-645888206,S2-122752051,S2-405722564,S3-502156173,S3-789985686
S1-925924365	S2-383368219,S3-591081045,S3-736740363,S3-349637599
S1-61252982	S2-574528648,S3-626757173
S1-394367833	S2-389344898,S2-660993246,S3-365888656,S3-399824554
S1-149107794	S2-103367354,S2-555932303,S3-255710053,S3-686083645
S1-373227584	S2-423325861,S2-614879024,S3-618221439
S1-45636321	S2-432871138,S2-543771438,S2-427900129,S3-75420259
S1-518589679	S3-495293262,S3-918364775
S1-962782789	S2-437718422,S2-382287541,S2-513684179,S3-922652396,S3-646394546
S1-987043870	S2-239471581,S3-328979972,S3-47458519,S3-317499705
S1-578593159	S2-89065042,S2-357010181,S3-360947937,S3-387896837,S3-23728544
S1-370553766	
S1-218058354	
S1-956022059	S2-119461241,S2-613848967,S2-434135629,S3-897657188,S3-248029617,S3-469188038
S1-80117764	S2-469428251,S2-777648600,S2-156828664,S2-381166621,S2-90373409,S3-948511805
S1-571144298	S2-246166655,S2-484182510,S3-261945064,S3-766231836,S3-65376950
S1-491484745	S2-62031155,S3-364867720,S3-821912905
S1-608718227	S2-457051351,S2-213633284,S3-302686714,S3-265125759,S3-923938926
S1-741971857	S2-414597642,S2-729565617,S2-59031343,S2-297722564,S2-295833910,S3-698194378
S1-520760858	S2-666300546,S3-767039156,S3-500154326
S1-888713625	S2-68660834,S3-801566251,S3-711634704,S3-766715122,S3-38183620
S1-196191101	S2-544233415,S2-885364278,S3-711111603,S3-102373671
S1-541089569	S2-763924341,S2-103829125,S2-738838206,S2-290039886,S2-387640836,S3-256269230,S3-33709125,S3-810543686,S3-339131418
S1-4087034	S2-835013839,S2-744847403,S2-696514444,S3-242123462
S1-303201438	S2-556404464,S2-252690653,S3-606143887,S3-127782195
S1-313742849	S2-423249261,S3-767395776
S1-527217239	S2-244404956,S3-481992949,S3-384572918
S1-216563152	S2-744245826,S2-329124248,S2-688087185,S2-279409441,S2-250784833,S3-518656894
S1-451297790	S2-843927222,S2-48083723,S3-955737356,S3-435835961
S1-939372465	S2-925532440,S2-53751029,S2-556128732,S3-176780425
S1-943268201	S2-931832760,S2-766041706,S3-657194913,S3-368440919
S1-567507332	
S1-455795255	S2-340425329,S2-712942321,S3-145910356,S3-303097441,S3-359442960
S1-400227721	S2-247076591,S2-859435073,S3-844234051
S1-760078796	S2-626414978,S3-49123001
S1-84804526	S3-307640167,S3-984119180
S1-19101747	S2-47698011,S2-526393132,S3-610851256,S3-58544079
S1-704909620	S3-686881832,S3-832634982,S3-915551308
S1-722415	S2-721728300,S2-629956412,S3-389713299,S3-294603744,S3-362690849
S1-451636334	S3-373899174
S1-928780609	S2-947525389,S3-321812927
S1-684278658	S2-642807852,S2-318757507,S3-152486586,S3-396535103
S1-309500876	S2-300004352,S2-147700299,S2-431787333,S3-355260750,S3-120124374
S1-699833922	S2-474325199,S2-108055446,S3-212989771
S1-801658194	S2-599681595,S2-436948696,S3-804624178,S3-975390344,S3-530650271
S1-464212537	S2-795561340,S3-688576731
S1-297292913	S2-690536590,S2-624280123
S1-666635292	S3-718439848
S1-993676670	S2-59302558,S3-221406132,S3-287464410,S3-236192287
S1-661988462	S2-498732193,S2-232817501,S3-186089082,S3-21148224,S3-853528544
S1-423792024	S2-224339656,S3-604072209,S3-589731983
S1-916027958	S2-244104923,S2-954504431,S3-36187952
S1-27699725	S2-527484008,S2-660659047,S3-717764330
S1-533689667	S2-528892731,S2-631527943,S2-233407786,S3-495195290,S3-585234053
S1-85277805	S2-835602853,S3-70156044,S3-815367896
S1-132930416	S2-700076562,S3-763185887,S3-660816594,S3-799227995,S3-213291856
S1-412545395	
S1-2714411	S2-564514143,S3-202852006,S3-215306093,S3-740766996
S1-477451734	S2-269002894,S2-376875755,S3-329809833,S3-432618858,S3-31038725
S1-410404496	S2-57108192,S3-155806170,S3-163597316
S1-553056304	S2-177657511,S3-421203952,S3-103750072
S1-411327872	S2-711261951,S2-996999243,S3-821810984,S3-38985131
S1-748356992	S2-161848350,S3-782806924,S3-312617568
S1-93863512	
S1-531674523	
S1-278875395	S2-932418070,S3-581792985
S1-60035939	S2-819947774,S2-778210305,S3-719562047
S1-470916852	S2-522675678,S2-286368752,S2-345742942,S3-874498166
S1-247387785	S2-842467138,S3-943870664,S3-994118635
S1-175378758	S2-368411240,S2-696743821,S3-671808105
S1-262247316	S2-62887066,S2-547816024,S2-80200816,S3-66499938,S3-993390952,S3-66049027
S1-863564545	S2-888140050,S3-287114125,S3-672018741,S3-308755903
S1-876140897	S3-796850417
S1-166103594	S2-340032921,S2-878105002,S2-223962336,S2-354324125,S3-706915282
S1-993547632	S2-710652909,S2-469437450
S1-679355151	S2-31256353,S2-610181536,S2-10086967,S3-671459429,S3-274246761
S1-699926184	S2-678777046,S3-318422360,S3-783117451
S1-47591345	
S1-382745387	S2-405888959,S2-66273850,S2-817172142,S3-930400952,S3-549795311,S3-98530864
S1-795323127	S2-647029194,S3-795626862
S1-658537733	S2-356478966,S2-591329956,S2-706676452,S3-537527036,S3-377044962,S3-600203809
S1-386923187	S2-167333090,S2-557606476,S3-13844224,S3-267667928
S1-315805608	S2-420337100,S2-905283580,S2-770366240,S3-330323522,S3-394572019,S3-681072268,S3-913127714
S1-419813523	S2-93251636,S3-14672227
S1-619349944	S2-910911060,S3-45852235,S3-869886705
S1-613792850	S2-511513019,S2-108123292,S2-819803442,S3-870643601,S3-91706877,S3-841661686,S3-514175693
S1-902027408	S2-96382338,S3-735392230,S3-875825840,S3-937066074
S1-839908428	S2-752470276,S2-391477857,S3-855232747
S1-587144129	S2-335484418,S2-119905531,S3-705337664,S3-162860986
S1-422277846	S2-197066314,S3-934922159
S1-758576145	S2-134511490,S2-932999173,S2-272863917,S3-975938699,S3-970203326
S1-867076787	S2-12364648,S3-161675445,S3-436742477
S1-119150558	
S1-940340013	S3-918519406
S1-210773510	S2-887733755,S2-899616221,S2-250822060,S2-960532218,S3-287204450,S3-43845657
S1-605977946	S2-61536079,S2-962867557,S2-385165811,S2-562735149,S3-268789111
S1-402317506	S2-44425050,S3-259081599
S1-394974288	S2-768568005,S2-576875520,S3-808010084
S1-973593569	S2-262861457,S2-738690734,S3-947217942
S1-665712472	S2-931379734,S2-973416205,S3-80831823,S3-902881742,S3-372480231
S1-113170366	S2-646729896,S2-786829342,S3-456980140
S1-590802346	S2-841676950,S2-584266138,S3-732987409,S3-283754719
S1-381794601	S2-740852865,S2-937308031,S3-381605569,S3-644588221,S3-742534988
S1-483812961	
S1-17521423	S2-497892127,S3-483977766,S3-988677333
S1-430457846	S2-867245599,S2-246171146,S2-160865967,S3-548460250,S3-1363739
S1-912809570	S2-642291370,S3-695762672,S3-934578873
S1-87204113	S2-322359719,S2-898562423,S3-329181881,S3-571649127,S3-268629885,S3-693250828,S3-916818944
S1-918443678	S2-424108650,S2-466352010,S3-146870802,S3-349937094
S1-983829105	S2-744695658,S2-538532621,S2-456171644,S3-545964549,S3-763418298,S3-592822253
S1-532421765	S2-31673783,S2-649089210,S2-130263428
S1-292741559	S3-839931731
S1-457606582	S2-183298471,S2-6326644,S2-438167327,S3-218080661,S3-360633212
S1-600844258	S2-470133506,S3-470889936,S3-900291637
S1-474340642	S2-524990947,S3-102098574,S3-277077292
S1-822064771	S2-638990751,S3-994140618,S3-671234697
S1-382686774	S2-140181452,S3-587873739
S1-524485223	S2-224609243,S2-191294689,S2-796979977,S2-378612936,S2-896494280,S3-10939221,S3-471756607,S3-729387096
S1-275689766	S2-191271048,S2-792807483,S3-299293648
S1-363085534	S2-142611436,S3-25444780,S3-13885196
S1-740770159	S2-53656180,S3-549672580,S3-285325218,S3-417241115
S1-267405332	S2-512635190,S2-293309045,S3-620980669,S3-775207929,S3-424626248
S1-90436825	S2-248522262,S2-115074270,S3-678892435
S1-569884173	S2-682222618,S3-4099910
S1-538216273	S2-71356948,S2-264896422,S2-234253827,S3-748744108
S1-47991468	S2-815131195,S3-325530950
S1-591250131	S2-674803148,S3-350292975,S3-47927414
S1-477084476	S2-525354805,S3-844774361,S3-787118828
S1-538301292	S3-500231491,S3-483243726
S1-116462797	S2-364947089,S3-150501358,S3-46860714
S1-467839763	S2-835844029,S2-145715082,S3-96290022
S1-236607161	S2-525308058,S3-824789106,S3-676293049,S3-877812995,S3-235043938,S3-601937975
S1-219680907	
S1-623146530	S2-401105258,S2-413261122,S3-274429853
S1-640566596	S2-119424555,S2-402288916,S3-410440536,S3-323691267
S1-340826917	S2-612928600,S3-376404344,S3-471214530,S3-558939974
S1-508591421	S2-705886590,S2-95556388,S3-508923474
S1-614039477	S2-302795894,S3-798836602,S3-977812646,S3-66281238,S3-806439049
S1-99622289	S2-708735417,S2-890508012,S2-932487218,S2-689592045,S3-339446320,S3-948483614
S1-649002589	S2-732094766,S2-578466961,S2-629071169,S3-99651833,S3-500046113,S3-840463025
S1-217128301	S2-661250906,S2-738684437,S3-163168476,S3-733076876
S1-604259902	S2-117663825,S3-488000499
S1-478554403	S2-378039189,S2-887694637,S2-376854755,S3-186404185
S1-236913102	S2-960520552,S2-871234994,S3-261845703
S1-410493101	
S1-954106727	S2-480675768,S3-91920218
S1-886586484	
S1-389490868	S2-952826549,S2-947190361,S2-702332978,S3-871654066
S1-779621902	S2-433198952,S2-108420165,S2-46445019,S3-829145262,S3-219856211,S3-453135704
S1-703222836	S3-64198736,S3-354614292,S3-893937615
S1-181383095	S2-5393901,S3-695601938,S3-882349853,S3-936804152
S1-541834014	S3-566977340,S3-674386403,S3-437915502
S1-375792027	S2-205637002,S2-477292727,S2-411424985,S3-250512166,S3-394979967
S1-182099776	S2-485130838,S2-387825055,S3-99987203,S3-814449806,S3-899675187
S1-723059953	S2-705896601,S2-386964962,S3-239103275
S1-359929081	S3-343227548,S3-54552163
S1-470475462	S2-744374337,S2-29635592,S2-403845568,S3-579312877,S3-343685886,S3-61520850,S3-163029833
S1-58634020	S2-901717426
S1-13803241	S2-261483991,S2-141016104,S2-569134078,S3-274106708
S1-989034208	S2-877321933,S2-543365274,S3-96090907,S3-292149922
S1-666048106	S3-445589703
S1-956603913	S2-246841694,S2-605983553,S3-440640697
S1-537323983	S2-52563002,S2-305020288,S2-599879970,S3-283380215,S3-282697150,S3-273789994
S1-899234038	S2-199028011,S2-796454905,S2-711349663,S3-461818252,S3-506341483
S1-781728357	S2-474194046,S3-717878457,S3-291637678,S3-108391948
S1-213977086	S2-218190924,S3-870839126
S1-123474388	S2-614493029,S3-623395601,S3-915791444
S1-311537206	S2-784551531,S2-386484462,S3-274477065,S3-935011270
S1-286705121	S2-764067005,S3-421208947
S1-271553931	S2-49316341,S2-377757005,S3-51101437,S3-709544091
S1-23070454	S2-617110109,S3-153529293,S3-267691988
S1-325800127	S2-153082143,S2-834031179,S2-906445638,S2-502057129,S3-375387505
S1-552281013	S2-354108757,S2-312279994,S2-395043444,S3-440225775
S1-704152263	S2-85417364,S3-207396418
S1-449723287	S2-780740665,S2-615632876,S3-504090432,S3-163263702,S3-938701913
S1-420951387	S2-339869908,S2-347670554,S3-281071743,S3-898041549
S1-297196767	S2-113650278,S2-68105380,S3-977482437,S3-418685670,S3-790358999
S1-148319479	S3-435954479,S3-838583065
S1-968295061	S2-996045509,S2-661285541,S3-738616055,S3-842904834
S1-969168219	S2-301166801,S3-613353924,S3-602803696
S1-311347653	S2-991832522,S2-840306183,S2-680355085,S2-365872567,S3-65005048,S3-913557501
S1-794393140	S2-121744203,S3-167188184,S3-603771599
S1-194588813	S2-434821474,S2-27450772,S2-381648881,S3-74080688,S3-630200405,S3-789528783
S1-330415495	S2-324617874,S3-785269418
S1-640075521	S2-906864441,S3-764550689,S3-248781558
S1-640663221	
S1-268204905	S2-477710233,S2-134475058,S3-149858173,S3-261069637
S1-284894770	
S1-744494619	S2-446398581,S2-308279677,S3-125058197
S1-603246757	S2-634675820,S3-721215506,S3-778397829,S3-686974013
S1-38372026	S2-493856664,S3-910049080,S3-35947528
S1-478803461	S3-543995600
S1-148428271	S2-428075229,S3-52774502
S1-560751367	S2-242902798,S3-388466471
S1-661912514	S2-711291061,S2-459624270,S3-269283808
S1-124738579	S2-925672882,S3-187005926,S3-411528149
S1-813343644	S2-587172106,S2-298585232,S2-139272719,S2-42818596,S3-718914002,S3-163993533,S3-357527345,S3-755969761
S1-409262027	S2-625449235,S3-989922290,S3-516448595
S1-635169629	S2-591637616,S3-253497216
S1-259010078	S2-985093718,S2-520760356,S3-840676204,S3-773060022
S1-996570042	S2-949075303,S2-840936508,S3-476481108,S3-889427609
S1-405976499	S2-449373438,S3-231783029
S1-298348848	S2-780154843,S3-563423343,S3-738953259
S1-464259408	S2-354821791,S2-424243221,S3-753026736
S1-758918632	S2-726325695,S2-819826432,S2-469102884,S2-503009394,S2-597906252,S3-714453091,S3-154836273,S3-320201093,S3-134842226,S3-346527659
S1-644543081	
S1-40344161	S2-633909650,S2-106612714,S2-552381945,S3-706834283,S3-788338948
S1-867342605	S2-294739759,S2-297523986,S2-492438744,S3-449934765,S3-149129978,S3-411695698,S3-580019722
S1-531909603	S2-625825249,S3-150782634
S1-552159394	S2-689158417,S2-21832276,S3-410591341
S1-970410308	S2-661763248,S2-523165374,S3-423838771,S3-772141363
S1-490717065	S2-648968468,S3-994982197,S3-281366532,S3-3657418
S1-716061730	S2-692899480,S2-505470242,S2-650272279,S3-999459715,S3-139762130,S3-404215135
S1-449531128	S2-322235164,S2-811465170,S2-549015130,S3-139033509,S3-553532118
S1-248647333	S2-508092569,S3-521140424
S1-855744350	S2-303313812,S3-113209482
S1-852984503	S2-746318188,S3-437514740
S1-981824874	S2-128206101,S3-748238127,S3-927830809,S3-854458744
S1-304249429	S2-181623664,S2-554733403,S3-735851591
S1-460396318	S2-404267053,S2-424115747,S3-335084012
S1-854166630	S2-390897436,S2-90538203,S2-52945766
S1-496750666	S2-559409253,S3-969340016,S3-163907376
S1-917428860	S2-367421762,S2-932155003,S2-492060680,S3-180593620,S3-607248900
S1-652301796	S2-149418227,S3-774812246
S1-686829769	S2-65519818,S3-741210925
S1-124476379	S2-769990354,S3-627829652,S3-842050083
S1-406389543	S2-383065882,S2-704125632,S2-585118279,S2-548218990,S2-296650543,S3-699529465,S3-945703741,S3-439577180,S3-806143994
S1-322066005	S2-312958535
S1-269921695	S3-765378719,S3-168083683
S1-427144885	S2-912920235,S2-261703898,S3-327660542
S1-60941554	S2-79456179,S3-802289963
S1-701826240	S2-581906357,S3-699498417,S3-535521571,S3-3182988,S3-613841073
S1-392019050	S2-644002768,S2-288243765,S2-61027505,S3-964429740
S1-310445162	S2-738383334,S2-508737877,S2-785738769,S3-151523109,S3-913340177
S1-37595721	S2-845112247,S2-418755912,S2-573584442,S2-871707946,S3-296766991,S3-614381377
S1-628235761	S2-769446045,S2-642400280,S3-225102880,S3-366415145
S1-206148321	S2-398082797,S2-270388622,S3-417043210,S3-697283913
S1-107828314	S2-349153584,S2-605341146,S2-402765519,S3-456917962,S3-168561194,S3-495150746
S1-542322953	S2-457868448,S2-54199130,S3-136449469,S3-616247259
S1-104414348	S2-615870058,S3-593649395,S3-541794477,S3-522234232,S3-125812259
S1-504895614	S3-444354586,S3-831086108
S1-724930643	S2-909843107,S3-944529750,S3-783001094,S3-41921836
S1-26237850	S2-822440450,S3-453161061,S3-858861253,S3-185772564
S1-618318002	S3-462769526,S3-28959576
S1-799317515	S2-755805786,S2-45243906,S3-248745927,S3-82281291,S3-203448130
S1-938318753	S2-171388267,S3-225411564,S3-157692109,S3-931979055
S1-902039302	S2-678215715,S2-684910796,S3-743114842
S1-391175893	S2-688168407,S2-455310129,S3-781012914
S1-841044905	S2-618604835,S2-694933690,S2-418703930
S1-858388455	S2-855671456,S3-863734371,S3-101052499
S1-2797651	S2-76094745,S3-821917285
S1-767026446	S2-327377752,S2-818491111,S2-910805329,S3-63462489,S3-374621476
S1-76977534	S2-293906021,S3-48943973
S1-487608886	S3-22877493,S3-146006964,S3-175903151
S1-522991887	S2-566083762,S3-256961755,S3-609168834
S1-74341013	S2-196535617,S2-845903233,S2-400112364,S3-739619481
S1-252800084	S2-651470703,S3-286529858,S3-731087502
S1-26002404	S2-200745610,S3-668565724
S1-850996344	S2-57914326,S3-829024295
S1-698136800	S3-683664865,S3-976503587
S1-339307591	S2-899079982,S2-601540772,S2-651320189
S1-646675504	S3-949770127
S1-598497685	S2-956046549,S2-891160298,S2-573737725,S3-712096041,S3-471957214,S3-715654261
S1-556658185	S2-68553926,S2-861944556,S2-312433947,S3-966111301,S3-780738381,S3-601740397
S1-505128283	S2-829849289,S2-395217457,S3-919389697,S3-662132800
S1-83681892	S2-827952825,S2-650271476,S2-226984999,S3-189974468
S1-504430187	S2-745294265,S2-924126214,S2-51281057,S3-500009822
S1-96762472	S2-296011287,S2-215455959,S3-232293564
S1-597924885	S2-599039179,S2-271663278,S2-401671663
S1-368054496	S2-437821778,S2-332515572,S2-281202320,S2-220347666,S3-863917591,S3-138883952
S1-808717310	S2-495392434,S3-876102515,S3-180918633,S3-193457826
S1-543559036	S2-782313840,S2-813588115,S3-162960548,S3-522833549
S1-218138422	
S1-143529013	S2-64409100,S2-514665057,S3-966726568
S1-412682987	S2-267052286,S3-586992889,S3-2593498
S1-778073187	S2-626657281,S3-244088835,S3-274004613,S3-118687772
S1-693853133	S2-37546900
S1-323250057	S2-96749927,S3-191340329
S1-289668854	S2-852656035,S3-15347383
S1-636010419	S3-191351521
S1-532472805	S2-375594577,S3-151984451,S3-446081911
S1-287798335	S2-758351694,S2-290442715,S3-305522831
S1-619824856	S3-126618240,S3-939232661,S3-10570974,S3-942982472
S1-545849613	
S1-122582568	
S1-72494968	S2-242566014,S2-750371133,S2-802303448
S1-962591456	S2-746421686,S3-343475794
S1-755395214	S2-437302805
S1-522454002	S2-626826887,S2-229628212,S2-88079911,S3-882752867,S3-318328948
S1-160503376	S2-492784018,S2-560947744,S3-56025961,S3-423851427,S3-758217709,S3-253675337
S1-677797375	S3-793474224
S1-394720533	S2-423458741,S3-769642140
S1-630629787	S2-585009806,S2-406477271,S2-173788881,S2-947170767,S3-365541087,S3-294378777,S3-168487617
S1-232206780	S2-635028393,S2-410758564,S2-377900198,S3-887934924
S1-434592000	S2-939255448,S2-204213208,S3-723944643,S3-955207392,S3-52196171
S1-312700448	S2-30876630,S2-246590869,S3-228218583,S3-487309104
S1-762302121	S2-872685700,S2-506148756,S3-643809131,S3-425432577,S3-741413893
S1-456116539	
S1-141571654	S2-485297031,S3-505228358,S3-334009576
S1-481397234	S3-119624640
S1-855592605	S2-772959117,S2-172677176,S3-821371358,S3-307106546
S1-180291188	S2-785705579
S1-957923058	S2-430831209,S2-923370777,S2-718707628,S3-8682332
S1-858364204	S2-319776161,S3-741166890
S1-925220388	
S1-718926106	S2-919039516,S2-185587993,S2-983022183,S3-183914761,S3-785575618,S3-729181788
S1-19031450	S2-346374874,S2-290329812,S3-591573197,S3-814094883,S3-862495123
S1-818899161	S2-666898006,S2-808778278,S2-573725900,S3-930741262
S1-478669893	S2-201882505,S3-719420138
S1-261899496	S2-478982955,S2-274873975,S3-903710708,S3-757141290
S1-497711468	S2-820284564,S3-486254466,S3-875039905,S3-425937008,S3-111347962
S1-750853374	S2-894601331,S3-351372806
S1-875321876	S2-495178786,S3-435837556,S3-618353435
S1-386789709	S2-838179831,S3-921809675,S3-720157016
S1-850857261	S2-154995611,S2-847363907,S3-298113115
S1-168328407	S2-83234080,S2-730843881,S2-380947603,S2-230576517,S3-945750673
S1-791345132	S2-43097619,S3-586518196,S3-92712776,S3-15917930,S3-357879522
S1-417778094	S2-133643455,S3-784094088,S3-880997834,S3-709859515,S3-971219372
S1-5821078	S2-238867190,S2-885726129,S3-917261186
S1-759106472	S2-629074739,S3-263797437,S3-74616900
S1-133255879	S2-796816554,S3-366716169
S1-261787025	S2-406126743,S3-44495374,S3-211978014,S3-678480060,S3-716379576
S1-467632608	S2-855130835,S2-371343869,S2-819612283,S3-13117201
S1-967625750	S2-223276977,S2-10872773,S2-133041640,S3-709045791
S1-211599525	S2-978815329,S2-775610854,S3-317005884
S1-973299816	S2-267563329,S2-554499830,S3-445557416
S1-315131017	S2-244098555,S2-822702445,S3-408766549,S3-146988104
S1-486849183	S2-73585640,S2-781875264,S2-753432986,S3-821454537
S1-65988945	S2-533266571,S2-905691795,S3-376940168
S1-936626437	S2-302263758,S3-85010186
S1-767149851	S2-675957904,S2-664485680,S3-141566038
S1-260457967	S2-389670465,S2-515207015,S3-572488517,S3-956859181
S1-15629137	S2-538682212,S2-728536890,S3-636467608,S3-420492376
S1-205134456	S2-77492658,S2-354842335,S2-161353541,S3-401398172,S3-347661309,S3-184438831
S1-668276877	S2-572462622,S2-761938119,S3-942710906,S3-611926763,S3-572618219
S1-759899439	S2-313208743,S2-868415085,S3-403861384
S1-329774511	S2-960720857,S2-451199885,S3-666492834,S3-88565305
S1-99529451	S2-591978280,S2-174707831,S2-381586774,S2-340655236,S3-646724958
S1-49953877	
S1-212022227	S2-506651180,S3-152394410,S3-342961006
S1-331654343	S2-857515888,S3-576619622,S3-458300569,S3-260681400,S3-767165214,S3-400834123
S1-562608003	S2-229464341,S3-84892757,S3-653479699,S3-571812088
S1-117065497	S2-796817905,S3-801830306
S1-866291957	S2-177421071,S3-163165080,S3-12654554,S3-341502879
S1-502741365	S3-988303598,S3-977586769,S3-940937652,S3-133902280
S1-655091107	S2-518529047,S3-288677811
S1-538473793	S2-976566061,S2-314878808,S2-614939590,S3-555921718,S3-288264752
S1-209923931	S2-772784560
S1-894333060	S2-413547959,S3-348695613
S1-394394067	S2-141999319,S2-714846570,S3-261317525,S3-540325605
S1-264303836	S2-975376311,S3-244782203
S1-268867234	S2-188610164,S2-316375569,S3-24862832
S1-332076088	
S1-627940706	S2-330860507,S2-549825003,S3-394970830,S3-735305935
S1-255695231	S2-16681311,S3-251053520
S1-388883923	S2-175633675,S2-74183208,S3-982616368
S1-695248320	S2-526257969,S2-171336371,S2-190289104,S3-964408177,S3-524323586,S3-130633634,S3-25683869
S1-126754995	S2-595567147,S2-837607336,S3-673286839
S1-495122008	S2-553899911,S2-779955289,S2-602359621,S3-425488057,S3-466301451
S1-921062735	S2-539211214,S2-230221176,S3-604290505
S1-769908893	S2-275437723,S3-687916564
S1-51255900	S3-546002067,S3-752110647,S3-248176499
S1-7404548	S2-667386796,S2-134899835,S3-945936221,S3-941717727
S1-384206170	S2-623315738,S2-221780232,S3-575536766,S3-696940116,S3-85849615
S1-176626868	S2-616821896,S3-685024218
S1-688653242	S2-735784753,S2-610768713,S3-466891164,S3-175163481
S1-326561957	S2-189159652,S2-969986494,S3-156978571,S3-727752237,S3-72994503
S1-634412799	S2-649152628,S3-954143007,S3-439944688,S3-831190487,S3-247210465
S1-444501559	S2-866282676,S3-535691930,S3-836787413
S1-249290680	S2-283129774,S2-608096104,S2-230684526,S3-476418100,S3-429576364,S3-780053489
S1-274746664	S2-752994449,S2-850415314,S2-551382461,S3-670506269
S1-127241580	S2-601293207,S2-916228617,S2-903488813,S3-225584572,S3-456595864,S3-340206563
S1-458046480	S2-626517550,S2-756620639,S2-242527895,S3-565222969
S1-585418028	S3-744942884
S1-70808602	S2-57551208,S3-456462976
S1-684166348	S3-891919963,S3-962926977
S1-217911419	S2-259863820,S2-820331890,S3-746952144
S1-987380411	S2-940114818,S2-261791713,S3-113389483
S1-750928502	S2-285944548,S3-531753636,S3-435360926
S1-108379668	
S1-429608910	S2-592225299
S1-557752048	S2-548614178,S2-995024417,S2-295884502,S3-424674911
S1-204377040	S2-120912022,S2-946212783,S2-70565074,S3-459144674,S3-703216966,S3-696700269,S3-806379873
S1-808789841	S2-329664915,S2-47194004,S2-30908910,S3-942410479,S3-45700355,S3-676992159
S1-792595283	S2-887338722,S2-601422672,S2-681136687,S3-937229692
S1-527288770	S2-234495967,S2-272802708,S3-971949071
S1-474824267	S2-107417536,S3-104794285,S3-167923649,S3-304242317
S1-595170238	S2-164438052,S2-756404315,S2-33692479,S2-999769554,S2-744253138,S3-530573959
S1-986254363	S2-62843998,S2-527675358,S3-528344777,S3-551572953
S1-357177344	S2-134613502,S2-643933477,S3-960916492,S3-313612630
S1-262369958	S2-182968015,S3-334299355
S1-957820965	S2-988324181,S2-221926707,S2-975581548,S3-35917151,S3-358150998
S1-793342290	S2-470123058,S2-820283868,S3-398517003,S3-616892624,S3-359959467
S1-792220986	S2-645551981,S2-552768719,S3-315074001
S1-846117491	S2-255769848,S2-485847760,S2-912513228,S2-801560712,S3-145875551,S3-183677778,S3-374127408,S3-332924857,S3-117367709
S1-527195896	S2-329077990,S3-28300131,S3-390176674
S1-407274275	S2-518012425,S2-403461269,S2-260374666,S2-63787469,S3-628493897,S3-143820405
S1-763127395	S2-655365570,S2-32397128,S2-969254545
S1-874941171	S2-424598036,S3-333360888,S3-380627992,S3-748163068
S1-669260154	S2-689452010,S2-418849309,S2-871183006,S3-102342027
S1-304402385	S2-290238324,S2-309000253,S3-164712507,S3-985906253
S1-992005879	S2-509042395,S3-803191283
S1-928830231	S2-997042259,S2-825479827,S2-528765779,S2-264457790,S2-766645361,S3-427501961
S1-790084587	S2-554990978,S2-470912458,S3-706611892
S1-701113662	
S1-738352243	S3-878590332,S3-659500930,S3-561058545
S1-546536633	S2-112399082,S2-276928155,S2-845920913,S3-428836827
S1-373777470	S2-390206155,S2-864810151
S1-969434708	S2-889405009,S2-414078697,S3-388526103,S3-349381341,S3-202432412
S1-929931101	S2-907612994,S2-918347301,S2-152797173
S1-814115028	S2-383818939,S3-17323751
S1-432961361	S2-341842706,S3-922185821
S1-698602418	S2-490085739,S3-733644733,S3-332416993
S1-674841160	S2-817794086,S2-11645668,S3-875746671
S1-700946811	
S1-194997826	S2-807300338,S3-166125569,S3-682412497
S1-527297885	
S1-417581396	S2-576105855,S2-195832146,S2-818039939,S3-592332144,S3-797425835,S3-504181700
S1-280487856	S2-468712613,S2-920585326,S2-134769047,S3-326206633,S3-929864864
S1-366157673	S2-399545767,S2-754545190,S2-377097230,S2-863453450,S3-844298981,S3-870354491,S3-108779128,S3-705736504
S1-155083605	S2-397546106,S3-297653229,S3-962784682
S1-682249197	S2-151803194,S2-805060446,S2-628323225,S2-828952870,S3-484243969,S3-549535369
S1-303484483	
S1-554271032	
S1-598607654	S2-355048982,S2-659443464,S2-217476425,S3-839460775,S3-884620760
S1-265932861	S2-272047767,S2-930987961,S3-513583545
S1-817664681	S3-774916456,S3-482691408,S3-670651567
S1-796284383	S2-764457280,S2-412054112,S3-272812040
S1-808627369	S2-690428946,S2-862641272,S3-675295017,S3-983933455,S3-262695715
S1-603803992	S3-439469893
S1-812085139	S3-751970590
S1-590727968	S2-887386108,S2-122247289,S3-170604352,S3-313298886
S1-554978314	S2-734824307,S3-98684737
S1-475267007	S2-357424326,S3-548943634
S1-80994926	
S1-258998577	S2-491899005,S3-861173429,S3-756390922
S1-882543833	S2-473440090,S2-185434730
S1-331636833	S2-581266818,S2-458619402,S3-698089487,S3-537575403
S1-277973272	S2-602786549,S2-173038554,S2-239973233
S1-44784468	S2-952477375,S2-14366444,S3-573327760,S3-687285783,S3-688990306,S3-690901187
S1-725420551	S2-609834475,S2-941423324,S3-234429665
S1-8850707	
S1-922690554	S2-405034966,S2-535794413,S3-226517052,S3-472917283
S1-655128292	S2-608597173,S2-438984478,S2-326658541,S3-772448038
S1-324760819	S2-55225665,S2-356291082,S3-191099798
S1-608422023	S2-344781788,S3-407429499,S3-459546743
S1-870839608	S3-413437433
S1-45567241	S2-549194634,S2-4934716,S3-522338089
S1-888162331	S2-324967567,S3-853416047,S3-745769455
S1-677984591	S2-902507166,S2-807517567,S2-950116066,S3-834367697
S1-953824275	S2-511597700,S2-904869247,S3-55143832
S1-810596238	S2-493657900,S2-370386009,S3-31850399
S1-78380369	S2-703245203,S3-810667538
S1-886060510	S2-469689365,S2-451002921,S2-446332611,S3-594648075
S1-408856971	S2-53248645,S3-118334254,S3-176592226
S1-477303714	
S1-230875509	S2-572045741,S3-720232705
S1-109054861	S2-624817322,S2-239146177,S2-609085503,S3-318627732,S3-506800968
S1-524155212	S2-327548890,S3-911626272
S1-287502890	S2-174128858,S2-942169930,S2-109275089,S3-886609880
S1-368196401	S2-987652356,S3-590357768,S3-897605164
S1-135212886	S2-762349887,S2-233110604,S2-807644918,S3-863795031,S3-283255889,S3-656205513
S1-624105926	S2-833407976,S2-914848477,S2-770782258,S2-648147860,S3-370448416
S1-359393459	S2-194655572,S3-423877377,S3-776834785,S3-991506462
S1-243094632	
S1-548160224	S2-125032475,S3-982696974
S1-869591991	S2-80245980
S1-22860435	S2-296113741,S3-360114802
S1-139437754	S2-566362117,S2-29382874,S3-494093695,S3-511445997
S1-529461136	S2-710552977,S2-566221649
S1-924527658	S2-191055585,S3-51143476
S1-741498608	S2-328471479,S2-296304994,S2-729000781,S3-460899258,S3-426225652
S1-261710090	S2-946280750,S2-687040821,S3-555583817,S3-280753536
S1-798080845	S2-160595293,S2-201513206,S3-8429959
S1-810493482	S2-394563129,S2-296445674,S2-645981473,S3-866641921
S1-313815333	S2-653514766,S2-578944076,S3-962822799,S3-931918672,S3-712448046
S1-401553355	S2-390224254,S2-459198815,S2-124674758,S3-910390617
S1-729258912	S2-383147248,S3-937771063,S3-932616283,S3-563786243
S1-747946568	S2-818142947,S3-753488657
S1-748033594	
S1-517896033	S2-387472104,S2-263692548
S1-852127987	S2-385541605,S2-874078536,S3-981784682,S3-982754427,S3-972611873
S1-400730794	S2-122704981,S3-22193815,S3-632744311,S3-85154860,S3-739726307
S1-951218101	S2-878118098,S2-515821017,S3-742457569
S1-149198004	S2-95859395,S3-188555969,S3-749383902
S1-388815402	S2-960497598,S2-800194940,S3-820185185
S1-761252137	S2-863387064,S2-18144337,S2-123718395,S3-372103938,S3-649963969
S1-287716781	S2-14135433,S3-415762642
S1-832892150	S2-782829302,S2-978927245,S3-227458723
S1-35872604	S2-818368053
S1-766157142	S2-255711572,S2-306486019,S3-742114618,S3-982827427
S1-860598287	S3-67344536,S3-745866985
S1-10107530	S2-953027176,S2-765089892,S2-249466768,S2-417209529,S3-647850713,S3-269575860,S3-188695989
S1-226747019	S2-760935155,S2-697035991,S3-70836966
S1-114633710	S2-406882938,S3-617180177
S1-288251673	S2-774521234,S3-958059529
S1-540091480	S2-719479969,S2-332072708,S3-918129271
S1-983604699	S2-741203037,S2-399262347,S3-57885116
S1-713589229	S2-984245695,S2-760639944,S3-841459546,S3-287338977
S1-937734942	S2-723880691,S2-557773656,S3-129186382
S1-295805309	S2-160780019,S2-576910889,S3-919575307,S3-702640534
S1-327378283	S3-249361699
S1-294615245	S2-74340902,S2-616443625,S3-744258882
S1-460005471	S2-628401794,S3-642384665,S3-871940972,S3-577881137,S3-901545762
S1-515603554	S2-790180414,S3-503695773,S3-382309061
S1-507253025	S2-776396003,S2-124190201,S3-448861002,S3-494947466
S1-296266321	S2-446773983,S2-218336438,S3-59479996
S1-566455188	S2-270748476,S2-265715907,S3-946851893
S1-266585018	S3-601408017,S3-772794019
S1-906776994	S2-108390149
S1-732492481	
S1-663634807	S2-70635051,S3-414622637,S3-372794105,S3-55060114,S3-726124082
S1-695737751	S2-54860324,S2-68422906,S2-802369535,S3-874762144
S1-149010402	S2-420199200,S2-867740851,S2-977838698,S3-62681563
S1-43891697	S2-507354432,S2-5258022,S2-8411737,S2-777706959,S3-848939228,S3-239891694,S3-819092530
S1-793420676	S2-586615856,S3-217479692
S1-939669499	S3-911638415,S3-55273522
S1-266317849	S2-200857444,S2-538588826,S3-741706673
S1-460188331	S2-207694723,S3-817946786
S1-763070704	S2-326946472,S3-701221045,S3-663932941,S3-872776879,S3-498394055,S3-191410000
S1-641398987	S2-504139421,S2-563524103,S3-734335895,S3-32980452
S1-630320074	S2-274713379,S3-730911140
S1-384548448	S2-367952847,S3-563537394
S1-446818448	S2-11649584,S3-10492808,S3-558176588
S1-73792302	S2-528773531,S2-665763463,S2-386373896,S3-378707086,S3-563807402,S3-885463439
S1-634180238	
S1-854726272	S2-971214205,S3-468770898,S3-350926027,S3-314218466,S3-34821626
S1-841427146	S3-998534163,S3-471874251
S1-607202872	S2-929523105,S3-544535923,S3-90089883
S1-2144488	S2-351317072,S3-324485296,S3-662450274,S3-837483358
S1-740107942	
S1-681871507	S2-428008427,S2-82511626,S3-617839806
S1-232021525	S2-251397508,S2-885450814,S2-90554203,S3-85938518,S3-560916565,S3-704228698,S3-366815276,S3-966069035
S1-800009333	S2-668069025,S2-203711160,S2-181260958,S3-488655364,S3-498363185
S1-205811254	S2-807451874,S2-90004544,S3-813706481
S1-940066892	S2-429793174,S3-982974444,S3-315310610
S1-502056981	S2-178593207,S3-308881613,S3-569389248,S3-418694989
S1-91973545	S2-497728771,S2-140694999,S3-296003986
S1-505488250	
S1-966193716	S2-212962589,S3-10803280,S3-603578209,S3-281223697
S1-377758010	S2-320071443,S2-181841193,S3-781404619,S3-472547298,S3-298997012
S1-564642818	S2-397254399,S2-441903005,S3-366172608,S3-628290668
S1-179542023	S2-801738746,S2-76514771,S3-842229671,S3-56114087
S1-70673891	S2-559985401
S1-958348798	S2-581012052,S3-297541506,S3-458758736
S1-329526320	S2-540237175,S3-795383606,S3-604587937
S1-982984882	S2-292450127,S3-201863009,S3-915621836
S1-923919339	S2-789327509,S3-708912526,S3-975409785
S1-933507238	S2-622447860,S3-179001486,S3-131575673
S1-579483892	S2-945535440
S1-698489417	S2-712480942,S2-145941064,S2-993330102,S3-266258527,S3-307079376,S3-715130446
S1-239547099	S2-662718830,S3-112051445,S3-939870533,S3-583454848
S1-870229767	S2-508387424,S2-121608485,S2-577255896,S2-904535409,S3-759935353,S3-107595964
S1-503972482	S2-813777048,S2-41794600,S3-744308992,S3-360605557,S3-611434717,S3-65852806
S1-731068520	S2-524645287,S2-894035286,S3-84051584
S1-777012858	S2-957627975,S2-105317422,S2-197402152
S1-492880979	S2-25774246,S2-396514107,S2-312382571,S3-718625356
S1-13197430	S2-972475481,S3-240461590
S1-925537771	S2-966708475,S3-147852526
S1-280144050	S2-59962057,S2-891699019,S3-988204673
S1-604341008	S2-416133776,S2-184661309,S3-69433156,S3-859931881
S1-249161667	S2-825719654,S2-806556437
S1-258840575	S3-860173093,S3-80493506
S1-497390494	S2-717396394,S3-477411248,S3-459601215
S1-398846115	S2-45363714,S2-951584598,S2-231928290,S3-891580726,S3-446667607,S3-774206893
S1-162180347	S2-627598486,S2-871069339,S3-976131645,S3-170259162,S3-393590316
S1-74927620	S3-765692949
S1-434741610	S3-59339846,S3-955418554
S1-315233941	S2-702289833,S2-567640301,S3-127542913
S1-856784330	S2-672986793,S2-255337007,S3-719881433,S3-9127919,S3-170534708,S3-900718292,S3-987889837
S1-380569288	S2-982538794,S2-480832066,S3-406862507,S3-124113812,S3-993983123
S1-882434567	S2-600925747,S3-79330962
S1-740784899	S2-285368482,S2-787105617,S3-46654041
S1-729639152	S2-3627404,S3-569966071
S1-57566664	S2-499116822,S3-308960425
S1-762020251	S2-912887632,S3-20920958
S1-969956125	S2-416671360,S2-468042384,S2-970251738,S3-143615508
S1-185740766	S2-370897669,S3-757923780
S1-857075312	S2-58689650,S2-970161478,S3-974717443
S1-105958414	S2-854459154,S2-704022930,S3-638089,S3-784664046,S3-920611139
S1-657088590	S2-951568082,S2-737683423,S3-405604842,S3-801386640
S1-601937740	S2-598696640,S3-218259021
S1-24425539	S2-483506516,S2-749116522,S3-222211747
S1-282277625	S2-850324571,S3-978389006,S3-369414377,S3-29892255,S3-756454344
S1-329403233	S3-531918545,S3-629265406
S1-91367256	
S1-472439904	S2-189355957,S2-306143706,S2-384562937,S3-58324577
S1-211806389	S2-152598063,S2-537304027,S2-907403233,S2-323612916,S3-755985668,S3-383222506,S3-494529896
S1-926635389	
S1-917629245	S2-213454169,S2-452594295,S2-581519870,S3-479024993
S1-313802927	S2-738669861,S3-332095376,S3-335309530
S1-466005074	S2-572650198,S3-837818221,S3-666088267
S1-149095269	
S1-191834871	S2-745437289,S2-717343222,S3-263340739
S1-44492169	S2-467278171,S2-499185747,S3-421937921,S3-401038504
S1-812617986	S2-949555891,S2-968761943,S2-884039933,S2-371614309,S3-950112027,S3-279260228
S1-207075370	S2-333557784,S2-106960415,S3-422076446,S3-404128939
S1-599776422	S2-454171799,S2-802043781,S3-627494659
S1-20553283	S2-587538073,S2-124067704,S3-287384640,S3-988818222,S3-611664985
S1-494065835	S2-967756346,S2-427052979,S2-542568444,S3-893951685,S3-988402791,S3-556246940,S3-299818453
S1-126205248	S2-198372882,S2-356013284,S3-640937151
S1-402989848	S2-932692567,S2-169404995,S2-835256178,S3-600904407,S3-622334237
S1-832720721	S3-341778602
S1-578534617	S2-45859720,S2-899871020,S3-652928373,S3-653633527,S3-228815590,S3-996260538,S3-485070809
S1-83365528	S2-342483372,S2-498445978,S2-433159426,S3-312694688
S1-527926163	S2-101480002,S2-676813323,S2-987553984,S3-265254455,S3-853158113,S3-158500795
S1-137245444	S2-677967443,S2-900192608,S3-525759320
S1-871164446	S2-205747058,S3-552321110
S1-497150579	S2-263208894,S2-895388872
S1-757490580	S2-979813323,S2-703319847,S3-337735941,S3-224663831,S3-913347065
S1-568943919	S3-425819830,S3-838427623,S3-44480119,S3-382934418
S1-437131005	S3-169904234,S3-464857500
S1-409612242	S2-133643570,S2-892267621,S2-637032209
S1-382896551	S3-109754514,S3-395409343,S3-855670867
S1-755054174	S3-215958378
S1-96843039	S2-371197157,S2-643899216,S3-674788446,S3-681785722,S3-753279093
S1-228646122	S2-864138049,S2-517234660,S3-61507332,S3-130518620
S1-347024735	S3-758929004,S3-209056583
S1-750843590	S2-227790043,S2-659935731,S3-181062968,S3-939153731,S3-43546546
S1-428374922	
S1-939540300	S2-585153580,S2-917416826,S2-136450625,S3-811849161,S3-930972328,S3-759250131,S3-589437902
S1-235415280	S2-285274807,S2-702646945,S2-430000149,S3-128658218,S3-260001788
S1-300743711	S2-18988700,S2-459669616,S3-817269255
S1-44228080	S2-692246855,S3-632492436
S1-284499065	S2-217442910,S2-363571561,S3-158733978,S3-7878892
S1-84691449	S2-56994960,S2-346008249,S2-584047795,S3-537440341,S3-112173932
S1-278533872	S3-151290760
S1-323013076	S2-708049832,S2-746659646,S2-871498346,S3-627938046,S3-287150464
S1-572156370	S2-51103257,S2-997479972,S3-33013166,S3-591907212,S3-582365101
S1-71237551	S2-630379092,S2-171788247
S1-687219016	S2-266504072,S3-163261570
S1-443773107	S2-930549386,S2-851699824,S3-840407147,S3-787449863
S1-58282453	S2-677154853,S2-149211922
S1-602781481	S2-324794612,S2-691980310,S2-259582547,S3-605262587,S3-310059841
S1-672573399	S2-417766139,S2-460979601,S2-163903343,S3-880765707,S3-490307577,S3-858042208,S3-560547008,S3-751336046
S1-263382380	S2-999248812,S2-678514767,S3-700695747,S3-35729375,S3-175908411,S3-588451639,S3-85008176
S1-76776886	S2-592245078,S2-916399690,S2-323206192,S3-439875237,S3-157099332,S3-516583678
S1-47705238	S2-536148234,S3-969191632
S1-139464010	S2-751726014,S3-847182508,S3-602595975,S3-273955496
S1-598267972	S2-217478332,S2-690475846,S2-717914157,S2-421716177
S1-944969389	S2-235349252,S2-331961213,S3-318050039,S3-324383707
S1-567131048	S2-506050960
S1-681683029	S2-250700601,S3-132005481,S3-240492843,S3-373896476
S1-153639095	S2-61772112,S2-580599940,S3-88590219
S1-946790143	S2-918670727,S3-604200896,S3-332335454
S1-401323822	S2-132418505,S3-712542411
S1-85309112	S2-653274090,S2-877875430,S3-971081342
S1-192893644	S2-708894195,S2-765253274,S2-75042656,S3-274543082,S3-913141019,S3-811816361,S3-948120774
S1-922910994	S2-453218133,S3-184920265,S3-527109967
S1-350722896	
S1-479946365	S2-103634317,S2-510605718,S3-345992704
S1-31286462	S2-628373677,S2-338452781,S3-10916897
S1-70208696	S2-34225697,S3-416239674,S3-876432794
S1-833246077	S3-752115412
S1-395761542	S2-679286166,S3-442737271,S3-354860870,S3-745544692,S3-735463675
S1-548513266	S2-621089224,S2-546958537,S3-204851694,S3-816316718
S1-872617831	S2-199635520,S3-891029478
S1-844572813	S2-222365082,S2-832794442,S3-890079255,S3-511914279
S1-610457950	
S1-154435012	S3-391768100,S3-939130291
S1-941772870	S2-577029366,S3-13870602
S1-469091166	S2-829914791,S2-623032362,S2-24329085,S3-299487393,S3-441050970,S3-8089049,S3-27950319
S1-75854432	S2-112634741,S2-147320383,S3-463603502
S1-905185841	S2-572776733,S3-169335726
S1-684499553	S2-667508395,S3-431700267,S3-996724017
S1-566434108	S2-262894095,S2-316835972,S2-845770492,S3-507904603,S3-7341851,S3-120607908
S1-117238848	S3-934879798
S1-44444368	S2-712701289,S2-843801830,S3-282583887,S3-829006619
S1-348352183	S2-59360997,S3-185865351
S1-297793837	S2-839538353,S2-466572418,S2-82357048,S2-767122555,S3-95611471
S1-275083587	S2-383539045,S2-365545930,S3-736233727
S1-944434480	
S1-988495622	S2-355850798
S1-151983158	S2-608716940,S3-778773673,S3-779624974,S3-10700708,S3-866864692,S3-926814133
S1-108752515	S3-189274144,S3-332211864,S3-577309690
S1-653308659	S2-494241910,S2-918622747,S2-617234786,S3-121127556
S1-846127428	S2-265755880,S2-155499683,S3-643313063
S1-889422433	S2-751104619,S2-923907762,S2-795072097
S1-893070467	S2-822039419,S3-643442145,S3-265466639
S1-305312374	S2-833277686,S2-546650753,S3-490349570
S1-538254644	S2-594751597,S3-285035035,S3-900829137,S3-419973837
S1-356858258	S2-238985610,S3-656462196
S1-357798881	S3-591066005,S3-107010060
S1-150573572	S2-727157912,S2-161496685,S2-619967476,S3-622213521
S1-576746142	S2-621537834,S2-799486257
S1-209145917	S2-683477001,S2-164450094,S3-809752088
S1-795234488	S2-635646043,S2-829746011,S3-794280718,S3-95416191,S3-675229409,S3-371648338
S1-185034069	S2-454932864,S2-185393569,S3-246164255,S3-746049848,S3-510254724
S1-546883951	S2-20742355,S3-888833801,S3-375995410,S3-468615948
S1-205414254	S2-200654647,S3-915574049,S3-549332976
S1-186198378	S2-525904472,S3-946361815
S1-162061422	S2-965185094,S2-844807979,S2-854273654,S2-455194063,S3-23558375
S1-53158378	S2-818759772,S3-854542816
S1-137183865	S2-314289147,S2-621237741,S3-215833285
S1-367113067	S2-148179442
S1-247978822	S2-8544539,S3-950018088
S1-101363800	S2-841407564,S3-132203524,S3-881969663
S1-295787512	S2-120659061,S2-748194221,S2-455088000,S2-1569405,S2-726303797,S3-959720184,S3-24133759
S1-77774644	S2-303182866,S3-803134946,S3-337272489,S3-733093142
S1-458768817	
S1-477518167	S3-761014877,S3-827817436
S1-211540192	S2-421478665,S2-689255221,S3-156244778
S1-586890769	S2-671971963,S3-213595471,S3-448340259,S3-30868100
S1-585020455	S2-256725495,S2-86172414,S2-93976483,S3-696810210,S3-505644301,S3-137651035
S1-944515765	S2-275108233,S2-259824092,S2-691070754,S3-94096641,S3-102170754,S3-803934359
S1-68255746	S2-976637842,S3-201741188,S3-407142897
S1-349645577	S2-801324977,S3-851702400,S3-175113873,S3-390485130,S3-222618767
S1-983913039	S2-575142063,S2-333055697,S2-473574799,S2-874385740,S3-81209727,S3-457258022,S3-108893004
S1-877961243	S2-384000833,S2-766278701,S2-508794821,S3-508142331
S1-275535367	S2-887388331
S1-937746014	S2-746073521,S3-2717488,S3-506418946
S1-981002835	S2-827665395,S2-334054065,S3-113962751
S1-300991650	S2-789939880,S2-641817247,S2-736693410,S2-499313204,S3-259889407,S3-954855574
S1-779163085	S2-390961392,S2-183060616,S3-327706352,S3-790126400
S1-448848545	S2-327713598,S2-320358447,S3-632943407,S3-878950886,S3-394743286,S3-275822293,S3-192455294
S1-759838288	S2-498274622,S3-344175207
S1-678309961	S3-222849318,S3-741130847
S1-192149625	S2-636822565,S3-954191846,S3-553967416,S3-319808133
S1-840853105	S2-170593408,S3-229131065
S1-819373507	S2-664805141,S2-30618417,S2-323110289,S3-111588988,S3-581870659,S3-476684635
S1-843781496	S2-950110903,S2-878750896
S1-189218489	S2-762898911,S3-720894612,S3-229532345,S3-120104803
S1-455097506	S2-280531799,S3-352933339
S1-241617808	S2-467531887,S2-414436226,S3-403322500
S1-652848337	S2-807599284,S3-246513757,S3-661028886
S1-762721069	S2-521840497,S2-996057002,S3-315077813
S1-153299454	S2-626849375,S2-584439096,S3-426644628,S3-332025725
S1-291024779	
S1-510637657	S2-284587674,S3-216544679
S1-428528735	
S1-946481692	S3-446941928
S1-360669254	S2-418669336,S2-140699900,S2-789268705,S2-662853639,S3-297961316,S3-74946105,S3-133905169
S1-257483604	S2-883254451,S2-787641105,S3-952620776,S3-429323063
S1-424018065	S2-455860248,S2-873077381,S2-340127699,S2-199375953,S3-872275727
S1-390397043	
S1-658326876	S2-641345452,S2-334444982,S3-295813281,S3-797260304,S3-568665347,S3-422242800
S1-167700166	S2-380563156,S2-777069737,S2-49045585,S2-27115933,S2-921586727,S3-143872397,S3-407356661
S1-220235933	S2-218161844,S3-739491921,S3-445773024,S3-734497637,S3-828269170
S1-651589528	S2-807657479,S2-662486403,S2-76739001,S2-226104228,S3-35861744,S3-499005054
S1-207458433	S3-939665060
S1-276094177	S2-186424024,S2-197099898,S3-238171204,S3-451437947,S3-114778789
S1-884840893	S3-464708189
S1-120184437	S2-413398604,S2-461293418,S3-719006059,S3-629513538,S3-158074440
S1-263458896	S2-915058766,S2-954760099,S3-41180899
S1-466977430	S2-24074530,S3-464493056,S3-664793158,S3-338854929
S1-574203832	S2-192516951,S3-905510526,S3-954264633
S1-852395128	S2-398652316,S2-343025493,S2-354936633,S3-614102142
S1-325806146	S2-422449268,S2-452998290,S2-80349009,S2-943310463,S2-34669947,S3-73455463,S3-722577690
S1-300458704	
S1-42186920	S2-692859482,S3-355588963
S1-570270301	S2-736964650,S2-549832378,S3-961326329
S1-266007573	S2-704306352,S2-666403242,S3-815408253
S1-513574991	
S1-439992677	S2-920557277,S3-660288014,S3-261253330,S3-456639719
S1-436449037	S2-811966740,S2-971797215
S1-899474225	S3-905515327
S1-509798276	S2-505371950,S2-714911465,S2-642808671,S3-157911842,S3-271412932
S1-363147436	S2-988176371,S3-205275209
S1-457909815	S2-795247504,S2-712033211,S3-207992431
S1-620523992	S2-425153800,S2-464868874,S3-706040434,S3-507376432,S3-858864376
S1-295028405	S2-940503850,S2-656521465,S3-694577700
S1-974778782	S3-230091828,S3-24204484,S3-227678581
S1-975416014	S2-456351503,S2-60804851,S3-691676634,S3-680060810,S3-134961986
S1-738115241	S2-481083472,S2-113549547,S2-766372661,S3-24081791,S3-488304441
S1-349503803	S2-267775510,S3-757956977
S1-627264200	S2-385020642
S1-399312601	S2-705204550,S3-290625050,S3-585562152
S1-618700975	S2-471388894,S3-687108212
S1-260310792	S2-264398365,S3-198884437,S3-816470236
S1-142126127	S2-148701946,S2-129103141,S3-27987477,S3-616125227,S3-456622203
S1-271449739	S3-352237804,S3-755476808
S1-160340131	S2-476171138,S3-775224329
S1-341840012	S2-336945462,S3-115986762
S1-820508300	
S1-958071328	S2-805164207,S3-410917666,S3-713438451
S1-99077495	S2-985488652,S3-171167508,S3-72311967
S1-677694603	S2-217555149,S2-751872158
S1-775711216	S3-150232859
S1-568025190	S2-117065476,S2-708882345,S3-866055767
S1-558380452	S2-184975655,S2-69306816,S3-992690987,S3-768688136
S1-26426762	S2-155734682,S2-902251665,S2-392221524,S2-239753304,S3-605362790
S1-454430453	S2-836776904,S2-8009302,S2-469019655,S3-412240788,S3-452164606
S1-348482660	
S1-337375160	S2-194412945,S2-855801508,S3-770967534,S3-452680581
S1-596263081	S2-194995638,S2-129512307,S2-17553163,S2-130180538,S3-672979196,S3-742758044,S3-160734487
S1-872206169	S2-228900152,S2-146001879,S2-780252033,S2-509186586,S3-738652172,S3-958729991
S1-310252138	S2-74416739,S3-589027039,S3-125679745,S3-304014490
S1-887643540	S2-224659218,S2-548897655,S3-254652768
S1-51203100	S2-218917242,S2-807216780,S3-875407559
S1-128942667	S2-466563790,S3-509153732,S3-606504757,S3-556447584
S1-622189497	S2-421845551,S2-3745523,S3-857158148
S1-25998488	S2-737199920,S2-315902837,S3-794714342,S3-855801355,S3-185738179
S1-374962779	S2-417890684,S2-383899251,S2-92659641,S2-4186154,S3-682499564,S3-840250991,S3-638037041,S3-862172072
S1-708628284	S2-226834571,S2-766286813,S3-300667963,S3-550312424
S1-656030072	S3-882780981,S3-737086398
S1-926995685	S3-303016213,S3-916578082,S3-880001169,S3-637026453,S3-830706162
S1-325864782	S2-20137961,S2-683047403,S3-99736956,S3-4850738
S1-705799753	S2-71222136,S3-398632354
S1-448778938	S2-725984079,S2-558420519,S2-780520254,S3-593051464
S1-743621589	S2-822412119,S2-451658050,S2-414431871,S3-716233871,S3-413387280
S1-484717995	S2-687820794,S3-230058532,S3-694716484
S1-175845794	S2-812591967,S3-710402396
S1-574395751	S2-639987416,S2-277129045,S3-999488596,S3-355891092,S3-228536952
S1-952062841	S2-88570351,S2-563885987,S2-468981132,S3-9955921
S1-829480757	S2-129802394,S2-59849201,S3-713146387
S1-552319784	
S1-770294668	S2-622171379,S3-276321618
S1-870594092	S2-767942914,S2-543881965,S2-167984218,S3-500767746,S3-907950458,S3-659592990
S1-678196124	S2-252424491,S2-353591374,S3-664838056,S3-169695068
S1-103929370	S2-878043840,S3-81055833,S3-600617104,S3-206295994
S1-776753062	S2-843236445,S2-445609361,S2-148972452,S3-915705220
S1-268285199	S2-12019204,S2-433665114,S2-278698956,S2-619566117
S1-212268233	S3-403421004,S3-870405471
S1-368091146	S3-431897078
S1-528775606	S2-480270748,S2-923625397,S3-619756363,S3-197945410
S1-648787389	S2-133319770,S3-505476325,S3-244284407,S3-679069767
S1-670921117	S2-220292197,S2-730038354,S3-701999935
S1-291627646	
S1-243614861	S2-25352803,S3-734390174,S3-927920631
S1-63397969	S2-988231687,S2-146262552,S2-376737716,S2-329644257,S2-421923997,S3-758673433
S1-853017850	S2-718303968,S3-581414774,S3-550826301,S3-369646828
S1-552195584	S2-915637834,S2-454395744,S2-87594938,S2-525588027,S3-455573801
S1-568389706	S2-759738337,S3-431469670
S1-836307970	S2-435010536,S3-887044753
S1-821449305	S2-694552062,S3-643966161,S3-290253190,S3-455690510
S1-991910626	S2-976328439,S2-308760398,S3-863262895
S1-479630628	S2-324239193,S3-562875766,S3-106056189
S1-480165059	S2-296080848,S2-869551322,S3-539702151
S1-512015959	S3-280685313,S3-646507223
S1-632611658	S2-955788542,S2-543849758,S2-419553856,S3-5120645,S3-166285579
S1-854745424	S2-281948124,S2-222184133,S2-79162117,S2-414262459,S3-537086590
S1-881427472	S2-600877358,S2-58379832,S2-406060655,S2-800770842,S3-860800623,S3-540726485,S3-292508828
S1-578969146	S2-732840167,S2-180893509,S3-751114880
S1-539156207	S2-132670210,S3-976421925,S3-587662186
S1-906237051	S2-645530176,S3-697864694,S3-35590715
S1-474425780	S3-629931069,S3-836747539
S1-942327685	S2-428010341,S2-194293131,S2-655244728,S3-863037177,S3-828887178,S3-617872343
S1-427337275	S2-614814615,S2-979630181,S3-371456492,S3-983862778
S1-874841318	S2-150266252,S2-63531497,S3-227827295,S3-104981263
S1-904574887	S2-479225066,S3-276778777,S3-713243281
S1-734343607	S2-820963673,S2-150015481,S3-25851273,S3-859379098,S3-525545589,S3-359167722
S1-176314229	S3-454893688,S3-133894318
S1-698965240	S2-705061633,S2-117893898,S3-114688126,S3-180381178,S3-903576903
S1-567805803	S2-364708249,S2-654158841,S3-381222517,S3-31269670
S1-790626837	S2-334188881
S1-859749238	
S1-58682562	S2-680228698,S2-86577401,S2-620194807,S3-953335357
S1-885382343	S2-196628098,S3-128827291
S1-476801035	S2-521988378,S3-700809072,S3-322962398
S1-444781380	
S1-146307317	S2-210199063,S3-949682882,S3-379151415
S1-181512480	S2-804233455,S3-987613354,S3-549898737
S1-575976860	S2-659530069,S2-649868325,S3-428212842
S1-75955132	S2-736767914,S2-681002168,S2-420738726,S2-256812510,S3-849987350,S3-708945619,S3-224679050,S3-394704319
S1-807473164	S3-201850101
S1-123954374	S2-300579038,S2-681225084,S3-308131658,S3-845125524,S3-189413386,S3-489297025
S1-830244187	S2-734843195,S3-162115643,S3-922540142
S1-776940048	S3-360713301
S1-970108845	S2-805303284,S3-662648635,S3-650289557,S3-652877981,S3-811546829,S3-51874689,S3-588367210
S1-241960552	S2-796648604,S3-370523422,S3-292765579,S3-390935889
S1-516626988	S2-765454189,S2-478099331,S3-188215525,S3-55776184
S1-988127291	S2-158821094,S3-941371908,S3-702977332
S1-903030861	S2-270085233,S2-766515117
S1-434259493	S2-578995745,S3-527547622,S3-640179675,S3-151060158,S3-379882579
S1-902877752	S2-225232745,S2-612212779,S2-635448201,S3-138482002
S1-29638685	
S1-39320823	S2-338424170,S2-73134155,S3-679473672,S3-699572730
S1-251394770	S3-717157482,S3-51783126
S1-320197362	S2-888675989,S2-767248221,S2-65036109,S2-240669043,S3-404493882,S3-622962707,S3-182563134
S1-297273085	S2-183483978,S2-684992071,S3-894563723,S3-139071488
S1-12774901	S2-18956144,S2-562508816,S3-284496986
S1-934965286	S2-438477480,S3-601818855,S3-899383911
S1-441195042	S2-266835841,S3-744571789,S3-476188842,S3-129311650,S3-950227029,S3-937095909
S1-197283650	S2-195138622,S3-433702088
S1-84702736	S2-343558517,S2-668352292,S3-817220553,S3-795360519,S3-808247225
S1-480412046	S3-782543738
S1-814123971	S2-163544770,S2-707890341,S3-908742800
S1-545894832	S2-795357989
S1-242513218	S2-482840786,S2-140981914,S2-794562649,S3-405740461,S3-912100672
S1-545238449	S2-629196058,S3-466276256,S3-919815876
S1-410191178	S2-598944014,S3-925528543
S1-548470625	S2-790203224,S2-381352338,S2-54523612,S3-682330526
S1-55005474	S2-852162801,S2-200762514,S3-866151900
S1-812763347	S2-369183435,S3-860855795,S3-559140752
S1-791039936	S2-964513727,S3-145413400,S3-745295555
S1-697401095	S2-330358973,S2-350973738,S2-349801889,S2-342552523,S3-965145431
S1-483783871	S2-100405502,S2-359505436,S3-853832683
S1-779373633	S3-113626226
S1-12644946	S2-701617261,S2-390959644,S3-253178829,S3-408327731,S3-204915683
S1-991203874	S2-971873262,S2-101593535,S3-660267847
S1-165705021	S2-953550250,S3-76600974
S1-822014589	S2-906424536,S2-300027675,S3-654123920,S3-40121044,S3-46373869
S1-912386514	
S1-227017794	S2-112001303,S2-969490657
S1-855856732	S2-134255993,S3-782566116,S3-794655769
S1-61257951	S2-958503403,S3-857721564,S3-463626116,S3-378595926,S3-8565055,S3-99673782
S1-994944091	
S1-944321474	S2-70981654,S2-931342147
S1-987418640	S2-817423960,S2-265451491,S3-715501048,S3-280983211,S3-858997006
S1-215206193	S2-10464836,S3-869316840,S3-953324141,S3-671543461
S1-213523576	S2-593551414,S3-804656492,S3-218247099,S3-891012235,S3-835666781
S1-22231399	S2-889551505,S2-481892734,S3-848525305,S3-978495872,S3-520932089,S3-214817070
S1-946136758	
S1-968116616	S2-595241288,S2-268305523,S2-445690014,S3-726896735,S3-649469837,S3-330770448
S1-401092478	S2-696900826,S3-700558908
S1-112899603	S2-748690085,S2-66055405,S3-225314966,S3-141203866
S1-859073271	S2-516794943,S3-305499716,S3-27642872,S3-357291729
S1-677762324	S2-314522230,S3-659751877,S3-968560729,S3-724484487
S1-75647835	S2-974453041,S3-45749371
S1-668842874	S2-977550544,S3-928191059,S3-63243546
S1-516145548	S2-993538125,S2-182498316,S2-604087836,S3-190418483,S3-150530396
S1-320613494	S2-208160492,S2-85179626,S3-799614273
S1-547379194	S2-906807708,S3-337899741
S1-412834278	S2-272969282,S2-718649411,S2-323584923,S2-624485645,S2-918998147,S3-415950885,S3-245267691
S1-553980014	S2-531511210,S2-542136861,S2-218152723,S3-361616671
S1-101489848	S2-237163420,S2-364241547,S3-982815963,S3-109142735,S3-491832808
S1-61055888	S2-497157015,S2-522077002,S3-724840531
S1-290852995	S2-818395381,S3-313363924
S1-187969980	S2-970370684,S2-179029030,S3-322011061
S1-56870873	S2-810283210,S2-807429734,S2-892479214,S3-421393331,S3-711012325
S1-641471546	S2-851524578,S2-612250061,S2-903956944,S3-493679421,S3-473371137,S3-7550937,S3-532097140
S1-81457541	S2-65040886
S1-819830281	S2-331642046,S3-226213824,S3-696815166
S1-517897157	S2-783789749,S2-581423813,S3-246079046,S3-655557919
S1-839197091	S2-632796638,S2-864509699,S2-166503856,S3-131040698
S1-925065313	S2-307781966,S2-714904968,S2-501498961
S1-200599840	S2-471993425,S3-528308473,S3-786259918,S3-967948314
S1-876017153	S2-239462540,S2-760877134,S2-18590595,S3-694424348
S1-928951753	S2-794806781,S2-777253955,S3-940165887,S3-932986901,S3-730798209,S3-337210887
S1-851270956	S2-176546486,S2-485538625,S2-283428528,S2-489857331,S2-475751789,S3-327207405,S3-751539149
S1-935947682	S3-144789520
S1-517964369	S2-709906586,S2-201727993,S3-545090961,S3-418004654,S3-582739724
S1-126404567	S2-867038222,S2-378946669,S3-264327795,S3-741406519,S3-679281950
S1-982374580	S2-832061298,S2-71302018,S2-978570448,S3-487107612,S3-752826165
S1-348896585	S2-877505778,S3-201674072,S3-721270317,S3-534885337
S1-584461012	S2-64540689,S2-266457624,S2-15105332,S3-582928081,S3-690724627,S3-39275527
S1-326809846	
S1-130678810	S2-638071315,S3-618917136
S1-721862618	S2-549654838,S2-238280515,S2-479137526,S3-660256827
S1-518226741	S2-679546386,S3-426534430,S3-259490209
S1-341617792	S2-321923974,S2-903209343,S3-80449666
S1-456986509	S2-403986658,S3-546410479
S1-227195130	S2-250518880,S2-84140613,S3-541100479
S1-358364716	S2-48480866,S2-32817640,S3-155929545,S3-329635476,S3-629727178
S1-601057539	S2-715965174,S2-393924192,S3-173758705,S3-907105680,S3-633375529
S1-212055126	S3-3995940,S3-583540276,S3-442923919
S1-158629374	S2-880480035,S2-834407478,S3-524784798,S3-717449017,S3-543882797,S3-575659447
S1-631364489	S2-24659429,S3-662936465,S3-123317096
S1-677859648	S2-61106768,S2-642480015,S3-166742916,S3-20420725
S1-514243214	S2-86647150,S2-416865105
S1-680820568	S2-672153021,S3-929355183,S3-968036354
S1-567591970	S2-197727938
S1-258323017	S2-248485113,S2-509248203,S2-6452785,S3-374525095
S1-419653660	S2-328158074,S2-664871098,S2-111362366,S3-350612084
S1-385108889	S2-828241206,S2-462817608,S2-718888766,S3-531208940
S1-993618935	S2-819793466,S2-421098926,S2-132109690,S2-878454260,S3-211556801,S3-847934756,S3-363281006
S1-213677777	
S1-92619703	S2-493855377,S3-966070522,S3-455637277,S3-752576407
S1-75568266	S3-974579348,S3-164904830,S3-465871384,S3-961225222
S1-364825847	S2-129143281,S3-838242321,S3-381773087
S1-859626905	S2-518076095,S2-136487426,S2-203367981,S3-91615167,S3-351778748
S1-648385603	S2-281799587,S3-511280662,S3-121294985
S1-62959657	S2-504913702,S3-615671948,S3-20907342,S3-883456613
S1-47434022	S2-152763705,S2-622841032,S3-566005246
S1-931812989	
S1-459549547	S2-610638532,S2-249098541,S3-991950841,S3-810615257,S3-888570012,S3-409142116,S3-56227901
S1-73316568	S3-770607410
S1-427694289	S2-310799132,S2-674400212,S3-610339898,S3-274612283,S3-646196798
S1-190983436	S2-249464454,S3-76722263,S3-290844262,S3-234486971
S1-211152214	S2-534932018,S2-901905966,S3-713977995,S3-377182459
S1-170480195	S2-605104691,S2-214829228,S3-802303283,S3-996841239,S3-640708446,S3-514065419
S1-854407024	S2-424538166,S2-397336452,S3-274296525
S1-778641857	S2-174712908,S2-244925889,S3-577832357,S3-136498578
S1-692905346	S2-933774764,S3-328193846,S3-756800241,S3-222294729
S1-952539877	S2-554531699,S2-925619523,S3-401042440,S3-218238234
S1-228396062	S2-890159928,S3-605881530,S3-87499438,S3-159663276
S1-410966993	S2-557787960,S3-553075702,S3-981228787
S1-57991397	S2-333575544,S3-240544057
S1-573576602	S3-515292501,S3-538982099,S3-645237058
S1-652504302	S2-866582923,S3-141126635
S1-695038789	S2-729384482,S2-93795475,S3-201151917
S1-303651856	S2-643350163,S2-944453471,S2-269674948,S3-860085379,S3-710862482,S3-967139291
S1-219743351	S2-918787796,S2-61482744,S2-609691870,S3-240231812,S3-225775617,S3-347456356,S3-291894826
S1-410098763	S2-903366110,S2-220573948,S3-758037525,S3-97951785,S3-29545975
S1-897499599	S2-375493164,S2-866299554,S2-764061166,S2-563876048,S3-283144266
S1-827961430	S3-293673973
S1-18992526	S2-822159029,S2-198522877,S3-989879104
S1-5841304	S2-930497401,S2-51059183,S2-605006666,S3-792622301,S3-676611107
S1-451034027	S2-510496925,S2-298919173,S3-657396782,S3-24113569
S1-699259801	S2-726724523,S2-581454109,S3-347732872,S3-211686850,S3-529662148,S3-81567232
S1-980398469	S2-355108209,S2-429420559,S3-41006359
S1-642066120	S2-197673799,S3-1166070,S3-750318723
S1-428321031	S2-166748168,S2-482035039,S2-987280020,S3-558498470,S3-220423537
S1-229535895	S2-551779810,S3-126554733,S3-435014612,S3-971509352
S1-602572800	S2-809206711,S2-344452345,S3-585637782
S1-219911274	S2-682031495,S2-381024280,S3-79253504,S3-139364155
S1-927199447	S2-576200580,S3-856136634,S3-395941434,S3-949525533,S3-199753878
S1-610439288	S2-274436996,S2-230619897,S2-178271016,S3-901072749
S1-695573346	S2-298125504,S2-516741107,S3-473446623,S3-472519942,S3-632770793
S1-800298598	S3-643819510,S3-581405743
S1-587534913	S2-598874606,S2-396804816,S3-563232142,S3-647645205,S3-87525658
S1-824698810	S2-256825144,S3-401267602,S3-246567826,S3-154911438,S3-30488339
S1-733293133	S2-774180308,S3-908122851
S1-310416338	S2-15340838
S1-237396385	S2-425141884,S3-467840377
S1-720485024	S2-872369676,S2-155113698,S3-535745413,S3-944208319,S3-508548752
S1-482288518	S3-287643863,S3-780046609,S3-123731064
S1-161378114	S2-218107690,S2-257274730,S3-187811310
S1-776613862	S2-648987873,S2-485030930,S3-42868180
S1-239756507	S2-543271699,S2-224235218,S3-919231255,S3-427048224,S3-192006469
S1-136066185	S2-45834998,S3-937195265,S3-374291472
S1-419148871	S3-31190914,S3-421153344
S1-254829285	S2-116334140,S3-893194893
S1-651461391	S2-414793085,S2-874724016,S2-521785102,S2-829461765,S3-318072606
S1-345870202	S2-409447110,S2-947088841,S2-101720584,S3-993766497,S3-521803755
S1-108126041	S3-393375847
S1-577462583	S2-180944348,S3-422346241
S1-681006617	S2-877743213,S3-21724912,S3-283825335
S1-275074666	S2-122356354,S2-364119502,S3-17162877,S3-680198437,S3-519971564
S1-29710861	
S1-731512242	S2-683337901,S2-753985671,S2-132211797,S3-959784747
S1-736900711	S2-443991636,S2-59308553,S2-461183576
S1-459312732	S2-838055815,S2-535861391,S3-195313077,S3-26804374
S1-583730922	S3-564011753
S1-619487651	S2-43020864,S2-190335365,S3-840435070,S3-99936581,S3-205340080,S3-442575603
S1-326678390	S3-396860386
S1-889467741	S3-845980494,S3-746878989,S3-847575407,S3-672357638
S1-810162710	S2-826534987
S1-18661705	S3-42209874
S1-603715769	S2-837560831,S2-386360544,S2-189710889,S3-144896639
S1-249531070	S2-669416002,S2-841911691,S2-163902385,S3-660835511
S1-566378242	S2-740217417,S2-915030076,S2-381571822,S3-292298898
S1-218506775	S2-947208502,S3-352495008,S3-970417697
S1-3081322	S2-690402117,S3-830423509
S1-72483315	S2-296385109,S3-371955881
S1-123753497	S2-424735210,S2-82956406,S2-137067309,S3-692518054,S3-178781439
S1-555844437	S2-842642475,S2-745052521,S3-897569433,S3-725098645,S3-647146138,S3-85296349
S1-567992042	S2-125388824,S2-746511185
S1-191699190	S2-894421222,S3-569118204,S3-226478754,S3-63574698
S1-479908479	S2-494200181,S3-501933625,S3-553097211
S1-616508563	S3-212931109
S1-112103139	S2-759356379,S2-113998336,S2-774506285
S1-492532185	S2-146224964,S2-542393953,S2-83126811,S2-333141812,S3-918793477
S1-213483563	S2-490724985,S3-65220559
S1-492206351	S2-789791741,S2-450754688,S3-757119129,S3-489100487
S1-135243965	S2-352804046,S3-97349765
S1-945299780	S2-967866216,S3-961650418,S3-484934781
S1-638860741	S2-826073455,S3-645674617,S3-107751526
S1-117550439	S2-823182091,S3-473181268
S1-38148888	S2-775167429,S2-616289741,S3-77537322
S1-537049609	S2-131166817,S2-835228069,S2-430546603,S2-329470053
S1-940210651	S2-759947909,S2-327423781
S1-804564464	S2-501134182,S3-939411066
S1-987019767	S2-706002901,S2-474094139,S2-952890815,S3-207225431,S3-242301082,S3-228843051
S1-924058278	S2-195663651,S2-598639321,S3-677598073
S1-75409236	S2-725116319,S2-171001696,S3-61930178
S1-948975956	S2-382706465,S3-661124796
S1-441745222	S2-163149125,S2-370885567,S3-277309015,S3-996121174,S3-219415839
S1-355973576	S2-934206357,S2-991631708
S1-519072499	S2-998610291
S1-797606798	S2-705170705,S3-60349061,S3-925247633
S1-622499087	
S1-771996357	S2-96421980,S3-563496384,S3-615157482,S3-253577623
S1-371604623	S3-954878411,S3-638135721
S1-685460772	S2-322978149,S3-326122873,S3-717477529,S3-226958214
S1-280879705	S2-332013236,S2-243693723,S3-303052414
S1-470604383	S2-386674981,S2-809904865,S3-322574972,S3-475831356
S1-168972670	S2-987683373,S3-518432875
S1-13590300	S2-769807124,S2-821827245,S3-298455205,S3-311660254
S1-591545615	S2-97600818,S2-265840493,S3-885336435,S3-796349678
S1-195746738	S2-457391716,S2-321116488,S3-942578260
S1-291224449	S2-815590607,S2-688864449,S2-270412232,S3-559755892,S3-662221037
S1-409377202	S3-905154044
S1-237844044	S2-365304053,S3-26991906,S3-424085885,S3-531004542
S1-101382761	S2-793282305,S2-2727533,S3-556027629
S1-874179258	S2-54116399,S3-170228242
S1-258615917	S2-529702553,S2-354538702,S2-876213906,S3-357772186,S3-38875726
S1-392593207	S2-606222314,S2-204771213,S2-497615222,S2-724456765,S3-296291284,S3-519876323
S1-524838951	
S1-737101358	S2-682089228,S2-160870818,S2-135833658,S3-325904221
S1-826200365	S3-250576533
S1-37067615	
S1-955910744	S2-656725318,S2-283773340,S2-95791410,S2-358648910,S3-923383397
S1-165439113	S2-113666660,S3-824176882,S3-634932993
S1-953118851	S2-853328003,S2-402636656,S2-249600249,S3-219970808
S1-579412346	S2-724895788,S3-740510567,S3-55213455,S3-968352327
S1-182688684	S2-869173994,S3-372654387
S1-824880975	S2-826631071,S3-611569401
S1-575401754	S2-48646944,S3-39454721
S1-934547015	S2-798764093,S3-455153610,S3-508987345,S3-337922615
S1-798934107	S2-822244632,S3-396346606,S3-523020291
S1-125598698	S2-91762273,S2-567635026,S3-601726828,S3-194807788,S3-805257562
S1-606935778	S2-694038293,S3-522987678,S3-719057079,S3-129040348
S1-86988712	S2-476748669,S3-55979073,S3-258572762,S3-551807312,S3-870447537
S1-278745109	S2-431594372,S3-59697409
S1-754360125	S2-848701579,S2-544274039,S3-914767307,S3-790955693
S1-19120979	S2-39664452,S2-357067575,S2-12315624,S3-892256069
S1-705151737	S2-428712271,S2-413853158,S2-719509241,S3-922075221
S1-264202033	S2-191800104,S2-338840410,S2-464122823,S2-298031853,S2-948016696,S3-71261548,S3-668897865
S1-245636749	S2-41916238,S3-859692991,S3-227263904
S1-965013328	S2-11189394,S2-908519341,S3-636342781,S3-499471350,S3-442663106
S1-966574868	S2-790843631,S2-818983325,S3-998530064,S3-262150838,S3-50106297
S1-980255958	S2-126356943,S2-321331240,S3-349770548,S3-2684207
S1-667148460	S3-247065235,S3-516245397,S3-742205629
S1-139817607	S3-492388092
S1-94743021	S2-597463444,S3-787303308,S3-390650519,S3-666856687,S3-162964189,S3-343037678
S1-839766065	S2-485441636,S2-893930150,S2-133771905,S3-387402245,S3-401198763
S1-573940472	S2-12500545,S2-86178542,S2-202150774
S1-909935535	S2-138302639,S2-63185883,S2-470098608,S3-334505312,S3-194888063,S3-608763623
S1-574393961	S2-511639211,S2-891655019
S1-976201522	S2-516583998,S2-204943961,S3-68386538,S3-578748243,S3-148465437
S1-234543016	S2-669573700,S3-328759926
S1-327630626	S2-133312721,S2-986465070,S3-524629158,S3-65279143,S3-595673224
S1-602622989	S2-332606499,S3-417101437,S3-764433993
S1-554813216	S2-318729023,S3-631637707
S1-501382784	S2-38072083,S2-561592400,S2-368879184,S3-179182329,S3-755630946,S3-59079417
S1-758733944	S2-114236380,S2-584885386,S3-949008154
S1-394472740	S2-305859686,S2-525412079,S3-387659370,S3-59314895,S3-678984149
S1-387170157	S2-679078004,S2-957125948,S3-648592021
S1-554430768	S2-49351813,S3-882814865,S3-124396687
S1-754440704	S2-404342533,S3-143563864
S1-803231619	S2-987331425,S2-561800147,S2-409453876
S1-92586149	S2-365182578,S2-277492757,S2-579653886,S3-136076824,S3-631083323,S3-162530063
S1-753322276	S2-656830773,S2-598990890,S3-663096208
S1-504602835	S2-337859100,S3-15585754,S3-3555495
S1-199707464	S2-377270485,S3-137732875,S3-571498812
S1-30461340	S2-639864710,S3-919259487,S3-442237990,S3-702045174
S1-493766844	S2-451009530,S2-691171760,S3-205681946,S3-637657159,S3-563763978
S1-790283277	S2-946689649,S3-306529034
S1-672966575	S3-766376515,S3-279900924
S1-924391383	S2-360643694,S2-602024775,S3-696232317,S3-956848387
S1-987271143	S2-962645843,S2-472999402,S2-773910064
S1-958415844	S2-704062062
S1-297392219	S2-448325676,S2-290146000,S3-23245351
S1-237835600	S2-678197746,S3-249337791
S1-977617024	S3-744096926
S1-64473990	S2-430060027,S3-669475166,S3-139759084,S3-726015985
S1-28378224	
S1-878798294	S2-489720059,S3-557561585,S3-800978359,S3-809598906
S1-92320641	S2-503096973,S2-950806100,S3-323510257
S1-448879688	S2-337929438,S3-818476001,S3-963618231,S3-993976976,S3-951200748
S1-146175725	S2-983800577,S2-324160695,S2-221967678,S2-289452200,S3-901270500
S1-197191775	S2-304059819,S3-624279339,S3-420861486,S3-125931363,S3-647134855,S3-102829552
S1-617949405	S2-488772456,S2-228526686,S3-621020765,S3-846197612
S1-585797212	S2-761694508,S3-540787238,S3-382714782,S3-895625425,S3-714729271
S1-893785811	S2-470828328,S3-425202715,S3-767167235,S3-732941484
S1-534435182	S2-243789441,S2-132411410,S3-779500889,S3-319484786
S1-784317120	S2-855643724,S3-378001590,S3-347715105
S1-34893574	S2-204613241,S3-181695372
S1-800637719	S2-181168057,S2-177382847,S2-992580051,S2-114735577,S2-66288863,S3-651459416,S3-293396707,S3-656364376
S1-920892943	S2-472662607,S2-428612922,S2-367775434,S3-549786816,S3-205778563,S3-744803323,S3-886987898
S1-882430281	S2-866016777,S2-716654288,S3-590794934,S3-794615092
S1-954428399	S2-845311792,S2-594140957,S3-70682146,S3-473629418,S3-520708999
S1-189623523	S2-479313602
S1-435024822	S2-397975069,S2-68278748,S3-976495164
S1-103197047	S2-771902332,S2-720365335,S3-891274178
S1-169892730	S2-707651102,S2-764509148,S3-977981019,S3-738594642,S3-965401382
S1-485652477	S2-210580123,S3-874496445
S1-317882852	S2-351841342
S1-887261488	S2-62657977,S2-405950319,S2-426866210,S3-188109329,S3-216099618
S1-424852501	S2-709976763,S2-56853061,S2-89807947,S3-182851262
S1-16815808	S2-334228104,S2-139469909,S2-154293201,S3-469816902,S3-6185852
S1-316711179	
S1-214852530	S2-146886859,S2-244552582,S3-312471364,S3-614873997,S3-234706880
S1-606874628	S2-293299615
S1-219899489	S2-604159556,S2-644903194,S3-427972909,S3-597508743,S3-573028011
S1-186817890	S2-831231476,S2-736032235,S3-40356909
S1-587924264	S2-141699379,S3-19919017
S1-443035460	S2-261105274,S3-344174773
S1-768133841	S2-167301952,S2-270267936,S3-810938510
S1-947153896	S2-212559390,S2-451195303,S2-500403761,S3-432859658,S3-115482715
S1-165863837	S2-823696119
S1-740383519	S2-385305736,S3-1438357,S3-897778113
S1-124421307	S3-674820457,S3-459537033
S1-762946636	S2-544276361,S3-79592475
S1-137476266	S2-20560998,S2-901022995,S3-886307520
S1-679059958	S2-239236016,S2-994899897,S3-702598718,S3-403403789
S1-635778929	S2-761861790,S2-419615686,S2-521912531,S2-276637478,S3-591458749,S3-465231531
S1-837759481	S2-728853787,S2-555655161
S1-910830033	S3-497134296
S1-581635427	S2-194607942,S3-736495233
S1-295310151	S2-586479090,S3-706890520
S1-546362229	
S1-10429353	S2-62207039
S1-798969495	S2-703913550,S2-2905181,S2-217244962,S2-869066653,S3-79508945
S1-109704933	S2-114666924,S3-790281380
S1-105505873	S2-174373781,S3-997363211,S3-446201055
S1-166711651	S2-397896569,S3-910901014
S1-616745417	S2-575032447,S2-285795214,S2-468449975,S2-124445115,S3-349196848
S1-151534168	S2-845499639,S2-393446160,S3-601276467
S1-935712403	S2-693900966,S2-24340853,S2-645000044,S3-60553650
S1-843128279	S2-698770637,S2-110798806,S3-245658594,S3-204832530
S1-831604613	S2-266706354,S3-823452860,S3-961186228,S3-505550796
S1-271919278	S2-617280971,S3-686154455,S3-132979176,S3-949931669,S3-620220775
S1-249561749	S2-655545523,S2-724869539,S3-134732772
S1-149175796	S3-846056992
S1-628162456	S2-46278520,S3-576120657,S3-348493550
S1-622654380	
S1-397523608	S2-572469271,S2-675603427
S1-151865172	S2-320660207,S2-739512920,S2-4653720,S3-94313115,S3-260199603
S1-52325438	S2-98092640,S2-827811863
S1-142629168	S2-823753578,S2-211082490,S3-290343367,S3-382560955
S1-945170568	S2-923366565,S3-276913184,S3-400127682
S1-952573445	S2-505240225,S3-204779714,S3-110486777,S3-532680307
S1-473572147	S2-53507636
S1-43917678	S2-450137913,S3-831244884
S1-156800334	S2-696352769,S2-53747396,S2-944925749,S3-342350828,S3-257015019
S1-680058241	S2-837340445,S2-626891306,S3-279278168
S1-132952952	S3-430319054,S3-683047435
S1-525008990	S2-535779027,S3-424047530,S3-791761883,S3-25053541
S1-228985375	S2-398016044,S2-655399230,S3-125532070,S3-676183236,S3-545896040,S3-215249150,S3-817318025
S1-724380799	S3-461716670,S3-928084105
S1-893200601	S2-415798729,S2-847696930,S2-441904308,S2-465697218,S3-477294625,S3-297782165
S1-772044895	S2-924811680,S3-873132629
S1-999864022	S2-731557040,S2-458588128,S3-539147118,S3-97073120
S1-886524749	S2-568622851,S3-286210020
S1-873506742	
S1-993151535	S3-434941857
S1-169673012	S2-22579682,S2-789331731,S2-302907487,S3-535534863,S3-556328935
S1-906812446	S2-126591908,S3-752088306,S3-9926688,S3-566410856,S3-493533906,S3-38620997
S1-488367875	S3-3342582
S1-686100928	S2-907595214,S2-232001102
S1-709131175	S2-942211645,S3-929828795
S1-1767056	S2-466876421,S3-224775746
S1-422305284	S2-809531222,S2-819677508,S2-777985796,S2-529422166,S2-204828242,S3-712300405,S3-318121933
S1-742952830	S2-870700044,S3-765910797,S3-81291815
S1-813227265	S2-642931166,S2-887469083,S3-726743114,S3-702225015,S3-606796154
S1-858123443	S2-258929302,S3-668461074
S1-106744365	S2-206533487,S3-833239287
S1-62205513	S2-485551536,S3-471718597,S3-298529858
S1-119113024	S2-710443470,S2-878445713,S2-392727116,S3-940034456
S1-329895086	S2-474656445,S3-23213017,S3-987081535,S3-167732128,S3-534704527
S1-61186294	S2-530794496,S3-295062663
S1-119314581	S2-219992759,S3-983658584,S3-493781531,S3-171584536
S1-102235953	S2-966443359,S3-43207530,S3-689902656,S3-383067622
S1-298936396	S2-21964242,S3-830195255
S1-177460350	S2-687200122,S3-801398875,S3-306399977,S3-356149368,S3-69911533
S1-479910651	S2-201300163,S2-210294184,S3-14977401,S3-740274367
S1-5446151	S2-521453411,S2-961471468,S3-177492830,S3-847168510,S3-172038940,S3-661316007,S3-133090439
S1-683507775	S2-9301003,S3-917366964
S1-854642167	S2-834894232,S3-823091234
S1-850998527	S2-883523179,S3-904576453
S1-618728145	S2-956520559,S3-646390898
S1-299982735	S2-456408785,S2-934572613,S3-154319124
S1-195811431	S2-98171744,S2-820984292,S2-379752058,S2-355832542,S3-11551381,S3-375228712
S1-645803770	S2-636551145,S2-363858246,S3-457617522,S3-536701229
S1-786249271	S2-565022668,S2-756248328,S3-949865790,S3-76453300,S3-637687763
S1-424318744	S2-900323873,S2-595783250,S3-183665204
S1-605530969	S2-92425360,S2-423944142,S3-551386925
S1-204551299	S2-988695042,S3-639027951,S3-385685577,S3-792520183
S1-498497018	S2-607603579,S3-453271466
S1-710157192	S2-273264431
S1-615480241	S2-719773531,S2-128583426,S3-431126893,S3-144455305
S1-123344579	S3-456465601
S1-165934084	S2-514294369,S2-720617077,S2-224999108,S3-618590229,S3-659766984
S1-427923930	S2-287881908,S3-427430425,S3-868137253,S3-440411053
S1-635175466	S2-807976661,S2-656059620,S3-669215883,S3-523019038
S1-784958839	
S1-275466731	S3-862977034,S3-620161967
S1-173796163	S2-225692872,S2-568964751,S3-492920714
S1-641779989	S2-727957187,S3-348530778,S3-689537969
S1-971139582	S2-736416326,S2-609096783,S2-918709376,S3-752824843
S1-304471163	S2-620864327
S1-332315898	S2-330168440,S2-215680911,S3-999915310
S1-483230895	
S1-649463678	S2-35127511,S3-160871263,S3-674342403,S3-957630481
S1-600756576	S2-963326834,S3-747081335,S3-763320788
S1-597396032	S2-68938,S2-803087925,S3-936020087,S3-247426121
S1-353676651	S2-160176253,S2-362979139,S2-836428745,S3-289405594
S1-41548313	S2-585301488,S3-835995790
S1-809926404	S2-536044958,S2-874402762,S2-705475626,S3-305874152,S3-720001228
S1-261785622	S2-712794749,S3-417103975
S1-451467424	S2-924719153,S3-197025895
S1-738253904	
S1-794320782	S2-581516899,S3-220922390
S1-850768748	S2-143192085,S3-18903199
S1-92655444	S2-758344489,S3-25730678,S3-46861731
S1-791955392	S2-766432697,S2-427314432,S2-163260922,S2-85030263,S3-26822846,S3-391093,S3-894319981,S3-342371243
S1-18287734	S2-637067535,S3-738453378,S3-983054432,S3-423555350
S1-749770460	S2-766330604,S2-82190635,S3-232070144,S3-822468271
S1-381232492	S2-217945344,S2-3724366,S3-197433476,S3-255500055
S1-590751655	S2-25007287,S2-78968328,S2-418035296
S1-540183225	S2-301777281,S3-990160299
S1-265188966	S2-969540374,S2-915163146,S2-888012158
S1-40996055	S2-901001675,S3-436118561,S3-14071568,S3-1702403
S1-116186128	S2-489057353,S2-625164827,S2-560961163,S3-189003156,S3-606952382
S1-939128133	S2-978456609,S2-554214271,S3-455357307,S3-215144291,S3-189591878
S1-450758068	S2-439496600,S2-640267862,S2-513233117,S3-597046096
S1-664219193	S2-262808523,S3-486839293,S3-860627227
S1-727200153	S2-836105489,S2-474747120,S2-587529231,S3-193684209,S3-151583521
S1-102699994	S2-897513300,S2-986977772,S2-209196709,S3-161690960,S3-620893839
S1-44537685	S2-907101224,S2-620256389,S3-355912775,S3-631625911,S3-100715262,S3-167762134
S1-638007580	S2-437662519,S2-823630833,S3-602749584,S3-851752573
S1-73660642	S2-387321070,S2-632626072,S3-205434147,S3-678184464
S1-787034428	S2-118816564,S2-796861362,S2-242901315,S3-582545468
S1-251571228	S2-414875259,S2-228594895,S3-924383888,S3-881854727,S3-129467228
S1-938293766	S2-332947290,S2-525931897,S2-106832566,S3-497793791,S3-426485382,S3-850278719
S1-24781781	S2-440361719,S3-122478819
S1-373479106	S2-397531852,S2-921517501,S3-244725045
S1-830977304	
S1-499059063	S2-403198784,S3-967506528,S3-127592026
S1-435112568	S2-386275322,S2-119683936,S2-865375879,S2-937338174,S3-983937543
S1-530613939	S2-64192716,S3-832929815,S3-87965858
S1-210969639	S2-1510056,S3-930832675
S1-467854972	S2-592998290,S3-617277649,S3-242438526
S1-54304844	S2-874118489,S3-516122556,S3-281275894
S1-177284754	S2-882964794,S2-134889144
S1-957865703	S2-813830394,S3-396441894,S3-45458150
S1-668026742	S2-120026346,S3-144213823,S3-627497943
S1-972175487	S2-702200396,S3-196050805,S3-650261382
S1-202527037	S2-638134964,S2-243438405,S2-301505477,S2-536705740,S2-601344261,S3-396940839,S3-826061219,S3-299362318
S1-64070457	S2-26440386,S2-511213950,S3-643368818
S1-28412863	S2-896840373,S3-674820479
S1-861178679	S2-161642378,S3-881956022,S3-48354690,S3-535424892,S3-837058819
S1-351027383	S2-951833428,S2-249723962,S2-353277890,S2-211681402,S3-830868778
S1-26260317	S2-82086528
S1-901259260	S2-986388554,S3-600976731
S1-120032802	S2-732227232,S3-692390230,S3-900591192
S1-981419859	S3-968991144,S3-360051152
S1-297994251	S2-391589696,S3-626602882,S3-315475924,S3-179966275
S1-434993324	S2-831595219,S2-505047843,S2-308409905,S3-242080232
S1-393437005	S2-328563130,S2-901877151,S3-292880801,S3-403237757,S3-90936709
S1-5176861	S2-594189306,S2-683615299,S3-172435774,S3-232688363
S1-2504663	S2-821567896,S2-121071048,S3-909541719,S3-311308930
S1-770186164	S2-830803953,S3-285779754
S1-854277047	S2-330572041,S2-130703773,S2-501643728
S1-242290130	S2-381839189,S2-477436506,S3-930938075
S1-248008193	S2-90268836,S3-266420037,S3-786277644
S1-91795044	S2-979814430,S3-719378086
S1-101616699	S2-884414394,S2-109137019,S3-883038295
S1-894092820	
S1-25571518	S2-549851030,S2-615202675,S3-760406148,S3-464641122
S1-911347482	S3-642122902,S3-215723287,S3-911310825
S1-959202154	S2-439048210,S2-545606203,S3-605464379,S3-869622074
S1-90709136	S2-612143205,S3-752226220
S1-536522516	S2-393489046,S2-400993475,S2-764509958,S3-556434482
S1-159664575	
S1-110510552	S2-405010588,S2-784414209,S3-628965646,S3-769069909,S3-942423438
S1-177891465	
S1-656272170	S2-259905732,S3-986525470,S3-821544061
S1-461213279	S2-704662458,S3-535020981,S3-440070970,S3-539817107
S1-59294492	S2-793010675
S1-902483610	S2-152191715,S2-464948269,S3-339374591
S1-574708080	S2-601463667,S2-800542791,S2-98045491,S2-524539011,S3-887744447,S3-206512885,S3-106839188
S1-574204677	S2-801920651,S2-295147107,S3-269014263,S3-588403156,S3-813981359
S1-356676564	S2-597309306,S3-476023638
S1-764803860	S2-818125011,S2-426738321,S2-437757218,S2-748766282,S3-899925739,S3-791817695,S3-997967171
S1-976493247	
S1-84773365	S2-326465735,S3-119362981
S1-468252603	S2-444386813,S3-752780897,S3-91293786
S1-41860815	S2-330325789,S2-917505537,S2-993480138,S3-997739620
S1-278318967	S2-185896576,S3-765326677
S1-808590468	S2-694884340
S1-953239179	S2-815004905,S2-583441113,S2-899851040
S1-103933250	S2-559740744,S2-85664525,S2-36452339,S3-234495955,S3-703874842
S1-27087469	S2-998088801,S3-782614995,S3-47700555
S1-57255836	S2-698671542,S3-766977967,S3-598347856
S1-556643763	S2-951281366,S2-232433808,S2-306868063,S3-646461249,S3-564692433,S3-629192695
S1-287377897	S3-496981224,S3-651965991,S3-850891260
S1-100494146	
S1-489764205	S2-206962165,S3-456054071
S1-129562432	
S1-499684797	S2-332774345,S2-147862376,S3-944706178,S3-978542666,S3-188517392
S1-116039448	S2-814015799,S2-387667522,S2-602373646,S3-69886910,S3-846069301,S3-20389771
S1-88851929	S2-588998672,S2-871015987,S2-157212403,S2-836958351,S3-958024969,S3-722697790
S1-907835803	S2-753553886,S2-790426989,S2-471757833,S2-638013395,S3-80529830
S1-559312863	S2-890708113,S2-586122107,S3-425564614,S3-720950908,S3-22544209,S3-262085943
S1-283413762	S3-701259651,S3-434755750
S1-871707454	S2-488349979,S3-419954923,S3-469840763,S3-635091693,S3-19518827,S3-859665238
S1-718211730	S2-482674679,S2-806011816,S2-688789768,S3-214154077
S1-576978585	S3-10432924,S3-239806391
S1-276799328	S2-589300359,S3-908042645,S3-300239679
S1-443083053	S2-353284657,S3-211757330
S1-923794442	S2-718393344,S2-879684954,S3-330262664,S3-329495668,S3-617383832
S1-651350749	S2-665094962,S3-668375104,S3-349273564,S3-696763034
S1-317493575	S2-442064260,S2-19938307,S3-688953458,S3-10927507,S3-987828450
S1-185314861	S2-796222276,S3-429251283,S3-610654570
S1-891925120	S2-508077733,S3-670075047,S3-23313438
S1-279268274	S2-892002371,S3-156880687
S1-570045829	S2-370951824,S3-984652379,S3-593397782
S1-544307591	S2-226238286,S2-118852991,S3-898491877,S3-355619375
S1-701511178	S2-189100697,S2-368726257,S3-896533030,S3-576891582
S1-504079090	S2-559913778,S2-344165150,S3-557623974
S1-436097843	S2-478810034,S2-593006190,S3-637165490,S3-490574985,S3-666935726
S1-430370266	S2-149415329,S3-48238211,S3-475905305
S1-957801076	S2-615227632,S2-57050747,S2-738521908,S2-338495112,S3-460764240,S3-796016298,S3-187778788
S1-658157901	S2-2930052,S2-831851654,S3-180187286,S3-316588936
S1-965235875	S2-206971646,S2-272582108,S3-973892781,S3-70936821,S3-784541676,S3-232097117
S1-411971933	
S1-596934712	S2-126908582,S2-761065571,S3-470446455
S1-125604076	S2-318422968,S2-191821644,S3-336523822,S3-50774729,S3-312581303
S1-862786703	S2-134239016,S3-142896264
S1-229101904	S3-670402923
S1-385414882	S2-378495352,S2-849620356,S2-495357849,S3-714901464,S3-364360207
S1-41174862	S2-248581312,S2-18426195,S2-415617138,S2-795872162,S3-582077740,S3-506418297,S3-398655515
S1-406538904	S2-635386540,S2-630882803,S2-112570163,S3-754777762,S3-575928723,S3-738040594
S1-85750483	S2-645466504,S3-529705130,S3-201645863,S3-565214145
S1-83191815	S2-590500496,S2-156066234,S3-854001966
S1-359676167	
S1-161118366	S2-419388639,S2-532666937,S2-973541773,S2-582956766,S3-130894343,S3-967300422,S3-215505161
S1-449276830	
S1-945654887	S2-589887454,S2-212202425,S2-626647102,S2-894414985,S2-788263039,S3-375249677,S3-880061417
S1-209654919	S2-105563363,S3-115316711,S3-807864382
S1-318896814	S2-853561476,S2-612640312,S2-841151317,S3-112433755,S3-536823063,S3-754547082
S1-137391517	S2-442283074,S2-221024254,S2-74822366,S3-493943552,S3-959517380
S1-78643357	S2-93477714,S3-359641850
S1-51143350	S2-2735386,S3-75115484
S1-264545355	S3-962648269
S1-329191780	S2-122665965,S2-259569040,S3-951386381
S1-537552661	S2-882037878,S3-9509218
S1-390118384	S2-759073788,S2-975267409,S3-470601787,S3-520764007
S1-929222141	S2-984856406,S2-208356495,S3-630780739
S1-887702558	S2-559322219,S3-438797726,S3-241843008
S1-151294361	S2-592945816,S3-987270460
S1-138675208	S2-690824061,S2-420554201,S2-834519382,S3-479819874,S3-782895306,S3-745195663
S1-741074528	S2-992784498,S3-602962723,S3-279245689
S1-518704693	S2-327530203,S3-387021825,S3-944225815
S1-495821213	S2-74609598,S2-991779193,S2-152222870,S3-864767105
S1-794446853	S2-244177160,S2-90000825,S2-10584256,S3-882689732,S3-202423620
S1-526158174	S2-847102847,S3-555815015,S3-224734864,S3-896354227
S1-685069295	S2-365403838,S3-11330798,S3-580532706
S1-794700522	S2-952293179,S3-68050263,S3-739326515,S3-722569725,S3-137715666
S1-96365631	S2-601602699,S2-716959045,S3-424076754
S1-733309278	S2-329582044,S3-988796346,S3-649915517
S1-459433544	S2-587078412,S3-560868242
S1-734016669	S2-159952544,S2-819336155,S2-913354358,S2-405389987,S3-680712509,S3-866422447
S1-748967505	S2-621949528,S2-641822405,S3-916127703,S3-129703698,S3-294810223
S1-707948466	
S1-976695480	S2-404151832,S2-794651053,S2-699214141,S3-968121503,S3-906252912
S1-422312162	S2-848818793,S2-738919743,S3-246634744,S3-280323517,S3-828534610
S1-830760746	S2-162237555,S2-431294238,S2-637864851,S3-915185357
S1-450375940	S2-22741769,S2-107451990,S3-20084449,S3-479895149
S1-807454188	S2-949371202,S3-169981343,S3-60393655,S3-640048316,S3-395266607
S1-39850870	S2-628606799,S3-462067441,S3-476023545
S1-175540732	S2-164603653,S2-939374160,S3-360181892
S1-99974281	S2-575823199,S3-472300074,S3-291325216
S1-278875734	S2-855411421,S3-737847609,S3-951986284,S3-525969278,S3-35392327
S1-423156254	S2-94501193,S3-25366579,S3-604915022,S3-189683236,S3-422795816
S1-410059814	S2-299756093,S2-858801371,S3-661333824
S1-977569667	S2-664974745,S3-524271147
S1-20051175	
S1-18753975	S2-620874234,S3-500545988,S3-852272955,S3-987383629
S1-839715682	
S1-880264430	S2-550554719,S2-477372973,S2-573418077,S3-24087866,S3-437361602
S1-903942090	S2-515049142,S2-582670825,S2-39607123,S3-16279323
S1-213772569	S2-370448429,S2-269550452,S2-759425190,S2-201829232,S3-169728505
S1-475546205	S2-778591782,S3-657538820
S1-552046556	S2-702276010,S2-282320545,S3-402963045,S3-871161251,S3-359417072
S1-201754812	S3-149869209,S3-130449900
S1-33893492	S2-509745665,S3-100916663
S1-525093400	S2-51910616,S3-33908729
S1-494083846	
S1-345158560	S2-764070758,S3-749904893,S3-650710220
S1-422431573	S3-363143740,S3-625192132
S1-768612134	S2-135615022,S2-951815461,S3-820124209,S3-592278146,S3-62526664,S3-753184399
S1-707708298	S2-336041416,S2-260337113,S3-611152429,S3-628830547
S1-313523541	S2-992961323,S3-852216666
S1-985499756	S2-191569580,S2-782135869,S3-496636517,S3-269994292,S3-468446508
S1-534769202	S2-863740218,S2-540278685,S2-183283900,S3-76290163,S3-480372399,S3-290580517,S3-753003076
S1-883331070	S2-911859368,S3-489160342
S1-36246604	S2-472548867,S3-15013031
S1-146460064	S2-280597646,S2-765043593,S3-957048113,S3-689113959,S3-215797960
S1-73044948	S2-594496061,S3-268364422
S1-400066789	S3-437480429
S1-580322355	S2-389276561,S2-722804418,S3-80151469
S1-752555419	S2-447479356,S2-704048912,S3-860755051
S1-730022975	S2-146833628,S3-950723977,S3-698432425
S1-915997245	S2-33474419,S2-157974358,S3-417284548,S3-352070826
S1-561064692	S2-830820238,S2-588903032,S2-643557967,S3-773117086,S3-225935012
S1-862898267	S2-195641115,S2-66786042,S3-338256415,S3-338762460,S3-256145857
S1-113396426	S3-455757453,S3-491334133,S3-315427381
S1-252706605	S2-6974208,S2-336308134,S3-880050552,S3-976606234
S1-565252755	
S1-860837931	S2-831274173,S2-225911385,S3-871680714,S3-358163770
S1-437556076	S2-288688794,S2-663703999,S3-245077729
S1-115208052	S2-699831452,S2-4308534,S3-554063913,S3-643471489
S1-131281607	S2-50878962,S2-248132886,S3-929888062,S3-968742643,S3-702685360
S1-857266932	S2-235755636,S2-673043589,S2-84957704,S3-906544545,S3-984405415,S3-651041298
S1-869931920	S2-799990224,S3-456838067,S3-37780715,S3-977681161
S1-267455678	S2-425627544,S2-578670460,S3-833061729
S1-277428803	S2-515506307,S3-190133184,S3-543159142,S3-280372125,S3-137316763
S1-411927281	S2-436600195,S3-249078920,S3-723246994
S1-986269125	S2-597416499,S3-610682637,S3-644366021,S3-463865390
S1-296890843	
S1-794112030	
S1-231459789	S2-436809524,S2-212036558,S2-482746935,S3-846044010,S3-539133490
S1-971203900	S2-658505943,S3-726813890,S3-469220804
S1-380142312	S2-366652074,S3-413205274,S3-235870905
S1-519043782	S2-360076274,S3-890673687,S3-689219165
S1-178688340	S2-899346634,S3-518882316,S3-339129990,S3-124500120,S3-140544041,S3-390699885
S1-172949905	S2-580360739,S2-813337469,S3-869035667,S3-408925245,S3-295977275,S3-991355791,S3-133827708
S1-2283241	S2-881271698,S2-275103890,S3-265755754,S3-820083450
S1-410622891	S2-158005518,S2-174260788,S3-400096746,S3-223847374
S1-971650864	S2-229496156,S2-813409078,S3-1879152,S3-188890757
S1-557108185	S2-435204031,S2-923978340,S3-103040522,S3-554388975
S1-172700825	S2-681065533,S2-163032663,S3-910798870
S1-983709987	S2-981827936,S2-610977398,S3-645128070,S3-937415686
S1-408946983	S2-736657243,S2-638089452,S2-702626377,S3-631580808
S1-425053880	S2-707157929,S3-462868452
S1-751935049	S2-295439369,S2-22211858,S2-448377322,S2-996513469,S2-705914576,S3-769030705
S1-405352962	S2-8392679,S2-878269396,S2-420125422,S3-405361538,S3-973349203,S3-573747371
S1-117914436	S2-350800846,S2-330512572,S3-262031646
S1-770892475	S2-286347374,S2-863596875,S2-936493391,S3-137662769
S1-610509029	S2-122840205,S3-980147912,S3-245222670
S1-872182593	S2-509174212,S2-192062049,S2-594819170,S3-639383945,S3-359847958,S3-56591882
S1-416935653	S2-386639102,S2-689242116,S3-633872809,S3-948175715,S3-830929531,S3-673407003
S1-816419040	S2-140001073,S3-754754386,S3-558444455
S1-499961462	S2-100748473,S2-327071944,S3-102210140,S3-424757253
S1-523312943	S2-559164790,S2-794269037,S2-603635417,S3-295087040,S3-193860877
S1-616856391	S2-410512271,S2-744592310
S1-575799166	S3-955506300,S3-984581088
S1-472859624	S2-616484795,S3-134254019,S3-341450081,S3-177313931
S1-678157430	S3-253220252,S3-993099168,S3-678248458,S3-989085073,S3-893377227
S1-154572127	S2-697044021,S2-959679830,S3-85758978,S3-564899603,S3-220653117
S1-735981002	S2-586617631,S2-689445553,S3-506401795,S3-160889681
S1-13697430	S2-364380196,S2-954159792,S3-17116441
S1-297871294	S2-845661706,S2-564560392,S2-517058007,S3-776969518,S3-351617442
S1-642112998	S2-986628710,S2-854522190,S3-249755306,S3-363623688
S1-906998708	S2-961258261,S3-134200960,S3-520521420
S1-301670622	S2-271318858,S2-455528004,S3-633908501,S3-470217440
S1-973715197	S2-961086229,S3-66789241,S3-384194486
S1-629952902	
S1-537152845	S3-448011079,S3-185983537
S1-515544905	S2-54595533,S2-273960948,S2-596322878,S2-529451625,S3-191936924,S3-118762993
S1-568326116	S2-379347111,S2-347343407,S3-209726891,S3-73309394
S1-960380760	S2-444001349,S2-888046289,S3-534886556,S3-283885955
S1-713106049	S2-93258602,S3-112993570,S3-553263268
S1-536088082	S2-340374212,S3-235094770,S3-7034637
S1-328367600	
S1-674836058	S2-277724584,S3-653855006
S1-261664946	S2-516977798,S2-37740958,S2-380678441,S2-244874960,S3-610913739,S3-343512787
S1-957340511	S2-363608755,S2-326291497,S2-971669168,S3-603047654,S3-917953818
S1-779447311	S2-320410955,S3-649335060,S3-741662120,S3-959945608
S1-498743968	S2-549788048,S2-996738117,S3-525144752
S1-896030128	
S1-853326130	S2-635706437,S3-544844594,S3-304052653,S3-481311618,S3-723230967
S1-442175465	S2-694381059,S2-625968069,S3-37945457,S3-96317070
S1-316783750	S2-598139423,S3-860455151
S1-303793850	S2-140013755,S2-920190015,S3-879408885,S3-412201184,S3-769005847
S1-593904121	S2-192345037,S3-557524614
S1-548060670	S2-76231321,S2-579666785,S3-169118564,S3-773280363
S1-148508964	S2-825562381,S2-283795867,S3-566866976,S3-967537967,S3-372971477,S3-957716655
S1-464781439	S2-986489133,S2-306670429,S3-575134385
S1-385793739	S2-447336417,S2-987832468,S3-43715023
S1-532685150	S2-395595857,S2-100961236,S3-981355970
S1-943946564	S2-358000609,S2-806150966,S2-76549048,S3-938081668
S1-329933408	S2-281758950,S2-197630593,S3-733938053,S3-194866666,S3-157703492
S1-646273789	S2-84266856,S3-361785859,S3-457348281
S1-389798316	S2-294344048,S3-56376030,S3-469134431,S3-972504411
S1-249140304	S2-668353394,S3-465028936,S3-816165643,S3-502182103
S1-85358532	S2-505344076,S2-535330193,S2-892486196,S2-63712395,S3-245296146
S1-745082969	S2-89528359
S1-365035169	S2-547164291,S2-858007305,S3-14568373,S3-920012239
S1-720853162	S2-845510074,S2-937987504,S3-578307356,S3-923453800,S3-164726183
S1-967533918	S2-620355775,S3-385301348,S3-418410703
S1-944897975	S2-832584717,S2-65799207,S2-96026025,S2-926619481,S3-833487177,S3-502481669,S3-49154273
S1-408128909	S2-417879318,S2-325342762,S2-821673423,S3-51947236,S3-649362210
S1-151461567	S2-214198903,S2-175497229,S2-659186755,S2-978157643
S1-517560769	S2-853030246,S2-128479645,S2-314604852,S3-351801154
S1-375299179	S2-329878013,S3-349914940,S3-633482208
S1-583323178	S2-584817177,S2-951997687,S3-409663579,S3-644422266
S1-258825374	S2-575702184,S2-615196101,S3-250697275,S3-693139414
S1-873200938	S2-909408100,S2-586540662,S3-419482259,S3-386866017,S3-955142012
S1-117228768	S2-640339718,S2-813442702,S3-688347439,S3-393668304
S1-182947044	S2-28087059,S3-789569431
S1-203807873	S2-551185586,S3-686502378
S1-701729209	S3-979398437
S1-479661237	S2-380669988,S3-559924130,S3-937358587,S3-81734597
S1-411393928	S2-882124513,S2-64841707,S2-127590156,S3-309786935
S1-703690520	S2-265953660,S2-15119690,S3-149255836
S1-392109956	S2-673765801,S3-578650201
S1-536392702	
S1-900911947	S2-502470717
S1-876099202	S2-80087703,S2-582183192,S2-841410928,S3-747152983,S3-56743044
S1-327113965	S2-262797173,S3-448501298,S3-509998189
S1-831760765	S2-616430393,S2-534388379,S2-277435085,S2-326795578,S3-801518259,S3-478579417,S3-255745360,S3-432578681
S1-254999679	
S1-910239489	S2-554613315,S2-496064977,S2-893058887,S3-762280985,S3-326312402
S1-163988062	S2-502357249
S1-96001129	S2-661732967,S2-189790302,S3-290296278,S3-469865314
S1-558623934	S2-181007406,S3-595185494,S3-830062456,S3-271365162
S1-887863367	S2-439425445,S2-525370645,S2-651384677,S2-830750050,S3-400641290,S3-829577685
S1-294411001	S2-680258876,S2-565835375,S3-628466315,S3-278736479,S3-992828061
S1-255137887	S2-23193652,S2-515632339,S3-421421977,S3-795241183
S1-16287489	S2-392361848,S2-410852626,S2-373359791,S2-336746489,S3-865423720,S3-717257928
S1-319482279	S3-830492827
S1-602198715	S2-758847976,S3-10795061
S1-774780589	S2-176359559,S2-812291550,S3-894654153
S1-508771441	S2-962543076,S3-617990937
S1-161095802	S2-907083115,S2-832249871,S2-750312680,S3-4909167,S3-380581082
S1-956877496	
S1-281005457	S2-200634536,S3-361235747,S3-259099481
S1-367137970	S2-501897924,S2-733964748,S2-301352481,S3-522129805,S3-954437395,S3-680200195,S3-922922732
S1-530833472	S2-671962397,S3-357116467
S1-523188963	S2-28027459,S2-516039170,S2-459307827,S3-572835175,S3-122818092
S1-851155756	
S1-610536656	S2-976003689,S3-533425436
S1-342647234	S2-272774538,S3-721958838,S3-438847146
S1-740049363	S2-220675996,S3-783745434,S3-377858527,S3-710085887
S1-718098902	S2-852357545,S2-615606456,S2-624180777,S3-312067406,S3-188175918
S1-813683821	S2-167779137,S2-996973175,S3-417275299,S3-587257904
S1-479473984	S2-339940129,S3-971599482
S1-854257130	S2-829515559,S3-967910126
S1-107661537	S2-265070756,S3-501486489
S1-920919009	S2-848700641,S3-552026597,S3-874017947
S1-166127477	
S1-645220474	S2-980787555,S2-51415715,S3-875462643,S3-492082049
S1-258128478	S2-434374727,S3-528120691
S1-863882741	S2-774172274,S3-211545996
S1-3158077	S2-558878257,S2-452008025,S3-456832180,S3-117710049
S1-549080268	S2-57639801,S3-109909740,S3-544938322
S1-933883925	S3-817590614
S1-992221447	S2-58266201,S2-201281956,S3-371064687,S3-538756323
S1-385021705	S2-701774103,S2-473849279,S3-568147726
S1-491247442	S2-206251134,S2-114307105,S2-744302219,S2-741683459,S3-122580151,S3-6453867,S3-813417099,S3-550104988,S3-189419443
S1-915188157	S2-167071472,S2-926667091,S2-79706711,S3-331557224,S3-279839802,S3-452412316
S1-381598905	S2-829817452,S2-330482817,S3-870622878
S1-922463033	S2-115074647,S2-992974200,S3-796956239,S3-595896030,S3-220367143,S3-275105024
S1-735455906	S2-878175149,S3-401054018,S3-139094708
S1-796960509	S2-606813606,S2-861998588,S2-823268891,S2-869414279,S3-812904488
S1-405126562	S2-370548900,S3-377200307,S3-351972000,S3-673166523
S1-810486358	S2-34155687,S2-433225505,S3-726645196,S3-308905264
S1-404421905	S2-542005182,S3-742667003
S1-909888106	S2-590839476,S2-459021788,S3-321401078,S3-399622877,S3-426532419
S1-458319390	S2-46776528,S3-667748735,S3-954686048
S1-697551278	S2-848929073,S3-209254843
S1-37195900	S2-63132792,S2-455971762,S3-628962629,S3-659952782
S1-703875693	S2-422791428,S3-488080489,S3-627799866,S3-943046127
S1-743377616	S2-619473627,S2-937686905,S3-639941508,S3-900157049
S1-951132996	S2-784315468,S2-814151994,S3-302542723,S3-78834146,S3-530019589
S1-572317651	S2-614902088,S2-300307241,S3-128925121,S3-938397090,S3-374658536,S3-382016090
S1-405821912	S2-950070202,S2-584071359,S2-652338128,S2-513559506,S2-252241411,S3-239790982,S3-846835869
S1-215386953	S2-936808074,S3-511436251,S3-48117497,S3-497180723
S1-211225066	S2-114377583,S3-78488642
S1-579973038	S2-847766722,S2-822467888,S2-941517579,S3-621113194
S1-381499329	S2-831607526,S2-30083352,S3-818282494
S1-134024162	S2-322932939,S2-702049125,S2-888619530,S3-739721104,S3-605408120
S1-372391297	
S1-103331570	S2-76902683,S3-435074495
S1-912274176	
S1-26478050	S2-183735443,S2-649523231,S2-763778063,S3-379831881,S3-326147625,S3-76584338
S1-2326728	S2-486523981,S3-90959273
S1-522618813	S2-308102446,S2-765042338,S2-343381799,S3-824752356,S3-707411111,S3-596032925
S1-845551087	S2-195326515,S2-451574342,S2-920977678,S3-149600682,S3-866570641,S3-348251752
S1-350670426	S2-78682228,S2-937999117,S2-119173004,S2-922302195,S2-552288686,S3-93690810,S3-953449547,S3-212286311
S1-316415984	S3-367979566,S3-142662634
S1-226821238	S2-43229480,S3-365811912,S3-476241118,S3-697057101,S3-553806022
S1-236139468	S2-849888698,S2-502340610,S3-370662650
S1-863315534	S2-957305970,S3-558282922,S3-180586490,S3-234596632
S1-439643739	S2-964028706,S2-640129035,S3-454152859
S1-409761502	
S1-850799298	S2-737067916,S3-787544171,S3-526645329
S1-850675268	S2-840321906,S3-845026043,S3-201785035,S3-145809941,S3-393610876
S1-669760123	S2-126156898,S2-513245510,S2-224184770,S3-540729564
S1-262177858	
S1-679724719	S3-283972867,S3-623698942
S1-331088898	S2-428875863,S2-883959336,S2-575559726,S3-980062041
S1-715054357	S2-375791837,S3-151870982,S3-76691956
S1-948403355	S3-850806703,S3-517388172,S3-77994523
S1-941712312	S2-582932642,S2-294295566,S3-286154261,S3-84574325,S3-325787936
S1-997911183	S2-8794362,S3-319401261,S3-39876047,S3-448691841
S1-900619529	S2-256194411,S3-263788901,S3-522285273,S3-139473442
S1-560873588	S2-666838258,S3-475811227
S1-541292291	S2-529699136,S2-563606562,S3-336307584
S1-50773012	S2-760320077,S3-208879924
S1-614279847	S2-51730201,S2-204894251,S2-608489808,S3-15234530
S1-390309206	S2-421413540,S3-899968560
S1-102794122	S2-341078495,S3-853670643
S1-990468890	S2-762727806,S3-227988420,S3-76902097
S1-717902964	S2-587351612,S2-823669893,S3-863847857
S1-353444418	S2-53932798,S3-305559591
S1-980146752	S2-190732033,S2-410314616,S3-81145066,S3-907726102
S1-845450939	S2-7849515,S3-656672508,S3-457986946,S3-517978760
S1-560351654	S2-617347317,S2-10626295,S2-821755709,S3-928566454
S1-55655511	S3-560512247
S1-600912403	S2-625876901,S2-514093301,S2-748056919
S1-643386899	S2-112532808,S3-885369993
S1-163499463	S2-912555279,S3-683533894
S1-833492147	S2-907308920,S2-849439252,S2-974505658,S3-49091671,S3-391746309,S3-125323052
S1-140080099	S2-648940253,S2-568906913,S3-306346293,S3-389914396
S1-921464872	S2-735118635,S3-384995492
S1-106937387	S3-417991481
S1-65401515	S2-133158594,S2-159992563,S2-388761312,S3-602292744,S3-703911271,S3-31703072,S3-35494215,S3-167331317
S1-343163253	S2-701468955,S3-298346030,S3-665822085
S1-57515887	S2-278974098,S2-627117200,S3-179225406,S3-174605642
S1-26140003	S2-595085005,S3-579088026,S3-85490508
S1-760435468	S2-909690534,S2-53761576,S3-914055438
S1-112046886	S2-710136720,S2-146623589,S2-86353311,S3-861332094,S3-964731538
S1-682317814	S2-160300735
S1-533976097	S2-156792162,S2-97799495,S2-629439465,S3-23624019
S1-80428717	S2-576382453,S2-834524767,S2-568595072,S3-323966773
S1-135412972	S2-794456636,S3-966159539
S1-863392961	S2-883597812,S2-767851959,S3-323316453,S3-352526309
S1-873885378	S3-194103494
S1-940193322	S2-790614150,S3-321504980,S3-171611817
S1-964906286	S2-721319804,S3-490140668,S3-139363163
S1-738157767	S2-917851458,S2-241694062,S2-440582135,S3-367723523,S3-970433291
S1-453637981	S2-411074030,S3-80638868,S3-813706440
S1-162331748	S3-269238263,S3-502522372,S3-930438199,S3-882218701,S3-740457406
S1-614175375	S2-35104330,S3-226208120,S3-101549479
S1-290043778	S2-777640758,S2-781864153,S3-490220722
S1-256806583	S2-312732422,S2-302198501,S2-447040972,S2-59303913,S3-788072975,S3-392052073
S1-309721097	S2-536903296,S3-329781402
S1-223031090	S2-590501270,S2-996875604,S3-3958920,S3-596665672
S1-445483337	S2-245944898,S2-463713237,S2-965398311,S3-637825545,S3-253842593
S1-768498408	S3-323431421
S1-876396035	S2-599053566,S2-487218581,S2-158168028,S2-906458450,S3-668204845,S3-265138322
S1-17978771	S2-788028393,S3-497429635,S3-238405487
S1-238431737	S2-201267091,S3-777725021
S1-125346410	S2-159095254,S3-523220855
S1-968278805	S2-530740677,S3-971832807,S3-703796678,S3-290210275
S1-739030750	S2-731838831,S3-134120027,S3-305545623
S1-631925158	S2-16362800,S3-64727908,S3-868608459
S1-104568986	S2-374708390,S2-94393852,S2-409528221,S2-116788517,S3-219989607
S1-808198078	S2-386275377,S3-527188208,S3-496718089,S3-161311499
S1-304183995	S2-416014147,S3-492753951,S3-642435068
S1-844483520	S2-31866960,S2-635667602,S3-842675105,S3-698892441,S3-786725026,S3-39222095
S1-870330454	S2-77280743,S2-801907691,S2-280122680,S3-894193126
S1-621685978	S2-478855017,S2-366082657,S2-447762102,S2-235164409,S3-821079613,S3-479595243,S3-411738406,S3-783187117,S3-134053617
S1-731286723	S2-303391918,S3-854050252,S3-74269269,S3-817414570,S3-766475077,S3-367583579
S1-900600485	S2-887860933,S2-312354127,S3-939478998
S1-284467423	S2-638135278,S3-961327647,S3-9384731,S3-621484041
S1-949109853	S2-210203141,S3-660742723,S3-305763424
S1-781562409	S2-208686065,S3-545600360,S3-39501107
S1-413679790	S2-209357035,S2-750228982,S3-425900710
S1-109111213	S2-605478053,S3-836573479
S1-82854503	S2-434706539,S3-613560508,S3-962979725,S3-554252647
S1-943159017	S2-616836014,S2-875129255,S3-59724968,S3-413233153
S1-107103755	S2-723778505,S2-838526909,S2-797418538,S3-116235293,S3-702398077,S3-689481443,S3-250219864,S3-975979030
S1-369468744	S2-679117551,S3-593012547
S1-484035868	S2-534012360,S2-386352707,S3-344937351,S3-257972089,S3-810083177
S1-412784020	S2-88462537,S3-188083294
S1-281236498	S2-698713544,S3-891102731
S1-608695268	S2-48794345,S2-74260564,S2-326042659,S3-275983778,S3-510887973,S3-302577316
S1-21053834	
S1-483056433	S2-698306810,S2-536547377,S3-244557766,S3-412211799,S3-427851986,S3-885908870
S1-621093146	S2-94827222,S2-781165942,S3-584388619,S3-308910538,S3-915146080,S3-130915656
S1-66553217	S2-860803600,S2-950987690,S2-826459354,S3-159564550,S3-543300863
S1-994041202	S2-612017822,S2-787723632,S3-654930603,S3-899328410
S1-39637905	S2-868836574,S2-464806155,S3-925583078
S1-937132831	S2-914196459,S2-471353557
S1-42544839	S2-471959614,S3-389951024
S1-605959981	S2-572800627,S3-570078277
S1-251419040	S2-822955161,S2-18626039,S3-159049986,S3-367217018
S1-49927023	S2-241180195,S2-372089831,S3-618064647,S3-977989612,S3-447524288,S3-62522344
S1-615043309	S2-786897870,S3-99044111,S3-30857122
S1-686011971	S2-244868064,S2-575703135,S3-775585912
S1-738312138	S2-368931494,S2-779990099,S2-72322270,S3-646780962
S1-691558058	
S1-738409347	S3-242817528,S3-295719070,S3-2185764
S1-392763390	S3-378805535,S3-994932740,S3-857585407
S1-247597291	S2-985852726,S3-100626638,S3-126981916,S3-62020025,S3-11951891
S1-981485521	S2-671725851,S2-189206150,S2-402383020,S3-494925872,S3-509852463
S1-474282895	S2-201404493,S2-758482083,S2-580185178,S2-686149132,S3-548148899,S3-861555672
S1-499565413	S2-612000342,S3-9467915,S3-586314625,S3-151894807
S1-885384570	S2-539396944,S2-596929940,S2-19228707,S3-987428132
S1-535372299	S2-412932584,S2-272787689,S3-875875063
S1-813646057	S2-423340224,S2-654399288,S3-258772933
S1-378780213	S2-186541201,S2-228989030,S3-850495953
S1-866556738	S2-25570549,S2-151098567,S2-83700439,S3-669182108
S1-923899410	S2-570992580,S3-522372682
S1-802308240	S2-503937544,S3-891254954,S3-28759074
S1-347633678	S2-570864259,S2-751138699,S3-255008061,S3-71671313
S1-45232973	S2-743817376,S3-74322393
S1-614219325	S2-992413935,S3-660961271,S3-3844768,S3-110283946
S1-205260027	S2-680440766,S2-634445120,S2-233853230,S2-666853088,S3-833160889
S1-418523901	S3-605677277,S3-744063169
S1-733176614	S2-64601313
S1-231773478	S2-254601481,S2-173501296,S3-679825212,S3-236549099
S1-491510840	S2-50410471,S2-927750881,S3-402028523,S3-940926564,S3-889020749,S3-755040992
S1-825784814	S2-60360457,S3-526869710,S3-344223059
S1-88744377	
S1-321248001	S2-546068083
S1-998818173	
S1-240159942	S2-407602256,S2-986765918,S2-765152261
S1-441514134	S2-114802684,S2-397454090,S2-827987516,S2-344332410,S3-169676067,S3-456308285
S1-790217794	S2-519728948,S3-754658785,S3-759268817,S3-522883986
S1-165348612	S2-484570255,S2-918276856,S3-688283423,S3-88816381
S1-154187036	S2-188342035,S2-13431014,S3-65957271,S3-551840801
S1-397625895	S2-600766595,S3-164348488
S1-831203785	S2-883573301,S3-91201120
S1-486259097	S2-805375858,S2-894616054,S3-59031348
S1-898054877	S2-194793784,S3-243283528,S3-547476125
S1-821930412	S2-739261001,S2-234783806,S3-281072891
S1-617084554	S2-708642500,S2-18889298,S3-974074346
S1-777279986	S2-859115724,S3-633830339
S1-638971037	S2-901811772,S2-753108609,S3-764824637,S3-694937832,S3-245731671,S3-713872110
S1-35498262	S2-341217788,S2-320199124,S2-674771033,S2-535991823,S2-492148123,S3-503059533,S3-117576881
S1-283553226	S2-821748255,S2-899653063,S2-41105427,S3-451977258
S1-802133856	S2-673782550,S3-946543074,S3-99778192,S3-319795360,S3-759993646,S3-736312587
S1-567197084	S2-767735218,S2-233417861,S3-375002650,S3-114334317,S3-69152194
S1-64961608	S2-144210344,S3-915095417
S1-556484079	S2-901643408,S3-389989333
S1-590411363	
S1-12978837	S3-256800547,S3-770738114
S1-100625031	S2-992075002,S3-471739483
S1-931072217	S3-232645798,S3-576661348
S1-812120331	S2-949537351,S3-83765946,S3-268178545
S1-683804255	S2-399443076,S2-952455015,S3-31709282
S1-793864512	S3-967368182,S3-751124386,S3-941698720,S3-120901514
S1-33787669	S2-896928791,S3-971262568
S1-28308927	S2-40626436,S2-315692716,S3-609429730,S3-456597368,S3-972828175
S1-607051870	S2-567501271,S2-175855526,S3-414061740,S3-144617029,S3-841089646,S3-923625079
S1-788549800	S2-12385266,S3-850170808,S3-878405860
S1-85839250	S2-231279497,S3-638312061
S1-237946935	S2-172651676,S3-899262764
S1-869941869	S2-630936410,S2-825782021,S2-353617146,S3-461463643,S3-948484973,S3-916000860
S1-486762139	S2-734230437,S3-218787552
S1-116176160	S2-761464090,S3-61168343
S1-814122624	S2-625585712,S2-483094703,S3-739996472,S3-304874126
S1-745752156	S3-815739731
S1-148670932	S2-681864032,S2-711771159,S2-892610676,S3-759448876
S1-938782783	
S1-582475033	S2-269057857,S2-894068660,S3-131247258
S1-432275786	S2-511025192,S2-926006103,S3-143662508,S3-858248977,S3-858137805
S1-446529225	S2-251377865,S3-484956134
S1-699509074	S3-673176599,S3-591827400,S3-799387431
S1-211745744	S2-938071056,S2-110141430,S2-135573926,S3-333655395
S1-610669151	S2-175572036,S3-77332181,S3-350073993,S3-112872226
S1-519482575	S2-599641873,S2-558316262,S3-335432548,S3-64012524
S1-445816333	S2-619091519,S3-729738894,S3-489793597,S3-220289907,S3-286352384
S1-648840612	S2-601957036,S2-335993766,S3-978969342
S1-648295069	S2-347957738,S3-920065303,S3-170655133
S1-856251589	
S1-994595671	S2-825094508,S2-369627783,S3-922919657,S3-37889272,S3-41366527
S1-422062756	S2-12004934,S2-90671137,S3-472072128,S3-28243542
S1-619145009	
S1-642798644	S2-582127483,S2-536855104,S3-934165817,S3-772752692,S3-759073632,S3-745568517
S1-845673380	S2-345385720,S2-285119802,S3-588712594,S3-157830496
S1-848107503	S2-280337129,S3-607248303,S3-411399897,S3-834358586
S1-279555308	S2-143539554,S3-556295509,S3-367176350
S1-314015450	S2-852587021,S2-577865386,S3-659652483
S1-190416547	S2-913649853,S3-102750798
S1-357346844	S2-197926471,S3-231598560,S3-786525691,S3-265002419,S3-664071110
S1-539832695	S2-373359779,S2-688301012,S3-132204337,S3-561348742,S3-823929518,S3-862806159
S1-366638382	S2-165975413,S3-775221136
S1-614616808	S2-858902340,S2-590373742,S3-321864300
S1-817492488	S2-538258287,S3-16891668
S1-307872605	S2-799070712,S2-571961010,S3-618295008,S3-267660370
S1-691433144	S2-516282598,S3-312317162
S1-289922538	S2-20904911,S3-273579171,S3-783618547
S1-981778121	S2-14639286,S3-526874929
S1-889670019	S2-558767955,S2-544391782,S3-407649745,S3-120099856
S1-230566347	S2-884755630,S2-123216432,S2-420115068,S3-196902195,S3-409201225
S1-174578193	
S1-779852999	S2-705424627,S2-117677942,S3-251968195,S3-121849120
S1-827620198	S2-753226459,S2-219627575,S3-549334682,S3-684340994
S1-215201660	S2-691210980,S3-400748147,S3-348121105,S3-392554615
S1-243117082	S2-114824418,S3-275312195,S3-249648107,S3-457586794,S3-47306667
S1-512634625	S2-860706331,S2-607059727,S2-327384338,S3-777624715,S3-458059349
S1-447836352	S2-641813259,S3-378425477,S3-409204894
S1-822855805	S2-29791381,S3-362932502,S3-611687727
S1-86409640	S2-815289558,S2-756981185,S3-38031351,S3-490718138
S1-482044152	S2-873440593,S2-131743630,S2-876810464,S3-849046629,S3-47046513,S3-127196113
S1-770307975	S2-643159741,S2-382528840,S2-811501248,S3-892479397,S3-532724736,S3-925076668,S3-198503048
S1-280306358	S3-642276401,S3-590083508
S1-173631614	S2-252608867,S3-964830558,S3-492651381
S1-729591333	S2-695422999,S3-719801065
S1-323803886	S3-313935047
S1-57783184	S2-547552267,S3-341475722
S1-705389260	S2-915013766,S3-675113143,S3-961722256
S1-694647687	S2-510351006,S2-362980770,S2-647679269,S3-96562596
S1-894229802	S2-535755938,S3-928589613
S1-654634127	S2-855347209,S2-428455569,S3-217326085,S3-825916007,S3-983962437
S1-945542493	S2-5479033,S2-318407466,S3-567115477
S1-153201717	S2-602162151,S2-609155033,S2-265957567,S2-561488685,S3-158737958,S3-356367735
S1-103064780	S2-817544223,S3-466113224,S3-915637785,S3-202039006,S3-821972066
S1-771717314	S2-781378341,S2-999882931,S3-65310291
S1-746203303	S3-855252937
S1-711066186	S2-680796600,S2-588323447,S2-372453503
S1-751562454	S2-494855587,S2-368757620,S3-564732399
S1-179932944	S2-630770730,S2-934241451,S3-233704314
S1-462970756	S3-887805359,S3-904099525,S3-408237419
S1-423185025	S2-383515077,S2-223916618,S3-975473548,S3-344689172
S1-682924986	S2-603163047,S3-581277648,S3-237972922,S3-787581647
S1-832965645	S2-560183516
S1-605307017	S2-106413365,S2-191565045,S2-104004667,S3-337233094,S3-67794378
S1-317182941	
S1-590402586	S2-841855971,S2-917447158,S2-63921565,S2-572556907,S2-35011728
S1-234428463	S2-772635704,S3-742942213,S3-341479480
S1-177935630	S2-922929642,S2-570051508,S2-877182871,S2-139430882,S3-685586307,S3-135011705,S3-365329436
S1-545826295	S2-588989787
S1-619606751	S2-46101881,S2-723213742,S3-651420357,S3-213104482,S3-894596608,S3-343309410,S3-401102785
S1-269876698	S2-512723401,S2-690313544,S3-843402073,S3-775283870,S3-146858100
S1-970024303	S2-488229651,S2-133316642,S2-108367390,S3-584473905,S3-916215387,S3-807918204
S1-214265178	S2-180374015,S2-3843644,S2-591268649,S2-680490213,S3-389289661,S3-329771676
S1-902374612	S2-796300576,S3-16122935,S3-652712367,S3-888824195
S1-562380958	S2-593460189,S3-28057120,S3-338622940,S3-461750817,S3-11150108
S1-29406126	S2-504398579,S2-477820312,S3-258634525,S3-778849014
S1-110993427	S2-190440407,S2-539972392,S3-309901096
S1-410707443	S2-278107052,S3-531866990,S3-719769588,S3-833148870
S1-841389563	S2-158328098,S2-286744523,S3-830004262,S3-654888938
S1-688719189	S2-20826749,S2-116361955,S3-820934238
S1-367929716	S2-417070058,S2-780876360
S1-388407252	S2-876179917,S3-757048138,S3-597654115
S1-594181249	S2-744602868,S2-539550891,S3-578380030
S1-492698164	S2-474277400,S3-338632414,S3-169705462
S1-939155693	S2-203214776,S2-171371340,S3-454211964,S3-870724623
S1-757226664	S2-351883177
S1-305596173	S2-624198014,S2-52527178,S3-86527773,S3-396662164,S3-520530852,S3-158233432
S1-786663959	S2-429654728,S3-271077276,S3-985058861
S1-641504966	S2-298544367,S2-916526395,S3-995424349
S1-183962595	S2-449435534,S2-175255277,S3-211259591
S1-95910329	S2-461687707,S3-984777272
S1-255331971	S2-859949994,S2-401967568,S3-58693867
S1-192529850	S2-866438061,S3-223356051
S1-160323127	S2-937861216,S3-368550072,S3-734719443,S3-355484299
S1-475896747	S2-223576709,S2-153818291
S1-553901716	S2-425168745,S2-515621663,S3-644942953,S3-378329342,S3-246702181
S1-617165355	S2-240906980,S3-728483812,S3-941933406
S1-169293638	S2-36328225,S3-724320480
S1-708305901	S2-752767844,S2-397339831,S3-138508329
S1-188101831	S2-783871360,S2-306549381,S3-546940222,S3-14152324,S3-797982271,S3-902241289,S3-792571012
S1-275031000	S2-764800129,S3-55150786,S3-399617176,S3-708634101,S3-229669259
S1-892425758	S2-267101413,S2-668342024,S3-278820690
S1-266079982	S2-392496085,S2-444193928,S2-168254353,S3-775794848,S3-362506003
S1-288124642	S2-329879360
S1-689977863	S2-117572662,S3-550085261
S1-986621306	S2-290883894,S3-174023679,S3-412144776
S1-69229453	S2-328369132,S2-346727011,S2-116268001,S2-495754780,S3-242088365,S3-315842003,S3-790717981
S1-5086420	S2-52697676,S2-785955928,S3-466086642
S1-416925646	S2-466521258,S3-899279312
S1-481775047	S2-609254507,S2-587721248,S2-46291609,S3-338429329,S3-799327193,S3-596825549
S1-596413374	S2-217053416,S2-988748387,S2-14915012,S3-653517709
S1-171460186	S2-424263119,S3-932912401,S3-52436035
S1-652183438	S2-697769236
S1-118641767	S2-120143068,S2-113636326,S3-575593582,S3-901853966
S1-248213091	S2-396998026,S2-125892254,S2-751369280,S3-33982389,S3-173421735,S3-613844550,S3-799750063
S1-145126980	S2-653102876,S2-46629443,S2-882533756,S3-325568323,S3-118324022,S3-325888514
S1-754103324	S2-925496812,S2-445070904,S2-532776112,S2-964674483,S3-642679584,S3-784534411,S3-274841258
S1-864148735	S2-473293205,S2-199224344,S3-557995843
S1-971697988	S2-667407484,S3-207335607
S1-870210041	S2-977052367,S2-598075111,S2-209257592,S3-23415575,S3-596699758
S1-138106208	S2-399281609,S3-131998822,S3-707531257
S1-104611154	S2-90575043,S3-157248709,S3-573884934
S1-911104282	S2-683211520,S3-581732051,S3-801026548
S1-801131412	S2-859218121,S3-323661223,S3-865843651,S3-711469496,S3-421151607,S3-761484789
S1-700447045	S2-207592078,S3-336708655,S3-470627055,S3-598832486
S1-551953031	S2-314992246,S2-189632055,S3-187102932,S3-787851825,S3-496674830
S1-957493170	S2-165353330,S2-417910248,S3-105968182,S3-61099619,S3-90592092
S1-84338510	
S1-245330001	S2-123589059,S3-542411451
S1-879322960	S2-216038168
S1-862407630	S2-517596122,S2-988772468,S2-911127837,S2-892126522,S3-814308783,S3-266242318
S1-599220101	S2-376328463,S2-73765870,S2-927246124,S3-305422903
S1-662953758	S2-71437956,S2-185158228,S2-547982655,S2-175308312,S2-892303756,S3-390052647,S3-381170937,S3-527434822
S1-309215197	S2-414942661,S2-109562216,S3-408589709,S3-298158792,S3-304717828
S1-936994606	S2-267074756,S3-953379715,S3-173100563
S1-928671848	
S1-644578914	S2-314176741,S3-902528324,S3-119324753
S1-764672471	S2-27474244,S2-121691019,S3-773710963
S1-547352318	S2-259511716,S2-910199957,S3-796012234
S1-62436401	S2-867177273,S2-125238753,S3-140555636,S3-951007524
S1-313504509	S2-215476053,S3-861230026,S3-304672059,S3-164512099,S3-317285076
S1-315623271	S2-126683413,S2-933969825,S3-69767539,S3-265451460,S3-752892066,S3-897173291
S1-462306979	S2-342333250,S3-593966158
S1-801584571	S2-7152174,S2-386581894,S3-18756157,S3-200263774
S1-809287857	S2-351588211,S2-27454559,S2-602954594,S2-660653497,S3-692509707
S1-826264639	S2-705884813,S2-47336807,S3-440071172
S1-524312576	
S1-150467159	S2-217619041,S3-352724249,S3-645071211,S3-496473436
S1-987766858	
S1-2109489	S2-842307408,S3-263172955,S3-754146400,S3-251688494
S1-705798484	S2-916529828,S3-347202799,S3-17007657
S1-640284368	S2-77889520,S3-997278020,S3-853393651,S3-876364073
S1-254031256	S2-905197128,S2-844565005,S3-750424595,S3-861139886
S1-296078043	
S1-618324630	S2-15627897,S3-76861479
S1-435238048	S2-408298184,S2-363468401,S3-327890015,S3-284268611
S1-303295227	S2-989403193,S2-358443381,S2-425050482,S2-435833892,S2-461425675,S3-771804465,S3-651226906
S1-816775029	S2-900801471,S3-778661228
S1-87269273	S2-308333018,S2-498862108,S3-676465214,S3-290850092,S3-648539456
S1-839892280	
S1-47309627	S2-414665416,S2-663907619,S2-65482349,S3-388868367
S1-277274283	S2-150720795,S3-416733589,S3-278718151,S3-564032821
S1-798771035	S2-504721139,S2-146662938,S2-880866768,S2-758929694,S3-824741254
S1-166219718	S2-329698838,S2-919310553,S3-695638158
S1-988708850	S3-725551981,S3-609113909
S1-974486976	S2-3393266,S2-61718070,S2-848866671,S3-453680568,S3-636930361
S1-731003180	S2-921232306,S2-967910438,S2-453379375,S2-654069545,S3-445134640,S3-290532230,S3-756532796
S1-867726624	S2-124089831,S2-20736596,S3-691474931,S3-550787307
S1-763417726	S3-638356038,S3-849975528,S3-96512769
S1-560325454	S2-648366123,S3-24351520,S3-179084767,S3-131491563
S1-344785803	S2-631207686,S3-430052216
S1-709845931	S3-564948885,S3-717765744
S1-855773295	S2-55596726,S2-338572446,S3-84569013,S3-362057102,S3-129613412
S1-978021846	S2-889191728,S2-436345181,S2-505603037,S3-515473437
S1-291282029	S2-690278579,S2-926371270,S2-377518773,S3-51082911
S1-868969063	S2-540241078,S3-931518645,S3-459793468
S1-196508718	
S1-753801295	S2-469882404,S2-271165858,S3-454241785,S3-717457979
S1-669185467	S2-802869243,S3-542549806
S1-405157769	S2-296389879,S3-744444460
S1-490550710	S2-843698728,S2-379929368,S2-785224323,S3-960546313,S3-666108143
S1-441701091	S2-691170243,S2-135235875,S3-791091387
S1-994355470	S3-626649658,S3-47489520,S3-53397020,S3-829494471,S3-763673069
S1-441597742	S2-269410971,S2-902792681,S2-32011448,S2-610087797,S2-330412829
S1-303060745	S2-207497079,S2-495644897,S3-330791638
S1-591801930	S3-11184648
S1-670354065	S2-916387203,S3-872685801
S1-393504791	S2-596050973,S2-670360078,S2-848342222,S3-825295002
S1-459095656	
S1-101115920	
S1-52558261	
S1-62512869	S2-542242303,S2-445960263,S3-83952190
S1-109664616	S2-493127849,S2-433216108,S3-12782817
S1-894973810	
S1-737574809	
S1-807435912	S2-189624638,S3-765944812,S3-995341581
S1-893605298	S2-134585968,S3-458820569,S3-533190200
S1-783317478	S2-509234520,S2-213396165,S3-890528899,S3-691256322
S1-296058870	S2-700684065,S3-372710889,S3-735862975
S1-105626556	S2-728160190,S3-221502349
S1-642455821	S2-401049390,S2-255796154,S2-385640756,S3-784734876
S1-856040263	S2-242752296,S3-310720907,S3-979114909
S1-695461664	S2-973244856,S2-133770402
S1-532989584	S2-75981731,S3-722179342,S3-737943262,S3-940945732,S3-279593669
S1-895635031	S2-693924285,S2-683440027,S2-120698932,S3-45030684
S1-53717727	S2-771373910,S2-614500806,S2-44503522,S3-940639053,S3-533789479,S3-71666200
S1-158658183	S2-631643622,S2-967061704,S3-993201901
S1-189912263	S2-691214421,S3-438021781,S3-176950822,S3-447753281
S1-778554980	S2-810840126,S2-862505421
S1-576632556	S2-837594732,S2-296042840,S2-401775421,S3-958447513,S3-571075840,S3-330023726
S1-652418219	S2-378857881,S2-825346700,S3-623234479,S3-347594914,S3-204769498
S1-248520624	S2-500896821,S2-945129472
S1-89395210	S2-443866178,S2-169216455,S2-489278150,S2-299973643,S3-851915190,S3-494568601,S3-845323015
S1-716098694	S2-871961484,S2-872780850,S3-351359272,S3-170844542,S3-449462029
S1-218332494	
S1-46706132	S2-457652583,S3-929701886,S3-262072496,S3-553035583,S3-148646267
S1-533900982	S2-623934689,S2-204022639,S3-129567856,S3-217919268
S1-175822536	
S1-500865813	S2-677380204,S2-5658548,S3-705405403,S3-530386001
S1-531390324	S2-717242892,S2-567772410,S2-657909418,S3-710937602,S3-901971651
S1-607052935	S2-77141745,S3-659984785,S3-348753757
S1-325433013	S2-482342857,S2-888588598,S3-390975330,S3-860714778
S1-601798128	S2-716923645,S2-888805369,S2-42959245,S2-667344492,S3-967741104,S3-632968351,S3-846090452
S1-319786740	S2-648655418,S2-674053585,S3-807108892,S3-570494546,S3-532079586
S1-606925008	S2-231100699,S2-891071217,S2-474000390,S3-162406200,S3-666166342,S3-268245726
S1-154554330	S2-6486824,S2-25136638,S3-704103304,S3-867905097
S1-831523781	S2-812090727,S2-438221972,S3-239391304,S3-346744456
S1-557532479	S3-210984179,S3-913415255
S1-261619158	S2-149296254,S2-445789555,S2-801960618,S3-163476745,S3-107026923
S1-249161373	S2-675042297,S2-278237115,S3-772432237
S1-368096833	S2-45103509,S2-789564729,S3-84342087,S3-995667483,S3-203763557,S3-838933061
S1-997068729	S3-112722025,S3-542348129
S1-806662165	S2-533185732,S2-40367229,S3-144950543,S3-727701726
S1-31540653	S2-708195543,S2-72780337,S3-417064480,S3-156552975
S1-96405175	S2-251393646,S2-829365979,S3-259806060
S1-604121640	S2-875926881,S2-740907141,S3-636786200
S1-10638032	S2-301272652,S2-289045186,S3-888019244
S1-969848937	S2-458912516,S3-115819099,S3-431598614,S3-124600276
S1-607479914	S2-259909905,S2-958201777,S2-656775635,S3-960052538
S1-705358951	S2-459014798,S3-563155319,S3-567151148,S3-956601554
S1-942997271	S2-992869586,S3-133597517
S1-621573418	S2-428020691,S3-300357195
S1-330154518	S2-337905385,S2-232240959,S2-841163696,S3-885389962
S1-207834038	S2-237495384,S2-434099435,S3-991336218
S1-991858974	S2-160518943,S2-278581103,S2-310267,S2-581743145,S3-506375506
S1-130811709	S2-185813614,S2-536015451,S3-930442056,S3-244840730,S3-992089698,S3-686706767,S3-645949765
S1-567186816	S2-224286476,S2-488221189,S2-421242023,S3-744738609,S3-610500295,S3-436525475
S1-73475336	S3-297219445,S3-344979279,S3-901234200,S3-580872423
S1-730324654	
S1-801459518	S2-603632126,S3-222649990,S3-928379197,S3-173606425,S3-22837027
S1-464925453	S2-322337275,S2-629032266,S3-617786276,S3-932362435,S3-868723919,S3-71198295
S1-981452352	S2-686326905,S3-811207655,S3-27709528
S1-797753144	S2-812684717,S3-555098708,S3-171233482
S1-190880775	S2-488812492,S3-683624176
S1-397276597	
S1-991230559	S2-741886789,S3-523266638
S1-971641613	S2-207040421,S2-418469522,S3-967374326,S3-977462290
S1-216163959	S2-446459185,S2-202037115,S2-422671978
S1-976868440	S3-178640965,S3-104334511
S1-748027925	S2-175841698,S2-308482818,S3-625117735,S3-572512174,S3-978005986
S1-889500087	S2-258412682,S2-148846006,S3-729757307,S3-723818746
S1-793769723	S2-732713095,S3-363673896
S1-207149180	S2-638686043,S2-199549050,S2-668222805,S3-495205004,S3-811154697,S3-988666360
S1-332443696	S3-225018402
S1-788888541	S2-504363812,S2-412193071,S2-16403496,S3-764773577
S1-749577284	S2-545464360,S2-754351976,S3-766169032,S3-885513826,S3-350940587,S3-576404620
S1-14899588	S2-696886167,S3-827929847,S3-396112958,S3-384300936,S3-953655908
S1-105849905	S2-251536156,S2-657675624,S3-311814820,S3-100294383
S1-753336278	S2-309676612,S3-771496957,S3-484419531
S1-38173649	
S1-933228710	S2-108193143
S1-540758272	S3-777570173,S3-82318640
S1-751462507	S2-680935421,S2-559437391,S3-377103743,S3-218045445,S3-751815999
S1-165720093	S2-736060668,S2-780392321,S3-840005592,S3-404353846
S1-979859164	S2-642462838,S3-525172677,S3-418140336
S1-270246921	S2-960469968,S2-343545396,S3-227056865
S1-979403179	S2-822689473,S3-511108247,S3-386801135
S1-591754048	S2-851072742,S2-85469816,S3-144733273,S3-186482529,S3-990546490,S3-224372966
S1-758371316	S2-940936266,S2-604057354,S3-497711897
S1-689946563	S2-327601649,S3-117592255,S3-67390702
S1-675325406	S2-498348969,S3-797734154,S3-469948509
S1-768156489	S2-989773379,S2-236790220,S2-407549786,S3-518871349
S1-182797202	S2-638916527,S2-688453999,S3-282464400,S3-690146294
S1-984396335	S2-501671294,S2-972898560,S2-731241903,S3-166884284
S1-176784705	S3-400383189,S3-565353956
S1-497003562	S2-987193213
S1-840841648	S2-741470815,S2-451713331,S2-55976394,S2-370248508,S3-346181670,S3-548473311,S3-830675496
S1-541811342	S2-773023438,S3-916654978,S3-912201656
S1-767972787	S2-902233624,S2-390545583,S2-850252244,S3-703304987,S3-258017255,S3-836894558
S1-807841834	S2-862620998,S2-648688627,S2-620221669
S1-201583073	S2-316299425,S3-296051458,S3-101855055
S1-163478580	S3-451097933,S3-997029289,S3-138607024,S3-819124220
S1-462130733	S2-307728355,S3-912718512,S3-435423034
S1-905567178	S2-546791972,S2-546124965,S3-811557900,S3-790605092,S3-645413445
S1-622892808	S2-15380070,S3-71933054
S1-170768799	S2-214216421,S2-678916165,S3-416875172,S3-142013203
S1-247852574	S2-160674235,S2-629930265,S3-954522278,S3-593418128
S1-28707455	S2-15186993,S3-428697495,S3-292345264,S3-133361179
S1-847232596	S2-356760869,S2-247628017
S1-534469544	S2-680248900
S1-563462430	S2-270883790,S3-426868013,S3-189335311
S1-22494499	S2-549286629,S2-670985450,S2-430899033,S3-429497156,S3-63490479,S3-874516361
S1-308629379	S2-196611509,S3-714730204
S1-671185689	S2-85378633,S2-695276322,S3-668778810
S1-314458000	S2-57744846,S3-349903552,S3-655970888,S3-84077679
S1-116861667	S2-287606373,S2-225294780,S2-732780987,S2-245382695,S2-27390961,S3-224051658
S1-551886033	S2-798059088,S2-225875947,S2-341561270,S3-277633385
S1-837260058	S2-711945884,S3-877993134,S3-465798522
S1-169572518	S2-824645611,S2-732706606,S3-749098282
S1-977172195	S2-529519368,S2-950600939,S2-197166788,S3-608103697,S3-52267412
S1-618757995	S3-921660740
S1-455472197	S3-40439864
S1-440571200	S2-596330197,S3-805609651,S3-264456533
S1-936316725	S3-295861913
S1-784467228	S2-568619446,S3-751443866,S3-705220811
S1-539200156	S2-779210890,S3-919920382,S3-778207803,S3-29557010
S1-982451785	S2-898236253,S2-581443632,S2-889998726,S3-913619807
S1-73457130	
S1-537858736	S2-543496662,S2-271477230,S3-550812723,S3-523968674
S1-492771741	S2-132912353,S2-160984385,S3-695221995,S3-61397282,S3-266229498
S1-982450551	S3-132671740
S1-425863422	S2-61959145,S2-277229893,S3-85145784,S3-497902339,S3-978194598
S1-575550282	S2-385401426,S2-760992729,S3-212063236,S3-548530757,S3-24163376
S1-306932563	S2-237216747,S3-148965215,S3-28640573
S1-913866856	S2-131881246,S2-638665003,S3-256447947,S3-799079106
S1-242326988	S3-889845765,S3-177158317,S3-655005624
S1-328197724	S2-432962034,S3-727476739,S3-306656344
S1-779729186	S2-510604533,S2-602855974,S2-920567400,S3-636304516,S3-311687674,S3-439965906
S1-202017937	S2-891024003,S2-546647450,S2-380983999,S3-525783589,S3-579353432
S1-350850435	S2-853206163,S3-826367441,S3-61939140
S1-758965265	S2-984613374,S2-753839088,S3-214444176
S1-490535198	S2-928654185,S2-160570396,S3-549886096,S3-29789234
S1-955098415	S2-426742889,S2-599368393,S3-53135393
S1-719913311	S2-465766171,S2-22349446
S1-455697639	S2-809394064,S2-877591155,S3-295179526,S3-554416546
S1-173917613	S3-726872695,S3-820754795
S1-434285217	S3-392805323
S1-236873587	S2-380913126,S3-425985431,S3-486025577,S3-169893931
S1-478189334	S2-796423769,S2-101052189,S3-994088265,S3-703307911,S3-516907133
S1-583712235	S2-388349848,S2-734279050,S3-946810057,S3-915710192
S1-765366772	S2-168082254
S1-316703282	S2-826985717,S2-84128823,S3-303228942
S1-953222403	S2-924262055,S2-161925841,S2-646836690,S2-769389,S3-955636390
S1-575612938	S2-503883282,S2-809891616,S2-919067785
S1-64461483	S2-870494672,S2-263667254,S3-354856716,S3-645357964
S1-934891908	S2-273467392,S3-738757812
S1-962024451	S2-845196113,S2-367749961,S2-463886975,S3-958195793,S3-151200111
S1-716148162	S2-289951758,S2-183856870,S2-972291900,S3-21833886
S1-290003541	S2-487640442,S3-598845464,S3-380754561
S1-317772663	S2-20325100,S2-348828898,S3-555715105
S1-690274150	S2-395394882,S2-405177399,S2-476494534,S2-319494462,S2-610766944,S3-742640267,S3-165717174
S1-992940622	S2-421296413,S2-366078946
S1-253149874	S3-424968396,S3-626517919
S1-23945797	S2-990902825,S3-240205546,S3-10934163
S1-156658301	S2-513610752,S3-582493803,S3-702624017,S3-287550982,S3-817070581
S1-466874186	S2-317253197,S3-402173295
S1-140302329	S2-757859582,S2-198486068,S2-767983228,S2-658157465,S3-21489783,S3-328337573
S1-931471604	S2-905019598,S3-788364715,S3-647198988,S3-891451571,S3-198753366
S1-260728309	S2-924645367,S3-456219550,S3-482665454
S1-851763533	S3-568175936
S1-395061818	S2-127250283,S2-610113313,S2-607234976,S2-124213182,S3-384676057,S3-242533487,S3-425570755,S3-188006402
S1-598451893	S3-558534481,S3-676761474,S3-565157580
S1-801314914	S2-679430090,S2-621754416,S2-744322642,S2-838420576,S3-764055160,S3-335757455
S1-769119217	
S1-238518143	S2-589388394,S2-612567552,S3-81055790,S3-746801317,S3-135166986
S1-255187292	S2-233100901,S3-466071300
S1-218859026	S2-523904893,S3-612306755,S3-1463015,S3-552026473
S1-675671650	S2-49589088,S2-647811416,S3-851725245,S3-741398029,S3-812894749
S1-226248824	S2-301886669,S2-716093196,S3-195429075
S1-67012852	S2-630296616,S3-251706159
S1-115838603	S2-360547692,S2-786151240,S3-130270634,S3-711104176,S3-26759897,S3-782755976,S3-408050218
S1-179278568	S2-713409081,S2-709690517,S3-913265420,S3-97912118
S1-979198770	S2-778372022,S3-897332372,S3-364702196,S3-185606700
S1-18299527	S3-694729868,S3-429705831
S1-477382536	S2-30538107,S2-45057152,S2-286585632,S3-533006876
S1-954744794	S2-962252958,S3-526973846,S3-188298059
S1-48671028	S2-153745838,S2-460436541,S2-404135248,S3-901237759
S1-235672087	S2-117706079,S2-902113375
S1-756109017	S2-448008423,S2-336124271,S2-218561423,S2-314634252,S3-849324908,S3-787762936
S1-737944566	S2-474995479,S2-768911414,S3-460163453,S3-523726914
S1-804861975	S2-9902013,S2-997853590,S3-827013476,S3-927418548,S3-530011850
S1-429733976	
S1-327353791	S2-87871375,S2-374925432,S3-918004015,S3-65138167,S3-617412549,S3-924362817
S1-713057385	S2-609091522,S2-787158465,S2-507328687,S3-570084752,S3-261885870,S3-519643597
S1-420936632	S2-701432272
S1-230444667	S2-194812790,S2-608477393,S3-452994538,S3-375380892,S3-343346204
S1-442323949	S2-294334973,S2-623421219,S2-632334215
S1-728762011	S2-419914526,S3-341442253
S1-289318914	S2-100412037,S3-173257979
S1-524046847	S2-840308486,S3-57376484
S1-448382605	S2-543313533,S3-858846671
S1-215501318	S2-327685637,S3-775942165
S1-764334277	S2-276395756,S2-724096273,S2-307703597,S3-926188089
S1-466000192	S2-908389723,S3-443565576
S1-336170939	S2-949425658,S2-363755711
S1-503990997	
S1-523031081	S2-676321075,S3-153437889,S3-962465830
S1-179181108	S2-950850036,S3-174887578
S1-4962669	S2-125427643,S3-127841455
S1-11600872	S2-697168104,S2-163989541,S3-770622214
S1-669112604	
S1-158962407	S2-456324898,S3-936532916
S1-948129474	
S1-698566210	S2-183239476,S2-978976970,S2-611866068,S2-603229663,S3-703072400,S3-697497565,S3-802562450
S1-122515930	S2-26753448,S3-425483908,S3-658607413
S1-839136648	
S1-536594070	S2-732900604,S2-456569072,S3-469817492,S3-354671753
S1-591780819	S2-748803348,S2-23436754,S2-9666030,S3-687325046,S3-170648747
S1-953363131	S2-50930109,S3-399745612
S1-329336272	S2-282626582,S2-680544996,S3-412734034,S3-493109411,S3-724796500
S1-205284887	S2-409746083,S2-648607605,S2-737656171,S2-889271764,S3-657523849,S3-573240696
S1-39548589	S2-113639423,S3-168262836,S3-752150491,S3-116101642
S1-387118247	S2-482160678,S3-350195582,S3-59238859
S1-118464075	S2-608277436,S2-135338867,S3-908170871
S1-627639966	S2-285617591,S2-757667745,S2-44208727,S3-673231583,S3-476134128
S1-10871097	S3-671974833,S3-757951197
S1-991707877	S3-71995624,S3-164944266
S1-990970976	S2-732653321,S2-932616730,S3-858157519,S3-347855379,S3-76497463
S1-583559580	S2-294513528,S2-162689920,S3-49365957,S3-13131617
S1-362769624	S2-72075862,S2-918351076,S3-472798997,S3-271436725,S3-472577391
S1-558694631	
S1-649189338	S2-909462836,S2-846318416,S3-162036434,S3-381627899,S3-754727636
S1-386829677	S2-142603048,S3-316781638,S3-682325002,S3-704487081,S3-157813285
S1-439875821	S2-326702515,S3-466513920,S3-954496005
S1-74168468	S2-453060539,S3-579298584
S1-866118843	S2-334398166,S2-36944752,S3-533217233,S3-877769080,S3-108000050
S1-992233563	S2-662821216,S2-606984052,S2-326399036,S3-128551474,S3-37567850
S1-95060771	S2-151341517,S2-251515581,S2-719948959,S3-629585230,S3-527747032,S3-860469555
S1-623803418	S2-425005581,S3-842533413,S3-602185421
S1-955237566	S3-144398008
S1-742935791	S2-53964847,S2-583782272
S1-320230025	S2-385337077,S2-968775289,S3-284276887,S3-463709970,S3-383416579
S1-190279840	S2-177245961,S3-837848487
S1-945450014	S2-555044985,S2-945576087,S3-82624040,S3-592404200
S1-354672395	S3-352477993,S3-414125927,S3-758896449
S1-241913180	S2-433680239,S2-230668081,S3-397889749
S1-126793126	S2-784998069,S3-324847575
S1-168230618	S2-929096898,S3-67446817
S1-980580361	S2-830262069,S2-782290344,S3-291778252,S3-502566014,S3-227252859
S1-992929360	S2-344398396,S3-106605685,S3-185560817,S3-262895866,S3-768115745
S1-232954227	S2-895240966,S2-305856449,S2-236075034,S2-889974970,S3-9655997,S3-935918753,S3-905730244
S1-590829860	
S1-50780963	S2-228279150,S2-833668056,S2-942976966,S3-441649474
S1-990815945	S2-939321969,S2-597668466,S2-908698434,S2-600067584,S3-4541333,S3-887036889
S1-474901765	S2-522734125,S3-111079971
S1-267879236	S2-703053790,S2-118717266,S3-680401661,S3-735725723
S1-753500021	S2-709703090,S3-174510604,S3-517797367
S1-987646505	
S1-648317754	S2-447257976,S2-750611744,S3-729210640,S3-173137566,S3-544072423
S1-442495184	S2-469240939,S2-46829283,S2-284905762,S2-545687349,S3-664132805
S1-335189198	S2-793390140,S2-979246456
S1-276503571	S2-308913156,S2-105972355,S2-726305641,S3-590168230
S1-273292776	S2-262244929,S2-266892444,S2-544489473,S3-916186502
S1-668115326	S2-265142770,S3-558068716,S3-186599000,S3-980040834
S1-28782837	S2-159249167
S1-452514442	S2-589791774,S2-728176351,S3-991652942,S3-872029457,S3-592186402
S1-774492929	S2-143003944,S2-609918972,S3-785036601
S1-876811160	S2-227903346,S2-40405766,S3-872745409,S3-32393676,S3-88169288
S1-109288726	S2-240528538,S2-479371903,S3-487271069
S1-112780660	S2-805575565,S2-424511259,S3-977077901,S3-790341921
S1-353588629	S2-514130896,S2-408138290,S3-842597359,S3-500410901,S3-821830285
S1-471588561	S2-534311229,S3-499461934,S3-208812275,S3-434822540,S3-388383854,S3-606678333
S1-788918107	S2-44444030,S3-96735713,S3-195023399
S1-897116071	S2-586369073,S3-876887834
S1-573620079	S3-226121652,S3-218755118,S3-359108219,S3-413993429,S3-295802602
S1-137682193	S2-991959868,S3-694107958
S1-421754255	S2-825438332,S2-644519857,S3-346752621,S3-617178562,S3-391173817,S3-49228570,S3-728667587
S1-151277938	S2-355605765,S2-901100852,S3-664219121,S3-133358533
S1-905678947	S2-448468182,S2-527694761,S2-910037933,S3-470736143,S3-575303059
S1-290598545	S2-166493499,S3-831075689,S3-330768332,S3-391183531,S3-91895093
S1-698655483	S2-650936521,S3-647146061,S3-610597133
S1-335292477	S2-473063648,S2-623645418,S3-93912380
S1-633275137	S2-762941270,S3-896509073,S3-66618914,S3-887489978
S1-513180877	
S1-904561101	S2-947914048,S2-158476840,S3-953430696
S1-306588216	S2-593178280,S3-168970039,S3-952557164
S1-3149958	S2-626388112,S3-985770672,S3-292972254
S1-920626296	S2-413556941,S3-172595029,S3-881835051,S3-127562570
S1-408457402	S2-684965999,S3-465860022,S3-888067591
S1-381390805	S2-767985503,S3-569822202,S3-904697452
S1-677925411	S2-341223421,S3-225388745,S3-431234762,S3-352891443,S3-155800736
S1-86165011	S2-764096252,S2-501835354,S3-168267538,S3-733202047,S3-980107114
S1-387438468	S2-876910632,S3-94426128,S3-810017706,S3-514745351,S3-73126725
S1-5789226	S2-294048694,S2-29734299,S3-690738790,S3-354681988
S1-238683247	S2-272085781,S2-970614048,S3-421597404,S3-950425461
S1-372991672	S2-615321661,S2-166941825,S3-801280854,S3-548156416,S3-845523656
S1-423287221	S2-367917671,S2-354586524,S3-955665564
S1-239958144	S2-754563400
S1-433424399	S2-890676750,S2-57847903,S2-730725809,S2-897934218,S3-302030867,S3-897683435,S3-740382731,S3-892544068
S1-929572923	S2-777477794,S2-370781617,S3-255432155,S3-597355690,S3-960973500
S1-555078923	S2-773639337,S2-128522785,S3-250247457,S3-691306552,S3-870225322,S3-999388583,S3-406016642,S3-38913323
S1-378408675	S2-827908201,S3-339847451,S3-848938595,S3-563159400,S3-726265234
S1-89080114	S2-733443924,S2-918668968,S2-835206528,S3-539817967
S1-727031795	S2-957081785,S3-158282125,S3-515405673,S3-756860443,S3-954936214
S1-900303360	S2-452729352,S3-671364739,S3-391457328
S1-172700964	S2-6154426,S2-396785849,S2-267646952,S2-174585800,S3-197999070
S1-17726756	S3-449386450
S1-865711133	S2-782268796,S3-183613474
S1-954030748	S2-88348047,S2-224724994,S3-674134556,S3-559629666,S3-550395150
S1-988018040	S2-891159480,S3-373985042
S1-438484136	S2-549254530,S2-817118793,S2-700323495,S3-504200837,S3-635516205
S1-394684257	S2-562430738,S2-448762424,S3-911244317
S1-649409581	S2-465767055,S2-216212940,S2-178726379,S3-763363041,S3-56359977
S1-347890799	S2-344715454,S2-28547090,S3-151989809
S1-456425929	S2-625409155,S3-977979820,S3-425799790,S3-296402052
S1-709948744	S2-948807708,S3-959394792
S1-725531981	S2-679932420,S3-530458356
S1-480783036	S2-848737124,S2-338608531,S3-753212726,S3-409228908
S1-588771974	S2-405571163,S3-538282476
S1-416600394	S2-119198255,S2-588516191,S2-166201272,S3-833288771,S3-56062947
S1-917521143	S2-426731473,S3-141683994,S3-206701149
S1-504306892	S2-653087994,S2-951131969
S1-860514793	S2-838747397,S3-743056663
S1-484012585	S2-798646338,S2-579263418,S2-844606245,S3-74098501,S3-218571944,S3-210956863
S1-303505038	S2-823991836,S2-260593296,S2-610898973,S2-282263175,S3-269824606
S1-138859892	S2-888175627,S3-100940454
S1-659450866	S2-237733799,S2-90647062,S3-15643336,S3-782588928,S3-765673289,S3-351417618,S3-174012187
S1-865445664	S2-448527777,S2-285288637,S2-791041137,S2-840204452,S3-551672734,S3-48619392
S1-536396456	S2-183339491,S2-81622530,S3-959400935,S3-292679367,S3-566666430,S3-339534448
S1-782350010	S3-722317868
S1-127638637	S2-104356168,S2-404162627
S1-944835871	S2-281467714,S3-455868441,S3-578885235,S3-479777304
S1-853507931	S2-280865048,S3-527393703,S3-470304336
S1-552878752	S2-489332794,S2-2247527,S3-538518573
S1-616056701	S2-12396386,S3-403952360
S1-834085959	S2-341668460,S3-752396521,S3-999324920
S1-558101495	S2-291436247,S2-452753495,S2-45590091,S3-179539940
S1-347678647	S2-134232072,S3-500963840
S1-90597262	S2-152700641,S2-733104111,S3-143972816
S1-463215765	S2-624160189,S3-738725882,S3-646078525,S3-394175988
S1-920943504	S2-379093669,S2-82258272,S3-280670237
S1-591993000	S2-278040558,S2-196355679,S2-17814962,S3-672265094
S1-6791500	S2-488908043,S2-51256765,S3-85651152
S1-772067211	S2-484247801,S3-213879897,S3-353240653,S3-122057954
S1-380743266	S2-679324126
S1-644439477	S2-953001963,S2-987551971,S2-817287042,S3-193105627,S3-242950495
S1-28730057	S2-405322624,S3-735084965,S3-787455550,S3-42920943
S1-577467966	S2-372045641,S3-350561015,S3-56657971,S3-900178168
S1-376415072	S2-834019575,S2-830093324,S3-372324573,S3-912756860,S3-920729153,S3-344575255,S3-770759258
S1-496283499	S2-919398111,S2-127048112,S2-597420719,S3-517322175
S1-609177693	S2-791591421,S2-117047722,S3-600824378
S1-142392584	S2-205539167,S2-152430274
S1-189939664	S2-634019051,S2-195006103,S3-649616203
S1-407513739	S2-617297321,S3-641140894
S1-768507571	S2-304007116,S2-520823993,S2-788215241,S2-354102544,S3-48219952
S1-801625616	S2-835788757,S3-604022714
S1-457133621	S2-559345422,S3-993610180,S3-488317478,S3-357145100,S3-599472263
S1-555112251	S2-117979972,S2-142954634,S3-157356854,S3-897856908
S1-996098685	S3-473865040,S3-560138456,S3-217530773
S1-783847111	S2-734669377,S2-451957764,S2-959173337,S2-905468944,S3-74652015,S3-806934788,S3-440156928,S3-216325237
S1-941420199	S2-550017007,S3-565684111,S3-264310720
S1-134429954	S3-148867077,S3-803395160,S3-557794484
S1-410947485	S3-869009263,S3-983338541
S1-713699574	S3-809290195
S1-570074208	S2-114728721,S2-370240982,S3-313732752,S3-900018003
S1-942545192	S2-507702435
S1-323216564	S2-190519266,S2-777714228
S1-389745588	S2-300691884,S2-294836852,S3-836997018,S3-907662405
S1-609045887	
S1-630226528	S2-232920579,S3-127284111,S3-908711544
S1-771471923	S3-106575922,S3-258651662,S3-846870378
S1-973533012	S2-543590961,S3-132771444
S1-920899589	S2-808765483,S2-418620161,S3-818456732,S3-334737996,S3-666392111
S1-400056842	S2-2029058,S3-255904712
S1-346954751	S2-294123000,S2-219054647,S2-400839039,S3-53824071,S3-118292758
S1-650084066	S2-211153731,S2-939202579,S2-645329164,S3-66028723,S3-202696262,S3-486372664
S1-160344566	S2-450446815,S2-98314986,S2-450289479,S2-214932255,S3-994957762
S1-323839951	S2-858886267,S2-205639791,S2-958882549,S3-147554020,S3-595201570,S3-561264183
S1-36774875	S2-161831951,S3-932607975
S1-862596532	S2-65305955,S2-728408013,S2-194996270,S2-57674472,S3-565695871,S3-563609594
S1-752271107	S2-393155033,S3-448562488,S3-394013212,S3-544879178
S1-691211959	S2-145503402,S2-629353972,S3-530319176,S3-131726600
S1-680010179	S2-198918102,S3-916543374,S3-528508542
S1-10900199	S2-663388347,S2-55440888,S3-169052565
S1-903305399	S2-723376177,S2-503971239,S2-876624665,S3-735665196,S3-531178288,S3-459757869
S1-97202725	S2-999245541,S3-866243854,S3-61400890
S1-626852563	S2-246594439,S2-296256767,S3-598810912
S1-545918835	S2-44507386,S2-159361049,S3-610544677,S3-101532485
S1-860746597	S2-676858702,S2-396435523,S2-375538264,S3-972228666,S3-550134664
S1-909831529	S2-974764907,S2-446785847,S2-312934117,S3-331901275,S3-463397203,S3-27199280
S1-972582313	S2-791391336,S3-258677386
S1-392607588	S2-783415358,S2-135767546,S2-188253898,S3-529492391
S1-98695713	S2-840792154,S3-153118466,S3-547934381,S3-301618542
S1-849716741	S2-887355750,S3-173236434,S3-634015092,S3-147582290
S1-347887297	S2-129732231,S2-143126293,S3-835816626,S3-398936137,S3-59059795,S3-161618156
S1-312433513	S2-686970792,S2-823017662,S2-679329800,S3-970131717,S3-833671205,S3-317335881
S1-785876059	S2-279763235,S3-707370695,S3-515311486
S1-813382408	S2-809777182,S2-710914541,S3-954671216,S3-682803896,S3-317445424
S1-546788408	S2-36825747,S3-29114231
S1-232318121	
S1-767821289	S2-803156827
S1-531162787	S2-82662507,S3-317938203
S1-865456029	S2-585022583,S3-726218985,S3-339037006,S3-758883495
S1-422333801	S2-724081285,S3-180740160,S3-177949262
S1-904564870	S2-861434693,S3-554682486,S3-251334175
S1-965363587	S2-205252081,S3-183902079,S3-421920846
S1-977298524	S3-336122655
S1-531866426	S2-357902916,S2-77479774,S3-215332177,S3-324390416
S1-28880531	S2-729699238,S2-243902581,S3-420710209
S1-941376430	S2-268468099,S2-722400332,S3-590385356,S3-592920968,S3-722777879
S1-375602259	S2-570674411,S2-285371313,S2-821287183,S3-82669013,S3-999729817
S1-557472364	S2-577160010,S2-47619514,S2-500290462,S2-197089302,S2-322819522,S3-410304454,S3-87597620,S3-980961257
S1-380100235	S2-934524132,S2-963607705,S2-815022564,S2-985578989,S2-395487063,S3-326025913
S1-965278861	S2-891662288,S2-319574685,S3-248181394,S3-386191938
S1-92749552	S2-705226245,S2-799877388,S3-932502115
S1-392054251	S2-411439493,S2-938896108,S3-790209248,S3-361465944,S3-256060456
S1-163044202	S2-301870235,S2-570131053,S2-323422785,S3-795302331,S3-95451766,S3-75440254
S1-167572077	
S1-143397137	S2-149603547,S2-175333736,S3-159327604
S1-596131258	
S1-217986633	S2-554358031,S2-994411704,S3-598405231,S3-433573173
S1-369645535	S2-395261355,S2-90121327,S3-688408749,S3-914551534
S1-270604464	
S1-832441953	S2-739604693,S2-949512096,S3-290534535
S1-320209096	S2-942505262,S2-498172900,S3-632642881,S3-903422293
S1-961446119	S2-352366855,S3-331789343,S3-126013779,S3-317193151
S1-469570478	S2-216892787,S2-405093184,S3-708676345,S3-961523170
S1-388901360	S2-360531501,S3-164138478,S3-575582782,S3-452891829,S3-952597441,S3-56098480
S1-543692413	S2-623945916,S2-246296163,S3-84355077
S1-399679407	S2-335023887,S2-222726207,S3-734103198
S1-613657965	S2-925809267,S2-48469421,S3-710901186,S3-962130779
S1-383865829	S2-708755612,S3-263074677,S3-483793594,S3-739908645,S3-633775243,S3-350041491
S1-237649303	S3-788365653,S3-342517018
S1-123691587	S2-862126452,S2-759359232
S1-35425316	S2-924577943,S2-891926819,S3-926378202
S1-801579757	S2-876774660,S3-45699647,S3-950436725
S1-725832412	S2-890005055,S2-247465681,S2-120960067,S2-324012649,S3-894260696
S1-261092988	S2-584566361,S3-257393287
S1-881153374	S2-167868220,S2-967397075,S3-132882570,S3-195242778,S3-990465860
S1-685134234	S2-250778007,S2-74533550,S2-639536575,S3-619570362,S3-962808707
S1-865549728	S2-409883935,S2-561014654,S3-412430229
S1-738548346	S2-98409531,S2-115528295,S2-644758512,S3-921587748,S3-445118360
S1-606242729	S2-927582415,S2-267904654,S2-43277830,S3-741888859,S3-855722433,S3-987138805
S1-32813840	S2-456879580,S3-921306596,S3-118623549
S1-938698633	
S1-632933406	S2-789312042,S3-171286518,S3-613396987,S3-14715706,S3-764277366
S1-569474460	S2-213101073,S3-817671505
S1-946342027	S2-676421643,S3-312606102,S3-495304963
S1-671134623	S2-333812570,S3-398927340,S3-599386454
S1-286877513	S2-55888600,S2-993308559,S3-198864637
S1-967241148	S2-181112713,S2-11033450,S3-640103728,S3-81240691,S3-652159523,S3-698297680
S1-235974925	S2-316903752,S3-659129903
S1-811063192	S2-335459198,S2-964278309,S3-820302181,S3-882310571
S1-950293301	
S1-829546598	
S1-648276603	S2-376522488,S3-729480822
S1-180467247	
S1-102721964	S2-198514746,S2-757581341,S2-60887397,S2-450395908,S3-466453897
S1-293506329	S2-446026974,S2-29242960,S3-391189061,S3-207619283
S1-839573296	S2-361095793,S3-904918288,S3-641676188,S3-377319706,S3-270911394
S1-719740979	S2-832560243,S2-683185392,S2-510225509,S3-222140703,S3-311562854,S3-778913117,S3-187980613,S3-670783249
S1-317253830	S2-841824779,S3-509642790,S3-512381909
S1-240925944	S2-160975723,S2-156767973,S3-134212180
S1-167353179	S2-815125093,S3-338977197
S1-563103967	S2-214512107,S3-494182900,S3-792784413,S3-975963280
S1-685488899	S2-436859657,S3-51277893,S3-529004978
S1-160289589	S2-712120003,S2-355551544,S3-197591114,S3-436550075,S3-901702066
S1-152857195	
S1-60805786	S3-418309817
S1-827313041	S2-510428831,S3-29150605
S1-666685179	S2-1005387,S2-427208507,S3-254295939
S1-776131458	
S1-138874670	S3-143198476,S3-45926851
S1-617495693	S2-45116597,S3-776947214,S3-143372530,S3-113463080
S1-872149398	S2-309610064,S3-407033436,S3-812345747,S3-54630495
S1-114839951	S2-189476391,S2-828780922,S3-64592775
S1-368821567	S2-591160197,S2-754030468,S2-372489694,S2-337263444,S3-126638067,S3-693402830
S1-117238618	S2-850769264,S3-24254853,S3-305109124
S1-938577079	S2-58545944,S3-9565270,S3-927395138,S3-808395057
S1-608460171	S2-720145229,S2-367431063,S3-573770713
S1-263299867	S2-487197071,S2-127683781,S2-719339202,S2-536922634,S3-185342159
S1-946773687	S2-221620314,S2-153210166,S3-869904240
S1-278033134	S3-768737107
S1-693179307	S2-846863687,S2-168419277,S2-108104704,S3-703397566,S3-558324062
S1-219623773	S2-396426432,S2-79106180,S2-580661549,S3-467661062
S1-837383581	
S1-658507914	S2-663844511,S3-400708121,S3-773882167,S3-42967066,S3-242336811
S1-292012050	S2-34839676,S2-963124902,S2-135821211,S3-263763825,S3-934140928
S1-3731031	S2-645659139,S3-376240853,S3-845674520,S3-683304861,S3-10710140
S1-230278554	S2-435577369,S2-322520084,S2-914519593,S3-511817322
S1-395118974	S2-367956721,S2-381313920,S3-760519917
S1-505161129	S2-288250210,S2-232465708,S3-134903377,S3-491894013
S1-453773903	S2-91429132,S2-75667001,S3-311252540
S1-441100629	S2-479838256,S2-981753764,S2-416576688,S3-426421414,S3-855963682
S1-641242715	
S1-97524785	S2-578016119,S2-621547637,S2-695456141,S2-437821994,S3-837480282
S1-853209518	S3-527535490,S3-529360450
S1-766358011	S2-274263164,S3-895772223
S1-146432857	S2-656714539,S2-729917795,S3-352215894,S3-50012381,S3-266545373
S1-822032945	S2-963948524,S2-891734507,S3-85839536,S3-105167871,S3-831435087,S3-352948521
S1-267760191	S2-371245419,S2-971907202,S3-437820663,S3-348468198
S1-823088793	S2-847379680,S2-114883810,S3-276693562
S1-447888179	S2-621378362,S2-86943038,S3-8610911
S1-827286316	S2-8148743,S2-465130277,S2-82679458,S2-53250896,S3-922493187,S3-258412992
S1-945209691	S2-514213181,S3-789116460
S1-523354310	S2-270489532,S3-164012059,S3-656750051,S3-981601924
S1-44393503	S2-779614405
S1-294357190	S2-800060533,S2-760017381,S2-303229190,S3-480254951,S3-955380599,S3-119087479
S1-217180838	S2-537824258,S2-253382151,S2-68510928,S3-783795829
S1-256938375	S2-609676382,S2-570943892,S3-244568506
S1-672863094	S2-648470380,S3-215634425,S3-688829742
S1-862158855	S2-975822784,S3-948402096,S3-944281225,S3-415521068
S1-639224289	S2-216938421,S3-522341887,S3-51587702,S3-303053780
S1-388766738	S2-313527062,S3-299098370,S3-518782831,S3-782931866
S1-350930984	S2-925323993,S3-898583819,S3-647451580
S1-794749384	S2-550242672,S2-396792465,S3-169054677,S3-105338668
S1-663780534	
S1-222212786	S2-231053383,S2-641562792,S2-371455229,S2-800988568,S3-685248022,S3-721062076
S1-729805553	S2-729476353,S3-528699206,S3-284853034,S3-613966469
S1-74233400	S2-937487915,S3-717090789,S3-703062615
S1-134005237	S2-945050355,S2-631660723,S3-992902731,S3-568900344,S3-953885496,S3-484295520
S1-515367842	S2-830465047,S3-72089433,S3-948476578
S1-26380702	S2-43338172
S1-577518233	S2-788638604,S2-195011806,S3-254963016
S1-251616691	S2-723472849,S2-654247669,S3-826749306
S1-693943381	S2-999599831,S2-266823231,S2-552626134,S3-722551043
S1-985568866	S2-448315871,S2-426950158,S3-751331374,S3-787206473
S1-918805873	S2-5180039,S2-833808450,S2-883540106,S3-206766087
S1-186720300	S2-213114870,S2-437310194,S2-839185481,S3-294376679,S3-189508239
S1-116733358	S2-357628904,S3-489028886,S3-862003076,S3-805097905,S3-769574316
S1-95676979	S2-149715050,S2-754443772,S3-750218095,S3-307161884
S1-90663940	S2-594077085,S2-649507774,S3-534929089,S3-508453107
S1-72476359	S2-837912659,S2-16443158,S3-793605313
S1-885161670	S2-596549682,S3-614925192,S3-922481354
S1-780156657	S2-169827717,S2-421054903,S3-693156993
S1-896868963	S2-128516753,S2-106204003,S3-202608793,S3-449985615
S1-698469952	S2-339537251,S3-721177118
S1-442765129	S2-123706236,S2-308047506,S2-936971722
S1-449790412	S2-832701016,S2-496495003,S3-685484666,S3-593806024
S1-940359566	S2-992235691,S3-451659116,S3-918179804,S3-564361083,S3-856424686
S1-311938351	S2-422148312,S3-482047840,S3-566579221
S1-839311243	S2-922368333,S3-696872107
S1-709893861	S2-249081901,S3-413793593,S3-648442196
S1-658170554	S2-106938761,S2-76152075,S2-912759477,S3-229212789
S1-200907653	S3-819934929
S1-395981812	S2-371152682,S3-323593940
S1-286439524	S2-534743371,S2-721452452
S1-47530671	
S1-446682430	
S1-823108101	S2-913085315,S2-238534193,S2-171405051,S2-800105092,S3-672103903,S3-20374768
S1-352883405	S2-212700219,S2-935204278,S3-752338673
S1-727929034	S2-577656612,S2-812769240,S3-581013446,S3-115384787
S1-88796036	S2-343460132,S2-709415499,S3-474984219
S1-527413846	S2-272902207,S3-102530760
S1-491066592	S2-156838088,S3-929426992
S1-238489726	S2-280528757,S2-124314785,S2-587944451,S3-810755080
S1-605033691	S2-171687627,S3-985962408
S1-494682035	S2-795545637,S3-663820331
S1-202987696	S2-435212270,S3-399121417
S1-741220729	S2-961376553,S2-643238451,S2-335327690,S3-85324537,S3-484666968,S3-524463978
S1-628444370	S2-496641458,S3-474364572,S3-768198885,S3-49246528
S1-850364492	S2-370177379,S3-225603250,S3-234037924,S3-319578066
S1-340656279	S2-832928779,S2-586648390,S3-90268855
S1-882329370	S2-519399545,S2-709034981,S2-646000532,S3-740649378
S1-785844575	S2-437684332,S3-873516767,S3-667595254
S1-590939092	S2-112966033,S3-349839810,S3-80144778,S3-178976914,S3-798979428
S1-331423041	S2-347390029,S2-593417326,S3-126031484,S3-175264456
S1-3198104	S3-127237907,S3-70814344
S1-734413140	S2-789900278,S3-729452716,S3-623096004
S1-432984139	S2-557323200,S2-455241972,S2-848334652,S3-732601312,S3-456471371
S1-788184465	S3-133363598,S3-276045478,S3-674521848
S1-559992207	S2-271974026,S2-481561802,S2-367029268,S2-814362408,S3-938647098,S3-893645786
S1-214690150	S2-270164072,S2-334977545,S3-25493410
S1-764304176	S2-435823009,S2-243254329,S3-673781277
S1-247976288	S2-782987389,S3-758812264,S3-32955667,S3-935429238
S1-811434462	S2-886598655
S1-507548204	S2-259564053,S3-533175130,S3-35777670,S3-623999130,S3-63298345
S1-582282522	S2-230935268,S2-64994268,S2-406442894,S2-21828459,S3-52131816
S1-68903334	S2-548535207,S2-5030769,S3-82693314,S3-363548077
S1-248763227	S2-8054478,S2-189588199,S2-97554691,S2-923202258,S3-282162994,S3-251475354,S3-350002235
S1-150019148	S2-933081344,S2-979725095,S3-749854876,S3-162027950,S3-876251008
S1-734692295	S2-268686775,S2-533351483,S2-63035548,S3-5659781
S1-805487895	S2-336744715
S1-526371318	S3-234083029
S1-57129503	S2-73601921,S2-474475783
S1-751014174	S3-560809485,S3-916004340
S1-717959289	S2-280586210,S3-890903542
S1-901605073	S2-711811003,S3-246361390,S3-534082650
S1-50224681	S2-746851762,S3-724548136
S1-914379688	S2-652791164,S3-664853655,S3-8458550,S3-367548084
S1-318309375	S2-741025468,S2-535975782
S1-611608380	S2-324701840,S2-167862754,S2-435194884,S2-130121834,S3-232654874,S3-951217719,S3-73579803
S1-645512058	
S1-393790956	S2-368966447,S3-339086641,S3-412813816,S3-70540452
S1-641514684	S2-894649950,S2-92851775,S3-766494463,S3-916713457,S3-58958197
S1-22175547	S2-723488249,S3-562696492
S1-290228899	
S1-198951564	S2-710170239,S3-743650239
S1-171050433	S2-810403190,S2-614424573,S3-916661550
S1-233299096	S2-761600844,S2-457570007,S3-250785149,S3-863466841,S3-426517473,S3-772469294
S1-986506279	S2-471080208,S2-254596536,S2-536125827,S2-608917443
S1-119596465	S2-5762196
S1-513582836	S2-148989605,S2-127540102,S3-165962723,S3-235556597
S1-500123319	S2-757768985,S2-958728858,S2-637465174,S3-575764925,S3-716567483
S1-120141172	S2-455358473,S2-931698196,S3-26934873,S3-31044176,S3-404204019,S3-905571402
S1-778060910	S2-480004050,S2-867161478,S2-377742668,S2-287331798,S3-163734199,S3-391346430,S3-596240403,S3-321409900
S1-12288403	S2-145458868,S2-350892847,S3-528979959,S3-641500730
S1-582710895	S2-258372317
S1-98202964	S2-390524592,S3-644741042
S1-253175848	S2-922406128,S2-847657009
S1-5094648	S2-894353689,S2-839628536,S2-872006865,S3-28666293
S1-858910884	S2-443929116,S2-964256777,S3-178091405,S3-113302900,S3-128086392,S3-254799367,S3-320740187
S1-555308719	S2-884326738,S2-983173361,S3-827340114
S1-455472733	S2-653584012,S2-605602551,S3-115940009
S1-198983908	S2-165879901,S2-445031903,S2-58420579,S3-324047000
S1-705036661	S2-711279713,S2-652064075,S2-740715503,S2-414987995,S3-282923296
S1-699362279	
S1-201888637	S3-440299006
S1-271498654	
S1-254790864	S2-133765209,S2-682743235,S3-239433452
S1-879402499	S2-360468576,S3-329896543,S3-278862584
S1-166442171	S3-664190035,S3-940478231
S1-879785408	S3-835867961
S1-189351891	S2-927320184,S2-116905971,S3-328906048,S3-958768234
S1-567321737	S2-854919617,S3-876500409,S3-586048798,S3-40228268,S3-842732226
S1-42465550	S2-298275189,S3-332814878,S3-566061655
S1-409380708	S2-233607927,S2-626051539,S3-513799008,S3-88087552
S1-974864553	S2-653496210,S2-870582819,S2-138469835,S3-792228569
S1-227231752	S2-625540513,S2-487529556,S2-224448477,S3-791725666
S1-310923502	S2-139248537,S2-973642842,S3-77505605
S1-894480077	S2-30834353,S2-315331021,S3-158179038,S3-120412002,S3-193092052
S1-305626746	S2-685849771,S2-904329124,S3-96765899
S1-765112950	S2-833546727,S2-293903480,S2-525655432,S3-65839170,S3-350900446
S1-975341470	S2-512311105,S3-870478653
S1-753950871	S2-479234360,S2-782737031,S2-929810826,S3-307471116
S1-267550963	S2-69342823,S2-379503754,S2-450378393,S2-729617365,S3-481205103
S1-99933827	S2-93437618,S3-123011685,S3-466778318,S3-267974036
S1-294479670	S2-73046686,S2-972590030,S3-577087462
S1-439242722	S2-183581043,S2-369817390,S3-986907833,S3-964925809
S1-709075685	S2-628496142,S3-147633624,S3-940878897,S3-781802316
S1-445295098	S2-882106001,S3-74889086,S3-474584125,S3-247925225
S1-982428128	S2-434761676,S2-940001261,S3-105118230,S3-787674065,S3-871129631,S3-107817352
S1-736385683	S2-896220314,S2-196608011,S3-915299615,S3-162152257
S1-626866483	S2-842034310,S2-937699534,S2-483647040,S3-307622339,S3-704471403
S1-620145393	
S1-738137474	S2-756626703,S2-519295063,S2-665871177,S3-90717257
S1-352600444	S3-193726454,S3-199176236,S3-58008964
S1-234506888	S2-32929300,S3-860271997,S3-903126459
S1-488305564	S2-296383877,S3-625824605,S3-539918130,S3-649838025
S1-977366652	S2-533206909,S2-144429124,S2-69560267,S3-417546189
S1-470827913	S2-121863531,S2-777412119,S3-86591985
S1-243361206	S2-152670177,S2-116536060,S3-191044047,S3-711836433,S3-360796088,S3-280091225
S1-73645427	S2-716586795,S3-184016474
S1-106127000	S2-141271072,S3-848162928,S3-974649091
S1-707030299	S3-357111521
S1-791168301	S2-428158296
S1-218873746	S2-75688229,S3-630957074,S3-644068644,S3-855468050,S3-479624720
S1-184681333	S2-865115122,S3-976259252
S1-453075676	S2-604661450,S2-259417395,S3-925738105
S1-132975948	S2-954899949,S3-355170920
S1-641458521	
S1-182564973	S2-249797175,S3-590760351,S3-275518860
S1-46925412	S2-35359380,S2-968448237,S3-33569054
S1-658628280	S2-635913019,S3-694263894,S3-647302258
S1-977506901	S2-882116948,S2-351678028,S2-134837887,S3-233759599,S3-760875986
S1-920725119	S2-575163483,S3-696353689,S3-492417878
S1-865995942	S2-903243837,S2-650258502,S3-597408653
S1-373806820	S2-71062467,S3-737947156,S3-691569662
S1-298354414	S2-758914360,S3-489530705,S3-52596954
S1-511224041	S2-224974645,S3-359630234,S3-463335802
S1-848399263	S2-991694037,S3-322636848
S1-921719284	S3-126247475
S1-489240195	S2-321253688,S3-738136184
S1-305899785	S2-73802193,S2-364188203,S2-45664795,S3-451449630
S1-489857550	S3-771626412,S3-302530949,S3-986960871
S1-433528766	S2-624335836,S2-812300282,S3-174785883
S1-609261611	S2-120625390,S2-309619619,S3-67502839,S3-360855293,S3-74559147
S1-424579379	S2-529568800,S3-377872693,S3-146298165
S1-364999488	S2-381405311,S2-761670385,S3-856718516,S3-480876790,S3-804668280
S1-977528982	S2-117445013,S2-304632924,S3-235158656,S3-895839031,S3-402125259
S1-786801896	S2-999559844,S2-738556120,S2-974418717,S3-7565748,S3-250215019
S1-469471398	S2-440542250,S2-213184336,S3-428739903
S1-921588576	S2-417542058,S2-306439767,S3-867227975
S1-175438018	S2-117685789,S2-173228348,S2-152432259,S3-372235211,S3-313251258,S3-289164038
S1-662595128	S2-349395700,S2-983818573,S2-491679311,S3-282651050
S1-101401745	S2-667534450,S2-32503935,S3-110754376,S3-37124444
S1-282280682	S2-164268020,S3-753877930
S1-747861101	S2-195430074,S2-585450960,S2-205162399,S3-341118301,S3-994174232
S1-876693896	S2-343481810,S3-254519537,S3-563194447
S1-364478471	S2-564208584,S2-303904757,S3-41538978
S1-820454150	S2-455860322,S2-210696216,S3-840958531
S1-267915008	S2-690363068,S2-474564776,S3-952457986,S3-972379688,S3-40293583,S3-427754535
S1-284644662	S2-492652289,S2-931133928,S3-799982333,S3-749682704
S1-428230491	S2-402175340,S3-176496017
S1-918838609	S2-49916609
S1-667435135	S2-629093085,S2-603785061,S3-278248237,S3-916383477
S1-251133772	S2-932013808,S2-223973544,S3-863088076,S3-825067951,S3-614365040
S1-537991498	S2-588708552,S3-462512612
S1-710781094	S2-579737007,S2-381703245,S2-758456698,S2-670138178,S3-794934695
S1-722045565	S2-935474150,S2-488683749,S2-222108649,S3-989251860,S3-696294496
S1-614182578	S2-692417016,S3-496967686
S1-945869484	S2-828234348,S2-381359698,S3-61770114,S3-39204061
S1-534289235	S2-90352127,S2-305050034,S3-629402359
S1-879788640	S2-851633120,S2-976517317,S2-684897980,S3-622699931
S1-36449354	S2-258491562,S3-276532480
S1-786268248	S2-498493785,S3-335654856,S3-299250853
S1-387714181	S2-171478910,S3-441748628,S3-248553733
S1-829677470	S2-154285910,S3-347286363
S1-903683682	S2-510119006,S3-883142027
S1-672753154	S2-9599015,S2-731007666,S2-872485881,S2-137960727
S1-498123204	S2-985028919,S3-495032676,S3-946138753,S3-315553634
S1-724107394	
S1-788633538	S2-340935231,S2-292744667,S2-615876768,S2-477017538,S3-835123542,S3-638573927,S3-956711917
S1-931733266	S2-993714678,S3-901668207,S3-274017153,S3-685585900
S1-471830296	S2-261495380,S2-711722492,S3-181547944,S3-830556501
S1-605297907	S2-282458263,S2-761857769,S3-553571914,S3-849442433
S1-956478428	S2-669876601,S2-341124595,S2-51684311,S3-944054831,S3-438837466,S3-203270661,S3-303471192
S1-906603533	S2-72783539,S2-576410808,S3-986474666,S3-484077232
S1-132823721	S2-284046100,S2-610623018,S2-263461310,S3-332660398
S1-832281946	S2-278473973,S3-273939015
S1-379449555	S2-662388985,S3-864211136
S1-855985289	S2-857846171
S1-529251527	S2-919518421,S2-228338336,S2-728321808,S3-207660484,S3-306243049
S1-123725507	S2-540404816,S2-520543302
S1-831713745	S2-990177458,S2-294454390,S3-806411067,S3-666729093,S3-293930685
S1-160371085	S3-412412365,S3-318684000,S3-466874382,S3-995532737
S1-869740001	S2-158286708,S3-209459626,S3-282693169
S1-160132992	S2-993280039,S2-549068101,S2-357812222,S3-833273207
S1-935570067	S2-686235671,S2-46872169,S3-806726074
S1-951946273	S2-799748836,S2-600713340,S3-184673012,S3-416491028
S1-917098005	S2-268070959,S2-767125316,S2-624458187,S2-327682273,S2-293574295,S3-915160560,S3-464403202
S1-303623339	S2-253521336,S2-951444970,S2-291890752
S1-38956705	S2-28206656,S2-613227273,S2-704163709,S2-656038149,S2-684793769,S3-330027837,S3-296531487,S3-918287609
S1-136933292	S2-373666295,S3-374490934,S3-449107803
S1-860424792	S2-681034793,S2-157735680,S3-514956651,S3-616921128
S1-697737222	S2-988230491,S3-538449178
S1-395023931	S2-89480837,S2-589693529,S3-765144481,S3-138587622
S1-426629806	S3-818336408,S3-502495980
S1-832020723	S2-981278239,S3-785222064,S3-314332632
S1-573019867	S2-909667450,S2-917331586,S3-331312158,S3-222486425,S3-281371254,S3-787547704
S1-490485223	S2-268515910,S3-636684357,S3-877509365
S1-942917387	S2-225285368,S2-506187968,S3-263710122,S3-658434108,S3-218600526
S1-135063603	S2-667453869,S2-626783054,S2-44279612,S2-138807871,S3-852276566
S1-293631912	S2-240637123,S2-307442092,S2-966729558,S2-715041170,S3-992459967
S1-286830181	S2-574195109,S3-72776082,S3-937663042,S3-74075928,S3-169181360
S1-621920713	S2-238575859,S2-89858372,S3-731603664,S3-988887339
S1-558414780	S2-185954198,S3-373041233,S3-182975658
S1-49394881	S2-28074559,S3-200816828,S3-544654805
S1-233417989	S2-626661304,S3-965596930
S1-530050243	S2-425644631,S2-304897671,S2-49320651
S1-47572009	S2-81989976,S2-156151512,S2-356997730,S3-243510198,S3-820708390,S3-959190546,S3-436231692
S1-266768456	S2-104347064,S2-866630779,S3-715370323,S3-516570195,S3-352748407
S1-255582075	S2-38201895,S2-870616495
S1-403488763	S2-777771916,S3-951179522,S3-753746172,S3-630075599
S1-427599160	S2-708350529,S2-867716153,S3-934820824,S3-678983640,S3-44353846
S1-393203853	S2-374626887,S2-762923674,S3-820808472
S1-258680479	S2-940774445,S3-126481113,S3-390546824,S3-385923177
S1-526423842	S2-606045941,S3-354633559
S1-161035563	S2-653040235,S2-758857711,S3-954276297,S3-363583963,S3-763226559
S1-985598598	S2-285410524,S2-435984181,S2-861139080,S3-96213206,S3-125026741,S3-720666815,S3-101654104
S1-694675038	S2-162190818,S2-446853919,S2-483712728,S2-23601350,S3-619723118,S3-273813515
S1-170780445	S2-863636690,S2-678247241,S2-941491251,S2-398840133,S3-473158793,S3-305505707
S1-671226031	S2-343234937,S3-757573173,S3-651982587,S3-607166025,S3-906182697
S1-84193198	S2-978447114,S3-419188087
S1-609496590	S2-312103046
S1-101316565	S2-582709274,S2-80792153,S2-410920100,S2-55714139,S3-277931100,S3-459631291
S1-841985617	S2-411142937,S3-88093298
S1-484176277	S3-245712065,S3-74140109
S1-157851037	S2-632115047,S3-724430113
S1-210803594	S2-761990126,S2-894151904,S2-242251717,S3-244149111,S3-273064325
S1-441096826	S2-148885093,S3-379330879,S3-449809133
S1-12946271	S2-529638828,S3-567716612,S3-321959878,S3-139619794
S1-670051256	S2-102858565,S3-202974642
S1-82991286	S2-655446901,S2-987133379,S2-744869842,S3-521964302
S1-324140445	S3-850405404,S3-917618500
S1-556849680	S2-774092195,S2-312736105,S2-82516358,S2-717599293,S2-762935390,S3-692875049
S1-973397807	S2-454392954,S2-491543626,S3-729350955,S3-780385134
S1-378980909	S2-231507620,S3-201812996,S3-919977528
S1-555378815	S2-564160596,S2-423141463,S3-836061052,S3-224169099
S1-413557357	S2-613202664,S2-557056112,S3-877026900,S3-728169431,S3-173511840
S1-30811509	S2-633293868,S3-284970392
S1-599410212	S2-31262554,S2-274037406
S1-729954317	S2-188477409,S2-788930449,S3-40757491
S1-815794372	S2-481123701,S2-193777815,S3-367264565
S1-462919705	S2-917988198,S2-743238401,S2-83439051,S3-242391811
S1-781055645	S2-972250814,S2-473561725,S3-218853669
S1-197662396	S2-353831308,S3-489450413,S3-148513282
S1-341895882	S2-540962863,S2-430728515,S3-908602979,S3-85210123
S1-52547445	S2-568960082,S3-324717093,S3-585169908,S3-733101677
S1-414009940	S2-855772677,S2-219982984,S3-774586881,S3-414290300
S1-229009572	S2-820404145,S2-570978375,S3-400453926,S3-171846611
S1-79065770	S2-782728894,S2-142539430,S2-718669520,S3-834978795,S3-259202588,S3-186022601
S1-696784676	S2-587199503,S2-429445988,S2-802682419,S2-17560452,S2-323693847,S3-888138006,S3-334406648,S3-211934739
S1-97450814	S2-376149006,S2-548055443,S3-532874894,S3-401985691
S1-381107299	S2-533374572,S2-789447499,S3-632942827,S3-847110555
S1-89677886	S2-766965569,S2-738030117,S3-759695970,S3-664588669,S3-66476397,S3-910458451
S1-421719273	S2-515691254,S3-749978289,S3-263829349
S1-454553980	S2-699528481,S2-314544757,S3-945236751
S1-610541594	
S1-450261732	S2-208655931,S2-950612252,S2-481501850,S2-171049609,S3-607413760
S1-164069769	S2-206117137,S3-890776415,S3-413074052,S3-561014486
S1-544522342	S2-75013348,S3-518843543
S1-18422539	S2-251699235,S3-169571376,S3-551977952,S3-501004055,S3-366247949,S3-895810657
S1-374918541	S2-408654074,S2-855920921,S3-783959636,S3-812554103
S1-233319159	S2-646660274,S3-847496191,S3-118143464
S1-237710153	S2-150327555,S3-922369059
S1-621472033	
S1-826141291	S2-910773517,S3-98726534
S1-625484557	S2-764312004,S3-755134938,S3-25810980
S1-616124062	S2-576273987,S3-839456247
S1-606615098	S2-309797511,S3-118078971,S3-326829619,S3-891936053,S3-642601860
S1-102416671	S2-532439030,S2-231780501,S2-551674932,S3-602438857,S3-601779562
S1-27937396	S2-290922668,S2-997121307,S3-315684974,S3-348752984
S1-420709278	S2-211478785,S2-598926254,S2-955670281,S2-558119476
S1-955325539	S2-822182125,S2-913408736,S2-91860517,S3-35246507
S1-301203315	S2-869173827,S2-353702375,S2-499349692,S2-716710059,S3-232716428,S3-8043741
S1-257470461	S3-930966071
S1-589425248	
S1-317164895	S2-424856948,S2-879605055,S3-470154816,S3-460986525,S3-396298112,S3-562357397
S1-80526934	S2-762602628,S2-855813282,S3-999243481,S3-611801423
S1-43059245	S2-964767043,S2-258899165,S3-854868271,S3-959700046
S1-739381690	S2-142923561,S3-951227231
S1-176314230	
S1-663157146	S2-451137626,S2-114301465,S3-67588567,S3-956924590,S3-103072194
S1-816223382	S2-676511561,S2-831201331,S2-834796700,S3-231760874
S1-845633768	S3-889107737,S3-358921078
S1-214925161	S3-627858808
S1-517357558	S2-414736394,S3-15608259,S3-260168697
S1-881621263	S2-958509682,S2-619149445,S3-944159886,S3-122896589
S1-5426409	S2-333769810,S2-303692476,S3-320453604,S3-422362939
S1-97567781	S2-919727913,S2-54474700,S3-68833632,S3-832407730,S3-887258636
S1-466255447	S3-149159316
S1-464544032	S2-696093666,S3-416921039
S1-32442889	S2-55829264,S2-176619983,S2-911964137,S3-533308674,S3-888914706,S3-700204652,S3-114676872,S3-34818664
S1-717908351	S2-451942082,S2-431743872,S3-499689737
S1-191454705	S2-287921409,S3-644990651
S1-697971006	S2-127968807,S2-647776721,S3-188300579,S3-514866144
S1-430009638	S2-143757132,S2-465072337,S3-124949988,S3-736646171,S3-737859513
S1-149990139	S3-57972150,S3-86447425
S1-395959007	S3-972706329,S3-351150474,S3-837547293
S1-876270600	
S1-992280777	S2-927757184,S3-618457977
S1-908122479	S2-338252697,S2-742300348,S3-71811078
S1-305987984	S2-365822846,S3-749457217
S1-182419089	S2-768124761,S2-701271697,S2-547498760,S2-553364378,S3-507303189,S3-810535119
S1-988930211	S2-652369732,S3-875616255,S3-495521203
S1-852621129	S2-864199259,S3-370387808,S3-113209649
S1-99511956	S2-970064739,S3-83067059
S1-671280711	S2-457132690,S2-200197867,S2-209312390,S3-442642706,S3-796534434
S1-9666989	S2-739797606,S2-595657676,S3-270490720
S1-903880704	S2-809174069,S3-27498716,S3-27176527,S3-775434985,S3-172674901,S3-133698426
S1-691613126	S2-153967851,S2-861218234,S2-541297104,S2-774267530,S3-184512592,S3-609202286
S1-565641781	S2-726634714
S1-948413763	S2-738924232,S3-355237106,S3-343665195
S1-162050200	S3-456396089,S3-520011578,S3-611840056
S1-695776300	S2-658479260,S3-825214076
S1-288517052	S2-783911279,S2-743814927,S2-934054598,S3-185808807,S3-668921070,S3-505010411
S1-54319406	S2-242456720,S2-214055315,S3-820587887,S3-7290911,S3-796578401,S3-562464374,S3-854193838
S1-628860129	S2-396458319,S2-770678420,S2-717038187,S3-163020995,S3-783258986
S1-905822488	S2-133262974,S3-714249000,S3-375006334,S3-169071909
S1-730337643	S2-276796524,S3-161032873
S1-715727860	S2-791199386,S2-150273276,S2-71311274,S3-198112617
S1-920442935	S2-584125783,S3-92286086,S3-118345784,S3-144125775
S1-860023823	S2-209311777,S2-706021475,S3-144319311,S3-572074974,S3-974499612
S1-408267886	S2-360133504,S2-690466943,S3-197496723,S3-89287233,S3-150743309,S3-275323233
S1-553463519	
S1-974972046	S2-825671767,S2-157970255,S2-608824958,S3-915679604,S3-414485443
S1-560111051	S2-303651680
S1-811189233	S2-577185383,S2-822665337,S3-655463329,S3-698113101,S3-130049665
S1-398683940	S2-32123910,S2-580408572,S3-716982293
S1-800572446	S2-302856095,S3-281734048,S3-503315728
S1-261437860	S3-742421845,S3-386159441,S3-871827883
S1-488674329	S2-725280393,S3-634315103,S3-997723298
S1-13001360	S3-396534729
S1-710226420	S2-417004778,S2-327337087,S3-158848574
S1-389134779	S3-362194405,S3-796289943
S1-160078480	S2-457753527,S2-849452930,S2-725258976,S3-7234020
S1-60289215	S2-607475896,S3-752772840,S3-102725351
S1-630086202	S2-271277076,S2-228243723,S3-912192846,S3-800946883
S1-446443538	S2-135070450,S2-602506379,S3-261436208,S3-129269591
S1-235380084	S2-790313122
S1-308589506	S2-749209399,S3-646117942,S3-741106773
S1-968053751	S2-717107132,S2-183976077,S2-101207666,S3-862450292,S3-189541932,S3-420252922
S1-778420784	S2-46126118,S2-661297,S3-460126630
S1-357630826	S2-802800935,S3-609411335
S1-663474106	
S1-276736556	S2-930133240,S3-696301805
S1-722235152	S2-204407891
S1-875208253	S2-674038512,S3-984520568
S1-143248675	S2-657145876,S2-455292014,S3-172618232,S3-912084446,S3-849118369,S3-764122377,S3-467897321
S1-241597886	S2-657950689
S1-620453507	S2-631589454,S3-668423096,S3-676677963
S1-388762546	S2-683622212,S2-600233943,S2-522200669,S3-211416515,S3-915791497,S3-740735788
S1-466918733	S2-138753844,S3-406357201
S1-37236692	S2-699926293,S2-435251639,S2-814238877,S3-580022211,S3-831390674
S1-19238508	S2-390563256,S2-977019876,S3-786300654,S3-492518732,S3-686936907
S1-196977837	S2-459833620,S3-686043113,S3-685888473,S3-271318859
S1-978473245	
S1-610247781	S2-797050111,S3-728371881,S3-537734574,S3-617886172
S1-810446236	S3-487354224,S3-461922912
S1-755208042	S3-916749985,S3-539973191
S1-386812013	S2-38528083,S2-121290737,S3-496580519,S3-537005787,S3-764487017,S3-627195014,S3-720633328
S1-886838469	S2-323042273,S2-994259151
S1-704471830	S3-710598876
S1-814559532	S2-935907694,S2-341945530,S3-242711575,S3-105971763
S1-882595523	S2-430158233,S3-371445584,S3-809102796,S3-254607074
S1-305553551	S2-930904176,S2-330413700,S2-604593748,S3-854454226,S3-256648951
S1-548363006	S2-46462660,S2-580843646,S2-135190738,S3-782046792
S1-509796998	S2-887510026,S2-992258606,S2-936086841,S3-558533705
S1-230358974	S2-420477388,S2-985500483,S3-59856097
S1-809560669	S2-375994988,S3-147569707,S3-265846160
S1-406389966	S2-571008057,S2-565729417,S3-334922735,S3-610937924,S3-646764794
S1-746337822	S2-403663052,S3-359003990
S1-281993092	S2-771896008,S2-183220380,S3-353617562
S1-392664769	S2-108631381,S2-784718368,S3-235924698,S3-314637167,S3-943864322,S3-781088627
S1-907695970	S2-418403287,S3-207264058
S1-22671571	S2-47049335,S2-451597924,S3-266890947
S1-655348267	S3-176018102
S1-294537786	S3-323074206
S1-412323824	S2-606448897,S3-793020051
S1-260951945	S2-57104107,S2-563236634,S2-521809167,S3-839126585,S3-951508770
S1-121222699	S2-749414729,S2-626009868,S2-301617603,S2-291784125,S2-592221366,S3-240300687,S3-208648252,S3-688503595
S1-795769673	S2-963006758,S3-368180585
S1-824516489	S2-335485768,S2-835094137
S1-359853750	
S1-248457933	S2-120270569,S2-954760685,S2-822047805,S3-318196018
S1-509503826	S2-618362696,S2-617073306,S3-657461374,S3-442881632
S1-921030335	S2-391662337,S2-992114139,S2-702646299,S3-441158047,S3-326290601
S1-417245219	S2-411901347,S3-249488849,S3-307869064,S3-591120150,S3-131392455
S1-918287669	S2-372575658,S2-872754072,S3-682221683,S3-37263425
S1-738475489	S2-36273141,S3-46278357
S1-935283604	S2-600097707,S3-633810452,S3-77843470
S1-173032789	S2-97534993,S2-796287492,S3-422893260,S3-121657437
S1-273769514	S2-815989765,S2-212412299,S3-221306014,S3-970557451
S1-2569643	S2-237262391,S2-5739594,S2-711968318,S3-369567000,S3-289929147
S1-322925832	S2-841286170,S2-830026308,S2-729299484,S2-641172636,S3-194787284,S3-219557255,S3-298272883,S3-433981698
S1-908366238	S2-42462339,S2-878149929,S3-794185280
S1-857810697	S2-964175755,S2-623230097,S3-289669134,S3-382705586,S3-919378784
S1-831919172	S2-980174671,S2-382734985,S2-690930556,S3-693932570
S1-312287309	S2-306823673,S2-622456515,S2-35165540,S2-133764809,S3-446501256,S3-591263403
S1-337486302	S2-702143098,S2-290798479,S3-99759026,S3-701770157
S1-285861162	S2-50720607,S2-601567176,S2-581136581,S2-15662875,S3-826876379,S3-482198583
S1-941634924	S3-776663596
S1-935787495	S2-49571666,S2-514301671,S2-325536730,S3-72104494
S1-261606501	S2-480508382,S3-231190093,S3-124874695,S3-476473077
S1-458621535	S2-827781423,S2-895588564,S2-711509988,S2-384253564,S2-560228935,S3-239381046,S3-939342905
S1-20308291	S2-315309113,S2-547150041,S3-581604514
S1-8371102	S2-832586822,S3-594383590,S3-196692762,S3-689576923
S1-7343069	S2-521171450,S2-759850471,S3-113950765
S1-915430211	S2-88433739,S2-516448067,S3-898901036,S3-190698423,S3-308632002,S3-493147198,S3-755467886
S1-813058744	S2-806084355,S2-885236934,S3-791904070
S1-74288388	S2-219512988,S3-740024180
S1-928429279	S2-490415200,S2-305073752,S3-6931664
S1-48810183	S2-686368222,S3-855477549,S3-398905921,S3-139287196
S1-894382579	S2-1776718
S1-752969897	S2-752914102,S2-261970350
S1-128403543	S2-847219182,S2-339378727,S2-727285019,S3-730382217,S3-22268678
S1-585147634	S2-148942859,S2-194673340,S3-361108308,S3-995483514
S1-471824149	S2-280559022,S2-829922079,S2-26249435,S2-281597251,S3-299714315
S1-387343772	S2-35766959,S3-237695327,S3-551642450
S1-83195677	S2-815713557,S3-561764723,S3-955788719
S1-396310460	S2-990023375,S2-993667266,S2-881375566,S3-915007259
S1-333537863	S2-65333005,S2-11098269,S3-698770504
S1-50691906	S2-747120926,S2-345169836,S3-627774817
S1-614939652	S2-975848357,S2-672007956,S3-647356437,S3-97199776
S1-315518305	S2-835513047,S3-303305780,S3-308723365,S3-332823854
S1-989118271	S2-919516882,S3-125870100,S3-983722926
S1-733528345	
S1-294704799	S2-421755966,S3-789308435
S1-280290980	S2-628151135,S3-892390763
S1-786106501	S2-265059677,S2-860527483
S1-281355056	S2-947466181,S3-906469249
S1-457648869	S2-128447227,S2-279378142,S3-71887982
S1-383212312	S2-541236642,S3-856189260
S1-290569114	S2-175789018,S3-487292040,S3-332774229,S3-121881725
S1-990896560	S2-670346914,S2-776926929,S2-783713758,S3-148609193,S3-839868730
S1-930271349	S2-998679205,S2-252123642,S3-705622566,S3-574619122
S1-531712091	S2-986556335,S2-665858899,S3-277443416,S3-144555488,S3-150774132
S1-655782575	S2-126208311,S2-878230232,S3-198591040,S3-354215679,S3-648409958
S1-478911483	S3-760422340,S3-191361926
S1-513102340	S2-770402553,S3-27105933
S1-949675977	S2-612267264,S3-873484154,S3-394212733,S3-834137993,S3-660251400
S1-561335163	S2-718388302,S2-299687876,S3-825459623
S1-436967030	S2-177863520,S2-814741787,S3-350649944,S3-452491806,S3-813918580
S1-195716874	S2-90987491,S2-550504825,S2-33949673,S3-52860789,S3-793246494,S3-435431942
S1-314768317	S2-216336033,S3-859870265
S1-611676415	
S1-536336078	S2-84688331,S3-923648662,S3-502338978,S3-651812285
S1-462083314	S3-140297851,S3-776701336
S1-600828054	
S1-552284079	S2-510479037,S3-591483516,S3-736344693,S3-596523904
S1-246636474	S2-33354734,S2-939352137,S3-779774934
S1-191580586	S2-957284384,S3-804815139,S3-257699182
S1-498441856	S2-767384982,S2-751258409,S2-252135052,S2-704120675,S2-965800530,S3-383498289,S3-133096135
S1-654436460	S2-479645190,S3-741889116,S3-966007997
S1-49501682	S2-779788784,S2-856553775,S3-106733328
S1-263800533	S2-253528905,S2-967496896,S3-177558270
S1-17671111	S2-838044110,S3-379662942,S3-61940763
S1-394397749	S2-637165688,S3-288784370
S1-331705332	S2-19648985,S3-59060124,S3-811766605,S3-934503044
S1-314817128	S2-96489127,S3-299096244
S1-502551887	S2-92553318,S2-940201879
S1-855574002	S2-702128597,S2-667659479,S3-317128847
S1-865111408	S2-363695767,S2-273491761,S3-757253889
S1-34951959	S2-118859950,S2-756044060,S3-503058228,S3-314626268
S1-907950826	S2-201673378,S3-263619028
S1-186026957	S2-755194843,S2-350412446
S1-172563617	
S1-60361358	S2-906152214,S2-982530673,S3-5627737,S3-391177442,S3-673096520
S1-353938908	S2-53893951,S3-114723996
S1-965502653	S2-478191056,S2-180896135,S3-427044504
S1-97187464	S2-823748961,S2-657176787,S2-222760433,S2-431462795,S2-659679427,S3-992454491
S1-508909385	S2-77867350,S3-158228107
S1-769712270	S2-160806235,S2-772497848,S3-296536195
S1-772684691	S2-541880822,S2-263578204,S3-474277509
S1-634758628	
S1-248681638	S2-296408669,S2-675545198,S3-571107575,S3-42823832
S1-66211223	S2-670609487,S3-541743518,S3-568103782
S1-389051060	S3-881519652,S3-778675140
S1-276331389	S2-891303121,S3-102709626
S1-156442579	S2-26235735,S2-419383060,S3-430798038,S3-471315933
S1-610807582	S2-703595108,S3-848566553,S3-299914860
S1-97537740	S2-943927250,S3-774138533,S3-698103283
S1-295613335	S2-211011797,S2-782945846
S1-321119245	S2-53260863,S2-485057862,S3-80583259
S1-21379485	S2-220001510,S2-259875879,S3-998326684,S3-922556080
S1-125258138	S2-156186663,S2-898453233,S3-692223199
S1-505806111	S2-968833894,S2-402605664,S2-809773843
S1-865855745	S2-243707354,S2-233695384,S3-131905908,S3-36538435
S1-492497653	S2-195308915,S2-908173561,S3-952924210
S1-251971053	S2-411948783,S2-905523508
S1-390327505	S2-31530171,S3-269994710,S3-564053884
S1-883589119	S2-801152602,S2-724707065,S2-156974758,S3-771029308
S1-393882605	S2-445283513,S2-476238060,S3-597328282
S1-746117209	S2-386767125,S3-953077170,S3-290299515
S1-767776893	S2-987881707,S3-813377940,S3-754365557,S3-169398555
S1-669176911	
S1-229225022	S2-447567811,S3-474529110
S1-716389893	S2-205467189,S2-952812794,S3-133248493
S1-813343249	S2-981384616,S2-99680223,S3-271963151,S3-409838866,S3-194413715
S1-744497722	S2-358846311,S3-223656722,S3-155352350
S1-159808880	S2-323780595,S2-579136710,S3-727978455,S3-120286962
S1-291740669	S2-957884697,S2-841642136,S2-427598814,S3-273270314,S3-130102205
S1-352093552	S2-589081926,S3-352309189,S3-152500005,S3-685617714
S1-60271144	S2-502140124,S2-115344504,S2-692960353,S3-890152108
S1-447113325	S3-993715103,S3-427259544,S3-26592978,S3-182006426
S1-94801500	S2-602991094,S3-944029780
S1-531688033	S3-586814009
S1-177306710	S2-60284975,S2-170861418,S3-47531702,S3-887974921
S1-202580743	S2-39091080,S2-779112437,S2-531067596,S3-843237355
S1-333065445	S2-53126075,S2-3812733,S3-540562140,S3-438802636
S1-142627762	S3-523700696,S3-268036047
S1-312975533	S2-243175249,S2-556469442,S3-688080907
S1-255170809	S2-207599120,S3-913309416,S3-174591271,S3-350719060
S1-292762602	S2-466247826,S3-303475611
S1-371751673	S2-471955835,S3-699449064,S3-41332473
S1-146948087	S2-33011673,S2-118200134,S3-382155030
S1-163203259	S2-752499179,S2-708367588,S3-8458300,S3-578408478,S3-891773804,S3-64826297
S1-628237799	S2-215986420,S3-674687088,S3-754457112
S1-858892790	S2-574981737,S3-266718108,S3-268699703
S1-293035833	S2-806912011,S3-270663015,S3-287487442
S1-171234153	S2-704785710,S2-809866347,S3-839223963,S3-285879413
S1-368269036	S2-595342451,S3-220658856
S1-112454386	S2-349952473,S3-190533148,S3-683676693
S1-741482148	S2-662973019,S3-984530832,S3-150457026,S3-144688938
S1-344218028	S2-34355969,S2-17988363,S3-485684262,S3-465606082,S3-337706204
S1-591575477	S2-837754309,S3-841228093,S3-555509396,S3-785616646,S3-108785246
S1-857068402	S2-235965857,S3-277582192
S1-921944870	S2-768270852,S3-7386782,S3-542356569
S1-718541593	S2-717454982,S3-968396871,S3-609581860
S1-86324565	S2-62987114,S3-106748741,S3-646085527
S1-577937558	S2-631346811,S3-902740187,S3-235492894,S3-73143039,S3-531284384
S1-372477473	S3-379546414,S3-916707365,S3-354764684
S1-412661718	S2-686490,S2-754568866,S2-635923354,S2-757559747,S3-144546272,S3-761652664,S3-735329788,S3-385347145
S1-175076494	S2-283391026,S2-383472328,S3-351561852,S3-116852858
S1-779986902	S2-775652090,S2-987924051,S3-216651145
S1-70518220	S2-825155133,S3-393489413,S3-208960912
S1-609255413	S2-762339443,S3-736550997,S3-735299008
S1-698613394	S2-175029851,S2-999354910,S2-521587517,S3-560833363,S3-941893555
S1-611592963	
S1-673706272	
S1-582203864	S2-414273207,S2-156930912,S2-61524717,S3-71698636
S1-621404988	S2-670733089,S3-690077968,S3-412648313
S1-108945605	S2-797958205,S3-769735115,S3-608563154
S1-998896777	S2-911839683,S3-91086721,S3-13480537
S1-259791273	
S1-543045512	S2-514875940,S3-861570324,S3-862445924,S3-407543795
S1-164446082	S2-912835108,S2-625231910,S3-894183342,S3-436281784
S1-532152491	S2-56020631
S1-283343892	
S1-798210682	S2-252932285,S3-457154257,S3-268561271,S3-541427247,S3-996216141
S1-133148183	S2-65653002,S2-655074319,S2-211948899,S3-148562547,S3-62696113
S1-700127661	S2-878077082,S3-175092992
S1-268443578	S2-227237129,S3-406274349,S3-130533559
S1-241902315	S2-284311162,S2-7692571,S3-480389607,S3-873544060
S1-676606486	S2-821466830,S2-143048026,S2-869289752,S3-971051792
S1-45042341	S2-92887748,S2-935447758,S3-158712223,S3-552490648,S3-979751284
S1-748959394	S2-500355528,S3-380650563
S1-960571607	S2-948230331,S2-251962306,S2-657966108,S3-753507721
S1-532141592	S2-753058607,S2-90137817,S3-735931222,S3-942799159
S1-60091740	S2-431805314,S3-814033294
S1-878140918	S2-8350842,S2-315027538,S2-81978688,S3-796829497
S1-344189783	S2-107878046,S2-302921522,S2-435110585,S3-33849600,S3-140956318
S1-403875591	S2-833885913,S3-87679744,S3-474670669,S3-721590544
S1-477185258	S2-432994,S3-496188479,S3-451185848
S1-550367436	S2-370380251,S3-590783458,S3-95093733
S1-127366173	S2-949756639,S2-418871521,S3-296772400,S3-101281993
S1-810884307	S2-643294813,S2-17448784,S2-509583082,S3-153275857,S3-965273622,S3-341597436
S1-469582809	S2-105567957,S2-901958972,S2-742435589,S3-874692162,S3-875233992
S1-516804627	S2-233504173,S3-471163079,S3-583786073,S3-803887409,S3-812991558
S1-184525837	S2-445113925,S2-827085442,S2-872002047,S2-557938385
S1-561618154	S2-426366452,S3-629546074
S1-526210867	S2-939157811,S2-494031683,S3-580095399,S3-928258693,S3-353482039
S1-573420505	S2-609999645,S2-540024584,S2-832123765
S1-45259255	S2-359138682,S3-150977670,S3-187343601
S1-8534718	S2-180380241,S3-748586993
S1-398894299	S2-555518320,S3-351839424
S1-765200445	
S1-94715003	S2-711833089,S2-868561056,S2-775458355,S3-361777651,S3-613928306
S1-8996308	S2-627705849,S2-536694366,S3-461294107,S3-479069713,S3-357959768
S1-803353895	S2-895914137,S3-3056170
S1-286108864	S2-41071152,S2-462033866,S3-649288190,S3-784605236
S1-392909174	S2-946287261,S3-533668811,S3-763900643
S1-969933547	S2-225077,S2-74093853,S3-781936828,S3-362094825
S1-292524195	S2-564355223,S2-388996112,S3-207814916
S1-128899840	S2-777533972,S3-260182399,S3-826421055,S3-638323116,S3-99186247
S1-872698126	S2-929281609,S2-862210853,S3-225347644,S3-589727032
S1-910984734	S2-248634581,S2-654600955,S3-170235323
S1-971988808	S2-44663006,S3-412629425
S1-74133991	S2-195416687,S3-247542311,S3-107470289,S3-184551380,S3-979902874
S1-875966942	S2-218304079,S3-786314491
S1-10692999	S2-483458832,S3-826405949,S3-299446700
S1-464362444	S2-680915557,S2-267647628,S2-752837389,S3-776493051,S3-635463872
S1-370415955	S2-585560719,S2-130576699
S1-692250792	S2-891683906,S2-338810442,S3-245913931
S1-767903908	S2-492409436,S2-682018380,S2-493977014,S3-650397102,S3-720320726,S3-971256463
S1-896973821	S2-346258719,S3-987785693,S3-454373868
S1-103368558	S2-236904433,S2-132607752,S2-196068023
S1-301795110	S2-268921274,S2-703387626,S2-981935198,S3-46463563
S1-652395932	S2-648367099,S2-114764951,S3-969829729,S3-282069888,S3-34038075,S3-736109348
S1-993569954	S2-909125524,S2-232925231,S3-633147604,S3-899158930,S3-387688772,S3-277652477
S1-508749428	S2-378583587,S3-661670745
S1-732673601	S2-167327742,S3-374601425,S3-961061808
S1-38987924	S2-455006949,S2-637331048,S3-442561512,S3-360249904
S1-328352371	S2-489337073,S2-424652949,S3-595502231
S1-826930455	S2-906229379,S3-601825878
S1-251367868	S2-949841838,S2-399655586,S2-414287518,S3-7302228,S3-273810265
S1-214750030	S2-183307221,S2-887245808,S3-475738824,S3-700748782
S1-910403915	S2-722289494,S2-193292906,S3-538363610
S1-311936925	S2-29889062,S2-332985278,S3-867813625,S3-256118851,S3-944463422
S1-822278965	S2-140032775,S2-9662497,S2-213759215,S3-466059812,S3-490541975,S3-208221307
S1-71836206	S2-163077456,S3-543939599,S3-451325448,S3-959447354
S1-288312708	S2-561617386,S3-3630103,S3-94410539
S1-310885570	S2-102718481,S3-951431454,S3-532952913
S1-365244459	S2-257992454,S3-427784226,S3-862160870
S1-79976766	S2-577716290,S2-599717166,S3-177677983,S3-541142001,S3-73650607
S1-297941603	S2-970123299,S2-944309335,S2-686100511,S3-187254154
S1-86169666	S2-448341563,S2-863854846,S3-195298828,S3-482100975,S3-191996862
S1-248562301	S2-677672113,S2-741171519,S3-533832645,S3-364636075
S1-75898726	S2-370376209,S3-236628759
S1-652107998	S2-817962533,S2-76663099,S3-113481166,S3-323390851,S3-460366836
S1-838548427	S2-617712131,S3-958149341,S3-70135161,S3-783102789,S3-466150366
S1-747227006	
S1-521697855	
S1-935756441	S2-611407146,S2-117779233,S2-880476910,S2-197866830,S2-9821876,S3-695252015,S3-903172877,S3-795395407,S3-486467520
S1-418808766	S2-835733490,S2-583349558,S3-115608901
S1-182653240	S2-337287914,S2-580590375,S2-187180234,S3-946172800,S3-528780267
S1-632035754	S2-283847823,S2-466893828,S2-337821111,S2-855584649,S2-359591981,S3-846267524,S3-667630390
S1-435586809	S2-250076499
S1-763451801	S2-312390303,S3-200426792,S3-254717935
S1-841887701	S2-564707805,S3-552805261,S3-248392371,S3-62352612,S3-950384579,S3-714047536
S1-166452798	S2-658460111,S3-208980855,S3-115499304
S1-384365900	S2-311231037,S3-482610525,S3-428013074,S3-754339450,S3-84044907
S1-414266243	S2-740312114,S2-49252828,S2-154277874,S3-538078167,S3-661492326
S1-131387216	S2-502364931,S2-184095445,S2-949031321,S2-83358272,S2-720319160,S3-251119585,S3-218388417
S1-79948518	S3-271290988,S3-892341773
S1-607093649	S2-579197602,S3-137598236,S3-138833837,S3-811293455
S1-818481307	S2-854039585,S2-812822738,S2-313566598,S3-744143205
S1-15499000	S2-838091343,S3-98214639
S1-327484659	S2-199394468,S3-276885875
S1-653692752	S2-874286611,S3-510965071,S3-709200819
S1-208114022	S2-681255904,S3-930582860,S3-998277416,S3-259390826
S1-352631083	S2-864187124,S3-81505241,S3-555118931
S1-919292782	S2-690650828,S3-845390828,S3-845271063,S3-689999109
S1-820247282	S2-828160459,S3-44869675,S3-338178701
S1-945115789	S2-647194298,S3-321120343,S3-355654423,S3-490246887,S3-847639554,S3-709860333
S1-670359909	S2-252229120,S2-472181830,S2-205520394,S3-758406272,S3-713751324
S1-256080101	S2-58338408,S2-46005646,S3-84054985,S3-264575344
S1-531407942	S2-456304783,S2-601974149,S3-203909031,S3-32608002
S1-716231988	S2-642747166,S2-33447592,S3-349014729,S3-442010607
S1-775328592	S2-804036595,S3-138657730
S1-391888975	S2-210658728,S3-750122437,S3-696680415
S1-694609288	S2-591872532,S2-796685141,S3-909436205,S3-932487534
S1-879927695	S2-314843711,S3-878588561
S1-857589276	S3-915502443,S3-793891330,S3-208887852
S1-576905166	S2-6838749,S2-185633465,S3-469528507
S1-766249125	S2-461268357,S2-45310174,S2-62527862,S2-608004668,S3-517855624,S3-626937367,S3-817016272
S1-322924905	S2-934353177,S3-734652475,S3-477324415
S1-439663006	S2-777046784,S2-452132822,S2-523590139,S3-502844089,S3-16287495,S3-404004276,S3-373176009,S3-371365642
S1-227826148	
S1-879888992	S2-133550461,S2-595873470,S3-257284806
S1-790065339	S2-961114339,S3-519474789
S1-589537754	S2-153095795,S3-604153121,S3-661618903
S1-847068000	
S1-173177958	S2-279142344,S3-273952110,S3-482508136,S3-151648345,S3-616204746,S3-52256299
S1-170590615	S2-368308635,S2-137380471,S2-435378463,S3-63267035,S3-925732306,S3-595762555
S1-21510300	S2-950135686,S3-602229941
S1-812725792	S2-276647957,S3-364437593,S3-210410297
S1-774760330	S2-284401025,S2-114087673,S2-814194320,S3-221923388,S3-331105775
S1-229227283	S2-948313982,S2-30389381,S2-676893070,S3-380805824,S3-486017984
S1-52981854	S2-933914664,S2-829805615,S3-736564537
S1-233372183	S2-113357164,S3-120942015,S3-817941953
S1-25350481	S2-915695344,S2-298499742,S3-108101062,S3-166267105,S3-702039801
S1-932718282	S3-235292160
S1-40187356	S2-175485245,S2-103743352,S3-790548486,S3-794751860
S1-959382267	S2-944303934,S2-822331493,S3-446451790,S3-303418967,S3-693733841
S1-331178571	S2-110292671,S2-769619686,S2-282189964,S3-862634854,S3-421859179,S3-8779267
S1-805161134	
S1-809722337	S2-766654699,S2-795377181,S3-820229597,S3-485268359
S1-712527171	S2-659275403,S2-142277912,S2-573891895,S3-999226701,S3-147354475,S3-479268646,S3-389021456
S1-86903706	S2-60857862,S2-906522802,S2-712976173,S3-995062772,S3-53833323
S1-114651560	S2-108101105,S3-151840701
S1-174720952	S2-805861187,S2-710152091,S2-826859489,S3-995300972
S1-571733072	S2-393123666,S2-293565679,S2-888347426,S3-932187661,S3-546092337,S3-871670726
S1-417066690	S2-935590740
S1-140605392	S2-726947391,S2-280040617,S3-134913418,S3-514270157,S3-361245506,S3-684095377
S1-354905188	S3-938651443,S3-870582600,S3-608513394,S3-32739864
S1-873545920	S2-656934142,S2-675538618,S2-406609987,S3-186684505
S1-730115741	S2-926947832,S3-637897023,S3-76598550
S1-565951856	S3-348062208,S3-138514751,S3-179653228,S3-665105762
S1-543315978	S2-482253085,S2-892472866,S2-184479080,S2-291530635,S2-284567895,S3-337063181,S3-372418548
S1-239820457	S2-16554622,S2-424347825,S2-884494500,S2-23003302,S3-841315010
S1-939173645	S2-149422908,S2-402988602,S3-962246101,S3-16705803
S1-92184233	S2-731534031,S3-731158908,S3-628181422,S3-114658846
S1-348389341	S2-709826271,S2-768711071,S3-645978195,S3-519138100
S1-438025687	S3-215372553,S3-930214418,S3-718206071
S1-899706278	S2-883912863,S2-885012296,S3-141818981,S3-338534610,S3-941183668,S3-315095375
S1-909039009	
S1-114262560	S2-453518888,S2-160211676,S3-219702798
S1-937596371	S2-516090792,S2-309797787,S3-79011543
S1-614160523	S2-654233492,S3-611385657
S1-493786912	S2-718283027,S2-377219722,S3-912961214,S3-526880536,S3-750958416,S3-817914909
S1-100453337	S3-914562138,S3-959065456,S3-350720110
S1-590904591	S2-187842686,S2-892595686,S3-94944011
S1-603888220	S2-304310007,S2-281008905,S3-322276090
S1-560404786	S2-203041454,S2-280293451,S3-558061605,S3-522746527
S1-85681882	S2-923524257,S2-556677893,S2-709942109,S3-219635024,S3-252129699
S1-697609955	
S1-265759176	S2-519159181
S1-954937529	S2-237350927,S2-813394710,S3-767208407,S3-849954059
S1-649425485	S2-244665058,S3-602546925
S1-991874365	
S1-254241487	
S1-301478895	S2-820946976,S3-693834087,S3-414159768
S1-540335899	S2-630949833,S3-969708593,S3-66684698,S3-765206806
S1-277662094	S2-444897463,S3-745620315
S1-250829900	S2-215457909,S2-391259137,S3-208426630
S1-802788889	S2-899293049,S2-512654328,S3-457159767
S1-270650980	S2-100661717,S2-51477226,S3-384841839
S1-660977444	S3-417130089
S1-52728041	S2-147748792,S2-915164534,S3-72870680,S3-22088228,S3-753738760
S1-899182679	S2-976486560,S2-695404401,S3-148570491
S1-450888267	S2-105170466,S3-392623381
S1-329270250	S2-35793363,S2-245851909,S2-585689243,S2-137670900,S3-483613899
S1-459083930	S2-901575011,S3-496867100
S1-425496928	S3-587105042,S3-228800235
S1-708235373	S3-623798929,S3-668131104
S1-346982946	
S1-280616059	S2-553916100,S2-695819768,S3-150582910,S3-985480329,S3-295480512
S1-483945109	S2-642312009,S2-622488251,S3-213001966,S3-13417473
S1-170627138	S2-908229504,S3-705919932
S1-659211904	S2-45260036,S2-709265172,S2-650971695,S3-791587055,S3-662514157,S3-629978997
S1-529103679	S2-651401167,S2-436866834,S2-287848484,S3-87326315,S3-285518979,S3-336374829
S1-318197738	S2-735186930,S3-716369975,S3-963012560,S3-799640663
S1-584933241	S2-348609288,S2-937743132,S2-131236029,S3-459969626
S1-864822710	S2-720995830,S2-635073181,S2-958271407,S2-120906972,S3-437316596,S3-60414004
S1-541654684	S2-105448837,S2-385720812,S3-85737827,S3-783641305
S1-324330218	S2-638490257,S2-851536290,S3-382939299
S1-357849893	S2-51390062,S2-348234213,S2-52289266,S2-845935953
S1-327426935	S2-201513072,S3-318131476
S1-922506922	S2-905958166,S2-814253393,S3-288180791,S3-429963775
S1-524116606	S2-780284032,S3-506540665,S3-706205356
S1-538325418	S2-491991342,S2-573002345,S2-975767494,S3-226146580,S3-138727114,S3-385187361
S1-356754751	S2-625915844,S2-58957266
S1-606506354	S2-722118936,S3-834656059
S1-133991896	S2-335580127,S2-545071577,S2-221154905,S3-394220470
S1-901544856	S2-696537402,S2-678417429,S3-430969668,S3-978703337,S3-150529786
S1-28873104	S2-727631863,S2-12850155,S2-371814899,S3-809648819,S3-444147170
S1-898511498	S2-511636054,S2-734916759,S2-847404735,S2-435211124,S3-235689455,S3-523090779
S1-718870497	S2-169076839,S3-762878212,S3-463521735,S3-606347044
S1-548899550	S2-937943841,S2-613750262,S3-71051693,S3-99898992,S3-597525403,S3-378991058
S1-518752247	S2-154610339,S2-672439109,S3-874150566
S1-650874837	S2-509530328,S3-481126722,S3-73607033
S1-645975430	
S1-851784109	S2-786806967,S2-101383634,S3-802853066,S3-342718147
S1-967941390	S2-434230220,S2-598214446,S2-650232708,S3-557249714,S3-510210303
S1-163768405	S2-621545509,S3-891431586
S1-270277880	S2-604566060
S1-653663675	S2-675522395,S2-116765845,S2-390200800,S3-832258238
S1-423298944	S2-36344658,S2-250347508,S2-914543491,S2-718626628,S3-831459903
S1-784180122	S2-569989875,S3-972901746,S3-62111686
S1-342929136	S2-375640051,S2-181305041
S1-210481936	
S1-38027401	S2-390892808,S2-533238979,S2-340043357,S3-762350755,S3-820120080,S3-681819420
S1-735139411	S2-941525828,S2-80508532,S2-99086793,S2-550949751,S2-67354196,S3-72757121,S3-326443804,S3-607395615
S1-146954736	
S1-75422056	
S1-551532451	S2-568336836,S3-719455470,S3-872210318,S3-713642518
S1-196180696	S2-586254679,S3-624545210,S3-869438029
S1-536254533	S2-905874363,S3-263476276
S1-201167353	S2-120541071,S2-8628890,S2-830811797,S3-834257903,S3-720771822,S3-78094055,S3-326031454,S3-845850850
S1-295606619	S2-55287971,S2-527474513,S2-659754344,S3-548618702,S3-744387773
S1-975680406	S2-120524438,S3-857364606,S3-388407312
S1-283750600	S2-996311165,S2-562132365,S3-572829551
S1-732199372	S2-992289009,S2-331996524,S3-184956587
S1-722967941	S2-642295067,S2-217430913,S2-612211689
S1-31254855	S2-894018108,S2-956521202,S2-649746530,S3-121676882,S3-35352165,S3-829263882,S3-698757699,S3-312400975
S1-632696749	S2-247082111,S2-781648412,S3-405537973,S3-530990358,S3-689318005,S3-245451263
S1-929024771	S2-146421812,S3-856109766,S3-890914668
S1-143300098	S2-612582562,S2-462853920,S3-227295998,S3-979394531
S1-961730174	S2-924702653,S2-419105544,S3-805449008
S1-91253851	S2-140875808,S2-317983787,S3-737684416,S3-268155111
S1-701077411	S2-130186554,S2-472787194,S3-132262320,S3-648216977,S3-105708597,S3-937072502,S3-390620284
S1-570605954	S2-612117888,S2-523779418,S3-653836035,S3-738085591,S3-512827679
S1-902928025	S2-326895092,S2-47166571,S3-239709096,S3-577378236
S1-229073684	S2-667507419,S2-142689391,S2-55573617,S3-707578715
S1-811562691	S2-74324679,S3-355225887,S3-879729791
S1-210370667	S2-929122489,S3-821503218
S1-850588277	S2-160344279,S2-843680163,S2-824713408,S2-873494195,S3-788676787,S3-39552101
S1-848347623	S2-500236331,S3-13906050,S3-224349633,S3-595281652
S1-613345234	S2-383653192,S3-662748150,S3-15233977
S1-929378362	
S1-910006999	S2-201287733,S2-892579672,S3-4130929,S3-894822445,S3-441753636
S1-748344423	S2-556591314,S2-674906148,S3-299488884
S1-261137690	S2-289582016,S2-220872186,S3-866746534,S3-705268931,S3-525589155
S1-52397630	S2-333930818,S3-579472845
S1-571834613	S2-485338198,S3-748558047,S3-705866696,S3-101284986
S1-526947765	S2-71196128,S2-360876202,S2-242798574,S3-82357067
S1-15736757	S2-515023134,S2-718965049,S3-50564440,S3-321357706
S1-799039185	S3-730945206,S3-891214368
S1-611931598	S2-628442117,S3-355626874,S3-649813503,S3-945425007,S3-979448854
S1-859558429	S2-309759429,S2-346651475,S2-967376284,S3-292901510,S3-604354668,S3-533139388
S1-929910487	S2-321577483,S2-810260629,S2-393159398,S3-380420229,S3-182282892,S3-942669901
S1-956979480	S2-933452109,S3-35637448
S1-929656986	S2-456990614,S2-11425427,S2-912769629,S3-122404595,S3-437292645
S1-679923086	S2-693160574,S3-561321722,S3-686107362
S1-237445211	S2-641803183,S2-652975204,S3-332537701,S3-478542324
S1-987548083	S2-752600088,S3-320364287
S1-819625711	
S1-745838963	
S1-109742654	S3-962492270,S3-962838347
S1-998133241	S2-610706314,S2-144454801,S2-948448729,S3-321764319
S1-333763120	S2-679340599,S3-291384196,S3-229254228
S1-821795048	S2-801968486,S3-535654326,S3-862878882
S1-914909430	S3-228115807,S3-247012719,S3-637358645
S1-12212489	S2-20355720,S3-863172983
S1-312122614	S2-807961151,S2-112282297,S3-847820578,S3-694332462
S1-55627818	S2-83340501,S3-990304206
S1-244005848	S2-279707729,S2-271579390,S3-843044962,S3-842740079
S1-621283247	S2-784200117,S3-932863293,S3-55247959
S1-274993080	S2-535328941,S3-341584704,S3-525170764,S3-132786040
S1-377391397	S2-427886853,S2-880017741,S3-432878910,S3-155873991,S3-150235678
S1-938849951	S2-246197910,S2-377748559,S3-845874084,S3-547498935,S3-854615329
S1-272756727	S2-726146468,S2-490688651,S3-458526792,S3-393477806,S3-56741337,S3-904058727
S1-375888648	S2-578089310,S2-693886458,S3-578878485,S3-902925109
S1-781655663	S2-740760826,S3-315110762,S3-620544583
S1-134322441	S2-613908995,S3-393658486,S3-108738561
S1-617725959	S2-631403469,S2-262212750,S2-914462371
S1-298643383	S3-562377876,S3-761140612
S1-161830777	S2-343770575,S2-304424392,S3-8223523
S1-917221645	S2-795061277,S3-732915167,S3-2126278,S3-839798999,S3-869573982
S1-895901166	S2-4438017,S2-376744945
S1-586636031	S2-658617497,S3-289347762,S3-817315943,S3-482287901,S3-293425602
S1-88432828	S2-130993703,S2-201864681
S1-361734106	S2-460688203,S3-498241660,S3-384216029
S1-596306945	S2-914094749,S2-312758874,S2-160814343,S3-917238696,S3-985890703,S3-368421761
S1-333865631	S2-828992167,S3-156948859,S3-715677231
S1-804107991	S2-74358864,S3-95866831,S3-899085445
S1-896965782	S2-111570621,S3-778694585,S3-394624294
S1-898969758	S3-511753577,S3-771045609,S3-245255481,S3-278406207
S1-419887692	S2-57331592,S2-79426586,S3-849107286,S3-902164223,S3-690479566
S1-106178549	S2-609858478,S3-745408898,S3-804686419
S1-206207156	S2-193832440,S2-55273788,S2-907735575,S3-162042839,S3-687589416
S1-585355015	S2-168351405,S2-166992002,S2-459604244,S3-468665993
S1-16425668	S3-537098253,S3-261596024
S1-378556419	S2-175561761,S3-232328824,S3-475045798,S3-245713141
S1-311538710	S3-841556453,S3-987312981,S3-457118673
S1-352373696	S2-803522949,S2-851720122,S3-665743735,S3-561103104
S1-357326518	S2-491597692,S2-957170617,S2-132055670,S2-566280235,S3-754977916,S3-546351874
S1-78877321	S2-980740862,S3-924088867,S3-251902499
S1-336949785	S2-608703616,S2-571686164,S3-445594133,S3-530486785
S1-781327588	S2-827293734,S3-118612594,S3-236136346
S1-110276999	S2-359261566,S2-260551653,S2-947239320,S3-289875370
S1-443251748	S2-841347095,S3-627611877
S1-478415556	S2-545091349
S1-46183728	S2-859313704,S2-644218927,S3-354215797
S1-660606065	S2-85929809
S1-149531052	S2-703536872,S3-872763384,S3-721626202
S1-173013164	S2-462359274,S3-32726916
S1-805087343	S2-232138511,S3-304741947,S3-995423147,S3-705837795,S3-832466253,S3-328181533,S3-170739483
S1-97556767	S2-673601695,S2-195466067,S2-214727119,S2-135768742,S3-393169935,S3-445383168,S3-655833304
S1-376084281	S2-400311867,S2-660336312,S3-946483684,S3-552931541
S1-843434285	S2-708170484,S3-598741320
S1-371364589	S2-359367255,S2-336677868,S3-175582084
S1-491771265	S2-804463149,S3-41254050
S1-723509122	S2-885370171,S3-308988836
S1-676935454	S3-802867334
S1-485808123	S2-335096777,S3-562074257,S3-238463397
S1-135124524	S2-813584984,S2-654440609,S2-105333726,S2-909328046,S3-76799491,S3-444008107,S3-645577205
S1-695113940	S2-204483352,S3-407394484
S1-398987861	S2-5520579,S2-331032239,S3-999192824,S3-68060598
S1-310368906	S2-699867000,S2-599635135,S3-767467470
S1-867788479	S2-534847185,S2-884765336,S2-602549535,S2-697442434,S3-232315963,S3-189066319
S1-852073399	S3-263587796,S3-1542799
S1-272788047	S2-304616226,S3-147749391,S3-809181278,S3-987428579
S1-968589943	S3-285707616,S3-30844428
S1-990504880	S2-303003106,S2-534032178,S3-185152860,S3-116397485
S1-30300671	S2-695527321,S2-225480231,S3-833018689,S3-453878056
S1-350384999	S2-732133463,S2-609865936,S3-204990884,S3-167029283
S1-12887179	S3-542019863,S3-949727758
S1-554172749	S2-855746559,S3-728690656,S3-899576780,S3-241458234
S1-303096687	S2-182803620,S3-290410105,S3-254068582,S3-534794708
S1-491141920	S3-761754379
S1-799338482	S2-839952080,S2-255255560,S3-781972957
S1-246030490	S2-789310055,S2-300061749,S2-995108727,S3-326862322
S1-732733672	S2-624591897,S3-889997431,S3-11928309,S3-539875252,S3-972651742
S1-86329437	S2-894689620,S2-190923208,S2-952353291,S3-14329221,S3-173223547
S1-385411953	S2-994626971,S2-24536214,S2-408918523,S3-816236323,S3-693478485,S3-114687821
S1-90578763	S2-305831675,S2-786360307,S3-552782084,S3-374403632
S1-819220142	S3-659710518,S3-158639704,S3-912600765,S3-306695660,S3-549442362
S1-603875890	S2-683027896,S2-833097823,S2-61591395,S3-11778012
S1-950150722	S2-843348275,S2-266309090,S3-489146812
S1-551674649	S2-670983502,S3-969813664,S3-697974626,S3-254024458
S1-507726500	S2-810376533,S2-343469661,S2-363475535,S3-58316926,S3-628220758,S3-151665425
S1-804976090	S2-374008348
S1-898640469	S2-886936371,S3-416199843,S3-446269792
S1-767856448	S2-895981015,S2-143081706,S2-648146710,S3-198561704,S3-646400190
S1-493710224	S2-643667448,S3-566191942
S1-430868540	S2-48881524,S2-51115931,S2-993915494,S3-748909638,S3-473178732,S3-286734765,S3-974224898,S3-405881494
S1-145825023	S2-969976991,S3-415278790,S3-463932230
S1-484916886	S2-14375922,S2-291943208,S3-36050229,S3-43700177
S1-942819859	S2-254777249,S3-704682769,S3-508401968,S3-138859492
S1-770183940	S2-670967504,S2-578538421,S2-115508190,S2-450800906,S3-189812442,S3-618338709
S1-713329601	S3-896038956,S3-431686849
S1-470636031	S2-837837823,S2-664081353,S3-910083941,S3-253749666
S1-83278602	S2-444724764,S3-689754468,S3-32660981
S1-133078084	S3-258642768
S1-260463912	S2-130783213,S3-73919412,S3-21136395
S1-325524214	S2-229040231,S2-337177318,S2-549426658,S3-939828668,S3-765330253,S3-551353330,S3-841362286
S1-198388492	S2-181488872,S2-203257113,S3-433788006,S3-434305270,S3-746003003,S3-225872051,S3-606973596
S1-338943987	S2-350849015,S2-590866168,S3-342720824
S1-61811126	S2-374690842,S3-917012341,S3-510926835
S1-986550830	S2-174795138,S2-491562569,S3-730375788,S3-916097664,S3-855150159
S1-784983003	S2-173608051,S2-664791107,S3-944069818
S1-335480732	S2-700526224,S3-818853663
S1-426390539	S2-671670859,S3-964079780,S3-831775216
S1-930000517	S2-786707821,S3-995059656,S3-522089152
S1-271930735	S2-652819673,S3-935714493
S1-201225886	S2-794430883
S1-330224880	S2-916305728,S3-861171643,S3-525409201
S1-595403110	S2-137589903,S2-942274888,S3-513066701
S1-699093900	S2-292932387,S3-763322429,S3-606925980,S3-900443431
S1-889074912	S2-599398014,S3-424429233,S3-572382319
S1-387733236	S2-154217875,S2-87365395,S2-275456650,S2-363893784,S3-920424241,S3-621318060
S1-560567668	S2-96372872,S2-253843823,S2-198071369,S3-842508531,S3-952394536
S1-788903092	S2-684979666,S2-757122920,S2-168817318,S3-586463329
S1-763615412	S2-535132233,S2-452009345,S3-387328174
S1-797436370	S2-105423989,S2-747694846,S3-161579463,S3-31018822,S3-197606345
S1-360296823	S2-882493840,S3-984969070,S3-103725217,S3-580990399
S1-483900947	S2-746936230,S2-303217957,S3-41817892,S3-64293488,S3-776265778
S1-939923705	S2-315865320,S2-557010912,S3-848984475
S1-320022908	
S1-37003003	S2-557246800,S3-774239219
S1-257033709	S2-151486052,S3-206605850,S3-61139207,S3-912197208
S1-205986239	S2-835325527,S2-156519963
S1-607219642	S2-157473763,S2-92246840,S3-799919953
S1-989617060	S2-699612255,S2-261211895,S2-530444145,S3-381988529,S3-500960209,S3-75937097
S1-51098371	S2-603772099,S2-242471261,S3-885549147
S1-43537477	S2-636618251,S2-800998617,S3-621426833,S3-993273690,S3-505021088
S1-355575722	S2-849260311,S2-502810604,S2-410999679,S3-917103032
S1-62670908	S2-105340340,S3-808589700,S3-177471173
S1-957196421	S2-533397289,S2-165254241,S2-743538227,S3-23933708,S3-851217098
S1-297953656	S2-762769776,S2-420519754,S3-637934629
S1-325571406	S2-946620405,S3-77189465,S3-279158086
S1-217508654	S2-501886977,S2-83861332,S2-295364155,S3-744026308
S1-794704796	S2-269438153,S2-633183750,S3-567998830
S1-378263316	S2-480241521,S3-865565446,S3-114750870
S1-914497725	S2-532151995,S2-575636240,S3-405697413
S1-323580136	S2-958879547
S1-363820410	S2-106114962,S2-83603331,S2-240175653,S2-320348946,S3-359730251
S1-253118694	S2-865293046,S2-48550521,S3-546504217,S3-284998843,S3-55885821
S1-728551637	
S1-419455169	S2-305322783,S2-332407119,S2-642330183,S3-304468754
S1-620979859	S2-920176168,S3-509389395,S3-194947038
S1-947453644	S3-319421502,S3-685922176
S1-245919425	S2-49391117,S3-584605491
S1-208607063	S2-530347704,S3-565210366,S3-185295024,S3-946184705,S3-431430732
S1-798255035	S2-477808689,S3-995864903,S3-453043492,S3-542011966
S1-225610361	S2-612401591,S3-337694796,S3-999363477
S1-569302208	S2-9548977,S2-236934128,S3-799128383
S1-678991544	
S1-774189358	S2-845462986,S3-352257110,S3-603675015
S1-706976935	S2-274882919,S2-297314016
S1-490026783	
S1-528023245	S2-405362815,S2-970876643,S3-468794766,S3-227008564
S1-63819311	S2-169108696,S3-918002246,S3-32421113
S1-259394597	S2-305695927,S2-112822811,S2-515849880,S2-262984347,S3-267284029,S3-477836243,S3-141571115
S1-351007182	S2-13504283,S2-517671997,S3-46176624,S3-89074910
S1-276975190	S2-682037532,S2-910716224,S3-274445399,S3-716081064,S3-592323345
S1-12538925	S2-910577213,S3-453640271,S3-937729296
S1-835924565	S2-449072316,S2-730643049,S3-305637702
S1-959835868	S2-961141025,S2-960901154,S2-961087600,S3-841750510,S3-939960253
S1-780758227	S2-227170393,S2-306101961,S3-421967861,S3-900067439
S1-847261709	S2-534237616,S2-608192630,S2-669494942,S3-334748866
S1-174018912	S2-540858656,S3-17971776,S3-556530789
S1-892338344	S2-791001830,S2-773292405,S2-677602749,S3-331623385
S1-494856616	S2-75829448,S2-656095800,S3-691322507,S3-401213997,S3-966500990
S1-476321539	
S1-413243310	S2-631112556,S2-248374337,S2-830979361,S3-896179519
S1-789798713	S2-23662623,S2-603565287,S2-219785021,S2-652600015
S1-92079713	S2-616497079,S3-911801235,S3-670635434,S3-746280925
S1-679403569	S2-437490301,S3-850121697,S3-300008185
S1-4303279	S2-219741409,S3-547357105,S3-201385177,S3-313126320,S3-131262343
S1-819246115	S2-82254266,S3-878776674,S3-960203120
S1-735503468	
S1-805975740	S2-806520402,S2-399775881
S1-493924979	S2-913722503,S2-750413633,S2-991875313,S3-611171790,S3-139397533,S3-801603510
S1-132705398	S2-349823395,S2-214723168,S2-57737902,S2-655530170,S3-778716096,S3-775135177
S1-694472192	
S1-224091718	S2-710419621,S3-906565228
S1-168092338	S2-778356430,S3-65468977,S3-91552551
S1-206709711	S2-763087987,S2-377348058,S2-10177192,S3-827844815,S3-770299593,S3-958512390,S3-784803136
S1-304251672	S2-942637070,S3-939630525
S1-525313185	S2-447289070,S2-988260121,S2-663843620,S3-949568710
S1-655688265	S2-709605553,S3-182893680,S3-331160272
S1-515596840	S2-296852124
S1-987031903	S2-949663642,S3-300353074,S3-917210625,S3-770945003
S1-147326391	S3-913993633
S1-869638500	S3-986085903,S3-608317364
S1-592841686	S2-417345931,S2-635014773,S2-416786049,S3-906124748,S3-378028700
S1-646423321	S3-972797223,S3-44636748
S1-985857110	S2-441675764,S2-550471180
S1-519562475	S2-402378347
S1-647303277	S2-881155439,S3-719606433
S1-283792349	S2-944276844,S3-614546363
S1-472216423	S2-924189113,S2-205657484,S2-350954002,S3-839649001
S1-136569195	S2-548378611,S2-384949259,S2-724832698,S3-301413188,S3-599819658
S1-667863120	S2-78581745,S3-722054757
S1-703206922	S2-304783437,S3-336075328
S1-874082863	S2-84795834,S2-656822839,S3-184349024,S3-650517348,S3-359984862
S1-447680064	S2-720901019,S3-24125197,S3-614422726,S3-919291336
S1-955824983	
S1-207852583	S2-717380984,S3-811879193,S3-611982597
S1-997997504	S2-336541498,S3-932339577
S1-401255434	S2-615530526,S2-35282597,S2-977802824,S3-989737347,S3-198884622,S3-922908089
S1-828544464	S2-505900712,S2-394078083
S1-473208131	S2-590739205,S2-95870025,S2-338503502,S3-55988526,S3-191191530,S3-120438006
S1-315334332	S2-958832972,S2-928438408,S3-154377557,S3-190976679
S1-790867069	S2-957727399,S3-706343404,S3-960537248,S3-383984604
S1-314149080	S2-929566713,S3-980724780,S3-875734414,S3-979848896,S3-279085156
S1-32183433	
S1-429021656	S2-180477733,S3-749666729
S1-230556569	S2-915849945,S3-863627936
S1-406289425	S2-11079141,S2-947056467,S2-331546286,S3-136447779,S3-746289019,S3-841951440
S1-276272228	
S1-378879114	S3-29148143,S3-183312122
S1-686139763	S2-496209683,S3-142859828,S3-71628419,S3-482943090,S3-66915916
S1-681980833	S2-340332712,S3-948974277
S1-952454336	S2-993497430,S2-84428809,S2-381468229,S3-883707225,S3-475642844
S1-620918152	S2-788034742,S2-793016984,S2-417955724,S3-559863958
S1-673232725	S2-172969502,S3-456684864,S3-100496012,S3-516749719,S3-746240415
S1-311556946	S2-49760606,S2-57885457,S2-377471216,S3-375592057,S3-348576183
S1-432881680	S2-297203903
S1-249964363	S2-674947917,S3-406130863,S3-129731688,S3-190651660,S3-21747253
S1-944932791	S2-716222057,S2-664955575,S3-21001090,S3-645043211,S3-548649861
S1-848345709	S3-525236277,S3-271888770
S1-439729056	S2-103497103,S3-186288247
S1-784894621	S2-223435837,S2-211581301,S3-89661388,S3-253946790
S1-91756265	S2-388891801,S3-863889955,S3-716922498,S3-474480786
S1-538371981	S3-541561423,S3-805678791,S3-691089082
S1-701145884	S2-245186074,S3-464011598,S3-262303443,S3-851570661
S1-60817074	
S1-234158770	S2-486783293,S2-380076250,S3-74862558,S3-802755035,S3-221455931,S3-942542269
S1-630639387	
S1-623431640	S2-543099097,S2-857198205,S3-168654324,S3-645737246,S3-97069095,S3-326789030
S1-865414079	S3-530496929,S3-192052505
S1-704098244	S3-328950764,S3-921172842,S3-528356794
S1-636298906	S2-295382040,S2-659190033,S3-608655604,S3-837856397
S1-363937767	S2-963712871,S3-132818476
S1-851776595	S2-406367170,S2-652341151
S1-504874828	S3-38711691
S1-743993070	S2-576793121,S2-102114392,S2-261382252,S2-328700966,S3-899675039,S3-488935781
S1-57345558	S2-755912672,S3-493422324
S1-63695066	S2-696957134,S3-437142458
S1-718236653	S2-344927282,S3-616780218,S3-140982903,S3-97237079
S1-537275388	S2-288003441,S3-644926863,S3-72928636
S1-374232325	S2-807255765,S2-604259709,S2-952120475,S3-56372761,S3-919725756
S1-11512951	S2-121939520,S2-509760041,S2-546146285,S3-98153205,S3-77537443
S1-249434961	S2-643165622,S2-785717010,S2-347996055,S2-700548218,S3-913936914
S1-832733705	S2-458550325,S3-579825636,S3-689587855
S1-853233323	S3-267256306,S3-84500525
S1-760548847	S3-828419510,S3-316198567,S3-972370222
S1-336637379	S2-716835305,S3-516544292
S1-93248571	S2-411693311,S3-696519822
S1-358445220	S2-378175888,S3-696734509
S1-843293682	S3-308965758
S1-473214983	S2-740766225,S3-640086719,S3-470518672,S3-616023612
S1-707925632	S2-342082077,S2-831461814,S3-374580469,S3-59453536
S1-463661362	S2-957573302,S2-311606799,S2-126847771,S3-728407046,S3-458054719,S3-944677617,S3-491219263
S1-525198723	S2-375267849,S2-707118948,S2-311330575,S3-975437112,S3-181958438
S1-579400247	S2-758935959,S3-293418827,S3-696707224,S3-133045625
S1-734647695	S3-267765113,S3-824787246,S3-820366165
S1-864602298	S2-51403849,S3-786896554
S1-291648029	S3-641302290,S3-246050200
S1-950216320	S2-728749794,S2-935193171,S3-592728653
S1-220164531	S2-128421521,S3-243270652,S3-815087654,S3-440398080,S3-357681713,S3-779978840
S1-129407640	S2-21890451,S3-582480438
S1-538390392	S2-342292101,S2-215319669,S3-351149432,S3-958632996
S1-137955518	S2-851396103,S3-683198863,S3-452313142
S1-742892235	S2-468707228,S2-370650917,S3-507722282,S3-184058934
S1-479448317	S2-111898260,S2-376430112,S3-780454377,S3-247871764
S1-266339582	S3-665607368,S3-153111045
S1-832140163	S2-446292164,S2-468751381,S3-472085439,S3-904439571
S1-586115606	S2-274567820,S2-591657165,S2-260108321,S3-745537117
S1-202262581	S2-269346034,S2-870436105,S3-925308033
S1-744156268	S2-474929025,S2-350418089,S2-117361123,S3-494183388
S1-366675134	S2-305239579,S2-786306642,S3-9478991,S3-93274112
S1-77420932	S2-507655594,S2-856037684,S2-3130364,S2-9761206,S3-991510948,S3-260922353
S1-232821768	S2-656832697
S1-520780365	S2-343142387,S2-36250912,S3-705111979
S1-843107679	S2-837382191,S3-881590656,S3-444723069
S1-889462673	S2-951255408,S3-739628522
S1-573829377	S2-485751254,S2-136339269,S3-374792269
S1-711465241	S2-659150598,S3-249900598,S3-248480473,S3-633828890
S1-388581390	S2-47525017,S2-171697637,S2-642167179,S2-242316423,S3-528664752,S3-66067029,S3-361995589
S1-72800115	S2-737734303,S2-572508439,S2-936476648,S2-605240110,S3-134179197
S1-870378181	S2-319292171,S2-321078747,S3-186165065,S3-632267046,S3-393021143
S1-989138989	S2-279394579,S2-454792735,S2-445920335,S3-344291288,S3-737670465
S1-527122075	S2-452261197,S3-923477136
S1-493522318	S2-392958220,S2-487249083,S3-541469095,S3-139414703,S3-612537859
S1-394547188	S2-304076394,S2-998546345,S3-346764513
S1-850473881	S2-603212550,S3-555289579,S3-558258672
S1-263051887	
S1-641832326	S2-295177738,S2-990409960,S3-744120924,S3-354111309
S1-391198299	S2-961198317,S3-821301003
S1-299005696	S2-793375185,S3-695194065,S3-210506000
S1-809786060	S2-798144522,S2-333713124,S2-477005163,S2-857719194,S3-562527024,S3-202257013,S3-702525846,S3-920242518
S1-673221498	S3-493723564,S3-369601521
S1-268791800	S2-346424895,S2-770559345,S3-519716250
S1-363633018	S2-467145647,S3-121575506
S1-3697724	S2-912939522
S1-143399039	S2-794001817,S2-601412795,S3-532320047,S3-462297460
S1-960425020	S2-476962159,S3-504041717,S3-982459648,S3-619787249
S1-382573641	S2-647496075,S2-304389727,S3-238569686
S1-435606395	S2-438457273,S2-230902727,S3-564227726,S3-82083906,S3-802446803,S3-12243056
S1-78400924	S2-877642705,S3-83080952,S3-153274921,S3-597042390,S3-917042085
S1-700980674	S2-189089367,S2-809078649,S3-329760232,S3-86823255
S1-737255108	S2-544865425,S2-890252535,S2-140069970,S2-628608087,S3-271443628,S3-386959687
S1-511658499	S2-510280084,S2-679979027,S3-490587873
S1-295003632	S2-406688934,S3-934657851
S1-929625233	S3-953806790
S1-450864455	S2-194890202,S2-1133675,S3-959639852
S1-377944448	S2-296327537,S2-408413464,S2-395858395,S3-840595771,S3-25833584,S3-224468945,S3-520821625,S3-865730638
S1-648549266	S2-632019778,S3-917713033
S1-888153797	S2-422931811,S3-604694868,S3-418246294
S1-751924734	S2-875889555,S2-615996021,S3-303092782
S1-671681544	S2-169509803,S2-951277608,S2-963922762,S3-938265653
S1-510447009	S2-844887599,S2-739203015,S2-210947837,S3-819514063,S3-923139845
S1-981336904	S2-981641453,S2-776964383,S3-462338790,S3-150099708
S1-636542229	S2-96811960,S2-23184790,S2-838655402,S3-482186596,S3-475709605
S1-729212836	S2-673906865
S1-355872585	S2-356228814,S2-80524025,S3-912128752
S1-28702976	S2-807378102,S2-459056395,S3-116224180
S1-870887966	S2-434800127,S3-575757409
S1-331173107	S2-755935228,S2-920704512,S3-772124116,S3-48900656
S1-492811435	S2-985557217,S2-740700818,S2-622645744,S3-830059405,S3-905772543
S1-215719139	S2-585972405,S2-624983591
S1-918146787	S2-959825166,S2-262293915,S3-774140490,S3-41861755,S3-75656609
S1-603328416	S2-94665723,S2-92649653,S3-63627541
S1-957912822	S2-353780526,S2-362137610,S3-395549886,S3-383636657
S1-432054176	S2-139134513,S3-14946167
S1-774351790	S2-543722355
S1-606893547	S2-13105558,S2-750009977,S3-975421141,S3-854082880,S3-157854900
S1-690284599	S2-473294933,S2-86058859,S2-234402021,S2-168479521,S3-385498034,S3-875305919
S1-527572064	S2-192456125,S3-894273988,S3-423254099,S3-121476807
S1-875699848	S2-620936369,S2-720320132,S2-662731477,S3-425452689
S1-932915735	S2-579955540
S1-514784307	
S1-315827396	S2-23808152,S2-260730232,S3-804166196
S1-559761383	S2-28313667,S2-320076239,S2-950057119,S3-29383807,S3-479241791
S1-631975528	S2-996002959,S2-585481432,S3-453140090
S1-869045430	S2-519471066,S3-607745021
S1-350459752	S2-337887694,S3-550022113
S1-170723026	S2-194537869,S3-466506783,S3-636326255
S1-598681375	S2-185820605,S2-624557878,S2-394710677,S2-370045330,S3-459257314,S3-787265781
S1-609170577	S3-416807428
S1-345773661	S2-922536324,S2-752028559,S2-42321249,S3-541637578
S1-897902675	S2-527603993,S3-532880121
S1-681502679	S2-599618426,S2-680650467,S3-451519526,S3-187055317,S3-246284294
S1-742121276	S2-919754813
S1-59670970	S2-486530180,S2-285995717,S2-922030012,S3-561744471,S3-456766265
S1-235372658	S2-339212110,S3-943927796,S3-91866092
S1-343841886	S3-866789191,S3-843873722,S3-456005801
S1-381973086	S2-16269489,S3-329268872
S1-672223609	S2-576225639,S3-877897747
S1-249694585	S2-690226694,S3-609372589
S1-547872060	S2-350371138,S3-968839467,S3-701933134
S1-883801193	S2-990075411,S3-86571135,S3-772891162
S1-454486944	S2-590093774,S3-848404477,S3-165839389,S3-628296006,S3-97773838
S1-444144845	S3-564709135,S3-616048966
S1-721261623	S2-699339624,S2-243468507,S3-231973032,S3-845372254
S1-879095301	
S1-789491226	S2-751866730,S2-167129496,S3-109150447,S3-336752826
S1-395600014	S2-874801679,S2-234733257,S3-653529236
S1-465949353	S2-289123443,S3-211682163
S1-725722002	S2-163151041,S3-509362667
S1-51027392	S2-25621485,S2-400192856,S3-994628690,S3-498201744
S1-444619978	S2-996918455,S3-876227987,S3-584535435,S3-568449043,S3-619465594
S1-806510977	S2-187947744,S2-30312469,S3-722224920
S1-742558340	S2-37018534,S2-386263648,S2-728970166,S3-729361508,S3-605187892,S3-576689458
S1-879753945	S3-153989684
S1-76421708	S2-42293625,S3-76590602
S1-797682910	S2-211137277,S2-423572378,S2-57302369,S3-217708817
S1-549476404	S2-567349548,S2-103080673,S2-693667255,S3-584779444,S3-684403036
S1-250058711	S2-150951091,S2-767746768,S3-61244631,S3-978545463,S3-310698174,S3-879246293,S3-796668761,S3-106345514
S1-733115538	S2-949134878,S3-630061713
S1-809842314	S2-272107861,S2-180062407,S3-385391007,S3-736584891,S3-896944246,S3-834966939
S1-314680097	S2-627164559,S3-873097933,S3-488368963,S3-612796250
S1-180582408	S2-491752282,S2-750465837,S3-575973500,S3-482145650,S3-63886912
S1-158876562	S2-751354072,S2-374269694,S2-433554153,S3-770234372,S3-304942531,S3-281232235,S3-857480831
S1-664992539	S2-9879107,S2-898927875,S3-303559401,S3-4294371,S3-76160881
S1-857263941	S2-484362056,S2-225771763,S2-461067645,S3-743862078,S3-559976401,S3-679890705
S1-369589826	S2-430167329,S3-169995766
S1-318051088	S2-122522807,S2-611311903,S3-453918174
S1-754372527	S2-370009559,S3-114851686
S1-942477411	S2-557841834,S2-205490195,S2-155051074,S3-568425433
S1-397399956	S2-468705575,S2-101151132,S3-574535735,S3-875877494,S3-107256807
S1-365121990	S2-357253374,S2-964120950,S3-446835612
S1-22452658	S2-779900797,S2-543185474,S2-400814594
S1-863555098	S2-505984102,S3-140865625
S1-288796942	S2-119411789,S3-316687712
S1-417611445	S2-692791366,S3-339920181,S3-709326529
S1-764586323	S2-964076655,S2-818452274,S2-462543237,S3-350269845,S3-816936109
S1-506749944	S2-831027288,S2-313424071,S2-43993933,S3-111417693,S3-941087002,S3-758132615,S3-582205247,S3-56351794
S1-593381341	S2-494350445,S3-972193813
S1-90422284	S3-479671791
S1-567155318	S2-611849751,S2-788007569
S1-561790265	S2-586999917,S2-711243505,S3-251815243,S3-810975784
S1-4483144	S2-43813750,S2-799754792,S3-956548191,S3-625645264
S1-976202534	S2-502367157,S2-152215127,S3-377210317,S3-56601557
S1-495551725	S2-173087298,S3-792115922,S3-666396844,S3-484060768,S3-68402335
S1-891952540	S2-378883396,S3-710369876,S3-692435774
S1-826869272	S2-776700259,S2-587012012,S3-95014449,S3-653661146
S1-570582067	S2-579167674,S3-372661917
S1-292101476	S2-611614605,S2-109385680,S3-68101602,S3-900819369
S1-42260740	S2-187836721,S2-538246674,S3-307416221,S3-230537049,S3-250940207
S1-336897817	S2-933345624,S2-509725324
S1-312523259	S2-314105339,S3-831754680
S1-191201377	S2-149418536,S2-143712621,S3-542503523,S3-575473717,S3-606380461
S1-366623267	S2-940414353,S3-897118719,S3-385205425
S1-420385827	S2-199813837,S2-863674891,S3-657736533,S3-393718812
S1-534114390	S2-933916403,S2-96161132,S2-527430315,S3-705682317,S3-548433974
S1-486229288	
S1-984317642	
S1-78548581	S2-28078294,S2-467557716,S3-867485232,S3-449245985
S1-988296951	S2-437104968,S3-937685016
S1-95799696	S2-41260605,S2-249036964,S2-41196641,S2-157395752,S3-680977044
S1-488608278	S2-890344213,S3-860216698,S3-515915953
S1-257910702	S2-886434901,S2-341056923,S2-41279994,S3-886833809
S1-579536848	S2-411502820,S2-155551571,S3-321584906
S1-296734562	S2-445473652,S2-486478440,S2-1793994,S3-227884404,S3-847631154
S1-702111297	S2-482877908,S3-268065199,S3-226262314,S3-268412545
S1-836343331	S2-119780292,S2-821980645,S2-458392528,S2-746245829,S2-641577088,S3-28996860,S3-15833265
S1-980387439	S2-711094187,S2-54890960,S2-675774478,S2-976752987,S3-508409528
S1-965517408	S2-659306297,S2-739942092,S2-242746245,S3-203697948,S3-912248835,S3-923634098,S3-172730740
S1-28646145	S2-74706921,S2-13222420,S3-835098786,S3-530172227,S3-515508826
S1-954721617	S2-556843478,S3-177161359
S1-584446182	S2-687402551,S2-23456128,S3-603501699
S1-398164046	S2-44979868,S3-471166834,S3-48755040,S3-121832350
S1-947952903	S2-88525436,S3-368517055,S3-790165732,S3-589106094,S3-825258019
S1-232636475	S2-964209604,S3-109055255,S3-102592560
S1-776838082	S2-77851577,S3-194287575,S3-593633937
S1-557424082	S2-146096325,S3-678684890,S3-180679186
S1-872057552	S2-67909487,S3-201525197,S3-448122100
S1-746085161	S2-563583748,S3-743813164
S1-982327720	
S1-845536434	S2-685862229,S3-902304591,S3-563821179,S3-479606814
S1-456206546	S2-256300618,S2-665448804,S2-240336337,S3-114212710
S1-297566172	S2-958972929,S3-521444029,S3-795685302,S3-919820843,S3-279594826,S3-797018028
S1-800879064	S2-37631015,S3-222338131,S3-806125047
S1-327512579	S2-386271622,S2-246733324,S2-18219924,S2-850627955,S3-507270253,S3-179359929,S3-16822933,S3-494068833
S1-903238805	S2-204980745,S2-530332722,S3-196778312,S3-993558292
S1-357129019	
S1-279205595	S3-582352534,S3-705548497,S3-116491156
S1-298623738	S2-192572324
S1-831408117	S2-631493298,S2-335819014,S3-502387080,S3-683843520
S1-673627043	S2-753748120,S3-825574145,S3-324106898
S1-628404716	S2-160526125,S2-221431035
S1-596818927	S2-185392286,S3-201189556
S1-16285115	S2-735173321,S3-289407606,S3-326744751
S1-975208799	S2-735666293,S3-714878679,S3-915629600,S3-325360520,S3-203651368
S1-117645737	S2-639525599,S3-387578506,S3-759154931,S3-276492742
S1-966136253	S2-971742794,S2-420892515,S3-27155644,S3-133599176,S3-324650007
S1-627977250	S3-925180745
S1-301183323	S2-847944155,S2-894428202,S3-473169703
S1-823736582	S2-570615672,S3-793339608,S3-162263818
S1-991124924	S2-32388898,S2-482499305,S3-227169829
S1-673235727	S2-229293038,S2-887933529,S2-365038972,S3-770020548,S3-426499331,S3-636071017
S1-167878879	S2-26165268,S3-554443003,S3-203924307,S3-637126036,S3-139152637
S1-4024559	S2-430683934,S3-47677372,S3-904871353
S1-606263086	S2-790360147,S2-794735609,S2-886839919,S3-229136353
S1-952315130	S3-291337424,S3-96591730
S1-757970505	S2-957150422,S3-609333771,S3-628695378,S3-774553521
S1-572761799	S2-163746925,S2-596352974
S1-390381656	S2-331261097,S2-104628524,S3-220046025,S3-518917141
S1-706185582	S2-222363083,S2-180190763,S3-548529206,S3-734782782
S1-851145954	S2-282956906,S2-98498589,S3-542502033
S1-819180387	S2-89926191,S3-211672469,S3-684450773
S1-329390184	
S1-202133334	S2-441469521,S3-539479243,S3-316486787
S1-396266245	S2-867264838,S2-482050096,S3-898869883,S3-670292000,S3-602451793,S3-707357038
S1-232610378	S2-518053364,S2-635914655,S2-445674598,S3-539050396,S3-881149647
S1-713535696	S2-705516236,S3-800779630
S1-965455641	S2-335109000,S2-484350847,S3-898638284,S3-870755308,S3-61835640
S1-8424814	S2-744304620,S2-943713480,S3-113661169
S1-706492916	S2-45533783,S2-250389580,S2-429351399,S3-541716830,S3-949532891
S1-577618172	S2-722960877,S2-205558421,S3-863413789
S1-994020400	S2-439456607,S2-726103637,S3-248822349,S3-307553528
S1-963887597	S2-263863053,S3-695646128
S1-679226353	S2-782867409,S2-379921581,S2-660050907
S1-602899934	S2-917720283,S3-299483290
S1-242447686	S2-445912479,S2-13134736,S3-994371100,S3-615723771
S1-134402084	
S1-279437971	
S1-788553115	S3-445222931,S3-684508396,S3-990344349
S1-111022878	
S1-944867205	S2-41852045,S3-613560008
S1-507946941	S2-55555312,S3-647973653
S1-330038470	S2-246631604,S2-380638640,S3-343078016,S3-194645564
S1-707722195	S2-300753569,S3-902380437,S3-519282513,S3-163037159
S1-112643283	S2-360959512,S3-769513892,S3-54204992,S3-76108437
S1-941712240	S2-226231135,S2-440621776,S2-330212534,S3-476991407,S3-151653012
S1-474277035	S2-794773960,S3-809142117,S3-374158555,S3-890706488
S1-489729227	S3-841351080,S3-127338593
S1-396746181	S2-286763795,S3-2179306
S1-329957261	S2-794294506,S3-446295363
S1-70076136	S2-247912418,S2-925403118,S3-113813440
S1-978366852	S2-208315343,S3-323262727,S3-862089120
S1-506516148	S2-496200518,S3-357906997
S1-711096000	S2-177175210,S2-443616230,S3-995826879,S3-859677132
S1-81955509	S2-95036601,S3-103840455,S3-964340934,S3-862668039
S1-417325540	
S1-937738313	S2-434346788,S2-75394111,S2-885086186,S3-991058117,S3-330740699
S1-874602513	S2-431344038,S3-639782982
S1-945071719	S2-383884322,S2-9224534,S2-269544586,S3-39569389,S3-212049320
S1-899751180	
S1-699168959	S2-600118008,S3-580947456
S1-370306090	S2-781138875,S3-274861742,S3-377221677
S1-348647076	S2-97886948,S2-143786511,S3-420029439,S3-951326408,S3-567245872,S3-934107637
S1-745652645	S2-182425827,S2-800996193,S3-395043446
S1-169883317	S2-816260135,S2-724613105,S2-196053150,S3-615695789
S1-25071801	S2-707193695,S3-684894831,S3-938751392
S1-2665228	S2-740994296,S3-947524361
S1-140082482	S2-410166890
S1-539719914	S2-663268683,S3-827429704,S3-23908857
S1-379636419	S2-707476456,S3-181947210,S3-570749033
S1-219756486	S2-924707504,S2-544482126,S2-489049282,S3-46714219
S1-430651017	S2-29436415,S2-432224571,S3-2293084
S1-577163053	S2-527334908,S3-155522202,S3-392122247
S1-355129493	S2-443754599,S3-421770817,S3-997849286,S3-700396502,S3-614206234
S1-988108996	S2-30322453,S3-968409881,S3-823162804
S1-32006399	S2-467203007,S2-296110133,S3-234678765
S1-199958563	S2-770282385,S2-370731506,S3-630761071
S1-779898481	S2-748322929,S3-487165899,S3-138622206,S3-627855615,S3-604115309
S1-309191387	S2-279420829,S2-986533742,S3-99495060,S3-685133793,S3-305307289
S1-896464695	S2-700249968,S2-232856160,S3-166095056,S3-551896811,S3-770246336
S1-202851839	S2-276824564,S3-794420354
S1-202794346	S3-73508857,S3-987198221
S1-465085326	S3-970994217,S3-835179896
S1-485267784	S2-280656740,S2-498371352,S3-89565006
S1-905370595	S2-916279933,S3-123527783,S3-947282283,S3-961348873
S1-243048578	S3-98861790,S3-618854197
S1-825623828	S2-884025365,S3-277645446
S1-138368779	S2-434226156,S2-195997560,S3-620115020
S1-254848465	S2-677466936,S2-919739933,S2-206883739,S3-76487657,S3-420870519,S3-990723796,S3-618605202
S1-774034228	S2-52521443,S3-409065908
S1-56238398	S3-71478138
S1-467731833	S2-918930524,S3-701870860
S1-917788812	S2-669683034
S1-683279686	S2-508205700,S3-631609679
S1-186263829	S2-662926755,S3-814045331
S1-884944696	S3-468180755,S3-538608807
S1-42128902	S2-539577497,S3-315556192
S1-23522279	S2-196309900,S2-756012723
S1-64057956	S2-326260436,S3-589971347
S1-968303035	S2-524314890,S2-56455914,S3-262699035,S3-61993139,S3-305313439
S1-117432354	
S1-397067105	S2-878771900,S2-522918511,S2-947951087,S3-280178414
S1-858304105	S2-744374154,S3-488108547,S3-445585356
S1-195540290	S2-247487143,S2-620505257,S2-495914818,S3-331838544
S1-620525720	S2-832798426,S3-395027494
S1-935897630	S2-399964904,S3-116697610,S3-538494077
S1-320605078	S2-296815801,S3-244087481,S3-628289233,S3-865165553,S3-233995642,S3-178386147
S1-365355849	S2-914320538,S2-353312268,S2-730139492,S3-738299216,S3-192411493
S1-70609124	S2-498563369,S2-177222177,S3-564501004,S3-42443175
S1-304502804	S2-298113014,S2-416660996,S3-259776230,S3-497629457
S1-352622050	S2-250757650,S2-398032124,S3-544224053,S3-773975293,S3-407262692
S1-376659432	S2-217426194,S3-462863710
S1-457195581	S2-833561692,S3-844870962,S3-94979784,S3-128857308
S1-100741097	S2-256166343,S2-411469692,S2-852486388,S3-488311614,S3-358232953
S1-665669920	S2-120329946,S2-202521796,S2-420148768,S3-940288608
S1-527066888	S2-31383853,S2-987291435,S2-928532770,S2-365170085
S1-401842431	S2-332193921,S3-501087931,S3-587750036,S3-39082822,S3-172355366
S1-109037435	S2-841724234,S3-267803678
S1-198767674	S2-865374485,S2-928876696,S3-484700827
S1-262602567	S2-338484564,S2-817164692,S3-780901914,S3-231543192,S3-675710818,S3-635294739,S3-662824725
S1-915669538	S3-476815466
S1-849931922	S2-930303232,S2-248913879,S3-231895287,S3-78668960,S3-916542466
S1-577103710	S2-234517107,S3-471764094,S3-972034243,S3-917731993
S1-142468424	S2-783603838,S2-805676490,S3-903126413
S1-283132929	S2-851920888,S2-888457390,S3-201728481
S1-816634373	S2-383834589,S2-828320614,S3-874744567
S1-743689123	S2-888669296,S2-709428488,S3-899376325,S3-213310568,S3-254009854
S1-308319884	S2-862771060,S3-729793871,S3-865938976,S3-171970260
S1-552261545	S3-876059794,S3-578021434
S1-973961478	S2-990586631,S2-659925052,S2-258266547,S2-447493933,S3-783227930,S3-604279431
S1-717406989	S2-745255727,S3-292944267,S3-826121659
S1-642963631	S2-344846504,S2-269508504,S2-67803906,S3-793769762,S3-679418834
S1-708091797	S2-813240760,S2-624985599,S3-529685598
S1-640842641	S2-115672497,S2-761235871,S3-764853921,S3-411939575,S3-115167909
S1-942433606	
S1-79897655	S2-755458161,S3-618661694
S1-151232377	S2-595167299,S3-213808015,S3-799270974,S3-147885004
S1-220722262	S2-313149956,S2-261308376,S3-762480074
S1-587390872	S2-126754549,S3-171757765,S3-207931917
S1-641520594	S2-115443163,S2-459887520,S3-362852233,S3-21748670,S3-382984383
S1-452164552	S2-458690402,S3-492161569
S1-531290450	S2-165477788
S1-877241542	S2-276913815
S1-655688895	S2-792237064,S2-259951565,S3-136689696,S3-934992542,S3-681964422
S1-870544520	S2-106156012,S3-905236898
S1-245807153	S2-155257111,S2-890314072,S2-986043480,S2-246804859,S3-850635177,S3-702250009
S1-281419580	S2-221047181,S2-590611829,S3-320283012,S3-909925401,S3-898973250
S1-461619423	S2-149600849,S2-607348119,S3-48963156,S3-395729159
S1-995271076	S2-136264796,S3-186458776,S3-324928744
S1-517620762	S2-196643238,S2-687204127,S3-429056341
S1-89117389	S2-91936330
S1-961094012	S2-435867636,S3-910657009
S1-492047760	S2-406384989,S3-890694640
S1-652149991	S2-275563132,S2-472691139,S3-980060693
S1-267793700	S2-575187056,S2-576067524,S3-911712574,S3-670930086,S3-232074346
S1-18375608	S2-966870586,S2-228094138,S3-854708408,S3-865067952
S1-990847455	S2-458247067
S1-467513242	S2-559428006,S2-314509388,S2-476843531,S3-423711839,S3-962052702
S1-325052579	S2-559115719,S2-663834645
S1-238401628	S2-755670449
S1-620125720	S2-530936014,S3-317720918,S3-998198056
S1-71095493	S2-836764492,S3-995534693
S1-644746307	S2-818622906,S2-912474397,S2-689870281,S2-164083929,S3-415731950,S3-169778320
S1-431383918	S2-145315222,S2-633626221,S3-792652505,S3-857827701
S1-585222759	S2-176479551,S3-277991085,S3-72306456,S3-968015879
S1-23612930	S2-853130460,S2-750767471,S2-312569370,S2-143866343,S3-774352872,S3-519056501,S3-596725954
S1-224937875	S2-183182802,S3-334281705,S3-748043211
S1-934320606	S2-940084622,S2-56641131,S2-218786506,S3-149786815,S3-765231435
S1-780670423	S2-168927080,S2-35616550,S3-752140899,S3-936885942
S1-109214689	S2-12094114,S2-915684088,S2-739031588
S1-553295585	S2-290069644,S2-255916,S2-74403996,S3-936269552,S3-496919431
S1-476586495	S2-484904712,S3-701552465
S1-804458051	S2-678845599,S3-666159718,S3-488825714,S3-689831461,S3-129099749
S1-387804477	
S1-952168821	S2-246890708,S3-737247638
S1-10295366	S3-233720149,S3-238851409,S3-736523884
S1-529169571	S2-195230171,S3-897857324
S1-661485571	S2-172390421,S2-979257671,S2-270889792,S3-741641074,S3-302350238,S3-642824990
S1-958424145	S2-843065318,S3-601839477
S1-755536018	S2-508346266,S2-501129147,S3-704914023,S3-769844334
S1-150653591	S2-29266784,S2-880626310,S3-304863935
S1-951574848	S3-995076988
S1-133993725	S2-739296216
S1-706462457	S2-374608692,S2-723546067,S2-327003772,S3-788827163
S1-612413766	S2-482198890,S2-762142935,S3-186153030,S3-128578445
S1-55922451	S2-533530518,S3-123350069,S3-122570921,S3-461183739,S3-31657440
S1-167045221	S3-918662782,S3-864174070
S1-823818952	S2-899607453,S3-485614587,S3-438064148
S1-807628856	S2-39481717,S2-563445241,S2-402565984
S1-868224088	S2-702286173,S3-201746715,S3-887256837,S3-342666890,S3-478941794
S1-939998609	S2-886235730,S2-608742169,S2-555087167,S3-234038580,S3-336922626,S3-381555441,S3-56991829
S1-219462878	S2-487656147,S3-597682898
S1-301553091	S2-219044932,S2-61319222
S1-492485106	S2-832009278,S3-717799503,S3-939078418
S1-126571827	S2-374992517,S3-523985640,S3-807317248,S3-551613977
S1-423772818	
S1-331087301	S2-829438573,S3-579774624
S1-498993571	S3-302722247,S3-771513522
S1-348855819	S2-272125450,S3-141043316,S3-246791316
S1-697608269	S2-16350319,S2-486522756,S3-84644712
S1-222375254	S2-76199328
S1-931561288	S2-822650148,S2-398061256,S2-932807827,S3-873736174,S3-126725393
S1-451027809	S2-407354325,S3-40675294,S3-830793806,S3-638283657
S1-804823270	S2-264781750,S2-588373846,S2-122574101,S2-853887853
S1-609361667	S3-993307258
S1-957622224	
S1-520401543	S2-889137211,S2-413491104,S2-634314814,S2-219045638,S3-40125634,S3-541530393,S3-819372081,S3-141854954,S3-103473967
S1-399128922	S2-269207648,S3-533967227
S1-385015252	S2-404586053,S3-661760853,S3-518458023,S3-946034912
S1-181463059	S2-859288597,S3-34332093,S3-155229350,S3-967028871
S1-23547697	S2-660063158,S2-836717853,S2-792371076,S2-776831379,S3-122609441
S1-614812800	S3-631247110,S3-962616386
S1-559718486	S2-133628190,S2-491266703,S3-582664971,S3-850251915
S1-770613160	
S1-960794240	S2-354129977,S3-546035615,S3-60139290
S1-825579487	S2-638250150,S3-67598845,S3-258636305,S3-752961912
S1-486566626	
S1-450394361	
S1-836458414	S2-306076792,S2-560667038,S3-439708597
S1-479586556	S2-376872337,S3-552781354,S3-507188865,S3-952639108
S1-270841879	S2-684659397,S2-541928675,S3-787870249,S3-841838943
S1-327990523	S2-293583455,S2-957049788,S3-407770150,S3-839685549
S1-34047276	S2-421372618,S2-345996288,S2-764345363,S3-912421438,S3-74950076,S3-180566203
S1-683246600	S2-845335735,S2-751540087,S2-37992416,S3-898552056
S1-323417543	
S1-742355281	S2-473235044,S3-372253638
S1-18970636	S2-546092233,S2-324074350,S3-280664571
S1-528813635	S2-57306697,S3-363900045,S3-106068562
S1-567916948	S3-828074782,S3-350615532,S3-637447431,S3-200183333
S1-972480704	S2-182416418,S3-749036031
S1-819996155	S2-770066355,S3-588739312,S3-248189133
S1-972061180	S2-92077465,S3-467318550
S1-577862375	S2-811610261,S3-241322057,S3-514682668,S3-880019545,S3-174162964
S1-276736745	S2-321416403,S3-295916548
S1-949201314	S2-869753154,S2-873368600,S2-167248785
S1-712097023	S2-738576508,S3-386496469
S1-726423447	S2-863436389,S2-746201819,S3-73428678
S1-173364970	S2-505121002,S3-339969068
S1-204344443	S2-973327148,S2-685481325,S3-106895377,S3-903762759,S3-536040453
S1-818345083	S2-846490792,S3-501289492,S3-766012480,S3-572359735
S1-971502635	S2-716017035,S2-919194959,S2-874235627,S3-414010617,S3-584475015
S1-619322180	S2-914614721,S2-961486019,S2-779017273,S2-664240514,S3-231568251,S3-239463288
S1-53525892	S2-424709090,S2-79458736,S3-594486125
S1-871186638	S2-833523205,S2-196321645,S3-943458322,S3-803065415,S3-382686960
S1-753828617	S2-448218293,S3-880156408,S3-538882962,S3-840391313
S1-233149758	S3-716811529,S3-531191581,S3-646511045
S1-783143100	S2-392080086,S2-317206561,S3-119154269,S3-923290739
S1-535785118	S2-321713652,S2-457966019,S3-441264142
S1-973555448	S2-91452865,S3-430812817,S3-914899180
S1-928498206	S2-173404815,S2-953174307,S3-69550881,S3-340671766
S1-275919073	S2-547526897,S3-559022357,S3-14680189
S1-971577255	S2-655579421,S2-72533585,S3-54398666,S3-571418093,S3-51119865
S1-387149770	S2-791515639,S2-11802812,S3-802668293
S1-172151019	S3-512469033
S1-418311009	S2-431737694,S2-471785304,S2-829535347,S3-536201898
S1-570547678	S2-363917847
S1-719926013	S2-38463056,S3-24063186,S3-670071387
S1-247378937	S2-311788007,S3-302008046,S3-250620610
S1-908041136	S2-996587516,S3-281545707
S1-992836289	S3-333256436
S1-964553604	S3-426597895,S3-836986895
S1-765050008	S2-462186303,S2-358532511,S3-269037707
S1-893161143	S3-995239415,S3-276244432,S3-477655993,S3-588733183
S1-897776113	S2-65935530,S3-689843667,S3-358398403,S3-889541962
S1-696438928	S2-3591119,S2-749302661,S3-838860829,S3-633463159
S1-606480359	S2-527210577,S2-553306217,S2-11895238,S2-541115908,S3-23000002
S1-188299702	S2-854707418,S3-509879877,S3-957246467
S1-124228121	S2-149823298,S2-84914267,S3-203115295
S1-485381469	S2-145572255,S2-364616795,S2-448933860,S3-55290067,S3-1656298
S1-695296745	S2-320183944,S3-691365992,S3-727517252
S1-749151056	S2-492138425,S3-172379512
S1-302072651	S2-137944324,S2-188263149,S3-861753007,S3-713124992
S1-43907020	S2-781669132,S3-766641911,S3-375692408
S1-742266783	S2-561669074,S3-581659417
S1-690771962	S2-70672619,S2-336997587,S3-291639158,S3-342939450
S1-156872170	S2-667366035,S2-693563162,S3-422219892,S3-402035990
S1-574428764	S2-825246076,S3-480325873,S3-122856550
S1-1765896	S3-263316058
S1-40055452	S2-822738718,S2-542384785,S2-418541981,S2-57535167,S3-795629558,S3-17784853,S3-218417265
S1-616696346	S2-272420137,S2-602124878,S3-834843729
S1-317911391	S2-515795744,S2-176052359,S2-369910583,S2-822539842,S3-694034354
S1-926497628	S2-662616966,S3-353936335
S1-623403671	S2-135298336,S3-317172058
S1-422513213	
S1-264509377	
S1-622888423	S2-799450274,S2-193611017,S3-201592459,S3-303034623
S1-936615132	S2-361240776,S2-475520141
S1-885354995	
S1-106219189	S2-900553661,S2-394432167,S3-2243990,S3-14804217,S3-245248290
S1-97136767	S2-924624248,S2-970921292,S2-48133503,S3-407318409,S3-632212533,S3-204641157
S1-221158676	S2-160570485,S3-925293844,S3-247187148
S1-241081207	S3-672535634
S1-705274672	S2-314209751,S3-458447204,S3-881176473,S3-145901274
S1-24398494	S2-630418715,S2-307114178,S2-985613536,S3-896205014,S3-547719697,S3-587684900
S1-100594700	
S1-351883628	S2-287123540,S2-434348323,S3-571870659
S1-766900546	S2-175944050,S3-924092560
S1-527807826	S2-279113834,S2-770575749,S3-806195869,S3-219218238,S3-55542772
S1-246115442	S2-92014925,S3-493715377,S3-903422460
S1-871438805	S2-699695819,S2-627292873,S3-408349999
S1-103227797	S2-485872866,S2-146036929,S3-298814198,S3-516345833,S3-254920961
S1-658242682	S2-194183240,S2-858731049,S3-387209019
S1-393101787	S2-277582129,S2-775868924,S3-835230446
S1-578466884	
S1-806883052	S2-312311393,S3-836454793
S1-702438300	
S1-353800906	S2-989578135,S2-743399384,S2-111610987,S3-144347972,S3-598921399,S3-35206204
S1-195515218	S2-564965310,S3-719247429,S3-952064535,S3-703590991,S3-447516738
S1-673538322	S2-39267590,S3-821689389,S3-456728659
S1-914340252	S2-897710582,S3-642213562,S3-675307375
S1-616466113	S2-405575117,S3-484693412,S3-799938850,S3-865976656
S1-380214981	S2-505699751,S3-107290136,S3-908893995
S1-177494306	S2-977243370,S2-859695672,S3-932452592,S3-308166033,S3-830264991,S3-94909791,S3-788492839
S1-788432495	S2-60742044,S3-798970220
S1-569558	S2-667866120,S3-790315684,S3-410113084,S3-544542753
S1-551749613	
S1-291876994	S2-733870619,S2-920693787,S3-835949384
S1-140954329	S2-979085154,S2-999705855,S3-124182112,S3-992472779
S1-781323301	S2-591307332,S3-406846220,S3-984324354,S3-13039939
S1-979384800	S2-403140703,S2-676074628,S2-191185786,S2-140616377,S3-353727760
S1-53443944	S2-950261512,S2-491645919,S2-405722060,S3-841017879,S3-772895827,S3-577086258,S3-413996353
S1-472866527	S2-734746138,S2-507032126,S2-774527609,S3-467251758,S3-6474688
S1-349404715	
S1-155619181	S2-592768449,S2-491819004,S3-476271798
S1-163646518	S2-191134990,S3-624289917,S3-519187013
S1-859583864	S2-377384007,S3-540459017
S1-768340482	S2-63858497,S3-750668414
S1-504998980	S3-226384329,S3-572558102
S1-17918278	S2-601251550,S2-379205029,S2-298180715,S2-314231074,S3-150836741
S1-980036602	S2-522385484,S3-956454501,S3-710142453
S1-198636573	S2-213290459,S3-172480694
S1-606274345	S2-675375573,S2-159342215,S2-899640084,S3-850936455,S3-926388446
S1-590224456	S3-637415235
S1-466378732	S2-55333062,S2-584153327,S3-355482795
S1-290122120	S2-193820924,S3-478441684,S3-178375985
S1-961807399	S3-362030859,S3-215418222,S3-196971891
S1-228501883	S3-156395531,S3-315134396
S1-736084307	S2-878319822,S3-575753936,S3-672804427,S3-569911392,S3-484214640
S1-726876	S2-288889460,S3-803919466
S1-920132837	S2-352857127,S3-882979102,S3-154522991,S3-730704342
S1-830741403	S2-809926494,S2-220102513,S2-621956479,S3-279762447,S3-915610349
S1-994186913	S2-469029930,S2-16260847,S3-501490104
S1-225636296	S2-867255325,S2-167254401,S2-60639724,S3-503072048,S3-30298479
S1-554363693	S2-940797931,S3-573256030
S1-62798981	S2-387473798,S2-471877862,S2-271793691,S3-410905108
S1-405526554	S2-274410543,S2-588970345,S3-755864583,S3-568138110,S3-119668651
S1-959584857	S2-523880161,S2-343765063,S2-844351164,S3-559180910,S3-68571134
S1-928296714	
S1-48013718	S2-746785423,S3-921409485
S1-435009157	S2-332161889,S3-670007956
S1-187169905	S2-282804174,S3-745772655
S1-325692868	S2-469600344,S2-796191514,S3-852501963,S3-770119597
S1-136232778	S2-748328855,S3-690188004
S1-391252906	S2-614345181,S3-694668658
S1-481783031	S2-487623791,S3-633482486,S3-347076441,S3-791680556
S1-718366676	S2-932847856,S3-408393527
S1-881866648	
S1-741314025	S2-824915847,S3-489769586
S1-715248323	S2-129141444,S3-206887354,S3-792321154,S3-490559464
S1-142146773	S2-754991005,S2-471655655,S3-417132595
S1-53378564	S2-701992171,S3-510846497,S3-446734402,S3-843351796
S1-816434997	S3-967773221
S1-781474931	S2-819623125,S3-604551143
S1-310233005	S2-998336740,S3-770701086,S3-191823907,S3-458569252,S3-303178776,S3-336193367
S1-755325299	S2-955776969,S2-459580926,S2-500626349,S2-835966822,S2-969414916,S3-992358586,S3-242405346
S1-239174165	S2-540172012,S3-348972132,S3-185974614,S3-737047490,S3-62561580
S1-738475979	S2-849658000,S2-321431882,S2-126079805,S2-894614508,S3-227711262,S3-148774704,S3-756433007,S3-472395523
S1-152378230	S2-865398853,S2-462670891,S2-805443606,S3-329692930,S3-145312861
S1-824375999	S2-514983150,S2-395161815,S2-553522963,S3-976201664,S3-8820865,S3-849483462,S3-520787367
S1-877773474	S2-817383591,S3-628392289,S3-497806279,S3-359981239,S3-834714469,S3-728900821
S1-970052924	S2-301175853,S2-506210978,S2-55557423,S3-166587566
S1-443020389	S3-159584526,S3-834687470
S1-123694778	S2-96478992,S2-810238256,S3-546073884,S3-534729287
S1-428299809	
S1-904155211	S2-946108331
S1-568663126	S2-356161325,S2-835777454,S2-820498941,S3-242545176
S1-99127018	S2-967757120,S3-364998992
S1-742229306	S2-574231429,S2-809579239,S3-819627405
S1-768031629	S2-883618457,S2-783371331,S2-661156023,S2-852621626,S3-757139940,S3-145077054,S3-405752352,S3-105616633,S3-278393869
S1-329165625	S2-23612316,S3-761081712
S1-893328595	S2-330144219,S2-471475750,S3-623280318,S3-184704891
S1-590719972	S2-112037628,S3-630329843
S1-537004653	S2-556455985,S3-188181752,S3-891637850
S1-104307827	S3-585157253,S3-372544144
S1-18473737	S2-637409794,S2-80576667,S3-659980786,S3-352502959,S3-633831333,S3-671182234
S1-841772591	S2-734993871,S3-476916433
S1-164630971	S2-563119197,S2-693016969,S2-566500711
S1-562117441	S2-276858828
S1-406433308	S2-443895058,S3-665611613
S1-637441017	S2-515836901,S3-305581873
S1-113315593	S2-781135259,S2-969785775,S2-235751506,S3-606647607,S3-785998490,S3-669763683,S3-621418060
S1-503654467	S2-400007103,S3-976840070,S3-232889753,S3-789828003,S3-282087858
S1-560340881	S2-999532230,S2-353513215,S3-976182118
S1-635810071	S2-284809874,S2-984931790,S3-402082888
S1-986560760	S2-333834949,S2-326762239,S2-417238124,S2-108102880,S3-83020280
S1-158237969	S2-287406772,S3-853408260,S3-112002518
S1-913359961	S3-536943745
S1-326026054	S2-388127249,S2-247882820
S1-464893807	
S1-5848969	S2-21513819,S2-934566432,S2-396634931
S1-771813018	S3-620720582,S3-144594084,S3-394992774
S1-714773760	S2-963860118,S3-349340719
S1-815866430	S2-473245396,S2-400681344,S2-662793592,S3-571824091,S3-236402229,S3-542827190
S1-533229779	S2-400495291,S3-48804993
S1-833662319	S2-363932058,S2-474860760,S2-21378531,S2-125512879,S2-194306519,S3-139152430,S3-206452239,S3-945103458,S3-72322309,S3-613079436
S1-540763787	S2-544602723,S2-111259348,S2-82724990,S3-114840304
S1-804879965	S2-515018942,S2-69883076,S2-518437679,S2-772751079
S1-307662681	S2-873027639,S2-964095842,S3-132694614,S3-184279342
S1-164973728	S2-791653663,S2-883593544,S2-134827724,S3-217720174,S3-617709741
S1-441093166	S2-844918582,S3-987765492,S3-83702725
S1-324509380	S2-181917285,S2-520671594,S3-196128629,S3-281822491
S1-163128195	S2-644567492,S3-928153221
S1-545846423	S2-585830138,S2-420553364,S2-412618238,S3-804342408
S1-165795821	S2-920714300,S2-378392946,S3-537650151,S3-9006794
S1-26238948	S2-141096860,S2-270704675,S3-380557338,S3-851173439
S1-553980165	S2-564221799,S2-814746033,S2-805422704,S3-924351066
S1-182878732	S2-639248993,S2-529709085,S3-184014369,S3-165374413,S3-109159923,S3-519790193
S1-439076140	S2-990610895,S2-380275256,S3-149124879
S1-534236424	S2-31947959,S3-576239008
S1-55983242	S2-238364607,S2-118500729,S2-60843645,S3-594735718,S3-211836486
S1-531115343	S2-934053592,S2-379468981,S3-82013223
S1-824139626	S2-106052421,S2-108398734,S3-785940896
S1-679953114	S3-192579363,S3-443607964,S3-603013943,S3-239962021
S1-654066899	S3-634745201
S1-361845233	S2-661667043,S2-887183113,S3-719583092
S1-558116036	S2-680285513,S2-903670916,S2-848433288,S3-94947357
S1-858320379	S2-972898138,S2-981168269,S2-563261865,S2-164258343,S3-908693810
S1-230215409	S3-511494930,S3-810576661
S1-177056500	S2-274156514,S3-451585249,S3-967008919,S3-889135791,S3-277988078,S3-705608240
S1-768015158	S2-114282129,S3-495891586,S3-723991522
S1-905911894	S2-183157184,S3-907562075,S3-965695662
S1-680990	S2-227013046,S2-631059994,S2-962321919,S2-456191949,S3-444533913,S3-330458583,S3-474680105
S1-373187673	S2-30742719,S2-491299112,S3-864307941,S3-199928634,S3-95925059
S1-279688632	S2-684278108,S3-644522135
S1-289713130	S2-410979631,S2-661128287,S2-966576562,S3-807047157,S3-745261961,S3-834610285
S1-724588464	S2-936438689,S2-859768973,S2-506776039,S3-46558313
S1-630370206	S2-230856118,S3-483499745,S3-449136322
S1-4962145	S2-689627556,S2-865119791,S2-174458623,S3-928590911,S3-186593663,S3-544810549
S1-289636455	S2-470236833
S1-386132529	S2-905647526,S2-898605740,S3-533060482
S1-119095941	S2-786921793,S2-730594657,S3-888083413
S1-842727718	S2-511550937,S2-332158441,S3-199716393
S1-847686663	S2-499000878,S3-696042617,S3-407144552,S3-726374838,S3-129092707
S1-59949358	S2-627620380,S2-270080981,S2-812334,S3-47599758,S3-817483535
S1-828933415	S2-43349838,S2-160257780,S2-51486369,S3-317126702,S3-228162295,S3-142495338
S1-521157305	S2-29301077,S3-823734296,S3-664626270
S1-369142277	S2-712831039,S3-548778835
S1-602544123	S2-658919989,S3-91795584
S1-49926379	S2-630511243,S2-572502221,S3-749217150
S1-481712912	S3-473308059
S1-798306645	
S1-576031857	S2-566232964,S3-723930790
S1-63584068	S2-779462703,S3-614770185,S3-876700048,S3-918916210,S3-33546709
S1-557824592	S2-292886185,S2-907821404,S3-60602925,S3-797954773,S3-576340763
S1-825828402	S2-335249423,S3-848156772,S3-305917938,S3-918228660
S1-113741486	S2-702805526,S2-973102773,S3-946515813,S3-489565828,S3-387005927
S1-969172575	S2-528862637,S3-961163444,S3-6149553
S1-102802361	S2-957378887,S3-575385456
S1-202389845	S2-296362275,S2-184429874,S2-995735104,S2-580455058,S3-477546178,S3-86439002,S3-738557232,S3-5384733
S1-85823827	S2-976519298,S2-546506717,S3-830962582
S1-540575647	S2-639873594,S2-21622579,S2-650305644,S2-800866802,S3-771788015,S3-766359959
S1-49703693	S2-487267519,S3-104111976,S3-665276922,S3-782924469
S1-680987291	S2-35468484,S3-930357297
S1-577836055	S3-25087653
S1-23832020	S2-736945181,S3-761656302,S3-984524604,S3-378787979
S1-129172271	S2-146352860,S2-755671854,S2-31703407,S3-989665883,S3-212509486
S1-33667556	S2-433328669,S2-846082282,S3-336367113,S3-626799590
S1-138401738	
S1-721095326	S2-623230456,S3-826542680,S3-677965091,S3-310873815
S1-547580345	S2-476660886,S2-806210483,S3-593546907,S3-117247542
S1-333515567	S2-224104257,S2-967051135,S2-465988512,S3-266290222,S3-1194384,S3-347813802
S1-689745404	S2-834108706,S3-989018496,S3-651746896
S1-504400717	S2-444428518,S3-821962813,S3-293976111
S1-46427388	S2-479774497,S3-510263586,S3-477116183
S1-178851419	S2-220325564,S2-415523345,S3-40841527,S3-305091006,S3-887344887
S1-265766131	S2-735749583
S1-88966379	S2-154047146,S3-484439041
S1-675037439	S2-524709629,S2-127191165,S3-516200822
S1-328201629	S2-541477112,S3-993733603,S3-880409038,S3-572447439,S3-171827088
S1-862826262	
S1-556917648	S2-654053782
S1-22641449	S2-59431985,S2-365628672,S2-994225094,S2-43820231,S3-193742486,S3-212238114,S3-57704214
S1-882138267	S2-292258597,S3-52032953,S3-74702953,S3-446431786
S1-251399841	S2-800956121,S2-980669630,S2-940463494
S1-139409335	S2-402770544,S2-820659764,S2-278209366,S2-857672777,S3-160175514,S3-524381202
S1-140204479	S2-638157646,S3-879387267,S3-528179707,S3-537855231
S1-535930001	S2-612397535,S3-690042409,S3-976838069,S3-911904179
S1-143464849	S2-774806943
S1-162467338	S2-446244515,S2-536671712,S2-281215812,S3-679646760,S3-313804868
S1-863899943	S2-988031301,S2-776539920,S3-149246151,S3-29490234
S1-969723964	S2-683994773,S3-611645997,S3-149516623
S1-41388494	S2-989056269,S2-569101504,S3-371444481
S1-486003316	S2-514497407,S2-553082866,S3-244960373,S3-66759670
S1-866452988	S2-196849318,S3-560282468
S1-475882988	S2-630073071,S2-923422029,S2-107007007,S2-472092059,S3-17865967,S3-405072224
S1-906199006	S2-877947705,S3-654809294
S1-718892822	S2-701179775,S3-413844275
S1-153299769	S2-687167396,S2-738000098,S3-282847361
S1-249417294	S2-88467771,S2-335886085,S2-643872473,S3-524725752,S3-763238131,S3-988749792,S3-196689380
S1-168120776	S2-126314893,S2-472510063,S2-672039567,S2-654405042,S3-559544522,S3-171096990,S3-156975613
S1-247769802	S2-544978484,S3-838338661
S1-298531032	S2-696068468,S2-584121800,S3-582755229,S3-316775345
S1-107642505	S2-257373357,S2-133056001,S3-782916791,S3-995860802,S3-178404303,S3-109605213
S1-777444556	S2-607305231,S3-840860799
S1-758826820	S2-274216842,S2-255834877,S3-874105909,S3-537695139,S3-284146233
S1-434304838	S2-215836560,S3-402879267
S1-741105689	S2-654937888,S2-663872467,S3-260242106,S3-396350724
S1-702546625	S2-991050293,S2-694731036,S2-989740125
S1-293481989	S2-732733213
S1-317933030	S2-164075734,S2-170085785,S3-274186321,S3-49508615
S1-5328624	S2-675609474,S2-356434303,S3-250102816
S1-226975904	S3-831537857,S3-500961340
S1-329858759	
S1-75662436	S2-887768741,S2-579575659,S3-568706204,S3-110703549
S1-312724786	S2-657097511
S1-651024984	S2-285527647,S2-601259273,S3-15167324,S3-338137557
S1-637376137	S2-312328991,S3-79160122,S3-369002166
S1-332825101	S2-693994961,S2-964583164,S3-249345809,S3-903323307,S3-653829650
S1-942793421	S2-458284494,S3-543532804
S1-55731659	S2-299650017,S2-527598907,S2-726584838,S2-606386673,S3-598768088
S1-55390691	S2-885409205,S2-13606115,S3-980674944,S3-902230878
S1-416782854	S2-211817483,S2-284654438,S3-240739563
S1-380363437	S2-141220589,S2-978105067,S2-723527304,S3-127395359,S3-276159621
S1-527077921	S2-839951003,S2-24655163,S2-495628203,S3-249743182,S3-173448935,S3-150471021,S3-1702673
S1-590400193	S2-384063304,S2-613429393,S3-932858027,S3-1494855
S1-320756527	S2-873704864,S2-772729467,S2-612554734,S3-546633490,S3-923987361
S1-239319256	S2-573663134,S2-121675387,S2-72729655
S1-555303238	S2-152259295,S2-313599026,S2-487057885,S3-288874133,S3-405510027
S1-821108100	S2-400491146,S2-543911438,S3-166780883,S3-875153401,S3-87602391
S1-485663673	S2-507263667,S2-563608921,S3-366175715,S3-787332280
S1-509573032	S3-416630567,S3-34742258
S1-266077074	S3-553959262
S1-265806021	S2-798106014,S2-894537927,S3-618567835,S3-204760875
S1-205281464	S3-702889224
S1-811945582	S2-586144822,S2-987180118,S2-636676950,S2-440578714,S3-400419751,S3-20988818
S1-77314400	S2-727198346
S1-845704314	S2-912459857,S3-812055393
S1-547851827	S2-784582420,S3-736730905
S1-112512763	S2-225153978,S3-850614875,S3-244742826
S1-53017802	S2-872067479,S2-677171728,S2-362851287,S3-191259435
S1-300002270	S2-385466750,S3-658110798,S3-307473377,S3-246457297
S1-697539255	S2-140467480
S1-36736360	S3-45807139,S3-767456515
S1-360914518	S2-849200363,S2-161448025,S3-547095974,S3-745840265
S1-636044991	S2-228424518,S2-105063698,S2-313920408,S3-45620689,S3-546766183,S3-337868104,S3-348801700
S1-985958920	S2-544147954,S3-712533995
S1-183996225	S3-231424921,S3-159904778
S1-63593131	S2-586419682,S2-145698504,S3-314310213,S3-897032556,S3-578538578,S3-735155259
S1-558409262	S2-550783380,S2-980096451,S3-811974786,S3-238854037,S3-871439166
S1-101702764	S3-681485801
S1-774141509	S2-117686910,S3-457155514
S1-82696669	S2-72374735,S3-363104707
S1-985511693	S2-579676602,S3-901714638
S1-238482525	S2-443179207,S3-126046403
S1-412051377	S2-931483260,S2-381280171,S2-252426407,S2-910699690,S3-383812879,S3-346169513
S1-639718961	S2-566539206,S2-57742986,S2-327219838,S3-859753220,S3-359221678
S1-964496523	S2-30160971,S3-892102161,S3-496195263,S3-959575014,S3-649997050
S1-284418574	S2-626973118,S3-453894321
S1-107472133	S2-50204173,S2-19317738,S3-225483222,S3-325400791,S3-282686272
S1-267531941	S2-138111200,S3-960154296
S1-923441413	S2-391425420,S2-669850879,S3-104633832,S3-397157794,S3-49033529
S1-695440600	S2-424230168,S2-657483938,S3-516886274,S3-197248129
S1-68378234	S2-802999971,S3-992653162,S3-202998131
S1-156143307	S2-75130595,S3-900296848,S3-588610840,S3-402652822
S1-81662223	S2-832503690,S2-294674421,S2-909182752,S3-621328735,S3-74370329,S3-610427620
S1-44588679	S2-389183799,S2-960820738,S2-284346512,S2-700024580
S1-486105140	S2-218306107,S2-147046526,S2-566042828,S3-643836197
S1-306341609	S2-108481160,S2-694489189,S2-140388266,S2-115909402
S1-797713949	S2-808855261,S2-294119952,S3-147179084
S1-265602916	S2-894942056,S2-175004864,S2-953553511,S3-925300734,S3-770218400,S3-517978654
S1-54504156	S2-399195746,S2-100671428,S2-931927280,S3-868185275,S3-299778289,S3-169039112
S1-122110258	S2-333158498,S2-742318541,S3-961663163,S3-792917836
S1-389734533	S2-752875273,S2-162085427,S2-210964816,S3-153277377
S1-949155377	S2-145798349,S2-489459451,S2-909065345,S3-211786509,S3-832409721,S3-784364171,S3-481187855
S1-431411276	
S1-603062584	S2-666399871,S3-714742582
S1-570084572	S2-570212178
S1-827225942	S2-624223206,S2-282725590,S2-291207050,S2-172365345,S2-294709830,S3-515899062
S1-83783613	S2-679241565,S3-615026332,S3-342414849,S3-342087294
S1-340365789	S2-588671497,S2-856088368,S3-361211371,S3-396702940,S3-366772585
S1-786608482	S2-888942239,S2-774067451,S3-386712002
S1-189399027	S2-530987583,S2-258017743,S2-774272701,S3-673350660
S1-510149066	S2-229119453,S2-760911771,S3-215555498,S3-352720220
S1-437345559	S2-725699932,S2-666727967,S2-557610064,S2-650625428,S3-65449790,S3-595813808
S1-302078650	S2-482890924,S3-993283718
S1-782001358	S2-948777998
S1-145534465	S2-563753438,S3-233277695,S3-435275685
S1-552842170	
S1-63177195	S2-691944698,S3-638136988,S3-302584226,S3-488192986
S1-342291202	S2-594533991,S2-251232386,S2-688778926,S3-905394794,S3-258606364
S1-791795450	S2-157265021,S2-97417813,S3-151880381,S3-255685950
S1-660526261	S2-559067232,S2-102188281,S2-317212732,S3-677000794,S3-701851951
S1-342733770	S2-88604714,S2-552243393,S2-917638787,S2-823803651,S3-989567023,S3-218701866,S3-189900556
S1-604005682	S2-977207758,S2-65611927,S2-314124327,S3-468692780,S3-765499842
S1-16513059	S2-844715042,S2-475584226,S3-921792133
S1-941367837	S2-249253310,S2-199129131,S2-269747645,S2-653189751,S2-96855353,S3-718930601
S1-220286315	S2-534932832,S2-419024891,S3-568801480,S3-833765949
S1-976237185	S2-221085096,S3-88316400,S3-600982987
S1-872006449	S2-604122983,S3-162659099,S3-131892970,S3-526185978,S3-872510979
S1-899253963	S2-838546477,S3-658103728
S1-958472550	S2-959641644,S3-641885336,S3-478177622
S1-154118260	S2-983464411,S2-997861109,S3-685070028,S3-141325938,S3-215560405
S1-721917940	S2-750514838,S3-178969640
S1-739797211	S2-876146459,S2-411392604,S3-305446310
S1-538057169	S2-596164887,S3-427629163
S1-555390467	S2-37996810,S2-634422890,S2-195250140,S3-258341060,S3-439058104
S1-25966460	
S1-354021152	S3-141375943,S3-759257548
S1-927274415	S2-92606971,S2-889902217,S2-685133957,S3-603373067
S1-811577821	S2-912688633,S3-221998703
S1-694317315	S2-213310115,S2-641748811,S3-363810516,S3-881834539
S1-218098902	S3-14331016
S1-987870292	S2-906189401,S3-938851687,S3-940537968
S1-820292125	S2-546808585,S2-157803032,S2-281453598,S3-46897286,S3-633033707,S3-703069653
S1-929490138	S2-911418878,S2-905322393,S2-653637126,S2-695304232,S3-718577292,S3-959351442,S3-972306145
S1-971511835	S2-403069005,S2-389163407,S3-543426181
S1-735117932	S2-434686163,S3-580195579,S3-929623601,S3-647388187
S1-902801157	S2-842292550,S2-325802132,S3-616527444
S1-407881693	S2-791310678,S2-979758382,S2-952186157
S1-584420930	S2-765827097,S2-160735652,S2-607171109
S1-528621340	S3-106727592,S3-457691679
S1-671272664	S2-136417840,S2-653444561,S3-573197777,S3-510189876
S1-25648771	S2-797126682,S3-762726050,S3-628109634,S3-417684708
S1-618696105	S2-140848022,S2-574011478,S2-725069641,S3-482924548,S3-821405007,S3-256566292
S1-305667466	S2-69729740,S3-466864450,S3-77158902
S1-127340073	S2-268354280,S3-448795043,S3-986051425
S1-754824741	S2-743763269,S2-786020212,S3-142901011
S1-413568355	S2-112967562,S2-392727026,S2-547302789,S3-159304499
S1-569090639	S2-889743295,S2-734646814,S3-186440314
S1-50812775	S2-480649954,S2-766443120,S3-290292455,S3-114373534,S3-723849857
S1-907315342	S2-244016412,S3-988395241,S3-689544007
S1-404194169	S2-753039181,S2-572548871,S3-114854023,S3-195325450,S3-370739927
S1-243225250	S2-116175869,S2-411261469,S3-898590451
S1-220385488	S2-65097397,S3-175296385,S3-332818666
S1-729635778	S2-607785274,S2-469301541,S2-535037032,S3-977792475,S3-901605490
S1-222293573	S2-768520411,S3-334649933,S3-906788611,S3-519968785
S1-261537087	S3-282387161,S3-678233635,S3-467874769
S1-836175068	S2-901785770,S3-35345069,S3-824684970
S1-327034287	S2-775721928,S3-169927659
S1-447432671	S2-594281128,S3-922496280
S1-650631583	S2-353747787,S2-515085559,S3-882769652,S3-596284951
S1-99583497	S2-368409184
S1-278711622	S2-913649089,S3-224097288,S3-127519793
S1-152725638	S2-333492588,S2-854847316,S2-992237254,S3-995155944,S3-238106669
S1-271672401	S2-475365668,S2-513640613,S3-89571483,S3-550253751
S1-507845076	S2-127471056,S3-173351327
S1-685164807	S2-452440734,S2-552362491,S2-583327050,S3-900510141,S3-927205651
S1-797409354	S2-473346818,S2-886307063,S2-479633563,S3-966812120
S1-353186924	S2-195145963,S3-629701642,S3-227166392
S1-409439135	S2-286677666,S3-497486842,S3-985348513
S1-546140515	S2-13980987,S2-46950166,S3-274790046,S3-653052960,S3-193524385,S3-551209972,S3-447662759
S1-547612152	S3-9142404,S3-721499720,S3-727600055
S1-310863018	S2-761488346,S2-862263600,S3-171235737,S3-537601860,S3-846643925
S1-251486896	S3-379009114,S3-366923088
S1-673052202	S2-798674479,S3-761643286
S1-588175564	S2-139245844,S3-871900945,S3-926942378,S3-745260618
S1-613556139	S2-643723168,S3-79042628
S1-185850075	S2-284743631,S2-329839923,S3-257643402,S3-902744843,S3-581971731
S1-325444054	S2-305652873,S2-485120401,S2-799984995
S1-180664699	S2-980364201,S2-102641958,S3-88952947
S1-594652780	S2-86102107,S2-528923152,S3-821803603,S3-608166595
S1-807398678	S2-839104015,S3-457415132,S3-453131684,S3-348222351,S3-317654427
S1-767467611	S2-522705975,S3-589532423,S3-208730495,S3-624383902
S1-371758379	S2-242320090,S2-721675666,S3-430360295,S3-621793554
S1-184063428	S3-85686711,S3-104754843
S1-137517709	S2-446548310,S3-488752165
S1-205312028	S2-750748098,S2-552208622,S3-13998123,S3-789024360,S3-2306234,S3-554417487
S1-951741346	S3-96337826,S3-725860193
S1-46700578	S2-252620282,S2-232313282,S2-402655272,S2-255630339,S2-641433450,S3-920131277,S3-675531877
S1-979094494	S2-943060031,S3-575634867,S3-966909943
S1-689670308	S2-694165408,S2-271695868
S1-710909961	S2-643119730,S2-236761830,S2-440984085,S3-175560079
S1-475054559	S2-225466761,S3-315885908,S3-45516271,S3-582545673
S1-259630467	S2-587625705,S2-782610144
S1-634876162	S2-513636933,S2-250274394,S2-343276090,S2-471596768,S3-177126038,S3-753462682,S3-177920196
S1-222636511	S3-964961578,S3-325805988
S1-138507891	S2-590785066,S2-988583697,S2-937873610
S1-528472766	S2-692311087,S3-572597469
S1-313670346	S2-685905695,S2-76310633,S3-234031141,S3-596916243
S1-850365143	S2-288546651,S3-239008502,S3-67437814,S3-297811857
S1-221417110	S2-506847790,S3-42018765,S3-279023075
S1-765897563	S2-227167243,S3-439136819,S3-135063896
S1-241132350	S2-857247296,S2-599627713,S2-897393410,S3-143373239
S1-67400493	S2-316591498,S2-952505346,S3-45241864
S1-463785182	S2-988968215,S3-933321829,S3-864869025,S3-129350202
S1-200238573	S2-784505117,S3-682671677,S3-657978718
S1-26821564	S2-112175770,S2-364873584,S3-343015117,S3-487420144,S3-745391736
S1-101820682	S2-75030056,S2-32958569,S3-576164825,S3-229559048
S1-778782543	S2-904146434,S3-134982635,S3-358375155
S1-114367380	S2-236255148,S2-837956348,S3-157808073,S3-651964332
S1-28266820	S3-326912453
S1-503866347	S3-238058374,S3-595066834
S1-943306385	S2-193619056,S3-852220542,S3-727277279,S3-840673920
S1-484953186	S2-368013957,S2-636275230,S3-299660405,S3-793153581,S3-939038970
S1-154253888	S2-388319643,S2-227177394,S3-371647537,S3-970785193,S3-188191307
S1-275993959	S2-541751078,S2-436071090,S3-847884002
S1-639640670	S2-342003530,S2-159689953,S3-700896880,S3-477848242,S3-586593297
S1-722292050	S2-656631133,S3-699529298
S1-625713812	S2-527873509,S3-779968117,S3-770308811
S1-853733912	S2-979846821,S3-491359740,S3-379366217
S1-979265032	S2-716638984,S2-616365371,S3-42551042
S1-966008370	S2-306048656,S2-832270796,S3-959129979,S3-947196045,S3-59327580,S3-972836617
S1-241878918	S2-102081269,S3-806113119,S3-313975731
S1-116975535	S2-491123229,S2-924982103,S2-849294183,S3-651892442,S3-91907377
S1-60467532	S2-923111251,S2-544888399,S2-37649673,S3-694921000,S3-24530793
S1-85747984	S3-308732566,S3-486839883,S3-26271092
S1-65706027	S2-766599358,S2-886280666,S2-198938800,S2-59320945,S3-77719670,S3-392252836,S3-128639773
S1-262430684	S2-466287053,S2-200861073,S2-758116307,S2-812957802,S3-92049580,S3-216718165
S1-485239773	S2-691372203,S2-540085716,S2-196170000,S3-557000702,S3-416475859
S1-436248341	S2-479619099,S3-109935501,S3-876798290,S3-283065478
S1-403549289	S2-378663146,S2-665235953,S2-834881926,S3-632586414,S3-732787272,S3-736273894
S1-968846106	S2-252478746,S2-135934076,S3-394145402,S3-860317351
S1-303795572	S3-349437114,S3-366550631
S1-418668916	S2-979390054,S2-295671814,S3-986860603,S3-916511965,S3-523977204
S1-354849485	S2-562769909,S3-351628326
S1-695927623	S2-504101646,S3-897323666,S3-561161960,S3-510180825
S1-268730590	S2-101790119,S2-166803794,S2-993999953,S3-766697977,S3-848006438,S3-709210735,S3-284879468,S3-809725982
S1-703318316	S2-279123432,S3-233217315
S1-462948387	S2-873639744
S1-973371176	
S1-358279494	S2-602363250,S2-777885903,S3-103491835
S1-186291589	S2-141247051,S2-782880568,S2-255208460,S3-160825733
S1-767513500	S2-508367478,S3-375553960
S1-200882022	S2-37334319,S2-306275680,S2-53587033,S3-561328964,S3-816301799
S1-77445049	S2-228152103,S2-793911697,S3-743348540
S1-21190040	S2-632159045,S3-931815510
S1-892225394	S2-30253872,S3-579244692
S1-480871515	S2-246946988,S2-18831593
S1-718569568	S2-925157084,S3-695706315,S3-332775394,S3-791716619
S1-592417780	S2-454567203,S2-335210959,S3-257302728
S1-7207747	S2-476748821,S2-837436545,S2-158069977,S3-862936437,S3-666889663,S3-211653359,S3-785273121,S3-693520978
S1-673072575	S2-289892069,S2-645375974,S2-227268966,S2-21428070,S3-76462815
S1-125530710	S2-247894823,S2-348501228
S1-552330867	S2-6641264,S2-365654351,S2-669456522,S3-295114557,S3-230466308,S3-808348438
S1-543330483	S2-732017945,S2-551469951,S3-919561081,S3-66335524
S1-812979201	S2-740497555,S2-85542917,S2-738389145,S3-541881377,S3-399766494
S1-581095734	S2-882985026,S3-225730841
S1-139720900	S2-538371940,S3-702022750
S1-680470516	S2-765956844,S3-726944398,S3-689331563,S3-27017169,S3-88340074,S3-712733257
S1-299345317	S2-960266206,S2-512093163,S2-517134599,S3-284452774
S1-512270087	S2-708666306,S2-972153954,S2-943923653,S3-16910155
S1-588389792	S2-350983849,S3-363101110
S1-91772201	S2-673625940,S2-879988215,S2-336742397,S2-879200347,S3-679261222,S3-546448888
S1-56625539	S3-524810135,S3-644023318
S1-266506778	S2-293099248,S3-72481071
S1-849325975	S2-26516080,S3-518381931
S1-974717590	S2-440104291,S2-683418078,S2-740328839,S3-632477458,S3-786047316,S3-536247809
S1-578975214	S2-405354655,S2-397269204,S2-551835438,S2-321731763,S3-721681942,S3-460884980,S3-827510425,S3-189892900
S1-69080693	S2-425299332,S2-532995688,S2-806396123,S2-343364709,S3-25021826
S1-209113689	S2-150888040,S2-14411975,S3-176866271
S1-765744520	S2-459012420,S3-363452173,S3-696712574,S3-10165256,S3-395327676,S3-637165331
S1-301483183	S2-388006993,S2-457936000,S2-307476864,S3-90578039,S3-46963767
S1-983453901	S2-27920820,S3-104956375
S1-912291805	S2-212117831,S3-472928822
S1-173653167	S2-599321955,S2-701782688,S3-529656176,S3-969079856,S3-916175354
S1-777429673	S2-885266614,S2-220804928,S2-468795555,S3-169648495,S3-824328710,S3-150917035
S1-675953087	S2-591031147,S2-909562262,S2-834747055,S2-936692420,S3-281261358
S1-987138163	S2-753914049,S3-704840092
S1-174767489	S2-237089,S2-505289369,S2-224677485,S3-636469891,S3-803959511
S1-889198679	S2-524239867,S2-191337983,S3-791950157
S1-788798902	S2-963210750,S3-729134895,S3-41712698
S1-985774903	S2-826927965,S2-580179019,S3-218429813,S3-476792700,S3-351213197,S3-588237937
S1-142818967	S2-203774659,S2-790996311,S2-274848594,S3-138227565
S1-902788635	S2-322247570,S3-452563406
S1-772454489	S2-31045032,S2-143127928,S2-481986665,S3-117313934,S3-213613649
S1-301604447	S2-625378899,S2-121803918,S3-750619744,S3-361425350,S3-784383800
S1-180737173	S3-851030223,S3-57260013
S1-456596185	S2-701425691,S2-913709335,S2-409238521,S3-451790452
S1-173820184	S2-567801219
S1-211843485	S2-9812335,S2-492670920,S3-417878368
S1-850472474	S2-490488551,S2-366004622,S3-133626906
S1-737024038	S2-423453468,S2-505963445,S2-347962312,S2-210027687,S3-237867967,S3-754148786,S3-575371623
S1-837110100	S2-743830917,S2-961046408,S3-448227519
S1-141369098	S2-852486859,S3-633719039,S3-865089989
S1-177076845	S2-358571628,S2-107949891,S3-19737128,S3-218928515,S3-467494021
S1-625287720	S2-958036630,S3-698425265,S3-527507954
S1-491720338	S2-51038002,S3-65290785
S1-612696496	S2-637451799,S2-173089152
S1-297795901	S2-380989586,S2-304448469,S2-825031757,S3-237171123,S3-342657461,S3-733127853
S1-166332333	S2-666483087,S3-487857135,S3-499416239,S3-57286003,S3-591436879
S1-558216755	S2-90106244,S3-443450544
S1-197529436	S2-167027893,S3-460932436,S3-209671336,S3-717935204,S3-485168329
S1-538855798	S2-510189593,S2-209701533,S3-214342020,S3-31498853,S3-544054876,S3-505151412
S1-517362643	S3-705825806,S3-90428410
S1-561921743	S2-961466230,S3-443713185
S1-650148844	
S1-150666601	S2-879924445,S3-370179051,S3-437106528,S3-105361905,S3-208985812
S1-332132299	S2-319043707,S2-188753504,S2-230981674,S2-628014487,S3-885099675
S1-285087396	S2-425494069,S2-239243773,S3-405140597,S3-671814545,S3-113362815
S1-175160557	S3-528329070,S3-608542028,S3-251017387,S3-176625523
S1-766149571	S2-810053248
S1-807214720	
S1-183021493	S2-872718659,S3-65303121
S1-952243332	S2-966681942,S2-233796531,S3-441907757
S1-335978766	S2-669477596,S3-57651935,S3-691673519,S3-408921293,S3-947034472
S1-431309936	S2-662793458
S1-457747867	S2-942607556,S3-153690301,S3-134846075
S1-390981452	S2-794062921,S2-667359164,S3-693862657
S1-651357553	S2-79855253,S2-406466336,S3-307717552,S3-75409772
S1-770183293	S2-47435706,S3-930299193
S1-691300889	S2-50667486,S3-378060510,S3-968153061,S3-973381717
S1-526443402	S2-835794330
S1-521473479	S2-679486628,S2-828284117,S2-453889215,S2-876823321,S3-452539214,S3-191236780,S3-399188333,S3-128139591
S1-327749617	S2-202887559,S2-280943757,S3-210553639
S1-253461588	S3-736126944
S1-55961137	
S1-782745931	S2-565338308
S1-377421761	S2-969267871,S3-178042663,S3-365323470
S1-502255768	S2-365014306,S2-519360818,S3-955921010
S1-369010437	S2-203752813,S2-96125298,S3-127380654
S1-951538177	S2-998028182,S2-97390673
S1-413985252	S2-786227039,S2-705054557,S2-90870488,S2-53198654,S3-670614390,S3-270348826
S1-878680598	
S1-275054109	S2-671727920,S2-211539583,S3-386357897
S1-509810029	S2-24421081,S2-734612447,S3-152635665,S3-259820463
S1-147728193	S2-625039250,S3-53946467,S3-542840653,S3-159377717,S3-145394156,S3-591587865
S1-574147615	S3-357131410,S3-79560913
S1-485270562	S2-593255472,S2-9350926,S3-740240077,S3-79318002,S3-478716310
S1-260307157	
S1-457617334	S2-466797723,S2-544148595,S2-54343346,S3-953404739,S3-59763565,S3-781590766,S3-371100208
S1-564483847	S2-620971958,S2-532143938,S3-345810431,S3-721733981
S1-379956776	S2-600838282,S2-154704039,S3-798602515
S1-449408340	S2-443552300,S3-838970991
S1-44882844	S2-341839336,S2-234608028,S2-215211883,S3-159715938,S3-395793768,S3-863542132,S3-592286262,S3-924436343
S1-643877272	S2-464793524,S3-340380361,S3-484922072
S1-793099516	S3-1307745,S3-19967365,S3-214729552
S1-350809721	S3-713640691,S3-204248388
S1-463909384	S2-473230733,S3-229980568
S1-452630927	S2-267033456,S2-538320849,S2-175795464,S3-315789604
S1-256362134	S2-730432676,S3-186448806,S3-697884851
S1-770817908	S2-615106748,S3-800079140
S1-909241512	S2-19186430,S3-891025780,S3-829744570
S1-801360118	S2-115249346,S2-38711641,S3-477675105
S1-98978659	S2-676466327,S3-164966021
S1-547872011	S2-671339365,S2-464776554,S3-991737126
S1-878956320	S2-180738068,S3-103910839,S3-773879838,S3-836792301
S1-209465308	S2-813085507
S1-70029323	S2-669714547,S2-743977058,S3-966240378,S3-871633062,S3-951032140
S1-159335785	S2-60346635,S2-787321227,S2-529685974,S2-916308667,S3-832281901,S3-122688879
S1-773951	S2-228569607,S3-454922644
S1-129427038	S2-822749436,S2-545231605,S2-778145264,S3-399758722,S3-155611478,S3-513182969
S1-684442884	S2-827584948,S3-131397998,S3-696653121
S1-422759127	S2-391389503,S3-82463874
S1-608243417	
S1-794106090	S2-578192669,S2-6639267
S1-442933474	S2-747747562,S2-512058175
S1-84351801	S2-111656348,S2-445878669,S2-697725005,S2-341070339,S2-720211149,S3-300628008,S3-374491054
S1-69567013	S2-798453394,S2-80551242,S3-322507583
S1-130305056	S2-630612676,S2-911471998,S3-388650716,S3-950274932,S3-526996143
S1-358840137	S3-409127859,S3-379574499,S3-493976723
S1-68798705	S2-400678246,S2-359691194,S3-216647004
S1-551288634	S2-587255213,S3-544681926
S1-945876204	S2-340662849,S2-40223633,S3-836797402
S1-953427285	S2-495501333,S3-345044501
S1-112773950	S2-971741784,S3-915702052
S1-643982377	S2-261084119,S3-427770766
S1-739446730	S2-468202378,S3-777537531,S3-652898357
S1-621046323	S2-921145985,S2-301658577,S2-895120690,S3-83055881,S3-644677289,S3-63419304
S1-634414184	S2-358329225,S3-700957683,S3-655275995,S3-894612302,S3-260811047
S1-263845525	
S1-433175821	S2-317878221,S3-971377832
S1-351551082	S2-566489734
S1-46080170	S2-620135379,S3-976546639,S3-425789230
S1-937608237	S2-426922839,S3-175376677,S3-324587337
S1-27796491	S2-922621469,S2-850987345,S2-374236042,S3-413860608,S3-171194616,S3-323632667
S1-194705252	S2-561891306,S2-988378149,S3-801480283
S1-878024117	S2-123204980,S2-329127750,S3-659814446,S3-503910007,S3-781281855,S3-933313491
S1-665736065	S2-967737156
S1-123916067	
S1-416370166	S3-351319598,S3-467920851,S3-437641279
S1-151306656	S2-166950608,S2-465323683,S3-782948227,S3-807369079
S1-789796639	S2-324773644,S3-330510216,S3-44894316,S3-253500462
S1-762735098	S2-375879738,S2-894695610,S3-258895294,S3-704864422,S3-67833275
S1-105569566	S2-156585974,S2-712975561,S2-239399749,S2-84585126,S3-387022353,S3-496235664,S3-145910457,S3-290216463
S1-870900205	S2-291869437,S2-772911173,S3-440915969,S3-601932510
S1-121930097	S2-825869313,S2-141396516,S3-41401679
S1-437472440	S2-589681143,S2-736810115,S3-48806755,S3-210793747
S1-728296566	S2-530398563,S2-296173285,S2-862186416,S2-39827377,S3-345543024,S3-126659162,S3-901461558
S1-232789397	S2-454834771,S2-480889308,S2-153795540,S3-82854733
S1-502213080	S2-8535949,S3-268893028,S3-477548373
S1-212087390	S2-649667059,S2-76698286,S3-752896728,S3-411892019
S1-463413558	S2-329201772,S2-589762011,S2-241632935,S3-241539765,S3-686664805
S1-601352217	
S1-687869057	S2-384431957,S2-874433018,S3-121953734,S3-260648511,S3-674673517
S1-631487075	S2-481225487,S2-928141621,S2-747195221,S2-834426143,S3-41523199
S1-99841165	S2-915374598,S3-516971239,S3-198594291
S1-418581804	S2-70569736,S2-370427154,S2-65001099,S3-586505841,S3-966975454,S3-890008022,S3-167100286
S1-517570100	S2-619023033,S2-938523977,S2-884368642,S3-185420282,S3-35925478,S3-809442305,S3-918982606
S1-169202112	S3-332655438,S3-230653378,S3-286458142
S1-168011257	S2-831242564,S2-252218901,S2-34193610,S3-429053978
S1-755193450	S2-777900171,S2-440009645,S3-149114115
S1-811027199	S3-758907498,S3-969745821
S1-759054752	S2-339325094,S2-568595864,S2-2726144,S3-866351639
S1-478912477	S2-710576698,S3-379018617
S1-282719029	S2-209856250,S2-295725903,S3-644915576
S1-172744702	S2-63437932,S2-680776344,S3-195147992
S1-612946475	S2-129553512,S3-276183841,S3-97954857,S3-163461380,S3-515935786
S1-944705335	S2-432341031,S2-922990066,S2-854584811
S1-663162268	S2-112936499,S2-624474232,S3-835736297
S1-199323388	S2-112472872,S3-339944862,S3-419501150
S1-265466824	S2-347221026,S3-135265153,S3-73076227
S1-201895874	S2-35925170,S2-505604679,S3-959374459,S3-256335512,S3-565614844
S1-389201495	S2-604963762,S2-366729855
S1-505019093	S2-984003759,S3-896012530,S3-197176267
S1-303033991	S2-417781140,S2-186597491,S3-448457941,S3-743116779,S3-885284250,S3-136330097
S1-435052769	S2-910586283
S1-607171826	S2-988439909,S3-608635752,S3-956075280
S1-981586799	S2-409589204,S2-722651612,S2-40231832,S2-274370002
S1-842815251	S2-633083864
S1-943830807	S2-170042564,S3-131127340
S1-191136428	S2-930610485,S2-700826640,S2-639773051,S2-279563229,S3-162027053,S3-585960830
S1-709868803	S2-522105220,S3-731942706,S3-287653616
S1-57183802	S2-304775383,S2-117368792,S2-860107330,S2-100089535,S2-935367541,S3-813182761,S3-641325885
S1-263241272	S2-748568693,S3-338743254,S3-491958688,S3-312895571
S1-525573204	S2-228463978,S3-525196523
S1-747446142	S2-125721091,S3-697082165
S1-208861708	S2-351020647,S3-3471228
S1-585913990	S2-316037624,S2-452220937,S3-271440653
S1-951485777	
S1-953401751	S2-18510118,S3-351182498,S3-485221739
S1-827845570	S2-472119512,S2-76398896,S3-904150107,S3-74747744
S1-911012067	S3-883629707,S3-18491818,S3-927682467,S3-314441140
S1-895641232	S2-883800300,S3-144505012,S3-396178617
S1-298414411	S2-177405502,S3-411675814,S3-291886613
S1-717141535	S2-468540788,S3-915855428,S3-344002273
S1-202542861	S2-359436463,S3-350645548,S3-979506495,S3-729943303,S3-817480089,S3-399775525
S1-850390736	
S1-414978970	S2-599626859,S3-696053376
S1-635372379	S2-384461437,S2-802105871,S3-123426707
S1-313494209	S2-927098613,S2-750158401,S3-183095464,S3-549262773,S3-357758083
S1-273883882	
S1-471758076	
S1-221493428	S2-373930724
S1-995659962	S2-928498587,S3-351292319
S1-869717540	S2-54552373,S2-858624662
S1-30615762	
S1-577521687	S2-649430529,S3-983809427,S3-720383361
S1-77842920	S2-399923261,S2-871269205,S3-648289083,S3-462639174
S1-275558225	S2-31604087,S3-582612387
S1-347769567	S2-955582391,S2-788388274,S3-650206792,S3-401346107,S3-691057678
S1-68455663	S2-766932034,S2-576574462,S3-634713813
S1-56685500	S3-240045077
S1-916164634	S2-989944362,S2-42280987,S3-547367672,S3-69142836
S1-746983781	S2-629399008,S2-864151120,S3-280824760
S1-423826098	S2-901855739,S3-947497834
S1-146028829	S3-787838162
S1-333480301	S2-363849129,S3-956404703
S1-735047047	S2-340147771,S3-810179871,S3-697948438
S1-993210019	S3-957278725,S3-79792722
S1-417856541	S2-342298778,S2-605329455
S1-258983614	S2-346724014,S3-862081678
S1-772419091	S2-695564028,S2-187392714,S2-945573008,S3-265269101,S3-70765283
S1-421126020	S2-313364202,S3-308999941,S3-696049016
S1-565923626	S2-410331247,S2-659379950,S3-855541874,S3-191756178
S1-470882971	S2-208525602,S2-375617881,S3-180868253,S3-468228496
S1-764569116	S2-498613330,S3-231914961,S3-939986514
S1-350637483	S2-203735473,S3-245426035
S1-650471435	S3-514486592,S3-69433713,S3-426212511
S1-151619202	S2-384126256,S3-125804053,S3-399931333,S3-276137084,S3-366541616,S3-829480704
S1-453278616	S2-127194924,S3-945445289,S3-309585310,S3-323617775
S1-582984028	S2-921388432,S2-375802530,S3-311691052,S3-986223094
S1-279971164	S2-306632562,S2-39044451,S3-668869185,S3-110091098
S1-131716925	S2-418708483,S3-280447222,S3-644971217,S3-138316369,S3-821920788,S3-308053567
S1-29954390	S2-421241549,S2-165896693,S2-108733855,S3-308698629,S3-211864745
S1-247909095	S3-811057760,S3-923232814,S3-914968196,S3-375440124
S1-734228259	S2-770770650,S3-542056061,S3-580705167,S3-665354868
S1-908036074	S2-432773097,S2-429028805,S2-421270965,S3-81581230,S3-117085479,S3-163456278,S3-606697314
S1-727214097	S2-385488640,S3-268902056,S3-220577926
S1-644173694	
S1-613554429	S2-666823481,S2-904724869,S3-419140308
S1-261467324	S2-299334138,S2-896035884
S1-250056473	S3-732932510
S1-843768469	S2-983149891,S3-951127228,S3-527866261,S3-988902274,S3-143706805,S3-702844921
S1-724594993	S2-59890303,S2-941581294,S2-26868953,S3-341844208,S3-871112512
S1-361485968	S3-828001351,S3-617574321
S1-852106091	S2-671738524
S1-892714301	S2-814365060
S1-200923250	S2-944099681,S2-542543628,S3-935753574,S3-433980147,S3-886771870,S3-344841848
S1-146611118	S2-817770189,S2-754211989,S3-280067875,S3-72501040,S3-379321096
S1-327539004	S2-71366565,S2-219686118,S3-641625578
S1-172500726	S2-7727422,S2-263770679,S3-310207854,S3-903235840,S3-961194140
S1-411559671	S2-446170074,S3-750889428
S1-865153868	
S1-231107155	S2-517432675,S2-11779319,S3-512077880
S1-825807682	S2-269849663,S3-389394954
S1-682572617	S2-208673470,S3-540429259,S3-853195040
S1-492016280	S3-686212861,S3-650276795
S1-688692520	S2-759450330,S2-424212791,S3-929937766
S1-31917148	S2-672674442,S3-878554225
S1-878082042	S2-215580235,S3-338667799,S3-92409746,S3-366580004
S1-957929480	S3-516713080,S3-657686195
S1-264605370	S2-226214221,S2-429512879
S1-162192746	S2-910413698,S3-136847170,S3-984663745,S3-607249003,S3-923425436
S1-933535832	S2-240967312,S2-110209548,S3-715668329,S3-386090575
S1-600026794	S2-210674713,S2-478782345,S3-275686655,S3-191587020
S1-619846011	S2-671179733,S3-476781733,S3-581082518
S1-727538330	S2-488466809,S3-934336439,S3-229852959
S1-581347876	S2-754987451,S2-532974795,S2-292505958,S2-317656167,S3-884064246,S3-327237710
S1-616195813	S2-393383302,S2-543737717,S3-470067771,S3-79257660,S3-610194128
S1-962936319	S2-355766338,S3-332351897,S3-52304929,S3-129337801
S1-298901977	S2-907141808,S3-326334520
S1-405122693	S2-786236260,S2-362874985,S3-57019748
S1-834618351	S3-521532784
S1-807558213	S2-984708756,S3-228448624,S3-308856750,S3-956514394
S1-724791031	S2-53745323,S2-978226941,S3-172092262
S1-959906141	S2-662361879,S2-9043103,S3-484869483,S3-977411042
S1-935117085	S2-745654989,S3-662979775,S3-948734391,S3-907099058
S1-446257741	S2-667726756,S2-381573661,S3-844563845
S1-875018154	S2-471511428
S1-692780209	S2-510643829,S3-158366433
S1-527914389	S2-828824524,S2-670218983,S3-877542409,S3-774002554
S1-68739598	S2-70672477,S3-226952298
S1-941534019	S2-488773965,S2-509740897,S2-333894576,S3-249187961
S1-407171355	S2-282978261,S2-930563157,S2-369839266,S2-681534006,S3-616943353,S3-449138344
S1-123760215	S2-497408052,S3-464393620
S1-155892131	S3-701248285,S3-360853578
S1-526051889	S2-468528566,S2-133994799,S2-23499540,S3-226580822,S3-156442237
S1-310468943	S2-263536235,S2-995250665,S3-625375222,S3-790950277,S3-261274647,S3-76606774
S1-41164282	S2-737784346,S2-316502938
S1-129039548	S2-289358567,S2-781920187,S3-834842287,S3-493335817
S1-282640059	S2-264308164,S3-761084582
S1-985797528	S2-210031642,S2-307093571,S3-292218531,S3-790435598
S1-52892999	S2-171777477,S3-799187287,S3-663020502,S3-72100128
S1-401749645	S2-235965894,S2-949458244,S2-632367017,S2-360903087,S3-286752856
S1-846933398	S2-671653592,S2-757896187,S2-240182542,S3-806067431
S1-120698164	S2-625774444,S2-26363215
S1-715409565	S2-990006992,S2-239323795,S2-263813835,S3-69154363,S3-740066191,S3-475450364
S1-994382593	S2-37484149,S3-273043967,S3-178852815,S3-465818880
S1-858935090	S2-330532838,S3-933289665,S3-932290672
S1-416500893	S2-788337083,S2-507027945,S3-927163854
S1-124016407	S3-667556014,S3-71217615
S1-348872262	S2-23088227,S2-571017612,S2-439787514,S3-430725354,S3-738666905
S1-300344873	S2-803222517,S3-55830942,S3-277843576
S1-467586194	S2-177825696,S3-639172290,S3-607134275,S3-8439989
S1-347408647	S2-68305486,S2-131896638,S2-50604635,S3-362640480
S1-897439439	S2-96243549,S2-750952376,S2-464625584,S3-703225793,S3-973786888,S3-763883044
S1-164811891	S2-58630914,S2-422089749,S3-295771876,S3-167011501,S3-411370860
S1-998720335	S2-438651970,S2-242616146,S2-38872069,S3-274737245
S1-29533220	S2-111303650,S2-192934635,S3-911268245,S3-861379902
S1-280179195	S2-247596760,S3-864267802,S3-747469371
S1-275516821	S2-306502629,S3-939616435
S1-870050391	S2-125853815,S2-431023900,S3-845162459,S3-512378991
S1-656611209	S2-989614953,S2-924047757,S3-156848697
S1-846111517	S3-117813079,S3-351417903
S1-611769482	S2-324101170,S2-742237519,S2-698842271,S3-527563376,S3-765284448
S1-734505774	S2-749674900,S2-250661375,S2-274251650,S2-303875410,S3-1670922,S3-616879020,S3-358945067
S1-680030968	S2-503444863,S2-153847066,S2-574217479,S3-463922099,S3-329875345
S1-305490311	S2-617474500,S2-521618564,S3-741508069,S3-80289273,S3-586929759,S3-372361806,S3-167069138
S1-658600591	S2-149352211,S3-477990471,S3-463422592,S3-938183131
S1-582971678	S2-796215501,S3-122673154,S3-756321215,S3-364371289,S3-732728136,S3-806200217
S1-691010986	S2-602518972,S2-446407400,S3-154280892,S3-784084706,S3-978442052,S3-53455688
S1-998640820	S2-969776561,S2-970294492,S2-492268661,S2-253743000,S3-776901192
S1-702887098	S2-24735071,S2-18020626,S3-516694712,S3-44179062
S1-938878263	S2-531752892,S3-354492027
S1-296170403	
S1-716588548	S2-436549405,S3-183488923
S1-574117836	S2-182129565,S2-57779752,S3-97654242,S3-347817852,S3-411468592,S3-258133885
S1-2366352	S2-9115853,S2-158358064,S3-617754259
S1-724535077	S2-509564963,S2-912349913,S3-227719762
S1-511620911	S2-919021144,S3-631604109,S3-218948455,S3-669947408
S1-403273096	S2-982302189,S2-768564568,S2-631481709,S2-293947090,S3-551363224
S1-816352211	S2-109463738,S3-368075428,S3-442851122
S1-826775620	S2-569082756,S3-821103846,S3-671564096,S3-456150545
S1-896487813	S2-877394845
S1-263835660	S2-105002622,S2-700303804,S3-701222543
S1-709282993	S2-508008116,S3-456939738,S3-240854801,S3-469611037
S1-630077580	S2-401841073,S2-246937829,S3-353568259
S1-138753083	S2-45866906,S2-182152249
S1-758180164	S2-725822079,S2-595409925
S1-568563859	S2-782087955,S2-404862650,S3-185668402
S1-600872526	
S1-966769496	S2-656809573,S2-393153264,S2-195223624,S3-116977262,S3-266393464
S1-6059829	S2-949862759,S2-619128594,S3-193432015
S1-45012408	S2-355364158,S3-585700942,S3-456157585
S1-404675357	S2-929418795,S2-870767390,S2-698803913,S2-838760701,S3-861328298,S3-829045822,S3-238605003,S3-798394162,S3-208428166
S1-22737755	S2-939635417,S2-472721320,S3-954141709,S3-840436875
S1-91095736	S2-19341558,S3-977768604
S1-341026536	S2-493186556,S3-206627072
S1-797080115	S2-675628806
S1-648290168	S2-72182745,S3-36699232,S3-112795523,S3-550846553,S3-543282636
S1-195490298	S2-732721146,S2-673977616,S3-114592773
S1-547610001	S2-366086215,S2-317041456,S2-48470491,S2-227143970,S3-835649406
S1-973881027	S2-639834071,S2-358817483,S2-439038139,S2-967978741
S1-478391710	S2-387045191,S2-503740590,S2-246783785,S3-507788779,S3-329361808
S1-583358991	S2-64602872,S2-614132242,S3-410594271,S3-702614996
S1-102043176	S2-235257136,S3-359733953,S3-668447855,S3-811273873,S3-420469234,S3-344454494,S3-102256415
S1-800158134	S2-372125704
S1-630301371	S2-111800241,S2-542867406,S3-855768371,S3-975517699,S3-963210831
S1-924996989	S3-366318108
S1-358799907	S2-726299729,S2-113638438
S1-156698580	S2-25123074,S3-759536191,S3-175749033
S1-399430940	S2-288474636,S2-753925707,S2-435202421,S2-679799042,S3-647351713,S3-580252445
S1-188292843	S2-822724756,S3-296819974
S1-213900398	S2-993777549,S2-336882485,S3-12802828,S3-921454939,S3-769885616,S3-636899096
S1-350661258	S2-184727901,S2-620561004
